# Bank	CPUAddress	A	X	Y	P	75E8	75F3	75F4	75F5	6E0F	6E59	62D5	C4	F3	F8	03DC
08	8558	00	00	00	27	C7	73	EA	A3	C6	1C	01	7F	04	00	00
08	8558	01	00	01	34	03	73	EA	A3	D0	01	C9	46	04	00	04
08	8558	02	00	02	34	01	8D	07	20	04	1C	CC	7F	04	00	04
08	8558	02	00	02	34	C7	73	EA	A3	06	08	01	7F	04	00	02
08	8558	07	00	07	35	07	8D	07	20	62	25	CC	62	04	00	04
08	8558	0B	00	0B	24	C7	73	EA	A3	00	2D	01	FF	04	00	01
10	8C0C	02	02	17	35	C7	73	EA	A3	82	01	C5	54	00	00	07
10	8C0C	0E	0E	13	35	05	8D	07	20	8E	29	CC	AE	01	00	04
10	8C0C	0E	0E	13	35	06	8D	07	20	8E	1E	CC	8A	03	00	04
10	8C0C	11	11	13	35	06	8D	07	20	91	1E	CC	8A	03	00	04
10	8C0C	15	15	00	34	07	8D	07	20	15	25	1B	05	00	02	04
10	8C0C	15	15	13	35	07	8D	07	20	95	25	1B	05	00	00	07
10	8C0C	16	16	13	35	06	8D	07	20	96	1E	CC	8A	03	00	04
10	8C0C	1C	1C	13	35	06	8D	07	20	9C	1E	CC	8A	03	00	04
10	8C0C	1D	1D	13	35	06	8D	07	20	9D	1E	CC	8A	03	00	04
10	8C0C	1E	1E	13	35	06	8D	07	20	9E	1E	CC	8A	03	00	04
10	8C0C	21	21	00	34	06	8D	07	20	21	29	CC	8D	00	00	04
10	8C0C	21	21	13	35	05	8D	07	20	A1	29	CC	AE	01	00	04
10	8C0C	21	21	13	35	06	8D	07	20	A1	1E	CC	8A	03	00	04
10	8C0C	28	28	18	35	C7	73	EA	A3	A8	01	C5	54	00	00	08
10	8C0C	2B	2B	00	35	C7	73	EA	A3	2B	08	01	7F	00	00	01
10	8C0C	2B	2B	00	35	C7	73	EA	A3	AB	08	01	7F	00	00	01
10	8C0C	2B	2B	13	35	C7	73	EA	A3	AB	08	01	7F	00	00	01
10	8C0C	2E	2E	14	25	06	8D	07	20	AE	1E	CC	8A	03	00	04
10	8C0C	2E	2E	14	35	05	8D	07	20	AE	29	CC	AE	01	00	04
10	8C0C	2E	2E	14	35	06	8D	07	20	AE	1E	CC	8A	03	00	04
10	8C0C	35	35	14	35	06	8D	07	20	B5	1E	CC	8A	03	00	04
10	8C0C	37	37	00	35	06	8D	07	20	B7	29	CC	8D	00	00	04
10	8C0C	37	37	00	35	07	8D	07	20	B7	25	1B	05	00	02	04
10	8C0C	37	37	00	75	06	8D	07	20	37	29	CC	8D	00	00	04
10	8C0C	37	37	00	75	07	8D	07	20	37	25	1B	05	00	02	04
10	8C0C	37	37	14	35	05	8D	07	20	B7	29	CC	AE	01	00	04
10	8C0C	37	37	14	35	06	8D	07	20	B7	1E	CC	8A	03	00	04
10	8C0C	37	37	14	35	06	8D	07	20	B7	29	CC	8D	00	00	04
10	8C0C	37	37	14	35	07	8D	07	20	B7	25	1B	05	00	00	08
10	8C0C	37	37	14	35	07	8D	07	20	B7	25	1B	05	00	02	04
10	8C0C	3B	3B	14	35	06	8D	07	20	BB	1E	CC	8A	03	00	04
10	8C0C	3E	3E	15	35	06	8D	07	20	BE	1E	CC	8A	03	00	04
10	8C0C	3E	3E	19	35	C7	73	EA	A3	BE	01	C5	54	00	00	08
10	8C0C	3F	3F	15	25	06	8D	07	20	BF	1E	CC	8A	03	00	04
10	8C0C	40	40	15	35	06	8D	07	20	C0	1E	CC	8A	03	00	04
10	8C0C	41	41	15	75	06	8D	07	20	C1	1E	CC	8A	03	00	04
10	8C0C	42	42	15	25	05	8D	07	20	C2	29	CC	AE	01	00	04
10	8C0C	42	42	15	35	06	8D	07	20	C2	1E	CC	8A	03	00	04
10	8C0C	44	44	00	35	06	8D	07	20	44	29	CC	8D	00	00	04
10	8C0C	44	44	00	35	06	8D	07	20	C4	29	CC	8D	00	00	04
10	8C0C	44	44	00	35	07	8D	07	20	C4	25	1B	05	00	02	04
10	8C0C	44	44	00	75	07	8D	07	20	44	25	1B	05	00	02	04
10	8C0C	44	44	15	35	05	8D	07	20	C4	29	CC	AE	01	00	04
10	8C0C	44	44	15	35	06	8D	07	20	C4	1E	CC	8A	03	00	04
10	8C0C	44	44	15	35	06	8D	07	20	C4	29	CC	8D	00	00	04
10	8C0C	44	44	15	35	07	8D	07	20	C4	25	1B	05	00	00	08
10	8C0C	44	44	15	35	07	8D	07	20	C4	25	1B	05	00	02	04
10	8C0C	47	47	16	75	06	8D	07	20	C7	1E	CC	8A	03	00	04
10	8C0C	47	47	1A	35	C7	73	EA	A3	C7	01	C5	54	00	00	08
10	8C0C	49	49	16	65	05	8D	07	20	C9	29	CC	AE	01	00	04
10	8C0C	49	49	16	75	06	8D	07	20	C9	1E	CC	8A	03	00	04
10	8C0C	4B	4B	00	35	06	8D	07	20	4B	29	CC	8D	00	00	04
10	8C0C	4B	4B	00	35	06	8D	07	20	CB	29	CC	8D	00	00	04
10	8C0C	4B	4B	16	65	05	8D	07	20	CB	29	CC	AE	01	00	04
10	8C0C	4B	4B	16	75	06	8D	07	20	CB	1E	CC	8A	03	00	04
10	8C0C	4B	4B	16	75	06	8D	07	20	CB	29	CC	8D	00	00	04
10	8C0C	4B	4B	16	75	07	8D	07	20	CB	25	1B	05	00	00	08
10	8C0C	4B	4B	16	75	07	8D	07	20	CB	25	1B	05	00	02	04
10	8C0C	4D	4D	15	35	06	8D	07	20	CD	1E	CC	8A	03	00	04
10	8C0C	4D	4D	15	75	06	8D	07	20	CD	1E	CC	8A	03	00	04
10	8C0C	4D	4D	16	65	06	8D	07	20	CD	1E	CC	8A	03	00	04
10	8C0C	4E	4E	16	35	06	8D	07	20	CE	1E	CC	8A	03	00	04
10	8C0C	4F	4F	16	35	06	8D	07	20	CF	1E	CC	8A	03	00	04
10	A256	01	FF	43	34	07	8D	07	20	43	29	CC	8D	01	00	04
10	A256	0F	05	00	34	06	8D	07	20	81	29	CC	8D	01	00	04
10	A267	00	05	00	37	06	8D	07	20	81	29	CC	8D	01	00	04
10	A267	00	FF	43	37	07	8D	07	20	43	29	CC	8D	01	00	04
10	A625	00	00	00	36	01	8D	07	20	03	00	CC	8D	01	00	04
10	A625	00	00	00	36	05	8D	07	20	06	00	CC	AE	01	00	04
10	A625	00	00	00	36	06	8D	07	20	01	00	CC	8D	01	00	04
10	A625	00	00	00	36	06	8D	07	20	01	00	CC	AE	01	00	04
10	A625	00	00	00	36	07	8D	07	20	00	00	CC	8D	01	00	04
10	A625	00	00	00	36	07	8D	07	20	02	00	CC	9C	04	00	04
10	A625	00	00	00	36	07	8D	07	20	02	00	CC	AE	04	00	09
10	A625	00	00	08	35	06	8D	07	20	0F	08	CC	8A	03	00	04
10	A625	00	00	0F	34	06	8D	07	20	0F	0F	CC	8A	03	00	04
10	A625	00	00	29	25	01	8D	07	20	80	29	CC	8D	01	00	04
10	A625	00	00	29	25	05	8D	07	20	06	29	CC	AE	01	00	04
10	A625	00	00	29	25	05	8D	07	20	80	29	CC	AE	01	00	04
10	A625	00	00	29	25	06	8D	07	20	01	29	CC	8D	01	00	04
10	A625	00	00	29	25	06	8D	07	20	0F	29	CC	8A	04	00	04
10	A625	00	00	29	35	01	8D	07	20	03	29	CC	8D	01	00	04
10	A625	00	00	29	35	01	8D	07	20	80	29	CC	8D	01	00	04
10	A625	00	00	29	35	01	8D	07	20	87	29	CC	8D	00	00	04
10	A625	00	00	29	35	01	8D	07	20	87	29	CC	8D	01	00	04
10	A625	00	00	29	35	05	8D	07	20	06	29	CC	AE	01	00	04
10	A625	00	00	29	35	05	8D	07	20	80	29	CC	AE	01	00	04
10	A625	00	00	29	35	05	8D	07	20	87	29	CC	AE	00	00	04
10	A625	00	00	29	35	06	8D	07	20	01	29	CC	8D	01	00	04
10	A625	00	00	29	35	06	8D	07	20	01	29	CC	AE	01	00	04
10	A625	00	00	29	35	06	8D	07	20	0F	29	CC	8A	00	00	04
10	A625	00	00	29	35	06	8D	07	20	0F	29	CC	8A	04	00	04
10	A625	00	00	29	35	07	8D	07	20	00	29	CC	8D	01	00	04
10	A625	00	00	29	35	07	8D	07	20	02	29	CC	8A	04	00	04
10	A625	00	00	29	35	07	8D	07	20	02	29	CC	8D	04	00	04
10	A625	00	00	29	35	07	8D	07	20	02	29	CC	9C	04	00	04
10	A625	00	00	29	35	07	8D	07	20	02	29	CC	AE	04	00	09
10	A625	00	00	29	35	07	8D	07	20	02	29	CC	FF	04	00	04
10	A625	00	00	29	35	07	8D	07	20	43	29	CC	8D	01	00	04
10	A625	00	00	29	35	07	8D	07	20	80	29	CC	AE	01	00	04
10	A625	00	00	29	35	07	8D	07	20	88	29	CC	8D	01	00	04
10	A625	00	00	2D	25	05	8D	07	20	87	2D	CC	AE	00	00	03
10	A625	00	00	2D	25	06	8D	07	20	0F	2D	CC	8A	04	00	04
10	A625	00	00	2D	25	07	8D	07	20	02	2D	CC	8A	04	00	04
10	A625	00	00	2D	35	01	8D	07	20	03	2D	CC	8D	01	00	04
10	A625	00	00	2D	35	01	8D	07	20	80	2D	CC	8D	01	00	04
10	A625	00	00	2D	35	01	8D	07	20	87	2D	CC	8D	00	00	00
10	A625	00	00	2D	35	01	8D	07	20	87	2D	CC	8D	00	00	01
10	A625	00	00	2D	35	01	8D	07	20	87	2D	CC	8D	00	00	02
10	A625	00	00	2D	35	01	8D	07	20	87	2D	CC	8D	00	00	03
10	A625	00	00	2D	35	01	8D	07	20	87	2D	CC	8D	01	00	04
10	A625	00	00	2D	35	05	8D	07	20	06	2D	CC	AE	01	00	04
10	A625	00	00	2D	35	05	8D	07	20	80	2D	CC	AE	01	00	04
10	A625	00	00	2D	35	05	8D	07	20	87	2D	CC	AE	00	00	00
10	A625	00	00	2D	35	05	8D	07	20	87	2D	CC	AE	00	00	01
10	A625	00	00	2D	35	05	8D	07	20	87	2D	CC	AE	00	00	02
10	A625	00	00	2D	35	05	8D	07	20	87	2D	CC	AE	00	00	03
10	A625	00	00	2D	35	06	8D	07	20	01	2D	CC	8D	01	00	04
10	A625	00	00	2D	35	06	8D	07	20	01	2D	CC	AE	01	00	04
10	A625	00	00	2D	35	06	8D	07	20	0F	2D	CC	8A	00	00	00
10	A625	00	00	2D	35	06	8D	07	20	0F	2D	CC	8A	00	00	01
10	A625	00	00	2D	35	06	8D	07	20	0F	2D	CC	8A	00	00	02
10	A625	00	00	2D	35	06	8D	07	20	0F	2D	CC	8A	00	00	03
10	A625	00	00	2D	35	06	8D	07	20	0F	2D	CC	8A	02	00	04
10	A625	00	00	2D	35	06	8D	07	20	0F	2D	CC	8A	03	00	04
10	A625	00	00	2D	35	06	8D	07	20	0F	2D	CC	8A	04	00	04
10	A625	00	00	2D	35	07	8D	07	20	00	2D	CC	8D	01	00	04
10	A625	00	00	2D	35	07	8D	07	20	02	2D	CC	8A	04	00	04
10	A625	00	00	2D	35	07	8D	07	20	02	2D	CC	8D	04	00	04
10	A625	00	00	2D	35	07	8D	07	20	02	2D	CC	9C	04	00	04
10	A625	00	00	2D	35	07	8D	07	20	02	2D	CC	AE	04	00	09
10	A625	00	00	2D	35	07	8D	07	20	02	2D	CC	FF	04	00	04
10	A625	00	00	2D	35	07	8D	07	20	80	2D	CC	AE	01	00	04
10	A625	00	00	2D	35	07	8D	07	20	88	2D	CC	8D	01	00	04
10	A625	00	01	00	36	07	8D	07	20	02	00	CC	8A	04	00	04
10	A625	00	01	13	35	06	8D	07	20	0F	13	CC	8A	03	00	04
10	A625	00	01	29	24	07	8D	07	20	88	29	CC	8D	01	00	04
10	A625	00	01	29	34	07	8D	07	20	88	29	CC	8D	01	00	04
10	A625	00	01	2D	35	06	8D	07	20	0F	2D	CC	8A	03	00	04
10	A625	00	02	01	34	06	8D	07	20	0F	01	CC	8A	03	00	04
10	A625	00	02	17	34	06	8D	07	20	0F	17	CC	8A	03	00	04
10	A625	00	02	2D	35	06	8D	07	20	0F	2D	CC	8A	03	00	04
10	A625	00	04	29	34	01	8D	07	20	87	29	CC	8D	01	00	04
10	A625	00	04	29	34	07	8D	07	20	02	29	CC	8D	04	00	04
10	A625	00	04	29	34	07	8D	07	20	43	29	CC	8D	01	00	04
10	A625	00	04	29	34	07	8D	07	20	88	29	CC	8D	01	00	04
10	A625	00	20	29	24	07	8D	07	20	88	29	CC	8D	01	00	04
10	A625	00	20	29	34	07	8D	07	20	88	29	CC	8D	01	00	04
10	A625	00	40	29	24	05	8D	07	20	06	29	CC	AE	01	00	04
10	A625	00	40	29	24	06	8D	07	20	01	29	CC	8D	01	00	04
10	A625	00	40	29	24	06	8D	07	20	01	29	CC	AE	01	00	04
10	A625	00	40	29	24	07	8D	07	20	02	29	CC	AE	04	00	09
10	A625	00	40	29	34	01	8D	07	20	03	29	CC	8D	01	00	04
10	A625	00	40	29	34	01	8D	07	20	87	29	CC	8D	00	00	04
10	A625	00	40	29	34	01	8D	07	20	87	29	CC	8D	01	00	04
10	A625	00	40	29	34	05	8D	07	20	06	29	CC	AE	01	00	04
10	A625	00	40	29	34	05	8D	07	20	87	29	CC	AE	00	00	04
10	A625	00	40	29	34	06	8D	07	20	01	29	CC	8D	01	00	04
10	A625	00	40	29	34	06	8D	07	20	01	29	CC	AE	01	00	04
10	A625	00	40	29	34	06	8D	07	20	0F	29	CC	8A	00	00	04
10	A625	00	40	29	34	06	8D	07	20	0F	29	CC	8A	02	00	04
10	A625	00	40	29	34	07	8D	07	20	00	29	CC	8D	01	00	04
10	A625	00	40	29	34	07	8D	07	20	02	29	CC	8A	04	00	04
10	A625	00	40	29	34	07	8D	07	20	02	29	CC	8D	04	00	04
10	A625	00	40	29	34	07	8D	07	20	02	29	CC	9C	04	00	04
10	A625	00	40	29	34	07	8D	07	20	02	29	CC	AE	04	00	09
10	A625	00	40	29	34	07	8D	07	20	02	29	CC	FF	04	00	04
10	A625	00	40	29	34	07	8D	07	20	88	29	CC	8D	01	00	04
10	A625	00	5A	2D	24	01	8D	07	20	03	2D	CC	8D	01	00	04
10	A625	00	5A	2D	24	01	8D	07	20	87	2D	CC	8D	00	00	03
10	A625	00	5A	2D	24	05	8D	07	20	06	2D	CC	AE	01	00	04
10	A625	00	5A	2D	24	05	8D	07	20	87	2D	CC	AE	00	00	02
10	A625	00	5A	2D	24	05	8D	07	20	87	2D	CC	AE	00	00	03
10	A625	00	5A	2D	24	06	8D	07	20	01	2D	CC	8D	01	00	04
10	A625	00	5A	2D	24	06	8D	07	20	01	2D	CC	AE	01	00	04
10	A625	00	5A	2D	24	06	8D	07	20	0F	2D	CC	8A	00	00	02
10	A625	00	5A	2D	24	06	8D	07	20	0F	2D	CC	8A	04	00	04
10	A625	00	5A	2D	24	07	8D	07	20	00	2D	CC	8D	01	00	04
10	A625	00	5A	2D	24	07	8D	07	20	02	2D	CC	8A	04	00	04
10	A625	00	5A	2D	24	07	8D	07	20	02	2D	CC	8D	04	00	04
10	A625	00	5A	2D	24	07	8D	07	20	02	2D	CC	9C	04	00	04
10	A625	00	5A	2D	24	07	8D	07	20	02	2D	CC	AE	04	00	09
10	A625	00	5A	2D	34	01	8D	07	20	03	2D	CC	8D	01	00	04
10	A625	00	5A	2D	34	01	8D	07	20	80	2D	CC	8D	01	00	04
10	A625	00	5A	2D	34	01	8D	07	20	87	2D	CC	8D	00	00	00
10	A625	00	5A	2D	34	01	8D	07	20	87	2D	CC	8D	00	00	01
10	A625	00	5A	2D	34	01	8D	07	20	87	2D	CC	8D	00	00	02
10	A625	00	5A	2D	34	01	8D	07	20	87	2D	CC	8D	00	00	03
10	A625	00	5A	2D	34	01	8D	07	20	87	2D	CC	8D	01	00	04
10	A625	00	5A	2D	34	05	8D	07	20	06	2D	CC	AE	01	00	04
10	A625	00	5A	2D	34	05	8D	07	20	80	2D	CC	AE	01	00	04
10	A625	00	5A	2D	34	05	8D	07	20	87	2D	CC	AE	00	00	00
10	A625	00	5A	2D	34	05	8D	07	20	87	2D	CC	AE	00	00	01
10	A625	00	5A	2D	34	05	8D	07	20	87	2D	CC	AE	00	00	02
10	A625	00	5A	2D	34	05	8D	07	20	87	2D	CC	AE	00	00	03
10	A625	00	5A	2D	34	06	8D	07	20	01	2D	CC	8D	01	00	04
10	A625	00	5A	2D	34	06	8D	07	20	01	2D	CC	AE	01	00	04
10	A625	00	5A	2D	34	06	8D	07	20	0F	2D	CC	8A	00	00	00
10	A625	00	5A	2D	34	06	8D	07	20	0F	2D	CC	8A	00	00	01
10	A625	00	5A	2D	34	06	8D	07	20	0F	2D	CC	8A	00	00	02
10	A625	00	5A	2D	34	06	8D	07	20	0F	2D	CC	8A	00	00	03
10	A625	00	5A	2D	34	06	8D	07	20	0F	2D	CC	8A	02	00	04
10	A625	00	5A	2D	34	06	8D	07	20	0F	2D	CC	8A	03	00	04
10	A625	00	5A	2D	34	06	8D	07	20	0F	2D	CC	8A	04	00	04
10	A625	00	5A	2D	34	07	8D	07	20	00	2D	CC	8D	01	00	04
10	A625	00	5A	2D	34	07	8D	07	20	02	2D	CC	8A	04	00	04
10	A625	00	5A	2D	34	07	8D	07	20	02	2D	CC	8D	04	00	04
10	A625	00	5A	2D	34	07	8D	07	20	02	2D	CC	9C	04	00	04
10	A625	00	5A	2D	34	07	8D	07	20	02	2D	CC	AE	04	00	09
10	A625	00	5A	2D	34	07	8D	07	20	02	2D	CC	FF	04	00	04
10	A625	00	5A	2D	34	07	8D	07	20	80	2D	CC	AE	01	00	04
10	A625	00	5A	2D	34	07	8D	07	20	88	2D	CC	8D	01	00	04
10	A625	00	80	29	24	01	8D	07	20	80	29	CC	8D	01	00	04
10	A625	00	80	29	24	05	8D	07	20	80	29	CC	AE	01	00	04
10	A625	00	80	29	24	06	8D	07	20	0F	29	CC	8A	04	00	04
10	A625	00	80	29	24	07	8D	07	20	02	29	CC	FF	04	00	04
10	A625	00	80	29	24	07	8D	07	20	80	29	CC	AE	01	00	04
10	A625	00	80	29	34	01	8D	07	20	03	29	CC	8D	01	00	04
10	A625	00	80	29	34	01	8D	07	20	80	29	CC	8D	01	00	04
10	A625	00	80	29	34	05	8D	07	20	06	29	CC	AE	01	00	04
10	A625	00	80	29	34	05	8D	07	20	80	29	CC	AE	01	00	04
10	A625	00	80	29	34	06	8D	07	20	01	29	CC	8D	01	00	04
10	A625	00	80	29	34	06	8D	07	20	01	29	CC	AE	01	00	04
10	A625	00	80	29	34	06	8D	07	20	0F	29	CC	8A	04	00	04
10	A625	00	80	29	34	07	8D	07	20	00	29	CC	8D	01	00	04
10	A625	00	80	29	34	07	8D	07	20	02	29	CC	8A	04	00	04
10	A625	00	80	29	34	07	8D	07	20	02	29	CC	8D	04	00	04
10	A625	00	80	29	34	07	8D	07	20	02	29	CC	9C	04	00	04
10	A625	00	80	29	34	07	8D	07	20	02	29	CC	AE	04	00	09
10	A625	00	80	29	34	07	8D	07	20	02	29	CC	FF	04	00	04
10	A625	00	80	29	34	07	8D	07	20	80	29	CC	AE	01	00	04
10	A625	00	81	29	35	01	8D	07	20	03	29	CC	8D	01	00	04
10	A625	00	81	29	35	05	8D	07	20	06	29	CC	AE	01	00	04
10	A625	00	81	29	35	06	8D	07	20	01	29	CC	8D	01	00	04
10	A625	00	81	29	35	06	8D	07	20	01	29	CC	AE	01	00	04
10	A625	00	81	29	35	07	8D	07	20	00	29	CC	8D	01	00	04
10	A625	00	81	29	35	07	8D	07	20	02	29	CC	8A	04	00	04
10	A625	00	81	29	35	07	8D	07	20	02	29	CC	9C	04	00	04
10	A625	00	81	29	35	07	8D	07	20	02	29	CC	AE	04	00	09
10	A625	00	FF	29	35	01	8D	07	20	87	29	CC	8D	01	00	04
10	A625	00	FF	29	35	06	8D	07	20	0F	29	CC	8A	02	00	04
10	A625	01	00	08	35	06	8D	07	20	0F	08	CC	8A	03	00	04
10	A625	01	01	13	35	06	8D	07	20	0F	13	CC	8A	03	00	04
10	A625	01	02	01	24	06	8D	07	20	0F	01	CC	8A	03	00	04
10	A625	01	02	0F	34	06	8D	07	20	0F	0F	CC	8A	03	00	04
10	A625	01	02	17	34	06	8D	07	20	0F	17	CC	8A	03	00	04
10	A625	01	40	29	34	06	8D	07	20	0F	29	CC	8A	00	00	04
10	A625	01	40	29	34	06	8D	07	20	0F	29	CC	8A	02	00	04
10	A625	01	40	29	34	07	8D	07	20	02	29	CC	8A	04	00	04
10	A625	01	40	29	34	07	8D	07	20	02	29	CC	9C	04	00	04
10	A625	01	5A	2D	24	01	8D	07	20	03	2D	CC	8D	01	00	04
10	A625	01	5A	2D	24	06	8D	07	20	01	2D	CC	8D	01	00	04
10	A625	01	5A	2D	24	06	8D	07	20	0F	2D	CC	8A	04	00	04
10	A625	01	5A	2D	24	07	8D	07	20	00	2D	CC	8D	01	00	04
10	A625	01	5A	2D	24	07	8D	07	20	02	2D	CC	8A	04	00	04
10	A625	01	5A	2D	24	07	8D	07	20	02	2D	CC	9C	04	00	04
10	A625	01	5A	2D	34	01	8D	07	20	80	2D	CC	8D	01	00	04
10	A625	01	5A	2D	34	01	8D	07	20	87	2D	CC	8D	00	00	01
10	A625	01	5A	2D	34	06	8D	07	20	0F	2D	CC	8A	00	00	01
10	A625	01	5A	2D	34	06	8D	07	20	0F	2D	CC	8A	03	00	04
10	A625	01	5A	2D	34	06	8D	07	20	0F	2D	CC	8A	04	00	04
10	A625	01	5A	2D	34	07	8D	07	20	02	2D	CC	8D	04	00	04
10	A625	01	5A	2D	34	07	8D	07	20	02	2D	CC	9C	04	00	04
10	A625	01	5A	2D	34	07	8D	07	20	02	2D	CC	FF	04	00	04
10	A625	01	80	29	24	01	8D	07	20	80	29	CC	8D	01	00	04
10	A625	01	80	29	24	06	8D	07	20	0F	29	CC	8A	04	00	04
10	A625	01	80	29	24	07	8D	07	20	02	29	CC	FF	04	00	04
10	A625	01	80	29	34	01	8D	07	20	03	29	CC	8D	01	00	04
10	A625	01	80	29	34	01	8D	07	20	80	29	CC	8D	01	00	04
10	A625	01	80	29	34	06	8D	07	20	01	29	CC	8D	01	00	04
10	A625	01	80	29	34	06	8D	07	20	0F	29	CC	8A	04	00	04
10	A625	01	80	29	34	07	8D	07	20	00	29	CC	8D	01	00	04
10	A625	01	80	29	34	07	8D	07	20	02	29	CC	8A	04	00	04
10	A625	01	80	29	34	07	8D	07	20	02	29	CC	8D	04	00	04
10	A625	01	80	29	34	07	8D	07	20	02	29	CC	9C	04	00	04
10	A625	01	80	29	34	07	8D	07	20	02	29	CC	FF	04	00	04
10	A625	02	00	02	34	01	8D	07	20	87	02	CC	8D	01	00	04
10	A625	03	00	03	34	01	8D	07	20	03	03	CC	8D	01	00	04
10	A625	03	00	03	34	05	8D	07	20	06	03	CC	AE	01	00	04
10	A625	03	00	03	34	06	8D	07	20	01	03	CC	8D	01	00	04
10	A625	03	00	03	34	06	8D	07	20	01	03	CC	AE	01	00	04
10	A625	03	00	03	34	07	8D	07	20	00	03	CC	8D	01	00	04
10	A625	03	00	03	34	07	8D	07	20	02	03	CC	9C	04	00	04
10	A625	03	00	03	34	07	8D	07	20	02	03	CC	AE	04	00	09
10	A625	03	00	03	34	07	8D	07	20	02	03	CC	FF	04	00	04
10	A625	03	01	03	34	07	8D	07	20	02	03	CC	8A	04	00	04
10	A625	03	01	03	34	07	8D	07	20	02	03	CC	8D	04	00	04
10	A625	03	01	03	34	07	8D	07	20	02	03	CC	9C	04	00	04
10	A625	0B	01	0B	34	06	8D	07	20	0F	0B	CC	8A	04	00	04
10	A625	0B	01	0B	34	06	8D	07	20	81	0B	CC	8D	01	00	04
10	A625	0E	00	0E	34	01	8D	07	20	87	0E	CC	9C	04	00	04
10	A625	0E	00	0E	34	05	8D	07	20	D0	0E	CC	AE	04	00	09
10	A625	0E	00	0E	34	06	8D	07	20	0F	0E	CC	9C	04	00	04
10	A625	0E	01	0E	34	01	8D	07	20	87	0E	CC	9C	04	00	04
10	A625	0E	01	0E	34	05	8D	07	20	D0	0E	CC	AE	04	00	09
10	A625	0E	01	0E	34	06	8D	07	20	0F	0E	CC	9C	04	00	04
10	A625	0E	02	0E	34	01	8D	07	20	87	0E	CC	9C	04	00	04
10	A625	0E	02	0E	34	05	8D	07	20	D0	0E	CC	AE	04	00	09
10	A625	0E	02	0E	34	06	8D	07	20	0F	0E	CC	9C	04	00	04
10	A625	0E	03	0E	34	01	8D	07	20	87	0E	CC	9C	04	00	04
10	A625	0E	03	0E	34	05	8D	07	20	D0	0E	CC	AE	04	00	09
10	A625	0E	03	0E	34	06	8D	07	20	0F	0E	CC	9C	04	00	04
10	A625	0E	04	0E	34	01	8D	07	20	87	0E	CC	9C	04	00	04
10	A625	0E	04	0E	34	05	8D	07	20	D0	0E	CC	AE	04	00	09
10	A625	0E	04	0E	34	06	8D	07	20	0F	0E	CC	9C	04	00	04
10	A625	0E	05	0E	34	01	8D	07	20	87	0E	CC	9C	04	00	04
10	A625	0E	05	0E	34	05	8D	07	20	D0	0E	CC	AE	04	00	09
10	A625	0E	05	0E	34	06	8D	07	20	0F	0E	CC	9C	04	00	04
10	A625	0E	06	0E	34	01	8D	07	20	87	0E	CC	9C	04	00	04
10	A625	0E	06	0E	34	05	8D	07	20	D0	0E	CC	AE	04	00	09
10	A625	0E	06	0E	34	06	8D	07	20	0F	0E	CC	9C	04	00	04
10	A625	0E	07	0E	34	01	8D	07	20	87	0E	CC	9C	04	00	04
10	A625	0E	07	0E	34	05	8D	07	20	D0	0E	CC	AE	04	00	09
10	A625	0E	07	0E	34	06	8D	07	20	0F	0E	CC	9C	04	00	04
10	A625	12	00	12	34	01	8D	07	20	80	12	CC	8D	01	00	04
10	A625	12	00	12	34	07	8D	07	20	80	12	CC	AE	01	00	04
10	A625	16	00	16	34	01	8D	07	20	80	16	CC	8D	01	00	04
10	A625	16	00	16	34	05	8D	07	20	80	16	CC	AE	01	00	04
10	A625	16	00	16	34	06	8D	07	20	80	16	CC	8D	01	00	04
10	A625	16	00	16	34	06	8D	07	20	80	16	CC	AE	01	00	04
10	A625	16	00	16	34	07	8D	07	20	80	16	CC	9C	04	00	04
10	A625	16	00	16	34	07	8D	07	20	80	16	CC	AE	04	00	09
10	A625	16	00	16	34	07	8D	07	20	88	16	CC	8D	01	00	04
10	A625	16	01	16	34	07	8D	07	20	81	16	CC	8A	04	00	04
10	A625	16	01	16	34	07	8D	07	20	81	16	CC	9C	04	00	04
10	A625	1A	00	1A	34	07	8D	07	20	02	1A	CC	9C	04	00	04
10	A625	1A	01	1A	34	07	8D	07	20	02	1A	CC	8A	04	00	04
10	A625	1B	00	1B	34	07	8D	07	20	02	1B	CC	9C	04	00	04
10	A625	1B	01	1B	34	07	8D	07	20	02	1B	CC	8A	04	00	04
10	A625	1C	00	1C	24	07	8D	07	20	02	1C	CC	FF	04	00	04
10	A625	21	00	21	34	01	8D	07	20	87	21	CC	8D	01	00	04
10	A625	23	00	23	34	01	8D	07	20	80	23	CC	8D	01	00	04
10	A625	23	00	23	34	05	8D	07	20	80	23	CC	AE	01	00	04
10	A625	23	00	23	34	07	8D	07	20	80	23	CC	AE	01	00	04
10	A625	23	01	23	34	06	8D	07	20	81	23	CC	8D	01	00	04
10	A625	24	00	24	34	01	8D	07	20	03	24	CC	8D	01	00	04
10	A625	24	00	24	34	05	8D	07	20	06	24	CC	AE	01	00	04
10	A625	24	00	24	34	06	8D	07	20	01	24	CC	8D	01	00	04
10	A625	24	00	24	34	06	8D	07	20	01	24	CC	AE	01	00	04
10	A625	24	00	24	34	07	8D	07	20	00	24	CC	8D	01	00	04
10	A625	24	00	24	34	07	8D	07	20	02	24	CC	9C	04	00	04
10	A625	24	00	24	34	07	8D	07	20	02	24	CC	AE	04	00	09
10	A625	24	01	24	34	07	8D	07	20	02	24	CC	8A	04	00	04
10	A625	24	01	24	34	07	8D	07	20	02	24	CC	9C	04	00	04
10	A625	25	00	25	34	07	8D	07	20	62	25	CC	62	04	00	04
10	A625	27	00	27	34	06	8D	07	20	0F	27	CC	8A	04	00	04
10	A625	27	01	27	34	06	8D	07	20	0F	27	CC	8A	04	00	04
10	A625	29	00	29	24	05	8D	07	20	D0	29	CC	AE	04	00	09
10	A625	29	00	29	24	07	8D	07	20	80	29	CC	AE	01	00	04
10	A625	29	00	29	34	01	8D	07	20	03	29	CC	8D	01	00	04
10	A625	29	00	29	34	01	8D	07	20	43	29	CC	8D	01	00	04
10	A625	29	00	29	34	01	8D	07	20	80	29	CC	8D	01	00	04
10	A625	29	00	29	34	01	8D	07	20	87	29	CC	8D	00	00	00
10	A625	29	00	29	34	01	8D	07	20	87	29	CC	8D	01	00	04
10	A625	29	00	29	34	01	8D	07	20	87	29	CC	8D	04	00	04
10	A625	29	00	29	34	01	8D	07	20	87	29	CC	9C	04	00	04
10	A625	29	00	29	34	05	8D	07	20	06	29	CC	AE	01	00	04
10	A625	29	00	29	34	05	8D	07	20	43	29	CC	AE	01	00	04
10	A625	29	00	29	34	05	8D	07	20	80	29	CC	AE	01	00	04
10	A625	29	00	29	34	05	8D	07	20	87	29	CC	AE	00	00	00
10	A625	29	00	29	34	05	8D	07	20	D0	29	CC	AE	04	00	09
10	A625	29	00	29	34	06	8D	07	20	01	29	CC	8D	01	00	04
10	A625	29	00	29	34	06	8D	07	20	01	29	CC	AE	01	00	04
10	A625	29	00	29	34	06	8D	07	20	0F	29	CC	8A	00	00	00
10	A625	29	00	29	34	06	8D	07	20	0F	29	CC	8A	04	00	04
10	A625	29	00	29	34	06	8D	07	20	0F	29	CC	9C	04	00	04
10	A625	29	00	29	34	06	8D	07	20	43	29	CC	8D	01	00	04
10	A625	29	00	29	34	06	8D	07	20	43	29	CC	AE	01	00	04
10	A625	29	00	29	34	06	8D	07	20	80	29	CC	8D	01	00	04
10	A625	29	00	29	34	06	8D	07	20	80	29	CC	AE	01	00	04
10	A625	29	00	29	34	07	8D	07	20	00	29	CC	8D	01	00	04
10	A625	29	00	29	34	07	8D	07	20	02	29	CC	9C	04	00	04
10	A625	29	00	29	34	07	8D	07	20	02	29	CC	AE	04	00	09
10	A625	29	00	29	34	07	8D	07	20	02	29	CC	FF	01	00	04
10	A625	29	00	29	34	07	8D	07	20	02	29	CC	FF	04	00	04
10	A625	29	00	29	34	07	8D	07	20	43	29	CC	8D	01	00	04
10	A625	29	00	29	34	07	8D	07	20	43	29	CC	9C	04	00	04
10	A625	29	00	29	34	07	8D	07	20	43	29	CC	AE	04	00	09
10	A625	29	00	29	34	07	8D	07	20	80	29	CC	9C	04	00	04
10	A625	29	00	29	34	07	8D	07	20	80	29	CC	AE	01	00	04
10	A625	29	00	29	34	07	8D	07	20	80	29	CC	AE	04	00	09
10	A625	29	01	29	24	01	8D	07	20	87	29	CC	8D	04	00	04
10	A625	29	01	29	24	06	8D	07	20	0F	29	CC	8A	04	00	04
10	A625	29	01	29	24	06	8D	07	20	81	29	CC	8D	01	00	04
10	A625	29	01	29	34	01	8D	07	20	03	29	CC	8D	01	00	04
10	A625	29	01	29	34	01	8D	07	20	87	29	CC	8D	01	00	04
10	A625	29	01	29	34	05	8D	07	20	06	29	CC	AE	01	00	04
10	A625	29	01	29	34	05	8D	07	20	D0	29	CC	AE	04	00	09
10	A625	29	01	29	34	06	8D	07	20	01	29	CC	8D	01	00	04
10	A625	29	01	29	34	06	8D	07	20	01	29	CC	AE	01	00	04
10	A625	29	01	29	34	06	8D	07	20	0F	29	CC	8A	00	00	01
10	A625	29	01	29	34	06	8D	07	20	0F	29	CC	8A	04	00	04
10	A625	29	01	29	34	06	8D	07	20	81	29	CC	8D	01	00	04
10	A625	29	01	29	34	07	8D	07	20	02	29	CC	8A	04	00	04
10	A625	29	01	29	34	07	8D	07	20	02	29	CC	8D	04	00	04
10	A625	29	01	29	34	07	8D	07	20	02	29	CC	9C	04	00	04
10	A625	29	01	29	34	07	8D	07	20	02	29	CC	AE	04	00	09
10	A625	29	01	29	34	07	8D	07	20	02	29	CC	FF	01	00	04
10	A625	29	01	29	34	07	8D	07	20	43	29	CC	8A	04	00	04
10	A625	29	01	29	34	07	8D	07	20	43	29	CC	9C	04	00	04
10	A625	29	01	29	34	07	8D	07	20	81	29	CC	8A	04	00	04
10	A625	29	01	29	34	07	8D	07	20	81	29	CC	9C	04	00	04
10	A625	29	02	29	34	01	8D	07	20	03	29	CC	8D	01	00	04
10	A625	29	02	29	34	01	8D	07	20	80	29	CC	8D	01	00	04
10	A625	29	02	29	34	01	8D	07	20	87	29	CC	8D	01	00	04
10	A625	29	02	29	34	01	8D	07	20	87	29	CC	8D	04	00	04
10	A625	29	02	29	34	05	8D	07	20	06	29	CC	AE	01	00	04
10	A625	29	02	29	34	05	8D	07	20	D0	29	CC	AE	04	00	09
10	A625	29	02	29	34	06	8D	07	20	01	29	CC	8D	01	00	04
10	A625	29	02	29	34	06	8D	07	20	01	29	CC	AE	01	00	04
10	A625	29	02	29	34	06	8D	07	20	0F	29	CC	8A	04	00	04
10	A625	29	02	29	34	07	8D	07	20	02	29	CC	9C	04	00	04
10	A625	29	02	29	34	07	8D	07	20	02	29	CC	AE	04	00	09
10	A625	29	02	29	34	07	8D	07	20	02	29	CC	FF	01	00	04
10	A625	29	03	29	34	01	8D	07	20	03	29	CC	8D	01	00	04
10	A625	29	03	29	34	01	8D	07	20	87	29	CC	8D	01	00	04
10	A625	29	03	29	34	01	8D	07	20	87	29	CC	8D	04	00	04
10	A625	29	03	29	34	05	8D	07	20	06	29	CC	AE	01	00	04
10	A625	29	03	29	34	05	8D	07	20	D0	29	CC	AE	04	00	09
10	A625	29	03	29	34	06	8D	07	20	01	29	CC	8D	01	00	04
10	A625	29	03	29	34	06	8D	07	20	01	29	CC	AE	01	00	04
10	A625	29	03	29	34	06	8D	07	20	0F	29	CC	8A	04	00	04
10	A625	29	03	29	34	07	8D	07	20	02	29	CC	9C	04	00	04
10	A625	29	03	29	34	07	8D	07	20	02	29	CC	AE	04	00	09
10	A625	29	03	29	34	07	8D	07	20	02	29	CC	FF	01	00	04
10	A625	29	04	29	34	01	8D	07	20	03	29	CC	8D	01	00	04
10	A625	29	04	29	34	01	8D	07	20	87	29	CC	8D	01	00	04
10	A625	29	04	29	34	01	8D	07	20	87	29	CC	8D	04	00	04
10	A625	29	04	29	34	05	8D	07	20	06	29	CC	AE	01	00	04
10	A625	29	04	29	34	05	8D	07	20	D0	29	CC	AE	04	00	09
10	A625	29	04	29	34	06	8D	07	20	01	29	CC	8D	01	00	04
10	A625	29	04	29	34	06	8D	07	20	01	29	CC	AE	01	00	04
10	A625	29	04	29	34	06	8D	07	20	0F	29	CC	8A	04	00	04
10	A625	29	04	29	34	07	8D	07	20	02	29	CC	9C	04	00	04
10	A625	29	04	29	34	07	8D	07	20	02	29	CC	AE	04	00	09
10	A625	29	04	29	34	07	8D	07	20	02	29	CC	FF	01	00	04
10	A625	29	05	29	34	01	8D	07	20	03	29	CC	8D	01	00	04
10	A625	29	05	29	34	01	8D	07	20	87	29	CC	8D	01	00	04
10	A625	29	05	29	34	01	8D	07	20	87	29	CC	8D	04	00	04
10	A625	29	05	29	34	05	8D	07	20	06	29	CC	AE	01	00	04
10	A625	29	05	29	34	05	8D	07	20	D0	29	CC	AE	04	00	09
10	A625	29	05	29	34	06	8D	07	20	01	29	CC	8D	01	00	04
10	A625	29	05	29	34	06	8D	07	20	01	29	CC	AE	01	00	04
10	A625	29	05	29	34	06	8D	07	20	0F	29	CC	8A	04	00	04
10	A625	29	05	29	34	07	8D	07	20	02	29	CC	9C	04	00	04
10	A625	29	05	29	34	07	8D	07	20	02	29	CC	AE	04	00	09
10	A625	29	05	29	34	07	8D	07	20	02	29	CC	FF	01	00	04
10	A625	29	06	29	24	01	8D	07	20	87	29	CC	8D	01	00	04
10	A625	29	06	29	34	01	8D	07	20	03	29	CC	8D	01	00	04
10	A625	29	06	29	34	01	8D	07	20	87	29	CC	8D	04	00	04
10	A625	29	06	29	34	05	8D	07	20	06	29	CC	AE	01	00	04
10	A625	29	06	29	34	05	8D	07	20	D0	29	CC	AE	04	00	09
10	A625	29	06	29	34	06	8D	07	20	01	29	CC	8D	01	00	04
10	A625	29	06	29	34	06	8D	07	20	01	29	CC	AE	01	00	04
10	A625	29	06	29	34	06	8D	07	20	0F	29	CC	8A	04	00	04
10	A625	29	06	29	34	07	8D	07	20	02	29	CC	9C	04	00	04
10	A625	29	06	29	34	07	8D	07	20	02	29	CC	AE	04	00	09
10	A625	29	06	29	34	07	8D	07	20	02	29	CC	FF	01	00	04
10	A625	29	07	29	24	07	8D	07	20	02	29	CC	AE	04	00	09
10	A625	29	07	29	34	01	8D	07	20	03	29	CC	8D	01	00	04
10	A625	29	07	29	34	01	8D	07	20	87	29	CC	8D	01	00	04
10	A625	29	07	29	34	01	8D	07	20	87	29	CC	8D	04	00	04
10	A625	29	07	29	34	05	8D	07	20	06	29	CC	AE	01	00	04
10	A625	29	07	29	34	05	8D	07	20	D0	29	CC	AE	04	00	09
10	A625	29	07	29	34	06	8D	07	20	01	29	CC	8D	01	00	04
10	A625	29	07	29	34	06	8D	07	20	01	29	CC	AE	01	00	04
10	A625	29	07	29	34	06	8D	07	20	0F	29	CC	8A	04	00	04
10	A625	29	07	29	34	07	8D	07	20	02	29	CC	9C	04	00	04
10	A625	29	07	29	34	07	8D	07	20	02	29	CC	AE	04	00	09
10	A625	29	07	29	34	07	8D	07	20	02	29	CC	FF	01	00	04
10	A625	2B	00	2B	34	01	8D	07	20	80	2B	CC	8D	01	00	04
10	A625	2B	00	2B	34	01	8D	07	20	87	2B	CC	8D	01	00	04
10	A625	2B	00	2B	34	05	8D	07	20	80	2B	CC	AE	01	00	04
10	A625	2B	00	2B	34	07	8D	07	20	02	2B	CC	FF	01	00	04
10	A625	2B	00	2B	34	07	8D	07	20	02	2B	CC	FF	04	00	04
10	A625	2B	00	2B	34	07	8D	07	20	80	2B	CC	AE	01	00	04
10	A625	2B	01	2B	34	01	8D	07	20	87	2B	CC	8D	01	00	04
10	A625	2B	01	2B	34	06	8D	07	20	81	2B	CC	8D	01	00	04
10	A625	2B	01	2B	34	07	8D	07	20	02	2B	CC	8D	04	00	04
10	A625	2B	01	2B	34	07	8D	07	20	02	2B	CC	FF	01	00	04
10	A625	2B	02	2B	34	01	8D	07	20	82	2B	CC	8D	01	00	04
10	A625	2B	02	2B	34	01	8D	07	20	87	2B	CC	8D	01	00	04
10	A625	2B	02	2B	34	07	8D	07	20	02	2B	CC	FF	01	00	04
10	A625	2B	03	2B	34	01	8D	07	20	83	2B	CC	8D	01	00	04
10	A625	2B	03	2B	34	01	8D	07	20	87	2B	CC	8D	01	00	04
10	A625	2B	03	2B	34	07	8D	07	20	02	2B	CC	FF	01	00	04
10	A625	2B	04	2B	34	01	8D	07	20	84	2B	CC	8D	01	00	04
10	A625	2B	04	2B	34	01	8D	07	20	87	2B	CC	8D	01	00	04
10	A625	2B	04	2B	34	07	8D	07	20	02	2B	CC	FF	01	00	04
10	A625	2B	05	2B	34	01	8D	07	20	85	2B	CC	8D	01	00	04
10	A625	2B	05	2B	34	01	8D	07	20	87	2B	CC	8D	01	00	04
10	A625	2B	05	2B	34	07	8D	07	20	02	2B	CC	FF	01	00	04
10	A625	2B	06	2B	34	01	8D	07	20	86	2B	CC	8D	01	00	04
10	A625	2B	06	2B	34	01	8D	07	20	87	2B	CC	8D	01	00	04
10	A625	2B	06	2B	34	07	8D	07	20	02	2B	CC	FF	01	00	04
10	A625	2B	07	2B	34	01	8D	07	20	87	2B	CC	8D	01	00	04
10	A625	2B	07	2B	34	07	8D	07	20	02	2B	CC	FF	01	00	04
10	A625	2D	00	2D	24	07	8D	07	20	02	2D	CC	AE	04	00	09
10	A625	2D	00	2D	34	01	8D	07	20	03	2D	CC	8D	01	00	04
10	A625	2D	00	2D	34	01	8D	07	20	80	2D	CC	8D	01	00	04
10	A625	2D	00	2D	34	01	8D	07	20	87	2D	CC	8D	04	00	04
10	A625	2D	00	2D	34	05	8D	07	20	06	2D	CC	AE	01	00	04
10	A625	2D	00	2D	34	05	8D	07	20	80	2D	CC	AE	01	00	04
10	A625	2D	00	2D	34	05	8D	07	20	D0	2D	CC	AE	04	00	09
10	A625	2D	00	2D	34	06	8D	07	20	01	2D	CC	8D	01	00	04
10	A625	2D	00	2D	34	06	8D	07	20	01	2D	CC	AE	01	00	04
10	A625	2D	00	2D	34	06	8D	07	20	0F	2D	CC	8A	04	00	04
10	A625	2D	00	2D	34	07	8D	07	20	00	2D	CC	8D	01	00	04
10	A625	2D	00	2D	34	07	8D	07	20	02	2D	CC	9C	04	00	04
10	A625	2D	00	2D	34	07	8D	07	20	02	2D	CC	AE	04	00	09
10	A625	2D	00	2D	34	07	8D	07	20	02	2D	CC	FF	04	00	04
10	A625	2D	00	2D	34	07	8D	07	20	80	2D	CC	AE	01	00	04
10	A625	2D	01	2D	34	06	8D	07	20	0F	2D	CC	8A	04	00	04
10	A625	2D	01	2D	34	07	8D	07	20	02	2D	CC	8A	04	00	04
10	A625	2D	01	2D	34	07	8D	07	20	02	2D	CC	8D	04	00	04
10	A625	2D	01	2D	34	07	8D	07	20	02	2D	CC	9C	04	00	04
10	A648	00	04	01	24	03	73	EA	A3	D0	01	C9	46	04	00	04
10	A648	00	04	01	24	06	8D	07	20	0F	01	CC	8A	03	00	04
10	A648	00	04	01	34	03	73	EA	A3	D0	01	C9	46	03	00	04
10	A648	00	04	01	34	06	8D	07	20	0F	01	CC	8A	03	00	04
10	A648	00	04	01	34	C7	73	EA	A3	47	01	C6	47	03	00	03
10	A648	00	04	01	34	C7	73	EA	A3	C7	01	C5	54	03	00	02
10	A648	00	04	01	34	C7	73	EA	A3	CA	01	C6	55	03	00	03
10	A648	00	04	02	34	01	8D	07	20	87	02	CC	8D	01	00	04
10	A648	00	04	08	34	06	8D	07	20	0F	08	CC	8A	03	00	04
10	A648	00	04	0F	34	06	8D	07	20	0F	0F	CC	8A	03	00	04
10	A648	00	04	13	34	06	8D	07	20	0F	13	CC	8A	03	00	04
10	A648	00	04	17	24	06	8D	07	20	0F	17	CC	8A	03	00	04
10	A648	00	04	17	34	06	8D	07	20	0F	17	CC	8A	03	00	04
10	A648	00	04	1A	34	07	8D	07	20	02	1A	CC	8A	04	00	04
10	A648	00	04	1A	34	07	8D	07	20	02	1A	CC	9C	04	00	04
10	A648	00	04	1B	34	07	8D	07	20	02	1B	CC	8A	04	00	04
10	A648	00	04	1B	34	07	8D	07	20	02	1B	CC	9C	04	00	04
10	A648	00	04	1C	24	07	8D	07	20	02	1C	CC	FF	04	00	04
10	A648	00	04	1D	24	05	8D	07	20	80	1D	CC	AE	01	00	04
10	A648	00	04	1D	24	06	8D	07	20	0F	1D	CC	8A	04	00	04
10	A648	00	04	1D	24	07	8D	07	20	80	1D	CC	AE	01	00	04
10	A648	00	04	1D	34	01	8D	07	20	87	1D	CC	8D	04	00	04
10	A648	00	04	1D	34	05	8D	07	20	D0	1D	CC	AE	04	00	09
10	A648	00	04	1D	34	06	8D	07	20	81	1D	CC	8D	01	00	04
10	A648	00	04	1E	34	06	8D	07	20	0F	1E	CC	41	03	00	04
10	A648	00	04	1E	34	06	8D	07	20	0F	1E	CC	FF	03	00	04
10	A648	00	04	20	34	01	8D	07	20	87	20	CC	8D	04	00	04
10	A648	00	04	20	34	05	8D	07	20	D0	20	CC	AE	04	00	09
10	A648	00	04	20	34	06	8D	07	20	0F	20	CC	8A	04	00	04
10	A648	00	04	21	34	01	8D	07	20	87	21	CC	8D	01	00	04
10	A648	00	04	23	34	01	8D	07	20	80	23	CC	8D	01	00	04
10	A648	00	04	23	34	01	8D	07	20	87	23	CC	8D	04	00	04
10	A648	00	04	23	34	05	8D	07	20	80	23	CC	AE	01	00	04
10	A648	00	04	23	34	05	8D	07	20	D0	23	CC	AE	04	00	09
10	A648	00	04	23	34	06	8D	07	20	0F	23	CC	8A	04	00	04
10	A648	00	04	23	34	06	8D	07	20	81	23	CC	8D	01	00	04
10	A648	00	04	23	34	07	8D	07	20	80	23	CC	AE	01	00	04
10	A648	00	04	24	34	01	8D	07	20	03	24	CC	8D	01	00	04
10	A648	00	04	24	34	05	8D	07	20	06	24	CC	AE	01	00	04
10	A648	00	04	24	34	06	8D	07	20	01	24	CC	8D	01	00	04
10	A648	00	04	24	34	06	8D	07	20	01	24	CC	AE	01	00	04
10	A648	00	04	24	34	07	8D	07	20	00	24	CC	8D	01	00	04
10	A648	00	04	24	34	07	8D	07	20	02	24	CC	8A	04	00	04
10	A648	00	04	24	34	07	8D	07	20	02	24	CC	9C	04	00	04
10	A648	00	04	24	34	07	8D	07	20	02	24	CC	AE	04	00	09
10	A648	00	04	25	34	07	8D	07	20	62	25	CC	62	04	00	04
10	A648	00	04	27	34	06	8D	07	20	0F	27	CC	8A	04	00	04
10	A648	01	04	01	34	03	73	EA	A3	D0	01	C9	46	03	00	04
10	A648	01	04	1D	34	01	8D	07	20	87	1D	CC	9C	04	00	04
10	A648	01	04	1D	34	06	8D	07	20	0F	1D	CC	9C	04	00	04
10	A648	03	04	1D	34	05	8D	07	20	D0	1D	CC	AE	04	00	09
10	A648	03	04	23	34	05	8D	07	20	D0	23	CC	AE	04	00	09
10	A648	07	04	1D	24	07	8D	07	20	80	1D	CC	AE	01	00	04
10	A648	07	04	1D	34	05	8D	07	20	80	1D	CC	AE	01	00	04
10	A648	07	04	1D	34	05	8D	07	20	D0	1D	CC	AE	04	00	09
10	A648	07	04	1D	34	06	8D	07	20	0F	1D	CC	8A	04	00	04
10	A648	07	04	1D	34	07	8D	07	20	80	1D	CC	AE	01	00	04
10	A648	07	04	20	34	06	8D	07	20	0F	20	CC	8A	04	00	04
10	A648	07	04	23	34	05	8D	07	20	D0	23	CC	AE	04	00	09
10	A648	07	04	23	34	06	8D	07	20	0F	23	CC	8A	04	00	04
10	A648	34	04	1D	34	01	8D	07	20	87	1D	CC	9C	04	00	04
10	A648	34	04	1D	34	06	8D	07	20	0F	1D	CC	9C	04	00	04
10	A648	34	04	23	34	01	8D	07	20	87	23	CC	8D	04	00	04
10	A648	34	04	23	34	06	8D	07	20	0F	23	CC	8A	04	00	04
10	A648	75	04	1D	24	05	8D	07	20	D0	1D	CC	AE	04	00	09
10	A648	75	04	1D	34	01	8D	07	20	87	1D	CC	9C	04	00	04
10	A648	75	04	1D	34	05	8D	07	20	80	1D	CC	AE	01	00	04
10	A648	75	04	1D	34	05	8D	07	20	D0	1D	CC	AE	04	00	09
10	A648	75	04	1D	34	06	8D	07	20	0F	1D	CC	8A	04	00	04
10	A648	75	04	1D	34	06	8D	07	20	0F	1D	CC	9C	04	00	04
10	A648	75	04	1D	34	06	8D	07	20	81	1D	CC	8D	01	00	04
10	A648	75	04	1D	34	07	8D	07	20	80	1D	CC	AE	01	00	04
10	A648	75	04	1F	34	05	8D	07	20	80	1F	CC	AE	01	00	04
10	A648	75	04	1F	34	05	8D	07	20	D0	1F	CC	AE	04	00	09
10	A648	75	04	1F	34	06	8D	07	20	0F	1F	CC	8A	04	00	04
10	A648	75	04	1F	34	06	8D	07	20	81	1F	CC	8D	01	00	04
10	A648	75	04	1F	34	07	8D	07	20	80	1F	CC	AE	01	00	04
10	A648	75	04	23	34	01	8D	07	20	87	23	CC	9C	04	00	04
10	A648	75	04	23	34	05	8D	07	20	80	23	CC	AE	01	00	04
10	A648	75	04	23	34	05	8D	07	20	D0	23	CC	AE	04	00	09
10	A648	75	04	23	34	06	8D	07	20	0F	23	CC	8A	04	00	04
10	A648	75	04	23	34	06	8D	07	20	0F	23	CC	9C	04	00	04
10	A648	75	04	23	34	06	8D	07	20	81	23	CC	8D	01	00	04
10	A648	75	04	23	34	07	8D	07	20	80	23	CC	AE	01	00	04
10	A648	99	04	1D	34	06	8D	07	20	0F	1D	CC	8A	04	00	04
10	A648	99	04	1D	34	06	8D	07	20	81	1D	CC	8D	01	00	04
10	A648	99	04	23	34	06	8D	07	20	0F	23	CC	8A	04	00	04
10	A648	99	04	23	34	06	8D	07	20	81	23	CC	8D	01	00	04
10	A648	9B	04	01	34	03	73	EA	A3	D0	01	C9	46	03	00	04
10	A648	C8	04	1D	34	06	8D	07	20	0F	1D	CC	8A	04	00	04
10	A648	C8	04	1D	34	06	8D	07	20	81	1D	CC	8D	01	00	04
10	A648	C8	04	23	34	06	8D	07	20	0F	23	CC	8A	04	00	04
10	A648	C8	04	23	34	06	8D	07	20	81	23	CC	8D	01	00	04
10	A648	D2	04	1D	34	01	8D	07	20	87	1D	CC	9C	04	00	04
10	A648	D2	04	1D	34	06	8D	07	20	0F	1D	CC	9C	04	00	04
10	A648	D2	04	1F	34	01	8D	07	20	87	1F	CC	9C	04	00	04
10	A648	D2	04	1F	34	06	8D	07	20	0F	1F	CC	9C	04	00	04
10	A648	D2	04	23	34	01	8D	07	20	87	23	CC	9C	04	00	04
10	A648	D2	04	23	34	06	8D	07	20	0F	23	CC	9C	04	00	04
10	A648	D8	04	1D	34	06	8D	07	20	0F	1D	CC	8A	04	00	04
10	A648	D8	04	1D	34	06	8D	07	20	81	1D	CC	8D	01	00	04
10	A648	D8	04	23	34	06	8D	07	20	0F	23	CC	8A	04	00	04
10	A648	D8	04	23	34	06	8D	07	20	81	23	CC	8D	01	00	04
10	A653	00	00	00	36	01	8D	07	20	03	00	CC	8D	01	00	04
10	A653	00	00	00	36	05	8D	07	20	06	00	CC	AE	01	00	04
10	A653	00	00	00	36	06	8D	07	20	01	00	CC	8D	01	00	04
10	A653	00	00	00	36	06	8D	07	20	01	00	CC	AE	01	00	04
10	A653	00	00	00	36	07	8D	07	20	00	00	CC	8D	01	00	04
10	A653	00	00	00	36	07	8D	07	20	02	00	CC	9C	04	00	04
10	A653	00	00	00	36	07	8D	07	20	02	00	CC	AE	04	00	09
10	A653	00	00	01	34	06	8D	07	20	0F	01	CC	8A	03	00	04
10	A653	00	00	02	34	01	8D	07	20	87	02	CC	8D	01	00	04
10	A653	00	00	03	34	01	8D	07	20	03	03	CC	8D	01	00	04
10	A653	00	00	03	34	05	8D	07	20	06	03	CC	AE	01	00	04
10	A653	00	00	03	34	06	8D	07	20	01	03	CC	8D	01	00	04
10	A653	00	00	03	34	06	8D	07	20	01	03	CC	AE	01	00	04
10	A653	00	00	03	34	07	8D	07	20	00	03	CC	8D	01	00	04
10	A653	00	00	03	34	07	8D	07	20	02	03	CC	9C	04	00	04
10	A653	00	00	03	34	07	8D	07	20	02	03	CC	AE	04	00	09
10	A653	00	00	03	34	07	8D	07	20	02	03	CC	FF	04	00	04
10	A653	00	00	08	34	06	8D	07	20	0F	08	CC	8A	03	00	04
10	A653	00	00	0E	34	01	8D	07	20	87	0E	CC	9C	04	00	04
10	A653	00	00	0E	34	05	8D	07	20	D0	0E	CC	AE	04	00	09
10	A653	00	00	0E	34	06	8D	07	20	0F	0E	CC	9C	04	00	04
10	A653	00	00	0F	34	06	8D	07	20	0F	0F	CC	8A	03	00	04
10	A653	00	00	12	34	01	8D	07	20	80	12	CC	8D	01	00	04
10	A653	00	00	12	34	07	8D	07	20	80	12	CC	AE	01	00	04
10	A653	00	00	13	34	06	8D	07	20	0F	13	CC	8A	03	00	04
10	A653	00	00	16	34	01	8D	07	20	80	16	CC	8D	01	00	04
10	A653	00	00	16	34	05	8D	07	20	80	16	CC	AE	01	00	04
10	A653	00	00	16	34	06	8D	07	20	80	16	CC	8D	01	00	04
10	A653	00	00	16	34	06	8D	07	20	80	16	CC	AE	01	00	04
10	A653	00	00	16	34	07	8D	07	20	80	16	CC	9C	04	00	04
10	A653	00	00	16	34	07	8D	07	20	80	16	CC	AE	04	00	09
10	A653	00	00	16	34	07	8D	07	20	88	16	CC	8D	01	00	04
10	A653	00	00	17	34	06	8D	07	20	0F	17	CC	8A	03	00	04
10	A653	00	00	1A	34	07	8D	07	20	02	1A	CC	9C	04	00	04
10	A653	00	00	1B	34	07	8D	07	20	02	1B	CC	9C	04	00	04
10	A653	00	00	1C	24	07	8D	07	20	02	1C	CC	FF	04	00	04
10	A653	00	00	21	34	01	8D	07	20	87	21	CC	8D	01	00	04
10	A653	00	00	23	34	01	8D	07	20	80	23	CC	8D	01	00	04
10	A653	00	00	23	34	05	8D	07	20	80	23	CC	AE	01	00	04
10	A653	00	00	23	34	07	8D	07	20	80	23	CC	AE	01	00	04
10	A653	00	00	24	34	01	8D	07	20	03	24	CC	8D	01	00	04
10	A653	00	00	24	34	05	8D	07	20	06	24	CC	AE	01	00	04
10	A653	00	00	24	34	06	8D	07	20	01	24	CC	8D	01	00	04
10	A653	00	00	24	34	06	8D	07	20	01	24	CC	AE	01	00	04
10	A653	00	00	24	34	07	8D	07	20	00	24	CC	8D	01	00	04
10	A653	00	00	24	34	07	8D	07	20	02	24	CC	9C	04	00	04
10	A653	00	00	24	34	07	8D	07	20	02	24	CC	AE	04	00	09
10	A653	00	00	25	34	07	8D	07	20	62	25	CC	62	04	00	04
10	A653	00	00	27	34	06	8D	07	20	0F	27	CC	8A	04	00	04
10	A653	00	00	29	24	01	8D	07	20	03	29	CC	8D	01	00	04
10	A653	00	00	29	24	01	8D	07	20	80	29	CC	8D	01	00	04
10	A653	00	00	29	24	05	8D	07	20	06	29	CC	AE	01	00	04
10	A653	00	00	29	24	05	8D	07	20	80	29	CC	AE	01	00	04
10	A653	00	00	29	24	05	8D	07	20	D0	29	CC	AE	04	00	09
10	A653	00	00	29	24	06	8D	07	20	01	29	CC	8D	01	00	04
10	A653	00	00	29	24	06	8D	07	20	01	29	CC	AE	01	00	04
10	A653	00	00	29	24	06	8D	07	20	0F	29	CC	8A	04	00	04
10	A653	00	00	29	24	07	8D	07	20	02	29	CC	AE	04	00	09
10	A653	00	00	29	24	07	8D	07	20	02	29	CC	FF	04	00	04
10	A653	00	00	29	24	07	8D	07	20	80	29	CC	AE	01	00	04
10	A653	00	00	29	24	07	8D	07	20	88	29	CC	8D	01	00	04
10	A653	00	00	29	34	01	8D	07	20	03	29	CC	8D	01	00	04
10	A653	00	00	29	34	01	8D	07	20	43	29	CC	8D	01	00	04
10	A653	00	00	29	34	01	8D	07	20	80	29	CC	8D	01	00	04
10	A653	00	00	29	34	01	8D	07	20	87	29	CC	8D	00	00	00
10	A653	00	00	29	34	01	8D	07	20	87	29	CC	8D	00	00	04
10	A653	00	00	29	34	01	8D	07	20	87	29	CC	8D	01	00	04
10	A653	00	00	29	34	01	8D	07	20	87	29	CC	8D	04	00	04
10	A653	00	00	29	34	01	8D	07	20	87	29	CC	9C	04	00	04
10	A653	00	00	29	34	05	8D	07	20	06	29	CC	AE	01	00	04
10	A653	00	00	29	34	05	8D	07	20	43	29	CC	AE	01	00	04
10	A653	00	00	29	34	05	8D	07	20	80	29	CC	AE	01	00	04
10	A653	00	00	29	34	05	8D	07	20	87	29	CC	AE	00	00	00
10	A653	00	00	29	34	05	8D	07	20	87	29	CC	AE	00	00	04
10	A653	00	00	29	34	05	8D	07	20	D0	29	CC	AE	04	00	09
10	A653	00	00	29	34	06	8D	07	20	01	29	CC	8D	01	00	04
10	A653	00	00	29	34	06	8D	07	20	01	29	CC	AE	01	00	04
10	A653	00	00	29	34	06	8D	07	20	0F	29	CC	8A	00	00	00
10	A653	00	00	29	34	06	8D	07	20	0F	29	CC	8A	00	00	04
10	A653	00	00	29	34	06	8D	07	20	0F	29	CC	8A	02	00	04
10	A653	00	00	29	34	06	8D	07	20	0F	29	CC	8A	04	00	04
10	A653	00	00	29	34	06	8D	07	20	0F	29	CC	9C	04	00	04
10	A653	00	00	29	34	06	8D	07	20	43	29	CC	8D	01	00	04
10	A653	00	00	29	34	06	8D	07	20	43	29	CC	AE	01	00	04
10	A653	00	00	29	34	06	8D	07	20	80	29	CC	8D	01	00	04
10	A653	00	00	29	34	06	8D	07	20	80	29	CC	AE	01	00	04
10	A653	00	00	29	34	07	8D	07	20	00	29	CC	8D	01	00	04
10	A653	00	00	29	34	07	8D	07	20	02	29	CC	8A	04	00	04
10	A653	00	00	29	34	07	8D	07	20	02	29	CC	8D	04	00	04
10	A653	00	00	29	34	07	8D	07	20	02	29	CC	9C	04	00	04
10	A653	00	00	29	34	07	8D	07	20	02	29	CC	AE	04	00	09
10	A653	00	00	29	34	07	8D	07	20	02	29	CC	FF	01	00	04
10	A653	00	00	29	34	07	8D	07	20	02	29	CC	FF	04	00	04
10	A653	00	00	29	34	07	8D	07	20	43	29	CC	8D	01	00	04
10	A653	00	00	29	34	07	8D	07	20	43	29	CC	9C	04	00	04
10	A653	00	00	29	34	07	8D	07	20	43	29	CC	AE	04	00	09
10	A653	00	00	29	34	07	8D	07	20	80	29	CC	9C	04	00	04
10	A653	00	00	29	34	07	8D	07	20	80	29	CC	AE	01	00	04
10	A653	00	00	29	34	07	8D	07	20	80	29	CC	AE	04	00	09
10	A653	00	00	29	34	07	8D	07	20	88	29	CC	8D	01	00	04
10	A653	00	00	2B	34	01	8D	07	20	80	2B	CC	8D	01	00	04
10	A653	00	00	2B	34	01	8D	07	20	87	2B	CC	8D	01	00	04
10	A653	00	00	2B	34	05	8D	07	20	80	2B	CC	AE	01	00	04
10	A653	00	00	2B	34	07	8D	07	20	02	2B	CC	FF	01	00	04
10	A653	00	00	2B	34	07	8D	07	20	02	2B	CC	FF	04	00	04
10	A653	00	00	2B	34	07	8D	07	20	80	2B	CC	AE	01	00	04
10	A653	00	00	2D	24	01	8D	07	20	03	2D	CC	8D	01	00	04
10	A653	00	00	2D	24	01	8D	07	20	87	2D	CC	8D	00	00	03
10	A653	00	00	2D	24	05	8D	07	20	06	2D	CC	AE	01	00	04
10	A653	00	00	2D	24	05	8D	07	20	87	2D	CC	AE	00	00	02
10	A653	00	00	2D	24	05	8D	07	20	87	2D	CC	AE	00	00	03
10	A653	00	00	2D	24	06	8D	07	20	01	2D	CC	8D	01	00	04
10	A653	00	00	2D	24	06	8D	07	20	01	2D	CC	AE	01	00	04
10	A653	00	00	2D	24	06	8D	07	20	0F	2D	CC	8A	00	00	02
10	A653	00	00	2D	24	06	8D	07	20	0F	2D	CC	8A	04	00	04
10	A653	00	00	2D	24	07	8D	07	20	00	2D	CC	8D	01	00	04
10	A653	00	00	2D	24	07	8D	07	20	02	2D	CC	8A	04	00	04
10	A653	00	00	2D	24	07	8D	07	20	02	2D	CC	8D	04	00	04
10	A653	00	00	2D	24	07	8D	07	20	02	2D	CC	9C	04	00	04
10	A653	00	00	2D	24	07	8D	07	20	02	2D	CC	AE	04	00	09
10	A653	00	00	2D	34	01	8D	07	20	03	2D	CC	8D	01	00	04
10	A653	00	00	2D	34	01	8D	07	20	80	2D	CC	8D	01	00	04
10	A653	00	00	2D	34	01	8D	07	20	87	2D	CC	8D	00	00	00
10	A653	00	00	2D	34	01	8D	07	20	87	2D	CC	8D	00	00	01
10	A653	00	00	2D	34	01	8D	07	20	87	2D	CC	8D	00	00	02
10	A653	00	00	2D	34	01	8D	07	20	87	2D	CC	8D	00	00	03
10	A653	00	00	2D	34	01	8D	07	20	87	2D	CC	8D	01	00	04
10	A653	00	00	2D	34	01	8D	07	20	87	2D	CC	8D	04	00	04
10	A653	00	00	2D	34	05	8D	07	20	06	2D	CC	AE	01	00	04
10	A653	00	00	2D	34	05	8D	07	20	80	2D	CC	AE	01	00	04
10	A653	00	00	2D	34	05	8D	07	20	87	2D	CC	AE	00	00	00
10	A653	00	00	2D	34	05	8D	07	20	87	2D	CC	AE	00	00	01
10	A653	00	00	2D	34	05	8D	07	20	87	2D	CC	AE	00	00	02
10	A653	00	00	2D	34	05	8D	07	20	87	2D	CC	AE	00	00	03
10	A653	00	00	2D	34	05	8D	07	20	D0	2D	CC	AE	04	00	09
10	A653	00	00	2D	34	06	8D	07	20	01	2D	CC	8D	01	00	04
10	A653	00	00	2D	34	06	8D	07	20	01	2D	CC	AE	01	00	04
10	A653	00	00	2D	34	06	8D	07	20	0F	2D	CC	8A	00	00	00
10	A653	00	00	2D	34	06	8D	07	20	0F	2D	CC	8A	00	00	01
10	A653	00	00	2D	34	06	8D	07	20	0F	2D	CC	8A	00	00	02
10	A653	00	00	2D	34	06	8D	07	20	0F	2D	CC	8A	00	00	03
10	A653	00	00	2D	34	06	8D	07	20	0F	2D	CC	8A	02	00	04
10	A653	00	00	2D	34	06	8D	07	20	0F	2D	CC	8A	03	00	04
10	A653	00	00	2D	34	06	8D	07	20	0F	2D	CC	8A	04	00	04
10	A653	00	00	2D	34	07	8D	07	20	00	2D	CC	8D	01	00	04
10	A653	00	00	2D	34	07	8D	07	20	02	2D	CC	8A	04	00	04
10	A653	00	00	2D	34	07	8D	07	20	02	2D	CC	8D	04	00	04
10	A653	00	00	2D	34	07	8D	07	20	02	2D	CC	9C	04	00	04
10	A653	00	00	2D	34	07	8D	07	20	02	2D	CC	AE	04	00	09
10	A653	00	00	2D	34	07	8D	07	20	02	2D	CC	FF	04	00	04
10	A653	00	00	2D	34	07	8D	07	20	80	2D	CC	AE	01	00	04
10	A653	00	00	2D	34	07	8D	07	20	88	2D	CC	8D	01	00	04
10	A653	00	02	00	36	07	8D	07	20	02	00	CC	8A	04	00	04
10	A653	00	02	01	24	06	8D	07	20	0F	01	CC	8A	03	00	04
10	A653	00	02	03	34	07	8D	07	20	02	03	CC	8A	04	00	04
10	A653	00	02	03	34	07	8D	07	20	02	03	CC	8D	04	00	04
10	A653	00	02	03	34	07	8D	07	20	02	03	CC	9C	04	00	04
10	A653	00	02	08	34	06	8D	07	20	0F	08	CC	8A	03	00	04
10	A653	00	02	0B	34	06	8D	07	20	0F	0B	CC	8A	04	00	04
10	A653	00	02	0B	34	06	8D	07	20	81	0B	CC	8D	01	00	04
10	A653	00	02	0E	34	01	8D	07	20	87	0E	CC	9C	04	00	04
10	A653	00	02	0E	34	05	8D	07	20	D0	0E	CC	AE	04	00	09
10	A653	00	02	0E	34	06	8D	07	20	0F	0E	CC	9C	04	00	04
10	A653	00	02	0F	34	06	8D	07	20	0F	0F	CC	8A	03	00	04
10	A653	00	02	13	34	06	8D	07	20	0F	13	CC	8A	03	00	04
10	A653	00	02	16	34	07	8D	07	20	81	16	CC	8A	04	00	04
10	A653	00	02	16	34	07	8D	07	20	81	16	CC	9C	04	00	04
10	A653	00	02	17	34	06	8D	07	20	0F	17	CC	8A	03	00	04
10	A653	00	02	1A	34	07	8D	07	20	02	1A	CC	8A	04	00	04
10	A653	00	02	1B	34	07	8D	07	20	02	1B	CC	8A	04	00	04
10	A653	00	02	23	34	06	8D	07	20	81	23	CC	8D	01	00	04
10	A653	00	02	24	34	07	8D	07	20	02	24	CC	8A	04	00	04
10	A653	00	02	24	34	07	8D	07	20	02	24	CC	9C	04	00	04
10	A653	00	02	27	34	06	8D	07	20	0F	27	CC	8A	04	00	04
10	A653	00	02	29	24	01	8D	07	20	80	29	CC	8D	01	00	04
10	A653	00	02	29	24	01	8D	07	20	87	29	CC	8D	04	00	04
10	A653	00	02	29	24	05	8D	07	20	06	29	CC	AE	01	00	04
10	A653	00	02	29	24	05	8D	07	20	80	29	CC	AE	01	00	04
10	A653	00	02	29	24	06	8D	07	20	01	29	CC	8D	01	00	04
10	A653	00	02	29	24	06	8D	07	20	0F	29	CC	8A	04	00	04
10	A653	00	02	29	24	06	8D	07	20	81	29	CC	8D	01	00	04
10	A653	00	02	29	24	07	8D	07	20	02	29	CC	AE	04	00	09
10	A653	00	02	29	24	07	8D	07	20	02	29	CC	FF	04	00	04
10	A653	00	02	29	24	07	8D	07	20	80	29	CC	AE	01	00	04
10	A653	00	02	29	24	07	8D	07	20	88	29	CC	8D	01	00	04
10	A653	00	02	29	34	01	8D	07	20	03	29	CC	8D	01	00	04
10	A653	00	02	29	34	01	8D	07	20	80	29	CC	8D	01	00	04
10	A653	00	02	29	34	01	8D	07	20	87	29	CC	8D	00	00	04
10	A653	00	02	29	34	01	8D	07	20	87	29	CC	8D	01	00	04
10	A653	00	02	29	34	05	8D	07	20	06	29	CC	AE	01	00	04
10	A653	00	02	29	34	05	8D	07	20	80	29	CC	AE	01	00	04
10	A653	00	02	29	34	05	8D	07	20	87	29	CC	AE	00	00	04
10	A653	00	02	29	34	05	8D	07	20	D0	29	CC	AE	04	00	09
10	A653	00	02	29	34	06	8D	07	20	01	29	CC	8D	01	00	04
10	A653	00	02	29	34	06	8D	07	20	01	29	CC	AE	01	00	04
10	A653	00	02	29	34	06	8D	07	20	0F	29	CC	8A	00	00	01
10	A653	00	02	29	34	06	8D	07	20	0F	29	CC	8A	00	00	04
10	A653	00	02	29	34	06	8D	07	20	0F	29	CC	8A	02	00	04
10	A653	00	02	29	34	06	8D	07	20	0F	29	CC	8A	04	00	04
10	A653	00	02	29	34	06	8D	07	20	81	29	CC	8D	01	00	04
10	A653	00	02	29	34	07	8D	07	20	00	29	CC	8D	01	00	04
10	A653	00	02	29	34	07	8D	07	20	02	29	CC	8A	04	00	04
10	A653	00	02	29	34	07	8D	07	20	02	29	CC	8D	04	00	04
10	A653	00	02	29	34	07	8D	07	20	02	29	CC	9C	04	00	04
10	A653	00	02	29	34	07	8D	07	20	02	29	CC	AE	04	00	09
10	A653	00	02	29	34	07	8D	07	20	02	29	CC	FF	01	00	04
10	A653	00	02	29	34	07	8D	07	20	02	29	CC	FF	04	00	04
10	A653	00	02	29	34	07	8D	07	20	43	29	CC	8A	04	00	04
10	A653	00	02	29	34	07	8D	07	20	43	29	CC	8D	01	00	04
10	A653	00	02	29	34	07	8D	07	20	43	29	CC	9C	04	00	04
10	A653	00	02	29	34	07	8D	07	20	80	29	CC	AE	01	00	04
10	A653	00	02	29	34	07	8D	07	20	81	29	CC	8A	04	00	04
10	A653	00	02	29	34	07	8D	07	20	81	29	CC	9C	04	00	04
10	A653	00	02	29	34	07	8D	07	20	88	29	CC	8D	01	00	04
10	A653	00	02	2B	34	01	8D	07	20	87	2B	CC	8D	01	00	04
10	A653	00	02	2B	34	06	8D	07	20	81	2B	CC	8D	01	00	04
10	A653	00	02	2B	34	07	8D	07	20	02	2B	CC	8D	04	00	04
10	A653	00	02	2B	34	07	8D	07	20	02	2B	CC	FF	01	00	04
10	A653	00	02	2D	24	01	8D	07	20	03	2D	CC	8D	01	00	04
10	A653	00	02	2D	24	05	8D	07	20	06	2D	CC	AE	01	00	04
10	A653	00	02	2D	24	05	8D	07	20	87	2D	CC	AE	00	00	02
10	A653	00	02	2D	24	05	8D	07	20	87	2D	CC	AE	00	00	03
10	A653	00	02	2D	24	06	8D	07	20	01	2D	CC	8D	01	00	04
10	A653	00	02	2D	24	06	8D	07	20	01	2D	CC	AE	01	00	04
10	A653	00	02	2D	24	06	8D	07	20	0F	2D	CC	8A	00	00	02
10	A653	00	02	2D	24	06	8D	07	20	0F	2D	CC	8A	04	00	04
10	A653	00	02	2D	24	07	8D	07	20	00	2D	CC	8D	01	00	04
10	A653	00	02	2D	24	07	8D	07	20	02	2D	CC	8A	04	00	04
10	A653	00	02	2D	24	07	8D	07	20	02	2D	CC	8D	04	00	04
10	A653	00	02	2D	24	07	8D	07	20	02	2D	CC	9C	04	00	04
10	A653	00	02	2D	24	07	8D	07	20	02	2D	CC	AE	04	00	09
10	A653	00	02	2D	34	01	8D	07	20	03	2D	CC	8D	01	00	04
10	A653	00	02	2D	34	01	8D	07	20	80	2D	CC	8D	01	00	04
10	A653	00	02	2D	34	01	8D	07	20	87	2D	CC	8D	00	00	00
10	A653	00	02	2D	34	01	8D	07	20	87	2D	CC	8D	00	00	01
10	A653	00	02	2D	34	01	8D	07	20	87	2D	CC	8D	00	00	02
10	A653	00	02	2D	34	01	8D	07	20	87	2D	CC	8D	00	00	03
10	A653	00	02	2D	34	01	8D	07	20	87	2D	CC	8D	01	00	04
10	A653	00	02	2D	34	05	8D	07	20	06	2D	CC	AE	01	00	04
10	A653	00	02	2D	34	05	8D	07	20	80	2D	CC	AE	01	00	04
10	A653	00	02	2D	34	05	8D	07	20	87	2D	CC	AE	00	00	00
10	A653	00	02	2D	34	05	8D	07	20	87	2D	CC	AE	00	00	01
10	A653	00	02	2D	34	05	8D	07	20	87	2D	CC	AE	00	00	02
10	A653	00	02	2D	34	05	8D	07	20	87	2D	CC	AE	00	00	03
10	A653	00	02	2D	34	06	8D	07	20	01	2D	CC	8D	01	00	04
10	A653	00	02	2D	34	06	8D	07	20	01	2D	CC	AE	01	00	04
10	A653	00	02	2D	34	06	8D	07	20	0F	2D	CC	8A	00	00	00
10	A653	00	02	2D	34	06	8D	07	20	0F	2D	CC	8A	00	00	01
10	A653	00	02	2D	34	06	8D	07	20	0F	2D	CC	8A	00	00	02
10	A653	00	02	2D	34	06	8D	07	20	0F	2D	CC	8A	00	00	03
10	A653	00	02	2D	34	06	8D	07	20	0F	2D	CC	8A	02	00	04
10	A653	00	02	2D	34	06	8D	07	20	0F	2D	CC	8A	03	00	04
10	A653	00	02	2D	34	06	8D	07	20	0F	2D	CC	8A	04	00	04
10	A653	00	02	2D	34	07	8D	07	20	00	2D	CC	8D	01	00	04
10	A653	00	02	2D	34	07	8D	07	20	02	2D	CC	8A	04	00	04
10	A653	00	02	2D	34	07	8D	07	20	02	2D	CC	8D	04	00	04
10	A653	00	02	2D	34	07	8D	07	20	02	2D	CC	9C	04	00	04
10	A653	00	02	2D	34	07	8D	07	20	02	2D	CC	AE	04	00	09
10	A653	00	02	2D	34	07	8D	07	20	02	2D	CC	FF	04	00	04
10	A653	00	02	2D	34	07	8D	07	20	80	2D	CC	AE	01	00	04
10	A653	00	02	2D	34	07	8D	07	20	88	2D	CC	8D	01	00	04
10	A653	00	04	0E	34	01	8D	07	20	87	0E	CC	9C	04	00	04
10	A653	00	04	0E	34	05	8D	07	20	D0	0E	CC	AE	04	00	09
10	A653	00	04	0E	34	06	8D	07	20	0F	0E	CC	9C	04	00	04
10	A653	00	04	29	24	01	8D	07	20	80	29	CC	8D	01	00	04
10	A653	00	04	29	24	05	8D	07	20	06	29	CC	AE	01	00	04
10	A653	00	04	29	24	05	8D	07	20	80	29	CC	AE	01	00	04
10	A653	00	04	29	24	06	8D	07	20	01	29	CC	8D	01	00	04
10	A653	00	04	29	24	06	8D	07	20	0F	29	CC	8A	04	00	04
10	A653	00	04	29	24	07	8D	07	20	02	29	CC	AE	04	00	09
10	A653	00	04	29	24	07	8D	07	20	02	29	CC	FF	04	00	04
10	A653	00	04	29	24	07	8D	07	20	80	29	CC	AE	01	00	04
10	A653	00	04	29	24	07	8D	07	20	88	29	CC	8D	01	00	04
10	A653	00	04	29	34	01	8D	07	20	03	29	CC	8D	01	00	04
10	A653	00	04	29	34	01	8D	07	20	80	29	CC	8D	01	00	04
10	A653	00	04	29	34	01	8D	07	20	87	29	CC	8D	00	00	04
10	A653	00	04	29	34	01	8D	07	20	87	29	CC	8D	01	00	04
10	A653	00	04	29	34	01	8D	07	20	87	29	CC	8D	04	00	04
10	A653	00	04	29	34	05	8D	07	20	06	29	CC	AE	01	00	04
10	A653	00	04	29	34	05	8D	07	20	80	29	CC	AE	01	00	04
10	A653	00	04	29	34	05	8D	07	20	87	29	CC	AE	00	00	04
10	A653	00	04	29	34	05	8D	07	20	D0	29	CC	AE	04	00	09
10	A653	00	04	29	34	06	8D	07	20	01	29	CC	8D	01	00	04
10	A653	00	04	29	34	06	8D	07	20	01	29	CC	AE	01	00	04
10	A653	00	04	29	34	06	8D	07	20	0F	29	CC	8A	00	00	04
10	A653	00	04	29	34	06	8D	07	20	0F	29	CC	8A	02	00	04
10	A653	00	04	29	34	06	8D	07	20	0F	29	CC	8A	04	00	04
10	A653	00	04	29	34	07	8D	07	20	00	29	CC	8D	01	00	04
10	A653	00	04	29	34	07	8D	07	20	02	29	CC	8A	04	00	04
10	A653	00	04	29	34	07	8D	07	20	02	29	CC	8D	04	00	04
10	A653	00	04	29	34	07	8D	07	20	02	29	CC	9C	04	00	04
10	A653	00	04	29	34	07	8D	07	20	02	29	CC	AE	04	00	09
10	A653	00	04	29	34	07	8D	07	20	02	29	CC	FF	01	00	04
10	A653	00	04	29	34	07	8D	07	20	02	29	CC	FF	04	00	04
10	A653	00	04	29	34	07	8D	07	20	43	29	CC	8D	01	00	04
10	A653	00	04	29	34	07	8D	07	20	80	29	CC	AE	01	00	04
10	A653	00	04	29	34	07	8D	07	20	88	29	CC	8D	01	00	04
10	A653	00	04	2B	34	01	8D	07	20	82	2B	CC	8D	01	00	04
10	A653	00	04	2B	34	01	8D	07	20	87	2B	CC	8D	01	00	04
10	A653	00	04	2B	34	07	8D	07	20	02	2B	CC	FF	01	00	04
10	A653	00	04	2D	24	01	8D	07	20	03	2D	CC	8D	01	00	04
10	A653	00	04	2D	24	05	8D	07	20	06	2D	CC	AE	01	00	04
10	A653	00	04	2D	24	05	8D	07	20	87	2D	CC	AE	00	00	02
10	A653	00	04	2D	24	05	8D	07	20	87	2D	CC	AE	00	00	03
10	A653	00	04	2D	24	06	8D	07	20	01	2D	CC	8D	01	00	04
10	A653	00	04	2D	24	06	8D	07	20	01	2D	CC	AE	01	00	04
10	A653	00	04	2D	24	06	8D	07	20	0F	2D	CC	8A	00	00	02
10	A653	00	04	2D	24	06	8D	07	20	0F	2D	CC	8A	04	00	04
10	A653	00	04	2D	24	07	8D	07	20	00	2D	CC	8D	01	00	04
10	A653	00	04	2D	24	07	8D	07	20	02	2D	CC	8A	04	00	04
10	A653	00	04	2D	24	07	8D	07	20	02	2D	CC	8D	04	00	04
10	A653	00	04	2D	24	07	8D	07	20	02	2D	CC	9C	04	00	04
10	A653	00	04	2D	24	07	8D	07	20	02	2D	CC	AE	04	00	09
10	A653	00	04	2D	34	01	8D	07	20	03	2D	CC	8D	01	00	04
10	A653	00	04	2D	34	01	8D	07	20	80	2D	CC	8D	01	00	04
10	A653	00	04	2D	34	01	8D	07	20	87	2D	CC	8D	00	00	00
10	A653	00	04	2D	34	01	8D	07	20	87	2D	CC	8D	00	00	01
10	A653	00	04	2D	34	01	8D	07	20	87	2D	CC	8D	00	00	02
10	A653	00	04	2D	34	01	8D	07	20	87	2D	CC	8D	00	00	03
10	A653	00	04	2D	34	01	8D	07	20	87	2D	CC	8D	01	00	04
10	A653	00	04	2D	34	05	8D	07	20	06	2D	CC	AE	01	00	04
10	A653	00	04	2D	34	05	8D	07	20	80	2D	CC	AE	01	00	04
10	A653	00	04	2D	34	05	8D	07	20	87	2D	CC	AE	00	00	00
10	A653	00	04	2D	34	05	8D	07	20	87	2D	CC	AE	00	00	01
10	A653	00	04	2D	34	05	8D	07	20	87	2D	CC	AE	00	00	02
10	A653	00	04	2D	34	05	8D	07	20	87	2D	CC	AE	00	00	03
10	A653	00	04	2D	34	06	8D	07	20	01	2D	CC	8D	01	00	04
10	A653	00	04	2D	34	06	8D	07	20	01	2D	CC	AE	01	00	04
10	A653	00	04	2D	34	06	8D	07	20	0F	2D	CC	8A	00	00	00
10	A653	00	04	2D	34	06	8D	07	20	0F	2D	CC	8A	00	00	01
10	A653	00	04	2D	34	06	8D	07	20	0F	2D	CC	8A	00	00	02
10	A653	00	04	2D	34	06	8D	07	20	0F	2D	CC	8A	00	00	03
10	A653	00	04	2D	34	06	8D	07	20	0F	2D	CC	8A	02	00	04
10	A653	00	04	2D	34	06	8D	07	20	0F	2D	CC	8A	03	00	04
10	A653	00	04	2D	34	06	8D	07	20	0F	2D	CC	8A	04	00	04
10	A653	00	04	2D	34	07	8D	07	20	00	2D	CC	8D	01	00	04
10	A653	00	04	2D	34	07	8D	07	20	02	2D	CC	8A	04	00	04
10	A653	00	04	2D	34	07	8D	07	20	02	2D	CC	8D	04	00	04
10	A653	00	04	2D	34	07	8D	07	20	02	2D	CC	9C	04	00	04
10	A653	00	04	2D	34	07	8D	07	20	02	2D	CC	AE	04	00	09
10	A653	00	04	2D	34	07	8D	07	20	02	2D	CC	FF	04	00	04
10	A653	00	04	2D	34	07	8D	07	20	80	2D	CC	AE	01	00	04
10	A653	00	04	2D	34	07	8D	07	20	88	2D	CC	8D	01	00	04
10	A653	00	06	0E	34	01	8D	07	20	87	0E	CC	9C	04	00	04
10	A653	00	06	0E	34	05	8D	07	20	D0	0E	CC	AE	04	00	09
10	A653	00	06	0E	34	06	8D	07	20	0F	0E	CC	9C	04	00	04
10	A653	00	06	29	24	01	8D	07	20	80	29	CC	8D	01	00	04
10	A653	00	06	29	24	05	8D	07	20	06	29	CC	AE	01	00	04
10	A653	00	06	29	24	05	8D	07	20	80	29	CC	AE	01	00	04
10	A653	00	06	29	24	06	8D	07	20	01	29	CC	8D	01	00	04
10	A653	00	06	29	24	06	8D	07	20	0F	29	CC	8A	04	00	04
10	A653	00	06	29	24	07	8D	07	20	02	29	CC	AE	04	00	09
10	A653	00	06	29	24	07	8D	07	20	80	29	CC	AE	01	00	04
10	A653	00	06	29	24	07	8D	07	20	88	29	CC	8D	01	00	04
10	A653	00	06	29	34	01	8D	07	20	03	29	CC	8D	01	00	04
10	A653	00	06	29	34	01	8D	07	20	80	29	CC	8D	01	00	04
10	A653	00	06	29	34	01	8D	07	20	87	29	CC	8D	00	00	04
10	A653	00	06	29	34	01	8D	07	20	87	29	CC	8D	01	00	04
10	A653	00	06	29	34	01	8D	07	20	87	29	CC	8D	04	00	04
10	A653	00	06	29	34	05	8D	07	20	06	29	CC	AE	01	00	04
10	A653	00	06	29	34	05	8D	07	20	80	29	CC	AE	01	00	04
10	A653	00	06	29	34	05	8D	07	20	87	29	CC	AE	00	00	04
10	A653	00	06	29	34	05	8D	07	20	D0	29	CC	AE	04	00	09
10	A653	00	06	29	34	06	8D	07	20	01	29	CC	8D	01	00	04
10	A653	00	06	29	34	06	8D	07	20	01	29	CC	AE	01	00	04
10	A653	00	06	29	34	06	8D	07	20	0F	29	CC	8A	00	00	04
10	A653	00	06	29	34	06	8D	07	20	0F	29	CC	8A	02	00	04
10	A653	00	06	29	34	06	8D	07	20	0F	29	CC	8A	04	00	04
10	A653	00	06	29	34	07	8D	07	20	00	29	CC	8D	01	00	04
10	A653	00	06	29	34	07	8D	07	20	02	29	CC	8A	04	00	04
10	A653	00	06	29	34	07	8D	07	20	02	29	CC	8D	04	00	04
10	A653	00	06	29	34	07	8D	07	20	02	29	CC	9C	04	00	04
10	A653	00	06	29	34	07	8D	07	20	02	29	CC	AE	04	00	09
10	A653	00	06	29	34	07	8D	07	20	02	29	CC	FF	01	00	04
10	A653	00	06	29	34	07	8D	07	20	02	29	CC	FF	04	00	04
10	A653	00	06	29	34	07	8D	07	20	43	29	CC	8D	01	00	04
10	A653	00	06	29	34	07	8D	07	20	80	29	CC	AE	01	00	04
10	A653	00	06	29	34	07	8D	07	20	88	29	CC	8D	01	00	04
10	A653	00	06	2B	34	01	8D	07	20	83	2B	CC	8D	01	00	04
10	A653	00	06	2B	34	01	8D	07	20	87	2B	CC	8D	01	00	04
10	A653	00	06	2B	34	07	8D	07	20	02	2B	CC	FF	01	00	04
10	A653	00	06	2D	24	05	8D	07	20	06	2D	CC	AE	01	00	04
10	A653	00	06	2D	24	05	8D	07	20	87	2D	CC	AE	00	00	02
10	A653	00	06	2D	24	05	8D	07	20	87	2D	CC	AE	00	00	03
10	A653	00	06	2D	24	06	8D	07	20	01	2D	CC	AE	01	00	04
10	A653	00	06	2D	24	06	8D	07	20	0F	2D	CC	8A	00	00	02
10	A653	00	06	2D	24	06	8D	07	20	0F	2D	CC	8A	04	00	04
10	A653	00	06	2D	24	07	8D	07	20	02	2D	CC	8A	04	00	04
10	A653	00	06	2D	24	07	8D	07	20	02	2D	CC	8D	04	00	04
10	A653	00	06	2D	24	07	8D	07	20	02	2D	CC	AE	04	00	09
10	A653	00	06	2D	34	01	8D	07	20	03	2D	CC	8D	01	00	04
10	A653	00	06	2D	34	01	8D	07	20	80	2D	CC	8D	01	00	04
10	A653	00	06	2D	34	01	8D	07	20	87	2D	CC	8D	00	00	00
10	A653	00	06	2D	34	01	8D	07	20	87	2D	CC	8D	00	00	01
10	A653	00	06	2D	34	01	8D	07	20	87	2D	CC	8D	00	00	02
10	A653	00	06	2D	34	01	8D	07	20	87	2D	CC	8D	00	00	03
10	A653	00	06	2D	34	01	8D	07	20	87	2D	CC	8D	01	00	04
10	A653	00	06	2D	34	05	8D	07	20	06	2D	CC	AE	01	00	04
10	A653	00	06	2D	34	05	8D	07	20	80	2D	CC	AE	01	00	04
10	A653	00	06	2D	34	05	8D	07	20	87	2D	CC	AE	00	00	00
10	A653	00	06	2D	34	05	8D	07	20	87	2D	CC	AE	00	00	01
10	A653	00	06	2D	34	05	8D	07	20	87	2D	CC	AE	00	00	02
10	A653	00	06	2D	34	05	8D	07	20	87	2D	CC	AE	00	00	03
10	A653	00	06	2D	34	06	8D	07	20	01	2D	CC	8D	01	00	04
10	A653	00	06	2D	34	06	8D	07	20	01	2D	CC	AE	01	00	04
10	A653	00	06	2D	34	06	8D	07	20	0F	2D	CC	8A	00	00	00
10	A653	00	06	2D	34	06	8D	07	20	0F	2D	CC	8A	00	00	01
10	A653	00	06	2D	34	06	8D	07	20	0F	2D	CC	8A	00	00	02
10	A653	00	06	2D	34	06	8D	07	20	0F	2D	CC	8A	00	00	03
10	A653	00	06	2D	34	06	8D	07	20	0F	2D	CC	8A	02	00	04
10	A653	00	06	2D	34	06	8D	07	20	0F	2D	CC	8A	03	00	04
10	A653	00	06	2D	34	06	8D	07	20	0F	2D	CC	8A	04	00	04
10	A653	00	06	2D	34	07	8D	07	20	00	2D	CC	8D	01	00	04
10	A653	00	06	2D	34	07	8D	07	20	02	2D	CC	8A	04	00	04
10	A653	00	06	2D	34	07	8D	07	20	02	2D	CC	8D	04	00	04
10	A653	00	06	2D	34	07	8D	07	20	02	2D	CC	9C	04	00	04
10	A653	00	06	2D	34	07	8D	07	20	02	2D	CC	AE	04	00	09
10	A653	00	06	2D	34	07	8D	07	20	02	2D	CC	FF	04	00	04
10	A653	00	06	2D	34	07	8D	07	20	80	2D	CC	AE	01	00	04
10	A653	00	06	2D	34	07	8D	07	20	88	2D	CC	8D	01	00	04
10	A653	00	08	0E	34	01	8D	07	20	87	0E	CC	9C	04	00	04
10	A653	00	08	0E	34	05	8D	07	20	D0	0E	CC	AE	04	00	09
10	A653	00	08	0E	34	06	8D	07	20	0F	0E	CC	9C	04	00	04
10	A653	00	08	29	24	01	8D	07	20	80	29	CC	8D	01	00	04
10	A653	00	08	29	24	05	8D	07	20	06	29	CC	AE	01	00	04
10	A653	00	08	29	24	05	8D	07	20	80	29	CC	AE	01	00	04
10	A653	00	08	29	24	06	8D	07	20	01	29	CC	8D	01	00	04
10	A653	00	08	29	24	06	8D	07	20	0F	29	CC	8A	04	00	04
10	A653	00	08	29	24	07	8D	07	20	02	29	CC	AE	04	00	09
10	A653	00	08	29	24	07	8D	07	20	80	29	CC	AE	01	00	04
10	A653	00	08	29	24	07	8D	07	20	88	29	CC	8D	01	00	04
10	A653	00	08	29	34	01	8D	07	20	03	29	CC	8D	01	00	04
10	A653	00	08	29	34	01	8D	07	20	80	29	CC	8D	01	00	04
10	A653	00	08	29	34	01	8D	07	20	87	29	CC	8D	00	00	04
10	A653	00	08	29	34	01	8D	07	20	87	29	CC	8D	01	00	04
10	A653	00	08	29	34	01	8D	07	20	87	29	CC	8D	04	00	04
10	A653	00	08	29	34	05	8D	07	20	06	29	CC	AE	01	00	04
10	A653	00	08	29	34	05	8D	07	20	80	29	CC	AE	01	00	04
10	A653	00	08	29	34	05	8D	07	20	87	29	CC	AE	00	00	04
10	A653	00	08	29	34	05	8D	07	20	D0	29	CC	AE	04	00	09
10	A653	00	08	29	34	06	8D	07	20	01	29	CC	8D	01	00	04
10	A653	00	08	29	34	06	8D	07	20	01	29	CC	AE	01	00	04
10	A653	00	08	29	34	06	8D	07	20	0F	29	CC	8A	00	00	04
10	A653	00	08	29	34	06	8D	07	20	0F	29	CC	8A	02	00	04
10	A653	00	08	29	34	06	8D	07	20	0F	29	CC	8A	04	00	04
10	A653	00	08	29	34	07	8D	07	20	00	29	CC	8D	01	00	04
10	A653	00	08	29	34	07	8D	07	20	02	29	CC	8A	04	00	04
10	A653	00	08	29	34	07	8D	07	20	02	29	CC	8D	04	00	04
10	A653	00	08	29	34	07	8D	07	20	02	29	CC	9C	04	00	04
10	A653	00	08	29	34	07	8D	07	20	02	29	CC	AE	04	00	09
10	A653	00	08	29	34	07	8D	07	20	02	29	CC	FF	01	00	04
10	A653	00	08	29	34	07	8D	07	20	02	29	CC	FF	04	00	04
10	A653	00	08	29	34	07	8D	07	20	43	29	CC	8D	01	00	04
10	A653	00	08	29	34	07	8D	07	20	80	29	CC	AE	01	00	04
10	A653	00	08	29	34	07	8D	07	20	88	29	CC	8D	01	00	04
10	A653	00	08	2B	34	01	8D	07	20	84	2B	CC	8D	01	00	04
10	A653	00	08	2B	34	01	8D	07	20	87	2B	CC	8D	01	00	04
10	A653	00	08	2B	34	07	8D	07	20	02	2B	CC	FF	01	00	04
10	A653	00	08	2D	24	05	8D	07	20	06	2D	CC	AE	01	00	04
10	A653	00	08	2D	24	05	8D	07	20	87	2D	CC	AE	00	00	02
10	A653	00	08	2D	24	05	8D	07	20	87	2D	CC	AE	00	00	03
10	A653	00	08	2D	24	06	8D	07	20	01	2D	CC	AE	01	00	04
10	A653	00	08	2D	24	06	8D	07	20	0F	2D	CC	8A	00	00	02
10	A653	00	08	2D	24	06	8D	07	20	0F	2D	CC	8A	04	00	04
10	A653	00	08	2D	24	07	8D	07	20	02	2D	CC	8A	04	00	04
10	A653	00	08	2D	24	07	8D	07	20	02	2D	CC	8D	04	00	04
10	A653	00	08	2D	34	01	8D	07	20	03	2D	CC	8D	01	00	04
10	A653	00	08	2D	34	01	8D	07	20	80	2D	CC	8D	01	00	04
10	A653	00	08	2D	34	01	8D	07	20	87	2D	CC	8D	00	00	00
10	A653	00	08	2D	34	01	8D	07	20	87	2D	CC	8D	00	00	01
10	A653	00	08	2D	34	01	8D	07	20	87	2D	CC	8D	00	00	02
10	A653	00	08	2D	34	01	8D	07	20	87	2D	CC	8D	00	00	03
10	A653	00	08	2D	34	01	8D	07	20	87	2D	CC	8D	01	00	04
10	A653	00	08	2D	34	05	8D	07	20	06	2D	CC	AE	01	00	04
10	A653	00	08	2D	34	05	8D	07	20	80	2D	CC	AE	01	00	04
10	A653	00	08	2D	34	05	8D	07	20	87	2D	CC	AE	00	00	00
10	A653	00	08	2D	34	05	8D	07	20	87	2D	CC	AE	00	00	01
10	A653	00	08	2D	34	05	8D	07	20	87	2D	CC	AE	00	00	02
10	A653	00	08	2D	34	05	8D	07	20	87	2D	CC	AE	00	00	03
10	A653	00	08	2D	34	06	8D	07	20	01	2D	CC	8D	01	00	04
10	A653	00	08	2D	34	06	8D	07	20	01	2D	CC	AE	01	00	04
10	A653	00	08	2D	34	06	8D	07	20	0F	2D	CC	8A	00	00	00
10	A653	00	08	2D	34	06	8D	07	20	0F	2D	CC	8A	00	00	01
10	A653	00	08	2D	34	06	8D	07	20	0F	2D	CC	8A	00	00	02
10	A653	00	08	2D	34	06	8D	07	20	0F	2D	CC	8A	00	00	03
10	A653	00	08	2D	34	06	8D	07	20	0F	2D	CC	8A	02	00	04
10	A653	00	08	2D	34	06	8D	07	20	0F	2D	CC	8A	03	00	04
10	A653	00	08	2D	34	06	8D	07	20	0F	2D	CC	8A	04	00	04
10	A653	00	08	2D	34	07	8D	07	20	00	2D	CC	8D	01	00	04
10	A653	00	08	2D	34	07	8D	07	20	02	2D	CC	8A	04	00	04
10	A653	00	08	2D	34	07	8D	07	20	02	2D	CC	8D	04	00	04
10	A653	00	08	2D	34	07	8D	07	20	02	2D	CC	9C	04	00	04
10	A653	00	08	2D	34	07	8D	07	20	02	2D	CC	AE	04	00	09
10	A653	00	08	2D	34	07	8D	07	20	02	2D	CC	FF	04	00	04
10	A653	00	08	2D	34	07	8D	07	20	80	2D	CC	AE	01	00	04
10	A653	00	08	2D	34	07	8D	07	20	88	2D	CC	8D	01	00	04
10	A653	00	0A	0E	34	01	8D	07	20	87	0E	CC	9C	04	00	04
10	A653	00	0A	0E	34	05	8D	07	20	D0	0E	CC	AE	04	00	09
10	A653	00	0A	0E	34	06	8D	07	20	0F	0E	CC	9C	04	00	04
10	A653	00	0A	29	24	01	8D	07	20	80	29	CC	8D	01	00	04
10	A653	00	0A	29	24	05	8D	07	20	06	29	CC	AE	01	00	04
10	A653	00	0A	29	24	05	8D	07	20	80	29	CC	AE	01	00	04
10	A653	00	0A	29	24	06	8D	07	20	01	29	CC	8D	01	00	04
10	A653	00	0A	29	24	06	8D	07	20	0F	29	CC	8A	04	00	04
10	A653	00	0A	29	24	07	8D	07	20	02	29	CC	AE	04	00	09
10	A653	00	0A	29	24	07	8D	07	20	80	29	CC	AE	01	00	04
10	A653	00	0A	29	34	01	8D	07	20	03	29	CC	8D	01	00	04
10	A653	00	0A	29	34	01	8D	07	20	80	29	CC	8D	01	00	04
10	A653	00	0A	29	34	01	8D	07	20	87	29	CC	8D	00	00	04
10	A653	00	0A	29	34	01	8D	07	20	87	29	CC	8D	01	00	04
10	A653	00	0A	29	34	01	8D	07	20	87	29	CC	8D	04	00	04
10	A653	00	0A	29	34	05	8D	07	20	06	29	CC	AE	01	00	04
10	A653	00	0A	29	34	05	8D	07	20	80	29	CC	AE	01	00	04
10	A653	00	0A	29	34	05	8D	07	20	87	29	CC	AE	00	00	04
10	A653	00	0A	29	34	05	8D	07	20	D0	29	CC	AE	04	00	09
10	A653	00	0A	29	34	06	8D	07	20	01	29	CC	8D	01	00	04
10	A653	00	0A	29	34	06	8D	07	20	01	29	CC	AE	01	00	04
10	A653	00	0A	29	34	06	8D	07	20	0F	29	CC	8A	00	00	04
10	A653	00	0A	29	34	06	8D	07	20	0F	29	CC	8A	02	00	04
10	A653	00	0A	29	34	06	8D	07	20	0F	29	CC	8A	04	00	04
10	A653	00	0A	29	34	07	8D	07	20	00	29	CC	8D	01	00	04
10	A653	00	0A	29	34	07	8D	07	20	02	29	CC	8A	04	00	04
10	A653	00	0A	29	34	07	8D	07	20	02	29	CC	8D	04	00	04
10	A653	00	0A	29	34	07	8D	07	20	02	29	CC	9C	04	00	04
10	A653	00	0A	29	34	07	8D	07	20	02	29	CC	AE	04	00	09
10	A653	00	0A	29	34	07	8D	07	20	02	29	CC	FF	01	00	04
10	A653	00	0A	29	34	07	8D	07	20	02	29	CC	FF	04	00	04
10	A653	00	0A	29	34	07	8D	07	20	43	29	CC	8D	01	00	04
10	A653	00	0A	29	34	07	8D	07	20	80	29	CC	AE	01	00	04
10	A653	00	0A	29	34	07	8D	07	20	88	29	CC	8D	01	00	04
10	A653	00	0A	2B	34	01	8D	07	20	85	2B	CC	8D	01	00	04
10	A653	00	0A	2B	34	01	8D	07	20	87	2B	CC	8D	01	00	04
10	A653	00	0A	2B	34	07	8D	07	20	02	2B	CC	FF	01	00	04
10	A653	00	0A	2D	24	05	8D	07	20	87	2D	CC	AE	00	00	03
10	A653	00	0A	2D	24	06	8D	07	20	0F	2D	CC	8A	00	00	02
10	A653	00	0A	2D	24	06	8D	07	20	0F	2D	CC	8A	04	00	04
10	A653	00	0A	2D	24	07	8D	07	20	02	2D	CC	8A	04	00	04
10	A653	00	0A	2D	24	07	8D	07	20	02	2D	CC	8D	04	00	04
10	A653	00	0A	2D	34	01	8D	07	20	03	2D	CC	8D	01	00	04
10	A653	00	0A	2D	34	01	8D	07	20	80	2D	CC	8D	01	00	04
10	A653	00	0A	2D	34	01	8D	07	20	87	2D	CC	8D	00	00	00
10	A653	00	0A	2D	34	01	8D	07	20	87	2D	CC	8D	00	00	01
10	A653	00	0A	2D	34	01	8D	07	20	87	2D	CC	8D	00	00	02
10	A653	00	0A	2D	34	01	8D	07	20	87	2D	CC	8D	00	00	03
10	A653	00	0A	2D	34	01	8D	07	20	87	2D	CC	8D	01	00	04
10	A653	00	0A	2D	34	05	8D	07	20	06	2D	CC	AE	01	00	04
10	A653	00	0A	2D	34	05	8D	07	20	80	2D	CC	AE	01	00	04
10	A653	00	0A	2D	34	05	8D	07	20	87	2D	CC	AE	00	00	00
10	A653	00	0A	2D	34	05	8D	07	20	87	2D	CC	AE	00	00	01
10	A653	00	0A	2D	34	05	8D	07	20	87	2D	CC	AE	00	00	02
10	A653	00	0A	2D	34	05	8D	07	20	87	2D	CC	AE	00	00	03
10	A653	00	0A	2D	34	06	8D	07	20	01	2D	CC	8D	01	00	04
10	A653	00	0A	2D	34	06	8D	07	20	01	2D	CC	AE	01	00	04
10	A653	00	0A	2D	34	06	8D	07	20	0F	2D	CC	8A	00	00	00
10	A653	00	0A	2D	34	06	8D	07	20	0F	2D	CC	8A	00	00	01
10	A653	00	0A	2D	34	06	8D	07	20	0F	2D	CC	8A	00	00	02
10	A653	00	0A	2D	34	06	8D	07	20	0F	2D	CC	8A	00	00	03
10	A653	00	0A	2D	34	06	8D	07	20	0F	2D	CC	8A	02	00	04
10	A653	00	0A	2D	34	06	8D	07	20	0F	2D	CC	8A	03	00	04
10	A653	00	0A	2D	34	06	8D	07	20	0F	2D	CC	8A	04	00	04
10	A653	00	0A	2D	34	07	8D	07	20	00	2D	CC	8D	01	00	04
10	A653	00	0A	2D	34	07	8D	07	20	02	2D	CC	8A	04	00	04
10	A653	00	0A	2D	34	07	8D	07	20	02	2D	CC	8D	04	00	04
10	A653	00	0A	2D	34	07	8D	07	20	02	2D	CC	9C	04	00	04
10	A653	00	0A	2D	34	07	8D	07	20	02	2D	CC	AE	04	00	09
10	A653	00	0A	2D	34	07	8D	07	20	02	2D	CC	FF	04	00	04
10	A653	00	0A	2D	34	07	8D	07	20	80	2D	CC	AE	01	00	04
10	A653	00	0A	2D	34	07	8D	07	20	88	2D	CC	8D	01	00	04
10	A653	00	0C	0E	34	01	8D	07	20	87	0E	CC	9C	04	00	04
10	A653	00	0C	0E	34	05	8D	07	20	D0	0E	CC	AE	04	00	09
10	A653	00	0C	0E	34	06	8D	07	20	0F	0E	CC	9C	04	00	04
10	A653	00	0C	29	24	01	8D	07	20	80	29	CC	8D	01	00	04
10	A653	00	0C	29	24	01	8D	07	20	87	29	CC	8D	01	00	04
10	A653	00	0C	29	24	05	8D	07	20	06	29	CC	AE	01	00	04
10	A653	00	0C	29	24	05	8D	07	20	80	29	CC	AE	01	00	04
10	A653	00	0C	29	24	06	8D	07	20	01	29	CC	8D	01	00	04
10	A653	00	0C	29	24	06	8D	07	20	0F	29	CC	8A	04	00	04
10	A653	00	0C	29	24	07	8D	07	20	80	29	CC	AE	01	00	04
10	A653	00	0C	29	34	01	8D	07	20	03	29	CC	8D	01	00	04
10	A653	00	0C	29	34	01	8D	07	20	80	29	CC	8D	01	00	04
10	A653	00	0C	29	34	01	8D	07	20	87	29	CC	8D	00	00	04
10	A653	00	0C	29	34	01	8D	07	20	87	29	CC	8D	01	00	04
10	A653	00	0C	29	34	01	8D	07	20	87	29	CC	8D	04	00	04
10	A653	00	0C	29	34	05	8D	07	20	06	29	CC	AE	01	00	04
10	A653	00	0C	29	34	05	8D	07	20	80	29	CC	AE	01	00	04
10	A653	00	0C	29	34	05	8D	07	20	87	29	CC	AE	00	00	04
10	A653	00	0C	29	34	05	8D	07	20	D0	29	CC	AE	04	00	09
10	A653	00	0C	29	34	06	8D	07	20	01	29	CC	8D	01	00	04
10	A653	00	0C	29	34	06	8D	07	20	01	29	CC	AE	01	00	04
10	A653	00	0C	29	34	06	8D	07	20	0F	29	CC	8A	00	00	04
10	A653	00	0C	29	34	06	8D	07	20	0F	29	CC	8A	02	00	04
10	A653	00	0C	29	34	06	8D	07	20	0F	29	CC	8A	04	00	04
10	A653	00	0C	29	34	07	8D	07	20	00	29	CC	8D	01	00	04
10	A653	00	0C	29	34	07	8D	07	20	02	29	CC	8A	04	00	04
10	A653	00	0C	29	34	07	8D	07	20	02	29	CC	8D	04	00	04
10	A653	00	0C	29	34	07	8D	07	20	02	29	CC	9C	04	00	04
10	A653	00	0C	29	34	07	8D	07	20	02	29	CC	AE	04	00	09
10	A653	00	0C	29	34	07	8D	07	20	02	29	CC	FF	01	00	04
10	A653	00	0C	29	34	07	8D	07	20	02	29	CC	FF	04	00	04
10	A653	00	0C	29	34	07	8D	07	20	43	29	CC	8D	01	00	04
10	A653	00	0C	29	34	07	8D	07	20	80	29	CC	AE	01	00	04
10	A653	00	0C	29	34	07	8D	07	20	88	29	CC	8D	01	00	04
10	A653	00	0C	2B	34	01	8D	07	20	86	2B	CC	8D	01	00	04
10	A653	00	0C	2B	34	01	8D	07	20	87	2B	CC	8D	01	00	04
10	A653	00	0C	2B	34	07	8D	07	20	02	2B	CC	FF	01	00	04
10	A653	00	0C	2D	24	05	8D	07	20	87	2D	CC	AE	00	00	03
10	A653	00	0C	2D	24	06	8D	07	20	0F	2D	CC	8A	04	00	04
10	A653	00	0C	2D	24	07	8D	07	20	02	2D	CC	8A	04	00	04
10	A653	00	0C	2D	34	01	8D	07	20	03	2D	CC	8D	01	00	04
10	A653	00	0C	2D	34	01	8D	07	20	80	2D	CC	8D	01	00	04
10	A653	00	0C	2D	34	01	8D	07	20	87	2D	CC	8D	00	00	00
10	A653	00	0C	2D	34	01	8D	07	20	87	2D	CC	8D	00	00	01
10	A653	00	0C	2D	34	01	8D	07	20	87	2D	CC	8D	00	00	02
10	A653	00	0C	2D	34	01	8D	07	20	87	2D	CC	8D	00	00	03
10	A653	00	0C	2D	34	01	8D	07	20	87	2D	CC	8D	01	00	04
10	A653	00	0C	2D	34	05	8D	07	20	06	2D	CC	AE	01	00	04
10	A653	00	0C	2D	34	05	8D	07	20	80	2D	CC	AE	01	00	04
10	A653	00	0C	2D	34	05	8D	07	20	87	2D	CC	AE	00	00	00
10	A653	00	0C	2D	34	05	8D	07	20	87	2D	CC	AE	00	00	01
10	A653	00	0C	2D	34	05	8D	07	20	87	2D	CC	AE	00	00	02
10	A653	00	0C	2D	34	05	8D	07	20	87	2D	CC	AE	00	00	03
10	A653	00	0C	2D	34	06	8D	07	20	01	2D	CC	8D	01	00	04
10	A653	00	0C	2D	34	06	8D	07	20	01	2D	CC	AE	01	00	04
10	A653	00	0C	2D	34	06	8D	07	20	0F	2D	CC	8A	00	00	00
10	A653	00	0C	2D	34	06	8D	07	20	0F	2D	CC	8A	00	00	01
10	A653	00	0C	2D	34	06	8D	07	20	0F	2D	CC	8A	00	00	02
10	A653	00	0C	2D	34	06	8D	07	20	0F	2D	CC	8A	00	00	03
10	A653	00	0C	2D	34	06	8D	07	20	0F	2D	CC	8A	02	00	04
10	A653	00	0C	2D	34	06	8D	07	20	0F	2D	CC	8A	03	00	04
10	A653	00	0C	2D	34	06	8D	07	20	0F	2D	CC	8A	04	00	04
10	A653	00	0C	2D	34	07	8D	07	20	00	2D	CC	8D	01	00	04
10	A653	00	0C	2D	34	07	8D	07	20	02	2D	CC	8A	04	00	04
10	A653	00	0C	2D	34	07	8D	07	20	02	2D	CC	8D	04	00	04
10	A653	00	0C	2D	34	07	8D	07	20	02	2D	CC	9C	04	00	04
10	A653	00	0C	2D	34	07	8D	07	20	02	2D	CC	AE	04	00	09
10	A653	00	0C	2D	34	07	8D	07	20	02	2D	CC	FF	04	00	04
10	A653	00	0C	2D	34	07	8D	07	20	80	2D	CC	AE	01	00	04
10	A653	00	0C	2D	34	07	8D	07	20	88	2D	CC	8D	01	00	04
10	A653	00	0E	0E	24	05	8D	07	20	D0	0E	CC	AE	04	00	09
10	A653	00	0E	0E	34	01	8D	07	20	87	0E	CC	9C	04	00	04
10	A653	00	0E	0E	34	05	8D	07	20	D0	0E	CC	AE	04	00	09
10	A653	00	0E	0E	34	06	8D	07	20	0F	0E	CC	9C	04	00	04
10	A653	00	0E	29	24	01	8D	07	20	80	29	CC	8D	01	00	04
10	A653	00	0E	29	24	05	8D	07	20	06	29	CC	AE	01	00	04
10	A653	00	0E	29	24	05	8D	07	20	80	29	CC	AE	01	00	04
10	A653	00	0E	29	24	06	8D	07	20	01	29	CC	8D	01	00	04
10	A653	00	0E	29	24	06	8D	07	20	0F	29	CC	8A	04	00	04
10	A653	00	0E	29	24	07	8D	07	20	02	29	CC	AE	04	00	09
10	A653	00	0E	29	34	01	8D	07	20	03	29	CC	8D	01	00	04
10	A653	00	0E	29	34	01	8D	07	20	80	29	CC	8D	01	00	04
10	A653	00	0E	29	34	01	8D	07	20	87	29	CC	8D	00	00	04
10	A653	00	0E	29	34	01	8D	07	20	87	29	CC	8D	01	00	04
10	A653	00	0E	29	34	01	8D	07	20	87	29	CC	8D	04	00	04
10	A653	00	0E	29	34	05	8D	07	20	06	29	CC	AE	01	00	04
10	A653	00	0E	29	34	05	8D	07	20	80	29	CC	AE	01	00	04
10	A653	00	0E	29	34	05	8D	07	20	87	29	CC	AE	00	00	04
10	A653	00	0E	29	34	05	8D	07	20	D0	29	CC	AE	04	00	09
10	A653	00	0E	29	34	06	8D	07	20	01	29	CC	8D	01	00	04
10	A653	00	0E	29	34	06	8D	07	20	01	29	CC	AE	01	00	04
10	A653	00	0E	29	34	06	8D	07	20	0F	29	CC	8A	00	00	04
10	A653	00	0E	29	34	06	8D	07	20	0F	29	CC	8A	02	00	04
10	A653	00	0E	29	34	06	8D	07	20	0F	29	CC	8A	04	00	04
10	A653	00	0E	29	34	07	8D	07	20	00	29	CC	8D	01	00	04
10	A653	00	0E	29	34	07	8D	07	20	02	29	CC	8A	04	00	04
10	A653	00	0E	29	34	07	8D	07	20	02	29	CC	8D	04	00	04
10	A653	00	0E	29	34	07	8D	07	20	02	29	CC	9C	04	00	04
10	A653	00	0E	29	34	07	8D	07	20	02	29	CC	AE	04	00	09
10	A653	00	0E	29	34	07	8D	07	20	02	29	CC	FF	01	00	04
10	A653	00	0E	29	34	07	8D	07	20	02	29	CC	FF	04	00	04
10	A653	00	0E	29	34	07	8D	07	20	43	29	CC	8D	01	00	04
10	A653	00	0E	29	34	07	8D	07	20	80	29	CC	AE	01	00	04
10	A653	00	0E	29	34	07	8D	07	20	88	29	CC	8D	01	00	04
10	A653	00	0E	2B	34	01	8D	07	20	87	2B	CC	8D	01	00	04
10	A653	00	0E	2B	34	07	8D	07	20	02	2B	CC	FF	01	00	04
10	A653	00	0E	2D	24	05	8D	07	20	87	2D	CC	AE	00	00	03
10	A653	00	0E	2D	24	06	8D	07	20	0F	2D	CC	8A	04	00	04
10	A653	00	0E	2D	24	07	8D	07	20	02	2D	CC	8A	04	00	04
10	A653	00	0E	2D	34	01	8D	07	20	03	2D	CC	8D	01	00	04
10	A653	00	0E	2D	34	01	8D	07	20	80	2D	CC	8D	01	00	04
10	A653	00	0E	2D	34	01	8D	07	20	87	2D	CC	8D	00	00	00
10	A653	00	0E	2D	34	01	8D	07	20	87	2D	CC	8D	00	00	01
10	A653	00	0E	2D	34	01	8D	07	20	87	2D	CC	8D	00	00	02
10	A653	00	0E	2D	34	01	8D	07	20	87	2D	CC	8D	00	00	03
10	A653	00	0E	2D	34	01	8D	07	20	87	2D	CC	8D	01	00	04
10	A653	00	0E	2D	34	05	8D	07	20	06	2D	CC	AE	01	00	04
10	A653	00	0E	2D	34	05	8D	07	20	80	2D	CC	AE	01	00	04
10	A653	00	0E	2D	34	05	8D	07	20	87	2D	CC	AE	00	00	00
10	A653	00	0E	2D	34	05	8D	07	20	87	2D	CC	AE	00	00	01
10	A653	00	0E	2D	34	05	8D	07	20	87	2D	CC	AE	00	00	02
10	A653	00	0E	2D	34	05	8D	07	20	87	2D	CC	AE	00	00	03
10	A653	00	0E	2D	34	06	8D	07	20	01	2D	CC	8D	01	00	04
10	A653	00	0E	2D	34	06	8D	07	20	01	2D	CC	AE	01	00	04
10	A653	00	0E	2D	34	06	8D	07	20	0F	2D	CC	8A	00	00	00
10	A653	00	0E	2D	34	06	8D	07	20	0F	2D	CC	8A	00	00	01
10	A653	00	0E	2D	34	06	8D	07	20	0F	2D	CC	8A	00	00	02
10	A653	00	0E	2D	34	06	8D	07	20	0F	2D	CC	8A	00	00	03
10	A653	00	0E	2D	34	06	8D	07	20	0F	2D	CC	8A	02	00	04
10	A653	00	0E	2D	34	06	8D	07	20	0F	2D	CC	8A	03	00	04
10	A653	00	0E	2D	34	06	8D	07	20	0F	2D	CC	8A	04	00	04
10	A653	00	0E	2D	34	07	8D	07	20	00	2D	CC	8D	01	00	04
10	A653	00	0E	2D	34	07	8D	07	20	02	2D	CC	8A	04	00	04
10	A653	00	0E	2D	34	07	8D	07	20	02	2D	CC	8D	04	00	04
10	A653	00	0E	2D	34	07	8D	07	20	02	2D	CC	9C	04	00	04
10	A653	00	0E	2D	34	07	8D	07	20	02	2D	CC	AE	04	00	09
10	A653	00	0E	2D	34	07	8D	07	20	02	2D	CC	FF	04	00	04
10	A653	00	0E	2D	34	07	8D	07	20	80	2D	CC	AE	01	00	04
10	A653	00	0E	2D	34	07	8D	07	20	88	2D	CC	8D	01	00	04
10	A653	A7	02	01	24	06	8D	07	20	0F	01	CC	8A	03	00	04
10	A653	A7	02	01	34	06	8D	07	20	0F	01	CC	8A	03	00	04
10	A653	A7	10	08	34	06	8D	07	20	0F	08	CC	8A	03	00	04
10	A653	A7	1E	0F	34	06	8D	07	20	0F	0F	CC	8A	03	00	04
10	A653	A7	26	13	34	06	8D	07	20	0F	13	CC	8A	03	00	04
10	A653	A7	2E	17	24	06	8D	07	20	0F	17	CC	8A	03	00	04
10	A653	A7	2E	17	34	06	8D	07	20	0F	17	CC	8A	03	00	04
10	A653	A7	34	1A	34	07	8D	07	20	02	1A	CC	8A	04	00	04
10	A653	A7	34	1A	34	07	8D	07	20	02	1A	CC	9C	04	00	04
10	A653	A7	36	1B	34	07	8D	07	20	02	1B	CC	8A	04	00	04
10	A653	A7	36	1B	34	07	8D	07	20	02	1B	CC	9C	04	00	04
10	A653	A7	38	1C	24	07	8D	07	20	02	1C	CC	FF	04	00	04
10	A653	A7	42	21	34	01	8D	07	20	87	21	CC	8D	01	00	04
10	A653	A7	46	23	34	01	8D	07	20	80	23	CC	8D	01	00	04
10	A653	A7	46	23	34	05	8D	07	20	80	23	CC	AE	01	00	04
10	A653	A7	46	23	34	06	8D	07	20	81	23	CC	8D	01	00	04
10	A653	A7	46	23	34	07	8D	07	20	80	23	CC	AE	01	00	04
10	A653	A7	48	24	34	01	8D	07	20	03	24	CC	8D	01	00	04
10	A653	A7	48	24	34	05	8D	07	20	06	24	CC	AE	01	00	04
10	A653	A7	48	24	34	06	8D	07	20	01	24	CC	8D	01	00	04
10	A653	A7	48	24	34	06	8D	07	20	01	24	CC	AE	01	00	04
10	A653	A7	48	24	34	07	8D	07	20	00	24	CC	8D	01	00	04
10	A653	A7	48	24	34	07	8D	07	20	02	24	CC	8A	04	00	04
10	A653	A7	48	24	34	07	8D	07	20	02	24	CC	9C	04	00	04
10	A653	A7	48	24	34	07	8D	07	20	02	24	CC	AE	04	00	09
10	A653	A7	4A	25	34	07	8D	07	20	62	25	CC	62	04	00	04
10	A653	A7	4E	27	34	06	8D	07	20	0F	27	CC	8A	04	00	04
10	A653	A9	04	02	34	01	8D	07	20	87	02	CC	8D	01	00	04
13	80E8	01	03	22	B4	06	8D	07	20	03	23	CC	8D	01	00	04
13	80E8	05	03	22	B4	06	8D	07	20	06	00	CC	AE	01	00	04
13	80E8	06	01	22	B4	07	8D	07	20	01	00	CC	8D	01	00	04
13	80E8	06	01	22	B4	07	8D	07	20	01	29	CC	AE	01	00	04
13	80E8	07	02	22	B4	01	8D	07	20	02	0E	CC	9C	04	00	04
13	80E8	07	02	22	B4	05	8D	07	20	02	0E	CC	AE	04	00	09
13	80E8	07	02	22	B4	06	8D	07	20	02	0E	CC	9C	04	00	04
14	860A	07	07	09	34	06	8D	07	20	0F	1E	CC	FF	03	00	04
14	8642	07	04	07	35	01	8D	07	20	87	29	CC	8D	04	00	04
14	8642	07	04	07	35	06	8D	07	20	0F	29	CC	8A	04	00	04
16	A102	00	08	0E	34	01	8D	07	20	53	2D	24	00	06	00	06
16	AAFF	00	00	00	36	07	8D	07	20	D0	25	24	3A	00	00	00
16	AAFF	00	00	01	34	05	8D	07	20	87	2D	CC	AE	00	00	01
16	AAFF	00	00	01	34	07	8D	07	20	1E	25	1B	05	00	00	01
16	AAFF	00	00	02	34	07	8D	07	20	1E	25	1B	05	00	00	02
16	AAFF	00	01	00	36	07	8D	07	20	D0	25	24	3A	00	00	00
16	AAFF	01	00	00	36	07	8D	07	20	D0	25	24	3A	01	00	00
16	AAFF	01	00	01	34	05	8D	07	20	87	2D	CC	AE	00	00	01
16	AAFF	01	00	01	34	07	8D	07	20	1E	25	1B	05	00	00	01
16	AAFF	01	00	02	34	07	8D	07	20	1E	25	1B	05	01	00	02
16	AAFF	01	01	00	36	07	8D	07	20	D0	25	24	3A	01	00	00
16	AAFF	02	00	00	36	07	8D	07	20	D0	25	24	3A	02	00	00
16	AAFF	02	00	01	34	05	8D	07	20	87	2D	CC	AE	01	00	01
16	AAFF	02	00	01	34	07	8D	07	20	1E	25	1B	05	01	00	01
16	AAFF	02	00	02	34	07	8D	07	20	1E	25	1B	05	02	00	02
16	AAFF	02	01	00	36	07	8D	07	20	D0	25	24	3A	02	00	00
16	AAFF	03	00	00	36	07	8D	07	20	D0	25	24	3A	03	00	00
16	AAFF	03	00	01	34	05	8D	07	20	87	2D	CC	AE	01	00	01
16	AAFF	03	00	01	34	07	8D	07	20	1E	25	1B	05	01	00	01
16	AAFF	03	00	02	34	07	8D	07	20	1E	25	1B	05	03	00	02
16	AAFF	03	01	00	36	07	8D	07	20	D0	25	24	3A	03	00	00
16	AAFF	04	00	00	36	07	8D	07	20	D0	25	24	3A	04	00	00
16	AAFF	04	00	01	34	05	8D	07	20	87	2D	CC	AE	02	00	01
16	AAFF	04	00	01	34	07	8D	07	20	1E	25	1B	05	02	00	01
16	AAFF	04	00	02	34	07	8D	07	20	1E	25	1B	05	04	00	02
16	AAFF	04	01	00	36	07	8D	07	20	D0	25	24	3A	04	00	00
16	AAFF	05	00	00	36	07	8D	07	20	D0	25	24	3A	05	00	00
16	AAFF	05	00	01	34	05	8D	07	20	87	2D	CC	AE	02	00	01
16	AAFF	05	00	01	34	07	8D	07	20	1E	25	1B	05	02	00	01
16	AAFF	05	00	02	34	07	8D	07	20	1E	25	1B	05	05	00	02
16	AAFF	05	01	00	36	07	8D	07	20	D0	25	24	3A	05	00	00
16	AAFF	06	00	00	36	07	8D	07	20	D0	25	24	3A	06	00	00
16	AAFF	06	00	01	34	07	8D	07	20	1E	25	1B	05	03	00	01
16	AAFF	06	01	00	36	07	8D	07	20	D0	25	24	3A	06	00	00
16	AAFF	07	00	01	34	07	8D	07	20	1E	25	1B	05	03	00	01
16	AAFF	08	00	01	34	07	8D	07	20	1E	25	1B	05	04	00	01
16	AAFF	09	00	01	34	07	8D	07	20	1E	25	1B	05	04	00	01
16	AAFF	0A	00	01	34	07	8D	07	20	1E	25	1B	05	05	00	01
16	AAFF	0B	00	01	34	07	8D	07	20	1E	25	1B	05	05	00	01
16	AAFF	0C	00	01	34	05	8D	07	20	87	2D	CC	AE	06	00	01
16	AAFF	0C	00	01	34	07	8D	07	20	1E	25	1B	05	06	00	01
16	AAFF	0D	00	01	34	05	8D	07	20	87	2D	CC	AE	06	00	01
16	AAFF	0D	00	01	34	07	8D	07	20	1E	25	1B	05	06	00	01
16	AAFF	0E	00	01	34	05	8D	07	20	87	2D	CC	AE	07	00	01
16	AAFF	0E	00	01	34	07	8D	07	20	1E	25	1B	05	07	00	01
16	AAFF	0F	00	01	34	05	8D	07	20	87	2D	CC	AE	07	00	01
16	AAFF	0F	00	01	34	07	8D	07	20	1E	25	1B	05	07	00	01
16	AAFF	10	00	01	34	05	8D	07	20	87	2D	CC	AE	08	00	01
16	AAFF	10	00	01	34	07	8D	07	20	1E	25	1B	05	08	00	01
16	AAFF	11	00	01	34	05	8D	07	20	87	2D	CC	AE	08	00	01
16	AAFF	11	00	01	34	07	8D	07	20	1E	25	1B	05	08	00	01
16	AB41	00	00	00	36	07	8D	07	20	1E	25	1B	05	00	00	09
16	AB41	06	06	00	34	C7	73	EA	A3	06	01	C5	54	00	00	09
16	AE99	02	00	02	34	05	8D	07	20	00	00	CC	AE	00	00	04
16	AE99	02	00	02	34	05	8D	07	20	06	00	CC	AE	00	00	04
16	AE99	02	00	02	34	05	8D	07	20	1E	29	CC	AE	00	00	04
16	AE99	02	00	02	34	05	8D	07	20	2A	00	CC	AE	00	00	04
16	AE99	02	00	02	34	06	8D	07	20	01	00	CC	AE	00	00	04
16	AE99	02	00	02	34	07	8D	07	20	00	00	CC	AE	00	00	04
16	AE99	02	00	02	34	07	8D	07	20	02	00	CC	AE	00	00	04
16	AE99	02	00	02	34	07	8D	07	20	02	29	CC	AE	00	00	04
16	AE99	02	00	02	34	07	8D	07	20	2A	00	CC	AE	00	00	04
16	AE99	02	00	02	34	07	8D	07	20	41	29	CC	AE	00	00	04
16	AE99	02	00	02	34	07	8D	07	20	80	29	CC	AE	00	00	04
16	AE99	03	00	03	34	01	8D	07	20	03	00	CC	8D	00	00	04
16	AE99	03	00	03	34	01	8D	07	20	80	23	CC	8D	00	00	04
16	AE99	03	00	03	34	01	8D	07	20	80	29	CC	8D	00	00	04
16	AE99	03	00	03	34	06	8D	07	20	01	00	CC	8D	00	00	04
16	AE99	03	00	03	34	06	8D	07	20	0F	29	CC	8A	00	00	04
16	AE99	03	00	03	34	06	8D	07	20	81	23	CC	8D	00	00	04
16	AE99	03	00	03	34	07	8D	07	20	00	00	CC	8D	00	00	04
16	AE99	03	00	03	34	07	8D	07	20	02	29	CC	FF	00	00	04
16	AE99	03	00	03	34	07	8D	07	20	02	2D	CC	8D	00	00	04
16	AE99	03	00	03	34	07	8D	07	20	02	2D	CC	FF	00	00	04
16	AE9C	00	01	02	34	05	8D	07	20	00	00	CC	AE	00	00	04
16	AE9C	00	01	02	34	05	8D	07	20	06	00	CC	AE	00	00	04
16	AE9C	00	01	02	34	05	8D	07	20	1E	29	CC	AE	00	00	04
16	AE9C	00	01	02	34	05	8D	07	20	2A	00	CC	AE	00	00	04
16	AE9C	00	01	02	34	06	8D	07	20	01	00	CC	AE	00	00	04
16	AE9C	00	01	02	34	07	8D	07	20	00	00	CC	AE	00	00	04
16	AE9C	00	01	02	34	07	8D	07	20	02	00	CC	AE	00	00	04
16	AE9C	00	01	02	34	07	8D	07	20	02	29	CC	AE	00	00	04
16	AE9C	00	01	02	34	07	8D	07	20	2A	00	CC	AE	00	00	04
16	AE9C	00	01	02	34	07	8D	07	20	41	29	CC	AE	00	00	04
16	AE9C	00	01	02	34	07	8D	07	20	80	29	CC	AE	00	00	04
16	AE9C	00	01	03	34	01	8D	07	20	03	00	CC	8D	00	00	04
16	AE9C	00	01	03	34	01	8D	07	20	80	23	CC	8D	00	00	04
16	AE9C	00	01	03	34	01	8D	07	20	80	29	CC	8D	00	00	04
16	AE9C	00	01	03	34	06	8D	07	20	01	00	CC	8D	00	00	04
16	AE9C	00	01	03	34	06	8D	07	20	0F	29	CC	8A	00	00	04
16	AE9C	00	01	03	34	06	8D	07	20	81	23	CC	8D	00	00	04
16	AE9C	00	01	03	34	07	8D	07	20	00	00	CC	8D	00	00	04
16	AE9C	00	01	03	34	07	8D	07	20	02	29	CC	FF	00	00	04
16	AE9C	00	01	03	34	07	8D	07	20	02	2D	CC	8D	00	00	04
16	AE9C	00	01	03	34	07	8D	07	20	02	2D	CC	FF	00	00	04
16	AE9C	00	02	02	34	05	8D	07	20	00	00	CC	AE	00	00	04
16	AE9C	00	02	02	34	05	8D	07	20	06	00	CC	AE	00	00	04
16	AE9C	00	02	02	34	05	8D	07	20	1E	29	CC	AE	00	00	04
16	AE9C	00	02	02	34	05	8D	07	20	2A	00	CC	AE	00	00	04
16	AE9C	00	02	02	34	06	8D	07	20	01	00	CC	AE	00	00	04
16	AE9C	00	02	02	34	07	8D	07	20	00	00	CC	AE	00	00	04
16	AE9C	00	02	02	34	07	8D	07	20	02	00	CC	AE	00	00	04
16	AE9C	00	02	02	34	07	8D	07	20	02	29	CC	AE	00	00	04
16	AE9C	00	02	02	34	07	8D	07	20	2A	00	CC	AE	00	00	04
16	AE9C	00	02	02	34	07	8D	07	20	41	29	CC	AE	00	00	04
16	AE9C	00	02	02	34	07	8D	07	20	80	29	CC	AE	00	00	04
16	AE9C	00	02	03	34	01	8D	07	20	03	00	CC	8D	00	00	04
16	AE9C	00	02	03	34	01	8D	07	20	80	23	CC	8D	00	00	04
16	AE9C	00	02	03	34	01	8D	07	20	80	29	CC	8D	00	00	04
16	AE9C	00	02	03	34	06	8D	07	20	01	00	CC	8D	00	00	04
16	AE9C	00	02	03	34	06	8D	07	20	0F	29	CC	8A	00	00	04
16	AE9C	00	02	03	34	06	8D	07	20	81	23	CC	8D	00	00	04
16	AE9C	00	02	03	34	07	8D	07	20	00	00	CC	8D	00	00	04
16	AE9C	00	02	03	34	07	8D	07	20	02	29	CC	FF	00	00	04
16	AE9C	00	02	03	34	07	8D	07	20	02	2D	CC	8D	00	00	04
16	AE9C	00	02	03	34	07	8D	07	20	02	2D	CC	FF	00	00	04
16	AE9C	00	03	02	34	05	8D	07	20	00	00	CC	AE	00	00	04
16	AE9C	00	03	02	34	05	8D	07	20	06	00	CC	AE	00	00	04
16	AE9C	00	03	02	34	05	8D	07	20	1E	29	CC	AE	00	00	04
16	AE9C	00	03	02	34	05	8D	07	20	2A	00	CC	AE	00	00	04
16	AE9C	00	03	02	34	06	8D	07	20	01	00	CC	AE	00	00	04
16	AE9C	00	03	02	34	07	8D	07	20	00	00	CC	AE	00	00	04
16	AE9C	00	03	02	34	07	8D	07	20	02	00	CC	AE	00	00	04
16	AE9C	00	03	02	34	07	8D	07	20	02	29	CC	AE	00	00	04
16	AE9C	00	03	02	34	07	8D	07	20	2A	00	CC	AE	00	00	04
16	AE9C	00	03	02	34	07	8D	07	20	41	29	CC	AE	00	00	04
16	AE9C	00	03	02	34	07	8D	07	20	80	29	CC	AE	00	00	04
16	AE9C	00	03	03	34	01	8D	07	20	03	00	CC	8D	00	00	04
16	AE9C	00	03	03	34	01	8D	07	20	80	23	CC	8D	00	00	04
16	AE9C	00	03	03	34	01	8D	07	20	80	29	CC	8D	00	00	04
16	AE9C	00	03	03	34	06	8D	07	20	01	00	CC	8D	00	00	04
16	AE9C	00	03	03	34	06	8D	07	20	0F	29	CC	8A	00	00	04
16	AE9C	00	03	03	34	06	8D	07	20	81	23	CC	8D	00	00	04
16	AE9C	00	03	03	34	07	8D	07	20	00	00	CC	8D	00	00	04
16	AE9C	00	03	03	34	07	8D	07	20	02	29	CC	FF	00	00	04
16	AE9C	00	03	03	34	07	8D	07	20	02	2D	CC	8D	00	00	04
16	AE9C	00	03	03	34	07	8D	07	20	02	2D	CC	FF	00	00	04
16	AE9C	00	04	02	34	05	8D	07	20	00	00	CC	AE	00	00	04
16	AE9C	00	04	02	34	05	8D	07	20	06	00	CC	AE	00	00	04
16	AE9C	00	04	02	34	05	8D	07	20	1E	29	CC	AE	00	00	04
16	AE9C	00	04	02	34	05	8D	07	20	2A	00	CC	AE	00	00	04
16	AE9C	00	04	02	34	06	8D	07	20	01	00	CC	AE	00	00	04
16	AE9C	00	04	02	34	07	8D	07	20	00	00	CC	AE	00	00	04
16	AE9C	00	04	02	34	07	8D	07	20	02	00	CC	AE	00	00	04
16	AE9C	00	04	02	34	07	8D	07	20	02	29	CC	AE	00	00	04
16	AE9C	00	04	02	34	07	8D	07	20	2A	00	CC	AE	00	00	04
16	AE9C	00	04	02	34	07	8D	07	20	41	29	CC	AE	00	00	04
16	AE9C	00	04	02	34	07	8D	07	20	80	29	CC	AE	00	00	04
16	AE9C	00	04	03	34	01	8D	07	20	03	00	CC	8D	00	00	04
16	AE9C	00	04	03	34	01	8D	07	20	80	23	CC	8D	00	00	04
16	AE9C	00	04	03	34	01	8D	07	20	80	29	CC	8D	00	00	04
16	AE9C	00	04	03	34	06	8D	07	20	01	00	CC	8D	00	00	04
16	AE9C	00	04	03	34	06	8D	07	20	0F	29	CC	8A	00	00	04
16	AE9C	00	04	03	34	06	8D	07	20	81	23	CC	8D	00	00	04
16	AE9C	00	04	03	34	07	8D	07	20	00	00	CC	8D	00	00	04
16	AE9C	00	04	03	34	07	8D	07	20	02	29	CC	FF	00	00	04
16	AE9C	00	04	03	34	07	8D	07	20	02	2D	CC	8D	00	00	04
16	AE9C	00	04	03	34	07	8D	07	20	02	2D	CC	FF	00	00	04
16	AE9C	02	00	02	36	05	8D	07	20	00	00	CC	AE	00	00	04
16	AE9C	02	00	02	36	05	8D	07	20	06	00	CC	AE	00	00	04
16	AE9C	02	00	02	36	05	8D	07	20	1E	29	CC	AE	00	00	04
16	AE9C	02	00	02	36	05	8D	07	20	2A	00	CC	AE	00	00	04
16	AE9C	02	00	02	36	06	8D	07	20	01	00	CC	AE	00	00	04
16	AE9C	02	00	02	36	07	8D	07	20	00	00	CC	AE	00	00	04
16	AE9C	02	00	02	36	07	8D	07	20	02	00	CC	AE	00	00	04
16	AE9C	02	00	02	36	07	8D	07	20	02	29	CC	AE	00	00	04
16	AE9C	02	00	02	36	07	8D	07	20	2A	00	CC	AE	00	00	04
16	AE9C	02	00	02	36	07	8D	07	20	41	29	CC	AE	00	00	04
16	AE9C	02	00	02	36	07	8D	07	20	80	29	CC	AE	00	00	04
16	AE9C	03	00	03	36	01	8D	07	20	03	00	CC	8D	00	00	04
16	AE9C	03	00	03	36	01	8D	07	20	80	23	CC	8D	00	00	04
16	AE9C	03	00	03	36	01	8D	07	20	80	29	CC	8D	00	00	04
16	AE9C	03	00	03	36	06	8D	07	20	01	00	CC	8D	00	00	04
16	AE9C	03	00	03	36	06	8D	07	20	0F	29	CC	8A	00	00	04
16	AE9C	03	00	03	36	06	8D	07	20	81	23	CC	8D	00	00	04
16	AE9C	03	00	03	36	07	8D	07	20	00	00	CC	8D	00	00	04
16	AE9C	03	00	03	36	07	8D	07	20	02	29	CC	FF	00	00	04
16	AE9C	03	00	03	36	07	8D	07	20	02	2D	CC	8D	00	00	04
16	AE9C	03	00	03	36	07	8D	07	20	02	2D	CC	FF	00	00	04
16	B1DB	21	00	01	36	01	8D	07	20	53	2D	24	00	00	00	00
16	B1DB	21	01	01	34	01	8D	07	20	53	2D	24	00	00	00	01
16	B1DB	21	01	01	34	01	8D	07	20	53	2D	24	00	01	00	01
16	B1DB	21	01	01	34	01	8D	07	20	53	2D	24	00	02	00	01
16	B1DB	21	01	01	34	01	8D	07	20	53	2D	24	00	03	00	01
16	B1DB	21	01	01	34	01	8D	07	20	53	2D	24	00	04	00	01
16	B1DB	21	02	01	34	01	8D	07	20	53	2D	24	00	00	00	02
16	B1DB	21	02	01	34	01	8D	07	20	53	2D	24	00	00	04	02
16	B1DB	21	02	01	34	01	8D	07	20	53	2D	24	00	01	00	02
16	B1DB	21	02	01	34	01	8D	07	20	53	2D	24	00	01	04	02
16	B1DB	21	02	01	34	01	8D	07	20	53	2D	24	00	02	00	02
16	B1DB	21	02	01	34	01	8D	07	20	53	2D	24	00	03	00	02
16	B1DB	21	02	01	34	01	8D	07	20	53	2D	24	00	04	00	02
16	B1DB	21	03	01	34	01	8D	07	20	53	2D	24	00	00	00	03
16	B1DB	21	03	01	34	01	8D	07	20	53	2D	24	00	00	04	03
16	B1DB	21	03	01	34	01	8D	07	20	53	2D	24	00	01	00	03
16	B1DB	21	03	01	34	01	8D	07	20	53	2D	24	00	01	04	03
16	B1DB	21	03	01	34	01	8D	07	20	53	2D	24	00	02	00	03
16	B1DB	21	03	01	34	01	8D	07	20	53	2D	24	00	03	00	03
16	B1DB	21	03	01	34	01	8D	07	20	53	2D	24	00	04	00	03
16	B1DB	21	04	01	34	01	8D	07	20	53	2D	24	00	00	00	04
16	B1DB	21	04	01	34	01	8D	07	20	53	2D	24	00	01	00	04
16	B1DB	21	04	01	34	01	8D	07	20	53	2D	24	00	02	00	04
16	B1DB	21	04	01	34	01	8D	07	20	53	2D	24	00	03	00	04
16	B1DB	21	04	01	34	01	8D	07	20	53	2D	24	00	04	00	04
16	B1DB	21	05	01	34	01	8D	07	20	53	2D	24	00	00	00	05
16	B1DB	21	05	01	34	01	8D	07	20	53	2D	24	00	00	04	05
16	B1DB	21	05	01	34	01	8D	07	20	53	2D	24	00	01	00	05
16	B1DB	21	05	01	34	01	8D	07	20	53	2D	24	00	01	04	05
16	B1DB	21	05	01	34	01	8D	07	20	53	2D	24	00	02	00	05
16	B1DB	21	05	01	34	01	8D	07	20	53	2D	24	00	03	00	05
16	B1DB	21	05	01	34	01	8D	07	20	53	2D	24	00	04	00	05
16	B1DB	21	06	01	34	01	8D	07	20	53	2D	24	00	00	00	06
16	B1DB	21	06	01	34	01	8D	07	20	53	2D	24	00	00	04	06
16	B1DB	21	06	01	34	01	8D	07	20	53	2D	24	00	01	00	06
16	B1DB	21	06	01	34	01	8D	07	20	53	2D	24	00	01	04	06
16	B1DB	21	06	01	34	01	8D	07	20	53	2D	24	00	02	00	06
16	B1DB	21	06	01	34	01	8D	07	20	53	2D	24	00	03	00	06
16	B1DB	21	06	01	34	01	8D	07	20	53	2D	24	00	04	00	06
16	B1DB	21	07	01	34	01	8D	07	20	53	2D	24	00	00	00	07
16	B1DB	21	07	01	34	01	8D	07	20	53	2D	24	00	00	02	07
16	B1DB	21	07	01	34	01	8D	07	20	53	2D	24	00	01	00	07
16	B1DB	21	07	01	34	01	8D	07	20	53	2D	24	00	01	02	07
16	B1DB	21	07	01	34	01	8D	07	20	53	2D	24	00	02	00	07
16	B1E2	00	00	01	36	01	8D	07	20	53	2D	24	00	00	00	00
16	B1E2	01	01	01	34	01	8D	07	20	53	2D	24	00	00	00	07
16	B1E2	01	01	01	34	01	8D	07	20	53	2D	24	00	00	02	07
16	B1E2	02	02	01	34	01	8D	07	20	53	2D	24	00	01	00	07
16	B1E2	02	02	01	34	01	8D	07	20	53	2D	24	00	01	02	07
16	B1E2	03	03	01	34	01	8D	07	20	53	2D	24	00	02	00	07
16	B1E2	04	04	01	34	01	8D	07	20	53	2D	24	00	00	00	01
16	B1E2	04	04	01	34	01	8D	07	20	53	2D	24	00	00	00	02
16	B1E2	04	04	01	34	01	8D	07	20	53	2D	24	00	00	00	03
16	B1E2	04	04	01	34	01	8D	07	20	53	2D	24	00	00	00	04
16	B1E2	04	04	01	34	01	8D	07	20	53	2D	24	00	00	00	05
16	B1E2	04	04	01	34	01	8D	07	20	53	2D	24	00	00	00	06
16	B1E2	04	04	01	34	01	8D	07	20	53	2D	24	00	00	04	02
16	B1E2	04	04	01	34	01	8D	07	20	53	2D	24	00	00	04	03
16	B1E2	04	04	01	34	01	8D	07	20	53	2D	24	00	00	04	05
16	B1E2	04	04	01	34	01	8D	07	20	53	2D	24	00	00	04	06
16	B1E2	05	05	01	34	01	8D	07	20	53	2D	24	00	01	00	01
16	B1E2	05	05	01	34	01	8D	07	20	53	2D	24	00	01	00	02
16	B1E2	05	05	01	34	01	8D	07	20	53	2D	24	00	01	00	03
16	B1E2	05	05	01	34	01	8D	07	20	53	2D	24	00	01	00	04
16	B1E2	05	05	01	34	01	8D	07	20	53	2D	24	00	01	00	05
16	B1E2	05	05	01	34	01	8D	07	20	53	2D	24	00	01	00	06
16	B1E2	05	05	01	34	01	8D	07	20	53	2D	24	00	01	04	02
16	B1E2	05	05	01	34	01	8D	07	20	53	2D	24	00	01	04	03
16	B1E2	05	05	01	34	01	8D	07	20	53	2D	24	00	01	04	05
16	B1E2	05	05	01	34	01	8D	07	20	53	2D	24	00	01	04	06
16	B1E2	06	06	01	34	01	8D	07	20	53	2D	24	00	02	00	01
16	B1E2	06	06	01	34	01	8D	07	20	53	2D	24	00	02	00	02
16	B1E2	06	06	01	34	01	8D	07	20	53	2D	24	00	02	00	03
16	B1E2	06	06	01	34	01	8D	07	20	53	2D	24	00	02	00	04
16	B1E2	06	06	01	34	01	8D	07	20	53	2D	24	00	02	00	05
16	B1E2	06	06	01	34	01	8D	07	20	53	2D	24	00	02	00	06
16	B1E2	07	07	01	34	01	8D	07	20	53	2D	24	00	03	00	01
16	B1E2	07	07	01	34	01	8D	07	20	53	2D	24	00	03	00	02
16	B1E2	07	07	01	34	01	8D	07	20	53	2D	24	00	03	00	03
16	B1E2	07	07	01	34	01	8D	07	20	53	2D	24	00	03	00	04
16	B1E2	07	07	01	34	01	8D	07	20	53	2D	24	00	03	00	05
16	B1E2	07	07	01	34	01	8D	07	20	53	2D	24	00	03	00	06
16	B1E2	08	08	01	34	01	8D	07	20	53	2D	24	00	04	00	01
16	B1E2	08	08	01	34	01	8D	07	20	53	2D	24	00	04	00	02
16	B1E2	08	08	01	34	01	8D	07	20	53	2D	24	00	04	00	03
16	B1E2	08	08	01	34	01	8D	07	20	53	2D	24	00	04	00	04
16	B1E2	08	08	01	34	01	8D	07	20	53	2D	24	00	04	00	05
16	B1E2	08	08	01	34	01	8D	07	20	53	2D	24	00	04	00	06
16	B205	00	00	0D	36	01	8D	07	20	53	2D	24	00	00	00	01
16	B205	00	00	0D	36	01	8D	07	20	53	2D	24	00	00	00	02
16	B205	00	00	0D	36	01	8D	07	20	53	2D	24	00	00	00	03
16	B205	00	00	0D	36	01	8D	07	20	53	2D	24	00	00	00	04
16	B205	00	00	0D	36	01	8D	07	20	53	2D	24	00	00	00	05
16	B205	00	00	0D	36	01	8D	07	20	53	2D	24	00	00	00	06
16	B205	00	00	0D	36	01	8D	07	20	53	2D	24	00	00	00	07
16	B205	00	00	0D	37	01	8D	07	20	53	2D	24	00	00	00	02
16	B205	00	00	0D	37	01	8D	07	20	53	2D	24	00	00	00	03
16	B205	00	00	0D	37	01	8D	07	20	53	2D	24	00	00	00	06
16	B205	00	00	0D	37	01	8D	07	20	53	2D	24	00	00	00	07
16	B205	00	00	0D	37	01	8D	07	20	53	2D	24	00	00	01	05
16	B205	00	01	0D	34	01	8D	07	20	53	2D	24	00	01	00	03
16	B205	00	01	0D	34	01	8D	07	20	53	2D	24	00	01	00	05
16	B205	00	01	0D	34	01	8D	07	20	53	2D	24	00	01	00	06
16	B205	00	01	0D	34	01	8D	07	20	53	2D	24	00	01	00	07
16	B205	00	02	0D	34	01	8D	07	20	53	2D	24	00	02	00	07
16	B20D	01	01	0D	34	01	8D	07	20	53	2D	24	00	00	00	01
16	B20D	02	02	0D	34	01	8D	07	20	53	2D	24	00	00	00	02
16	B20D	03	03	0D	34	01	8D	07	20	53	2D	24	00	00	00	03
16	B20D	04	04	0D	34	01	8D	07	20	53	2D	24	00	00	00	04
16	B20D	05	05	0D	34	01	8D	07	20	53	2D	24	00	00	00	05
16	B20D	05	05	0D	34	01	8D	07	20	53	2D	24	00	00	01	05
16	B20D	06	06	0D	34	01	8D	07	20	53	2D	24	00	00	00	06
16	B20D	07	07	0D	34	01	8D	07	20	53	2D	24	00	00	00	07
16	B20D	0A	0A	0D	34	01	8D	07	20	53	2D	24	00	01	00	03
16	B20D	0C	0C	0D	34	01	8D	07	20	53	2D	24	00	01	00	05
16	B20D	0D	0D	0D	34	01	8D	07	20	53	2D	24	00	01	00	06
16	B20D	0E	0E	0D	34	01	8D	07	20	53	2D	24	00	01	00	07
16	B20D	15	15	0D	34	01	8D	07	20	53	2D	24	00	02	00	07
16	B597	01	01	01	34	06	8D	07	20	0F	29	CC	8D	00	00	04
16	B846	02	00	01	34	00	8D	07	20	D0	25	18	61	01	00	04
16	B846	02	00	01	34	01	8D	07	20	1E	25	22	58	01	00	04
16	B846	02	00	01	34	01	8D	07	20	D0	08	CB	36	01	00	04
16	B846	02	00	01	34	01	8D	07	20	D0	25	1D	0C	01	00	04
16	B846	02	00	01	34	02	73	EA	A3	D0	25	12	28	01	00	04
16	B846	02	00	01	34	03	73	EA	A3	D0	01	C9	46	01	00	04
16	B846	02	00	01	34	03	73	EA	A3	D0	08	C9	03	01	00	04
16	B846	02	00	01	34	05	73	EA	A3	D0	25	15	06	01	00	04
16	B846	02	00	01	34	06	8D	07	20	0F	29	CC	8D	01	00	04
16	B846	02	00	01	34	06	8D	07	20	D0	08	CC	4E	01	00	04
16	B846	02	00	01	34	07	8D	07	20	D0	08	CC	1D	01	00	04
16	B846	02	00	01	34	07	8D	07	20	D0	08	CC	58	01	00	04
16	B846	02	00	01	34	07	8D	07	20	D0	25	16	0A	01	00	04
16	B846	02	00	01	34	07	8D	07	20	D0	25	1B	05	01	00	04
16	B846	02	00	01	34	07	8D	07	20	D0	25	24	3A	01	00	04
16	B846	03	00	00	34	05	8D	07	20	00	00	CC	AE	01	00	04
16	B846	03	00	00	34	05	8D	07	20	06	00	CC	AE	01	00	04
16	B846	03	00	00	34	05	8D	07	20	1E	29	CC	AE	01	00	04
16	B846	03	00	00	34	05	8D	07	20	2A	00	CC	AE	02	00	04
16	B846	03	00	00	34	06	8D	07	20	01	00	CC	AE	01	00	04
16	B846	03	00	00	34	07	8D	07	20	00	00	CC	AE	01	00	04
16	B846	03	00	00	34	07	8D	07	20	02	00	CC	AE	01	00	04
16	B846	03	00	00	34	07	8D	07	20	02	29	CC	AE	01	00	04
16	B846	03	00	00	34	07	8D	07	20	2A	00	CC	AE	02	00	04
16	B846	03	00	00	34	07	8D	07	20	80	29	CC	AE	01	00	04
16	B846	04	00	00	34	01	8D	07	20	03	00	CC	8D	01	00	04
16	B846	04	00	00	34	01	8D	07	20	80	23	CC	8D	01	00	04
16	B846	04	00	00	34	01	8D	07	20	80	29	CC	8D	01	00	04
16	B846	04	00	00	34	06	8D	07	20	01	00	CC	8D	01	00	04
16	B846	04	00	00	34	06	8D	07	20	81	23	CC	8D	01	00	04
16	B846	04	00	00	34	07	8D	07	20	00	00	CC	8D	01	00	04
16	B846	04	00	00	34	07	8D	07	20	02	29	CC	FF	01	00	04
16	B846	04	00	00	34	07	8D	07	20	02	2D	CC	8D	01	00	04
16	B846	04	00	00	34	07	8D	07	20	02	2D	CC	FF	01	00	04
16	B846	05	00	01	34	00	8D	07	20	D0	25	18	61	01	00	04
16	B846	05	00	01	34	01	8D	07	20	1E	25	22	58	01	00	04
16	B846	05	00	01	34	01	8D	07	20	D0	08	CB	36	01	00	04
16	B846	05	00	01	34	01	8D	07	20	D0	25	1D	0C	01	00	04
16	B846	05	00	01	34	02	73	EA	A3	D0	25	12	28	01	00	04
16	B846	05	00	01	34	03	73	EA	A3	D0	01	C9	46	01	00	04
16	B846	05	00	01	34	03	73	EA	A3	D0	08	C9	03	01	00	04
16	B846	05	00	01	34	05	73	EA	A3	D0	25	15	06	01	00	04
16	B846	05	00	01	34	06	8D	07	20	0F	29	CC	8D	01	00	04
16	B846	05	00	01	34	07	8D	07	20	D0	08	CC	1D	01	00	04
16	B846	05	00	01	34	07	8D	07	20	D0	08	CC	58	01	00	04
16	B846	05	00	01	34	07	8D	07	20	D0	25	16	0A	01	00	04
16	B846	05	00	01	34	07	8D	07	20	D0	25	1B	05	01	00	04
16	B846	05	00	01	34	07	8D	07	20	D0	25	24	3A	01	00	04
16	B846	05	00	01	34	C7	73	EA	A3	47	01	C6	47	01	00	03
16	B846	05	00	01	34	C7	73	EA	A3	53	25	06	53	01	00	03
16	B846	05	00	01	34	C7	73	EA	A3	81	2D	06	FF	01	00	01
16	B846	05	00	01	34	C7	73	EA	A3	BF	2D	0A	FF	01	00	01
16	B846	05	00	01	34	C7	73	EA	A3	C6	25	0A	53	01	00	03
16	B846	05	00	01	34	C7	73	EA	A3	C6	25	0C	0B	01	00	03
16	B846	05	00	01	34	C7	73	EA	A3	C6	2D	03	FF	01	00	01
16	B846	05	00	01	34	C7	73	EA	A3	C7	01	C5	54	01	00	02
16	B846	05	00	01	34	C7	73	EA	A3	CA	01	C6	55	01	00	03
16	B846	09	00	01	34	06	8D	07	20	D0	29	CC	8D	08	00	00
16	B846	09	00	01	34	07	8D	07	20	D0	08	CC	1D	08	00	00
16	B846	0C	00	01	24	06	8D	07	20	0F	29	CC	8D	02	00	04
16	B846	0C	00	01	34	06	8D	07	20	0F	29	CC	8D	00	00	04
16	B846	0C	00	01	34	06	8D	07	20	0F	29	CC	8D	01	00	04
16	B846	0C	00	01	34	06	8D	07	20	0F	29	CC	8D	06	00	04
16	B846	0D	00	00	34	06	8D	07	20	0F	29	CC	8A	04	00	04
16	B846	0D	00	00	34	07	8D	07	20	02	00	CC	AE	04	00	09
16	B846	0D	00	00	34	07	8D	07	20	02	2D	CC	8D	04	00	04
16	B846	0D	00	00	34	07	8D	07	20	02	2D	CC	FF	04	00	04
16	B846	0D	00	00	34	07	8D	07	20	41	29	CC	AE	04	00	09
16	B846	0D	00	01	34	00	8D	07	20	D0	25	18	61	03	00	04
16	B846	0D	00	01	34	01	8D	07	20	D0	25	1D	0C	03	00	04
16	B846	0D	00	01	34	03	73	EA	A3	D0	01	C9	46	04	00	04
16	B846	0D	00	01	34	03	73	EA	A3	D0	08	C9	03	03	00	04
16	B846	0D	00	01	34	06	8D	07	20	0F	29	CC	8D	04	00	04
16	B846	0D	00	01	34	06	8D	07	20	D0	08	CC	4E	03	00	04
16	B846	0D	00	01	34	07	8D	07	20	21	08	CC	1D	04	00	00
16	B846	0D	00	01	34	07	8D	07	20	21	08	CC	1D	04	00	04
16	B846	0D	00	01	34	07	8D	07	20	62	25	CC	62	04	00	04
16	B846	0D	00	01	34	07	8D	07	20	D0	08	CC	1D	03	00	04
16	B846	0D	00	01	34	07	8D	07	20	D0	08	CC	1D	04	00	04
16	B846	0D	00	01	34	07	8D	07	20	D0	25	16	0A	03	00	04
16	B846	0D	00	01	34	07	8D	07	20	D0	25	16	0A	04	00	04
16	B846	0D	00	01	34	07	8D	07	20	D0	25	1B	05	03	00	04
16	B846	0D	00	01	34	07	8D	07	20	D0	25	24	3A	03	00	04
16	B846	0D	00	01	34	07	8D	07	20	D0	25	24	3A	04	00	04
16	B846	0D	00	01	34	C7	73	EA	A3	47	01	C6	47	03	00	03
16	B846	0D	00	01	34	C7	73	EA	A3	53	25	06	53	03	00	03
16	B846	0D	00	01	34	C7	73	EA	A3	81	2D	06	FF	03	00	01
16	B846	0D	00	01	34	C7	73	EA	A3	C6	1C	01	7F	04	00	00
16	B846	0D	00	01	34	C7	73	EA	A3	C6	1C	01	7F	04	00	01
16	B846	0D	00	01	34	C7	73	EA	A3	C6	25	0A	53	03	00	03
16	B846	0D	00	01	34	C7	73	EA	A3	C6	2D	03	FF	03	00	01
16	B846	0D	00	01	34	C7	73	EA	A3	C7	01	C5	54	03	00	02
16	B846	0D	00	01	34	C7	73	EA	A3	C7	01	C5	54	04	00	02
16	B846	0D	00	01	34	C7	73	EA	A3	CA	01	C6	55	03	00	03
16	B846	0D	00	01	34	C7	73	EA	A3	CA	01	C6	55	04	00	03
16	B857	03	00	03	34	C7	73	EA	A3	81	2D	06	FF	01	00	01
16	B857	03	00	03	34	C7	73	EA	A3	81	2D	06	FF	03	00	01
16	B857	03	00	03	34	C7	73	EA	A3	BF	2D	0A	FF	01	00	01
16	B857	03	00	03	34	C7	73	EA	A3	C6	1C	01	7F	04	00	01
16	B857	03	00	03	34	C7	73	EA	A3	C6	2D	03	FF	01	00	01
16	B857	03	00	03	34	C7	73	EA	A3	C6	2D	03	FF	03	00	01
16	B857	05	00	05	34	C7	73	EA	A3	C7	01	C5	54	01	00	02
16	B857	05	00	05	34	C7	73	EA	A3	C7	01	C5	54	03	00	02
16	B857	05	00	05	34	C7	73	EA	A3	C7	01	C5	54	04	00	02
16	B857	07	00	07	34	C7	73	EA	A3	47	01	C6	47	01	00	03
16	B857	07	00	07	34	C7	73	EA	A3	47	01	C6	47	03	00	03
16	B857	07	00	07	34	C7	73	EA	A3	53	25	06	53	01	00	03
16	B857	07	00	07	34	C7	73	EA	A3	53	25	06	53	03	00	03
16	B857	07	00	07	34	C7	73	EA	A3	C6	25	0A	53	01	00	03
16	B857	07	00	07	34	C7	73	EA	A3	C6	25	0A	53	03	00	03
16	B857	07	00	07	34	C7	73	EA	A3	C6	25	0C	0B	01	00	03
16	B857	07	00	07	34	C7	73	EA	A3	CA	01	C6	55	01	00	03
16	B857	07	00	07	34	C7	73	EA	A3	CA	01	C6	55	03	00	03
16	B857	07	00	07	34	C7	73	EA	A3	CA	01	C6	55	04	00	03
16	B857	08	00	08	34	01	8D	07	20	03	00	CC	8D	01	00	04
16	B857	08	00	08	34	01	8D	07	20	80	23	CC	8D	01	00	04
16	B857	08	00	08	34	01	8D	07	20	80	29	CC	8D	01	00	04
16	B857	08	00	08	34	05	8D	07	20	00	00	CC	AE	01	00	04
16	B857	08	00	08	34	05	8D	07	20	06	00	CC	AE	01	00	04
16	B857	08	00	08	34	05	8D	07	20	1E	29	CC	AE	01	00	04
16	B857	08	00	08	34	05	8D	07	20	2A	00	CC	AE	02	00	04
16	B857	08	00	08	34	06	8D	07	20	01	00	CC	8D	01	00	04
16	B857	08	00	08	34	06	8D	07	20	01	00	CC	AE	01	00	04
16	B857	08	00	08	34	06	8D	07	20	0F	29	CC	8A	04	00	04
16	B857	08	00	08	34	06	8D	07	20	81	23	CC	8D	01	00	04
16	B857	08	00	08	34	07	8D	07	20	00	00	CC	8D	01	00	04
16	B857	08	00	08	34	07	8D	07	20	00	00	CC	AE	01	00	04
16	B857	08	00	08	34	07	8D	07	20	02	00	CC	AE	01	00	04
16	B857	08	00	08	34	07	8D	07	20	02	00	CC	AE	04	00	04
16	B857	08	00	08	34	07	8D	07	20	02	29	CC	AE	01	00	04
16	B857	08	00	08	34	07	8D	07	20	02	29	CC	FF	01	00	04
16	B857	08	00	08	34	07	8D	07	20	02	2D	CC	8D	01	00	04
16	B857	08	00	08	34	07	8D	07	20	02	2D	CC	8D	04	00	04
16	B857	08	00	08	34	07	8D	07	20	02	2D	CC	FF	01	00	04
16	B857	08	00	08	34	07	8D	07	20	02	2D	CC	FF	04	00	04
16	B857	08	00	08	34	07	8D	07	20	2A	00	CC	AE	02	00	04
16	B857	08	00	08	34	07	8D	07	20	41	29	CC	AE	04	00	04
16	B857	08	00	08	34	07	8D	07	20	80	29	CC	AE	01	00	04
16	B857	09	00	09	34	00	8D	07	20	D0	25	18	61	01	00	04
16	B857	09	00	09	34	00	8D	07	20	D0	25	18	61	03	00	04
16	B857	09	00	09	34	01	8D	07	20	1E	25	22	58	01	00	04
16	B857	09	00	09	34	01	8D	07	20	D0	08	CB	36	01	00	04
16	B857	09	00	09	34	01	8D	07	20	D0	25	1D	0C	01	00	04
16	B857	09	00	09	34	01	8D	07	20	D0	25	1D	0C	03	00	04
16	B857	09	00	09	34	02	73	EA	A3	D0	25	12	28	01	00	04
16	B857	09	00	09	34	03	73	EA	A3	D0	01	C9	46	01	00	04
16	B857	09	00	09	34	03	73	EA	A3	D0	01	C9	46	04	00	04
16	B857	09	00	09	34	03	73	EA	A3	D0	08	C9	03	01	00	04
16	B857	09	00	09	34	03	73	EA	A3	D0	08	C9	03	03	00	04
16	B857	09	00	09	34	05	73	EA	A3	D0	25	15	06	01	00	04
16	B857	09	00	09	34	06	8D	07	20	0F	29	CC	8D	00	00	04
16	B857	09	00	09	34	06	8D	07	20	0F	29	CC	8D	01	00	04
16	B857	09	00	09	34	06	8D	07	20	0F	29	CC	8D	02	00	04
16	B857	09	00	09	34	06	8D	07	20	0F	29	CC	8D	04	00	04
16	B857	09	00	09	34	06	8D	07	20	0F	29	CC	8D	06	00	04
16	B857	09	00	09	34	06	8D	07	20	D0	08	CC	4E	01	00	04
16	B857	09	00	09	34	06	8D	07	20	D0	08	CC	4E	03	00	04
16	B857	09	00	09	34	06	8D	07	20	D0	29	CC	8D	08	00	04
16	B857	09	00	09	34	07	8D	07	20	21	08	CC	1D	04	00	04
16	B857	09	00	09	34	07	8D	07	20	62	25	CC	62	04	00	04
16	B857	09	00	09	34	07	8D	07	20	D0	08	CC	1D	01	00	04
16	B857	09	00	09	34	07	8D	07	20	D0	08	CC	1D	03	00	04
16	B857	09	00	09	34	07	8D	07	20	D0	08	CC	1D	04	00	04
16	B857	09	00	09	34	07	8D	07	20	D0	08	CC	1D	08	00	04
16	B857	09	00	09	34	07	8D	07	20	D0	08	CC	58	01	00	04
16	B857	09	00	09	34	07	8D	07	20	D0	25	16	0A	01	00	04
16	B857	09	00	09	34	07	8D	07	20	D0	25	16	0A	03	00	04
16	B857	09	00	09	34	07	8D	07	20	D0	25	16	0A	04	00	04
16	B857	09	00	09	34	07	8D	07	20	D0	25	1B	05	01	00	04
16	B857	09	00	09	34	07	8D	07	20	D0	25	1B	05	03	00	04
16	B857	09	00	09	34	07	8D	07	20	D0	25	24	3A	01	00	04
16	B857	09	00	09	34	07	8D	07	20	D0	25	24	3A	03	00	04
16	B857	09	00	09	34	07	8D	07	20	D0	25	24	3A	04	00	04
16	B86C	00	00	04	26	06	8D	07	20	0F	29	CC	8D	00	00	04
16	B86C	00	00	04	36	06	8D	07	20	0F	29	CC	8D	01	00	04
16	B86C	01	01	04	34	00	8D	07	20	D0	25	18	61	01	00	04
16	B86C	01	01	04	34	01	8D	07	20	1E	25	22	58	01	00	04
16	B86C	01	01	04	34	01	8D	07	20	D0	08	CB	36	01	00	04
16	B86C	01	01	04	34	01	8D	07	20	D0	25	1D	0C	01	00	04
16	B86C	01	01	04	34	02	73	EA	A3	D0	25	12	28	01	00	04
16	B86C	01	01	04	34	03	73	EA	A3	D0	01	C9	46	01	00	04
16	B86C	01	01	04	34	03	73	EA	A3	D0	08	C9	03	01	00	04
16	B86C	01	01	04	34	05	73	EA	A3	D0	25	15	06	01	00	04
16	B86C	01	01	04	34	06	8D	07	20	0F	29	CC	8D	01	00	04
16	B86C	01	01	04	34	06	8D	07	20	D0	08	CC	4E	01	00	04
16	B86C	01	01	04	34	07	8D	07	20	D0	08	CC	1D	01	00	04
16	B86C	01	01	04	34	07	8D	07	20	D0	08	CC	58	01	00	04
16	B86C	01	01	04	34	07	8D	07	20	D0	25	16	0A	01	00	04
16	B86C	01	01	04	34	07	8D	07	20	D0	25	1B	05	01	00	04
16	B86C	01	01	04	34	07	8D	07	20	D0	25	24	3A	01	00	04
16	B957	00	00	0C	26	01	8D	07	20	53	2D	24	00	01	00	00
16	B957	00	01	0C	24	01	8D	07	20	53	2D	24	00	05	00	01
16	B957	00	02	0C	24	01	8D	07	20	53	2D	24	00	05	00	02
16	B957	00	03	0C	24	01	8D	07	20	53	2D	24	00	05	00	03
16	B957	00	04	0C	24	01	8D	07	20	53	2D	24	00	05	00	04
16	B957	00	06	0C	24	01	8D	07	20	53	2D	24	00	05	00	06
16	B957	00	07	0C	24	01	8D	07	20	53	2D	24	00	03	00	07
16	B957	01	01	0C	24	01	8D	07	20	53	2D	24	00	05	01	01
16	B957	01	07	0C	24	01	8D	07	20	53	2D	24	00	03	01	07
16	B957	02	01	0C	24	01	8D	07	20	53	2D	24	00	05	02	01
16	B957	02	07	0C	24	01	8D	07	20	53	2D	24	00	03	02	07
16	B957	03	01	0C	24	01	8D	07	20	53	2D	24	00	05	03	01
16	B957	03	03	0C	24	01	8D	07	20	53	2D	24	00	05	03	03
16	B957	03	04	0C	24	01	8D	07	20	53	2D	24	00	05	03	04
16	B957	04	02	0C	24	01	8D	07	20	53	2D	24	00	05	04	02
16	B957	04	03	0C	24	01	8D	07	20	53	2D	24	00	05	04	03
16	B957	04	05	0C	24	01	8D	07	20	53	2D	24	00	05	04	05
16	B957	04	06	0C	24	01	8D	07	20	53	2D	24	00	05	04	06
16	B95E	00	00	0C	26	01	8D	07	20	53	2D	24	00	01	00	00
16	B95E	01	01	0C	24	01	8D	07	20	53	2D	24	00	03	00	07
16	B95E	02	02	0C	24	01	8D	07	20	53	2D	24	00	03	01	07
16	B95E	03	03	0C	24	01	8D	07	20	53	2D	24	00	03	02	07
16	B95E	04	04	0C	24	01	8D	07	20	53	2D	24	00	05	00	01
16	B95E	04	04	0C	24	01	8D	07	20	53	2D	24	00	05	00	02
16	B95E	04	04	0C	24	01	8D	07	20	53	2D	24	00	05	00	03
16	B95E	04	04	0C	24	01	8D	07	20	53	2D	24	00	05	00	04
16	B95E	04	04	0C	24	01	8D	07	20	53	2D	24	00	05	00	06
16	B95E	05	05	0C	24	01	8D	07	20	53	2D	24	00	05	01	01
16	B95E	06	06	0C	24	01	8D	07	20	53	2D	24	00	05	02	01
16	B95E	07	07	0C	24	01	8D	07	20	53	2D	24	00	05	03	01
16	B95E	07	07	0C	24	01	8D	07	20	53	2D	24	00	05	03	03
16	B95E	07	07	0C	24	01	8D	07	20	53	2D	24	00	05	03	04
16	B95E	08	08	0C	24	01	8D	07	20	53	2D	24	00	05	04	02
16	B95E	08	08	0C	24	01	8D	07	20	53	2D	24	00	05	04	03
16	B95E	08	08	0C	24	01	8D	07	20	53	2D	24	00	05	04	05
16	B95E	08	08	0C	24	01	8D	07	20	53	2D	24	00	05	04	06
16	B97B	00	00	0E	26	01	8D	07	20	53	2D	24	00	01	00	01
16	B97B	00	00	0E	26	01	8D	07	20	53	2D	24	00	01	00	02
16	B97B	00	00	0E	26	01	8D	07	20	53	2D	24	00	01	00	04
16	B97B	00	00	0E	26	01	8D	07	20	53	2D	24	00	02	00	03
16	B97B	00	00	0E	26	01	8D	07	20	53	2D	24	00	02	00	06
16	B97B	00	00	0E	26	01	8D	07	20	53	2D	24	00	03	00	07
16	B97B	01	01	0E	24	01	8D	07	20	53	2D	24	00	02	01	05
16	B983	01	01	0E	24	01	8D	07	20	53	2D	24	00	01	00	01
16	B983	02	02	0E	24	01	8D	07	20	53	2D	24	00	01	00	02
16	B983	03	03	0E	24	01	8D	07	20	53	2D	24	00	02	00	03
16	B983	04	04	0E	24	01	8D	07	20	53	2D	24	00	01	00	04
16	B983	06	06	0E	24	01	8D	07	20	53	2D	24	00	02	00	06
16	B983	07	07	0E	24	01	8D	07	20	53	2D	24	00	03	00	07
16	B983	0C	0C	0E	24	01	8D	07	20	53	2D	24	00	02	01	05
16	BC73	01	00	01	24	C7	73	EA	A3	81	2D	06	FF	00	00	01
16	BC73	01	00	01	24	C7	73	EA	A3	BF	2D	0A	FF	00	00	01
16	BC73	01	00	01	24	C7	73	EA	A3	C6	1C	01	7F	00	00	01
16	BC73	01	00	01	24	C7	73	EA	A3	C6	2D	03	FF	00	00	01
16	BC73	01	00	01	34	C7	73	EA	A3	81	2D	06	FF	00	00	01
16	BC73	01	00	01	34	C7	73	EA	A3	81	2D	06	FF	01	00	01
16	BC73	01	00	01	34	C7	73	EA	A3	81	2D	06	FF	02	00	01
16	BC73	01	00	01	34	C7	73	EA	A3	BF	2D	0A	FF	00	00	01
16	BC73	01	00	01	34	C7	73	EA	A3	BF	2D	0A	FF	01	00	01
16	BC73	01	00	01	34	C7	73	EA	A3	BF	2D	0A	FF	02	00	01
16	BC73	01	00	01	34	C7	73	EA	A3	C6	1C	01	7F	00	00	01
16	BC73	01	00	01	34	C7	73	EA	A3	C6	1C	01	7F	01	00	01
16	BC73	01	00	01	34	C7	73	EA	A3	C6	1C	01	7F	02	00	01
16	BC73	01	00	01	34	C7	73	EA	A3	C6	2D	03	FF	00	00	01
16	BC73	01	00	01	34	C7	73	EA	A3	C6	2D	03	FF	01	00	01
16	BC73	01	00	01	34	C7	73	EA	A3	C6	2D	03	FF	02	00	01
16	BC73	02	00	02	24	C7	73	EA	A3	C7	01	C5	54	00	00	02
16	BC73	02	00	02	34	C7	73	EA	A3	C7	01	C5	54	00	00	02
16	BC73	02	00	02	34	C7	73	EA	A3	C7	01	C5	54	01	00	02
16	BC73	02	00	02	34	C7	73	EA	A3	C7	01	C5	54	02	00	02
16	BC73	03	00	03	24	C7	73	EA	A3	47	01	C6	47	00	00	03
16	BC73	03	00	03	24	C7	73	EA	A3	53	25	06	53	00	00	03
16	BC73	03	00	03	24	C7	73	EA	A3	C6	25	0A	53	00	00	03
16	BC73	03	00	03	24	C7	73	EA	A3	C6	25	0C	0B	00	00	03
16	BC73	03	00	03	24	C7	73	EA	A3	CA	01	C6	55	00	00	03
16	BC73	03	00	03	34	C7	73	EA	A3	47	01	C6	47	00	00	03
16	BC73	03	00	03	34	C7	73	EA	A3	47	01	C6	47	01	00	03
16	BC73	03	00	03	34	C7	73	EA	A3	47	01	C6	47	02	00	03
16	BC73	03	00	03	34	C7	73	EA	A3	53	25	06	53	00	00	03
16	BC73	03	00	03	34	C7	73	EA	A3	53	25	06	53	01	00	03
16	BC73	03	00	03	34	C7	73	EA	A3	53	25	06	53	02	00	03
16	BC73	03	00	03	34	C7	73	EA	A3	C6	25	0A	53	00	00	03
16	BC73	03	00	03	34	C7	73	EA	A3	C6	25	0A	53	01	00	03
16	BC73	03	00	03	34	C7	73	EA	A3	C6	25	0A	53	02	00	03
16	BC73	03	00	03	34	C7	73	EA	A3	C6	25	0C	0B	00	00	03
16	BC73	03	00	03	34	C7	73	EA	A3	C6	25	0C	0B	01	00	03
16	BC73	03	00	03	34	C7	73	EA	A3	C6	25	0C	0B	02	00	03
16	BC73	03	00	03	34	C7	73	EA	A3	CA	01	C6	55	00	00	03
16	BC73	03	00	03	34	C7	73	EA	A3	CA	01	C6	55	01	00	03
16	BC73	03	00	03	34	C7	73	EA	A3	CA	01	C6	55	02	00	03
16	BC73	04	00	04	24	00	8D	07	20	D0	25	18	61	00	00	04
16	BC73	04	00	04	24	01	8D	07	20	03	00	CC	8D	00	00	04
16	BC73	04	00	04	24	01	8D	07	20	1E	25	22	58	00	00	04
16	BC73	04	00	04	24	01	8D	07	20	D0	08	CB	36	00	00	04
16	BC73	04	00	04	24	01	8D	07	20	D0	25	1D	0C	00	00	04
16	BC73	04	00	04	24	02	73	EA	A3	D0	25	12	28	00	00	04
16	BC73	04	00	04	24	03	73	EA	A3	D0	01	C9	46	00	00	04
16	BC73	04	00	04	24	03	73	EA	A3	D0	08	C9	03	00	00	04
16	BC73	04	00	04	24	05	73	EA	A3	D0	25	15	06	00	00	04
16	BC73	04	00	04	24	05	8D	07	20	00	00	CC	AE	00	00	04
16	BC73	04	00	04	24	05	8D	07	20	06	00	CC	AE	00	00	04
16	BC73	04	00	04	24	06	8D	07	20	01	00	CC	8D	00	00	04
16	BC73	04	00	04	24	06	8D	07	20	01	00	CC	AE	00	00	04
16	BC73	04	00	04	24	06	8D	07	20	0F	29	CC	8A	00	00	04
16	BC73	04	00	04	24	06	8D	07	20	0F	29	CC	8D	00	00	04
16	BC73	04	00	04	24	06	8D	07	20	D0	08	CC	4E	00	00	04
16	BC73	04	00	04	24	06	8D	07	20	D0	29	CC	8D	00	00	04
16	BC73	04	00	04	24	07	8D	07	20	00	00	CC	8D	00	00	04
16	BC73	04	00	04	24	07	8D	07	20	00	00	CC	AE	00	00	04
16	BC73	04	00	04	24	07	8D	07	20	02	00	CC	AE	00	00	04
16	BC73	04	00	04	24	07	8D	07	20	02	29	CC	AE	00	00	04
16	BC73	04	00	04	24	07	8D	07	20	02	2D	CC	8D	00	00	04
16	BC73	04	00	04	24	07	8D	07	20	21	08	CC	1D	00	00	04
16	BC73	04	00	04	24	07	8D	07	20	62	25	CC	62	00	00	04
16	BC73	04	00	04	24	07	8D	07	20	D0	08	CC	1D	00	00	04
16	BC73	04	00	04	24	07	8D	07	20	D0	08	CC	58	00	00	04
16	BC73	04	00	04	24	07	8D	07	20	D0	25	16	0A	00	00	04
16	BC73	04	00	04	24	07	8D	07	20	D0	25	1B	05	00	00	04
16	BC73	04	00	04	24	07	8D	07	20	D0	25	24	3A	00	00	04
16	BC73	04	00	04	34	00	8D	07	20	D0	25	18	61	01	00	04
16	BC73	04	00	04	34	00	8D	07	20	D0	25	18	61	02	00	04
16	BC73	04	00	04	34	01	8D	07	20	03	00	CC	8D	00	00	04
16	BC73	04	00	04	34	01	8D	07	20	03	00	CC	8D	01	00	04
16	BC73	04	00	04	34	01	8D	07	20	03	00	CC	8D	02	00	04
16	BC73	04	00	04	34	01	8D	07	20	1E	25	22	58	01	00	04
16	BC73	04	00	04	34	01	8D	07	20	1E	25	22	58	02	00	04
16	BC73	04	00	04	34	01	8D	07	20	80	23	CC	8D	00	00	04
16	BC73	04	00	04	34	01	8D	07	20	80	23	CC	8D	01	00	04
16	BC73	04	00	04	34	01	8D	07	20	80	23	CC	8D	02	00	04
16	BC73	04	00	04	34	01	8D	07	20	80	29	CC	8D	00	00	04
16	BC73	04	00	04	34	01	8D	07	20	80	29	CC	8D	01	00	04
16	BC73	04	00	04	34	01	8D	07	20	80	29	CC	8D	02	00	04
16	BC73	04	00	04	34	01	8D	07	20	D0	08	CB	36	01	00	04
16	BC73	04	00	04	34	01	8D	07	20	D0	08	CB	36	02	00	04
16	BC73	04	00	04	34	01	8D	07	20	D0	25	1D	0C	01	00	04
16	BC73	04	00	04	34	01	8D	07	20	D0	25	1D	0C	02	00	04
16	BC73	04	00	04	34	02	73	EA	A3	D0	25	12	28	01	00	04
16	BC73	04	00	04	34	02	73	EA	A3	D0	25	12	28	02	00	04
16	BC73	04	00	04	34	03	73	EA	A3	D0	01	C9	46	01	00	04
16	BC73	04	00	04	34	03	73	EA	A3	D0	01	C9	46	02	00	04
16	BC73	04	00	04	34	03	73	EA	A3	D0	08	C9	03	00	00	04
16	BC73	04	00	04	34	03	73	EA	A3	D0	08	C9	03	01	00	04
16	BC73	04	00	04	34	03	73	EA	A3	D0	08	C9	03	02	00	04
16	BC73	04	00	04	34	05	73	EA	A3	D0	25	15	06	01	00	04
16	BC73	04	00	04	34	05	73	EA	A3	D0	25	15	06	02	00	04
16	BC73	04	00	04	34	05	8D	07	20	00	00	CC	AE	00	00	04
16	BC73	04	00	04	34	05	8D	07	20	00	00	CC	AE	01	00	04
16	BC73	04	00	04	34	05	8D	07	20	06	00	CC	AE	00	00	04
16	BC73	04	00	04	34	05	8D	07	20	06	00	CC	AE	01	00	04
16	BC73	04	00	04	34	05	8D	07	20	1E	29	CC	AE	00	00	04
16	BC73	04	00	04	34	05	8D	07	20	1E	29	CC	AE	01	00	04
16	BC73	04	00	04	34	05	8D	07	20	2A	00	CC	AE	00	00	04
16	BC73	04	00	04	34	05	8D	07	20	2A	00	CC	AE	01	00	04
16	BC73	04	00	04	34	06	8D	07	20	01	00	CC	8D	00	00	04
16	BC73	04	00	04	34	06	8D	07	20	01	00	CC	8D	01	00	04
16	BC73	04	00	04	34	06	8D	07	20	01	00	CC	8D	02	00	04
16	BC73	04	00	04	34	06	8D	07	20	01	00	CC	AE	00	00	04
16	BC73	04	00	04	34	06	8D	07	20	01	00	CC	AE	01	00	04
16	BC73	04	00	04	34	06	8D	07	20	0F	29	CC	8A	00	00	04
16	BC73	04	00	04	34	06	8D	07	20	0F	29	CC	8A	01	00	04
16	BC73	04	00	04	34	06	8D	07	20	0F	29	CC	8A	02	00	04
16	BC73	04	00	04	34	06	8D	07	20	0F	29	CC	8D	00	00	04
16	BC73	04	00	04	34	06	8D	07	20	0F	29	CC	8D	01	00	04
16	BC73	04	00	04	34	06	8D	07	20	0F	29	CC	8D	02	00	04
16	BC73	04	00	04	34	06	8D	07	20	81	23	CC	8D	00	00	04
16	BC73	04	00	04	34	06	8D	07	20	81	23	CC	8D	01	00	04
16	BC73	04	00	04	34	06	8D	07	20	81	23	CC	8D	02	00	04
16	BC73	04	00	04	34	06	8D	07	20	D0	08	CC	4E	01	00	04
16	BC73	04	00	04	34	06	8D	07	20	D0	08	CC	4E	02	00	04
16	BC73	04	00	04	34	06	8D	07	20	D0	29	CC	8D	01	00	04
16	BC73	04	00	04	34	06	8D	07	20	D0	29	CC	8D	02	00	04
16	BC73	04	00	04	34	07	8D	07	20	00	00	CC	8D	00	00	04
16	BC73	04	00	04	34	07	8D	07	20	00	00	CC	8D	01	00	04
16	BC73	04	00	04	34	07	8D	07	20	00	00	CC	8D	02	00	04
16	BC73	04	00	04	34	07	8D	07	20	00	00	CC	AE	00	00	04
16	BC73	04	00	04	34	07	8D	07	20	00	00	CC	AE	01	00	04
16	BC73	04	00	04	34	07	8D	07	20	02	00	CC	AE	00	00	04
16	BC73	04	00	04	34	07	8D	07	20	02	00	CC	AE	01	00	04
16	BC73	04	00	04	34	07	8D	07	20	02	29	CC	AE	00	00	04
16	BC73	04	00	04	34	07	8D	07	20	02	29	CC	AE	01	00	04
16	BC73	04	00	04	34	07	8D	07	20	02	29	CC	FF	00	00	04
16	BC73	04	00	04	34	07	8D	07	20	02	29	CC	FF	01	00	04
16	BC73	04	00	04	34	07	8D	07	20	02	29	CC	FF	02	00	04
16	BC73	04	00	04	34	07	8D	07	20	02	2D	CC	8D	00	00	04
16	BC73	04	00	04	34	07	8D	07	20	02	2D	CC	8D	01	00	04
16	BC73	04	00	04	34	07	8D	07	20	02	2D	CC	8D	02	00	04
16	BC73	04	00	04	34	07	8D	07	20	02	2D	CC	FF	00	00	04
16	BC73	04	00	04	34	07	8D	07	20	02	2D	CC	FF	01	00	04
16	BC73	04	00	04	34	07	8D	07	20	02	2D	CC	FF	02	00	04
16	BC73	04	00	04	34	07	8D	07	20	21	08	CC	1D	01	00	04
16	BC73	04	00	04	34	07	8D	07	20	21	08	CC	1D	02	00	04
16	BC73	04	00	04	34	07	8D	07	20	2A	00	CC	AE	00	00	04
16	BC73	04	00	04	34	07	8D	07	20	2A	00	CC	AE	01	00	04
16	BC73	04	00	04	34	07	8D	07	20	41	29	CC	AE	00	00	04
16	BC73	04	00	04	34	07	8D	07	20	41	29	CC	AE	01	00	04
16	BC73	04	00	04	34	07	8D	07	20	62	25	CC	62	01	00	04
16	BC73	04	00	04	34	07	8D	07	20	62	25	CC	62	02	00	04
16	BC73	04	00	04	34	07	8D	07	20	80	29	CC	AE	00	00	04
16	BC73	04	00	04	34	07	8D	07	20	80	29	CC	AE	01	00	04
16	BC73	04	00	04	34	07	8D	07	20	D0	08	CC	1D	01	00	04
16	BC73	04	00	04	34	07	8D	07	20	D0	08	CC	1D	02	00	04
16	BC73	04	00	04	34	07	8D	07	20	D0	08	CC	58	01	00	04
16	BC73	04	00	04	34	07	8D	07	20	D0	08	CC	58	02	00	04
16	BC73	04	00	04	34	07	8D	07	20	D0	25	16	0A	01	00	04
16	BC73	04	00	04	34	07	8D	07	20	D0	25	16	0A	02	00	04
16	BC73	04	00	04	34	07	8D	07	20	D0	25	1B	05	01	00	04
16	BC73	04	00	04	34	07	8D	07	20	D0	25	1B	05	02	00	04
16	BC73	04	00	04	34	07	8D	07	20	D0	25	24	3A	01	00	04
16	BC73	04	00	04	34	07	8D	07	20	D0	25	24	3A	02	00	04
