Bank	Address	Kind	Operands	OperandCount	Rule	Continuation	ContinuationDecoded	Runtime
08	84E3	brk	$01,$E7	2	BrkDefault	84E6	yes	causal-resume
08	84E6	brk	$28,$0F	2	BrkDefault	84E9	yes	causal-resume
08	8532	brk	$02,$DF	2	BrkDefault	8535	yes	causal-resume
08	AEE5	brk	$82,$E7	2	BrkDefault	AEE8	yes	-
08	AF58	brk	$05,$EB,$02	3	BrkSelector EB	AF5C	yes	-
08	B06C	brk	$82,$E7	2	BrkDefault	B06F	yes	causal-resume
08	B135	brk	$5D,$33	2	BrkSelector 33	B138	yes	-
08	B176	brk	$0A,$EB,$04	3	BrkSelector EB	B17A	yes	-
08	B2DD	brk	$1A,$EF	2	BrkDefault	B2E0	yes	-
08	B46A	brk	$1A,$EB,$01	3	BrkSelector EB	B46E	yes	-
08	B5D2	brk	$01,$BF	2	BrkDefault	B5D5	yes	-
08	B5EC	brk	$1A,$EF	2	BrkDefault	B5EF	yes	causal-resume
08	B669	brk	$07,$EB,$10	3	BrkSelector EB	B66D	yes	-
08	B6BD	brk	$1F,$DB,$7F	3	BrkSelector DB	B6C1	yes	causal-resume
08	B6C8	brk	$81,$7F	2	BrkDefault	B6CB	yes	causal-resume
08	B73A	brk	$04,$6F	2	BrkService 16:04	B73D	yes	-
08	B76B	brk	$63,$63,$40	3	BrkSelector 63	B76F	yes	-
08	B773	brk	$66,$63,$40	3	BrkSelector 63	B777	yes	-
08	B77B	brk	$66,$63,$40	3	BrkSelector 63	B77F	yes	-
08	B783	brk	$66,$63,$40	3	BrkSelector 63	B787	yes	-
08	B78B	brk	$66,$63,$40	3	BrkSelector 63	B78F	yes	-
08	B793	brk	$66,$63,$40	3	BrkSelector 63	B797	yes	-
08	B79B	brk	$05,$6F	2	BrkDefault	B79E	yes	-
08	B7A0	brk	$00,$6F	2	BrkDefault	B7A3	yes	-
08	B7A3	brk	$D4,$4B	2	BrkSelector 4B	B7A6	yes	-
0B	BF8C	brk	$51,$73	2	BrkSelector 73	BF8F	yes	-
0B	BF8F	brk	$3B,$EF	2	BrkDefault	BF92	yes	-
0B	BFA0	brk	$31,$EF	2	BrkDefault	BFA3	yes	-
0B	BFB3	brk	$2B,$FB	2	BrkSelector FB	BFB6	yes	-
0B	BFB6	brk	$07,$9F	2	BrkService 19:07	BFB9	yes	-
0B	BFB9	brk	$09,$9F	2	BrkService 19:09	BFBC	yes	-
0E	801A	brk	$28,$0F	2	BrkDefault	801D	yes	-
0E	8026	brk	$2A,$EF	2	BrkDefault	8029	yes	-
0F	C96E	brk	$0B,$BF	2	BrkDefault	C971	yes	causal-resume
0F	C971	brk	$0D,$2F	2	BrkDefault	C974	yes	causal-resume
0F	C974	brk	$0C,$EF	2	BrkDefault	C977	yes	causal-resume
0F	C977	brk	$34,$EF	2	BrkDefault	C97A	yes	causal-resume
0F	C97A	brk	$22,$EF	2	BrkDefault	C97D	yes	causal-resume
0F	C9FC	brk	$00,$DF	2	BrkDefault	C9FF	yes	causal-resume
0F	CAAD	brk	$A4,$FB	2	BrkSelector FB	CAB0	yes	-
0F	CB8A	brk	$13,$1F	2	BrkDefault	CB8D	yes	causal-resume
0F	CB8F	brk	$07,$6F,$28	3	BrkService 16:07	CB93	yes	causal-resume
0F	CB93	brk	$07,$6F,$2A	3	BrkService 16:07	CB97	yes	causal-resume
0F	CC22	brk	$13,$EB,$02	3	BrkSelector EB	CC26	yes	-
0F	CC2F	brk	$08,$EF	2	BrkDefault	CC32	yes	-
0F	CC42	brk	$5B,$33	2	BrkSelector 33	CC45	yes	-
0F	CC4F	brk	$18,$EF	2	BrkDefault	CC52	yes	-
0F	CC52	brk	$0E,$EF	2	BrkDefault	CC55	yes	-
0F	CC58	brk	$09,$9F	2	BrkService 19:09	CC5B	yes	-
0F	CC74	brk	$07,$6F,$2A	3	BrkService 16:07	CC78	yes	causal-resume
0F	CC7D	brk	$14,$EF	2	BrkDefault	CC80	yes	causal-resume
0F	CD8A	brk	$07,$6F,$FF	3	BrkService 16:07	CD8E	yes	causal-resume
0F	CDA3	brk	$2B,$63,$41	3	BrkSelector 63	CDA7	yes	-
0F	CDB1	brk	$2E,$0F	2	BrkDefault	CDB4	yes	-
0F	CDC0	brk	$04,$6F	2	BrkService 16:04	CDC3	yes	-
0F	CE25	brk	$00,$EF	2	BrkDefault	CE28	yes	-
0F	CE28	brk	$04,$EF	2	BrkDefault	CE2B	yes	-
0F	CE34	brk	$00,$BF	2	BrkDefault	CE37	yes	causal-resume
0F	CE65	brk	$07,$EF	2	BrkDefault	CE68	yes	causal-resume
0F	CE8B	brk	$09,$FB	2	BrkSelector FB	CE8E	yes	-
0F	CE93	brk	$00,$EF	2	BrkDefault	CE96	yes	-
0F	CE96	brk	$04,$EF	2	BrkDefault	CE99	yes	-
0F	CEBA	brk	$00,$8F	2	BrkDefault	CEBD	yes	causal-resume
0F	CEE1	brk	$0D,$EF	2	BrkDefault	CEE4	yes	-
0F	CEE6	brk	$1B,$EF	2	BrkDefault	CEE9	yes	-
0F	CEEE	brk	$21,$EF	2	BrkDefault	CEF1	yes	-
0F	CEF3	brk	$09,$BF	2	BrkDefault	CEF6	yes	-
0F	CF34	brk	$01,$EF	2	BrkDefault	CF37	yes	-
0F	CF38	brk	$10,$87	2	BrkDefault	CF3B	yes	causal-resume
0F	CF3D	brk	$06,$EF	2	BrkDefault	CF40	yes	-
0F	CF5B	brk	$16,$EF	2	BrkDefault	CF5E	yes	causal-resume
0F	CF70	brk	$00,$87	2	BrkDefault	CF73	yes	causal-resume
0F	CF75	brk	$1C,$EF	2	BrkDefault	CF78	yes	-
0F	CF78	brk	$0A,$EF	2	BrkDefault	CF7B	yes	causal-resume
0F	CF8D	brk	$02,$EF	2	BrkDefault	CF90	yes	causal-resume
0F	D001	brk	$81,$FB	2	BrkSelector FB	D004	yes	-
0F	D010	brk	$A2,$FB	2	BrkSelector FB	D013	yes	causal-resume
0F	D02C	brk	$59,$33	2	BrkSelector 33	D02F	yes	-
0F	D03C	brk	$09,$9F	2	BrkService 19:09	D03F	yes	-
0F	D03F	brk	$0E,$EF	2	BrkDefault	D042	yes	-
0F	D0DC	brk	$3F,$EF	2	BrkDefault	D0DF	yes	-
0F	D0E2	brk	$07,$6F,$43	3	BrkService 16:07	D0E6	yes	-
0F	D0E6	brk	$C2,$4B	2	BrkSelector 4B	D0E9	yes	-
0F	D1F8	brk	$07,$6F,$FF	3	BrkService 16:07	D1FC	yes	causal-resume
0F	D1FE	brk	$07,$6F,$43	3	BrkService 16:07	D202	yes	causal-resume
0F	D203	brk	$04,$6F	2	BrkService 16:04	D206	yes	causal-resume
0F	D70F	brk	$0B,$6F	2	BrkDefault	D712	yes	causal-resume
0F	DA9E	brk	$01,$8F	2	BrkDefault	DAA1	yes	-
0F	DD14	brk	$09,$EF	2	BrkDefault	DD17	yes	-
0F	DDCF	brk	$03,$9F	2	BrkService 19:03	DDD2	yes	causal-resume
0F	DEEA	brk	$04,$DF	2	BrkDefault	DEED	yes	causal-resume
0F	E564	brk	$11,$EF	2	BrkDefault	E567	yes	causal-resume
0F	E567	brk	$03,$DF	2	BrkDefault	E56A	yes	causal-resume
0F	E56A	brk	$01,$BF	2	BrkDefault	E56D	yes	causal-resume
0F	E56D	brk	$20,$EF	2	BrkDefault	E570	yes	causal-resume
0F	E573	brk	$29,$EF	2	BrkDefault	E576	yes	causal-resume
0F	E94D	brk	$05,$87	2	BrkDefault	E950	yes	causal-resume
0F	E9DD	brk	$3F,$EF	2	BrkDefault	E9E0	yes	-
0F	EA77	brk	$13,$EF	2	BrkDefault	EA7A	yes	causal-resume
10	81CE	brk	$07,$6F,$43	3	BrkService 16:07	81D2	yes	-
10	81E2	brk	$CA,$1B	2	BrkSelector 1B	81E5	yes	-
10	81E5	brk	$12,$FB	2	BrkSelector FB	81E8	yes	-
10	81F4	brk	$CD,$1B	2	BrkSelector 1B	81F7	yes	-
10	81FC	brk	$CE,$1B	2	BrkSelector 1B	81FF	yes	-
10	8203	brk	$CF,$1B	2	BrkSelector 1B	8206	yes	-
10	85A5	brk	$04,$B7	2	BrkDefault	85A8	yes	causal-resume
10	8B59	jsr	$01	1	JsrInline 8C18	8B5D	yes	causal-resume
10	8B5E	jsr	$00	1	JsrInline 8C18	8B62	yes	-
10	8B63	jsr	$02	1	JsrInline 8C18	8B67	yes	-
10	8B68	jsr	$03	1	JsrInline 8C18	8B6C	yes	-
10	8B6D	jsr	$04	1	JsrInline 8C18	8B71	yes	causal-resume
10	8B72	jsr	$05	1	JsrInline 8C18	8B76	yes	causal-resume
10	9DC9	brk	$62,$43,$40	3	BrkSelector 43	9DCD	yes	causal-resume
10	9DD5	brk	$46,$53	2	BrkSelector 53	9DD8	yes	causal-resume
10	A4CB	brk	$18,$0F	2	BrkDefault	A4CE	yes	causal-resume
10	ABD3	brk	$62,$63,$40	3	BrkSelector 63	ABD7	yes	causal-resume
10	ABDA	brk	$62,$63,$41	3	BrkSelector 63	ABDE	yes	causal-resume
10	ABE7	brk	$01,$73	2	BrkSelector 73	ABEA	yes	causal-resume
10	ABF7	brk	$00,$73	2	BrkSelector 73	ABFA	yes	causal-resume
10	AC11	brk	$2D,$EF	2	BrkDefault	AC14	yes	causal-resume
10	AC2D	brk	$02,$8F	2	BrkDefault	AC30	yes	causal-resume
10	AC36	brk	$29,$C3,$0E	3	BrkSelector C3	AC3A	yes	causal-resume
10	AC4E	brk	$29,$C3,$10	3	BrkSelector C3	AC52	yes	causal-resume
10	AC5A	brk	$2D,$B3	2	BrkSelector B3	AC5D	yes	causal-resume
10	AC70	brk	$03,$8F	2	BrkDefault	AC73	yes	-
10	AC7A	brk	$25,$0F	2	BrkDefault	AC7D	yes	causal-resume
10	ACAF	brk	$04,$8F	2	BrkDefault	ACB2	yes	-
10	ACB5	brk	$03,$8F	2	BrkDefault	ACB8	yes	causal-resume
10	ACB8	brk	$62,$23,$41	3	BrkSelector 23	ACBC	yes	causal-resume
10	ACCF	brk	$25,$0F	2	BrkDefault	ACD2	yes	causal-resume
10	AD13	brk	$67,$73	2	BrkSelector 73	AD16	yes	-
10	AD17	brk	$46,$93,$12	3	BrkSelector 93	AD1B	yes	-
10	AD1E	brk	$29,$C3,$02	3	BrkSelector C3	AD22	yes	causal-resume
10	AD70	brk	$25,$0F	2	BrkDefault	AD73	yes	causal-resume
10	AD8B	brk	$29,$C3,$0E	3	BrkSelector C3	AD8F	yes	-
10	AD99	brk	$29,$C3,$11	3	BrkSelector C3	AD9D	yes	-
10	ADAB	brk	$29,$C3,$0E	3	BrkSelector C3	ADAF	yes	-
10	ADB1	brk	$29,$C3,$11	3	BrkSelector C3	ADB5	yes	-
10	AE0D	brk	$67,$53	2	BrkSelector 53	AE10	yes	-
10	AE17	brk	$2B,$53	2	BrkSelector 53	AE1A	yes	-
10	AE20	brk	$3F,$53	2	BrkSelector 53	AE23	yes	-
10	AF22	brk	$29,$C3,$0C	3	BrkSelector C3	AF26	yes	causal-resume
10	AF2A	brk	$67,$33	2	BrkSelector 33	AF2D	yes	-
10	AF6A	brk	$2B,$33	2	BrkSelector 33	AF6D	yes	-
10	AFC8	brk	$17,$0F	2	BrkDefault	AFCB	yes	-
10	B022	brk	$3F,$33	2	BrkSelector 33	B025	yes	-
10	B07F	brk	$29,$C3,$11	3	BrkSelector C3	B083	yes	-
10	B0E7	brk	$25,$0F	2	BrkDefault	B0EA	yes	causal-resume
10	B0F6	brk	$17,$0F	2	BrkDefault	B0F9	yes	causal-resume
10	B126	brk	$1C,$0F	2	BrkDefault	B129	yes	causal-resume
10	B18F	brk	$1C,$0F	2	BrkDefault	B192	yes	causal-resume
10	B1C6	brk	$0A,$3F	2	BrkDefault	B1C9	yes	causal-resume
10	B1DF	brk	$29,$C3,$13	3	BrkSelector C3	B1E3	yes	-
10	B209	brk	$67,$73	2	BrkSelector 73	B20C	yes	-
10	B20D	brk	$46,$93,$13	3	BrkSelector 93	B211	yes	-
10	B218	brk	$29,$C3,$03	3	BrkSelector C3	B21C	yes	causal-resume
10	B222	brk	$0A,$3F	2	BrkDefault	B225	yes	causal-resume
10	B22D	brk	$67,$73	2	BrkSelector 73	B230	yes	-
10	B232	brk	$0C,$73	2	BrkSelector 73	B235	yes	-
10	B237	brk	$0B,$B3	2	BrkSelector B3	B23A	yes	causal-resume
10	B24A	brk	$0C,$3F	2	BrkDefault	B24D	yes	causal-resume
10	B28A	brk	$0E,$3F	2	BrkDefault	B28D	yes	causal-resume
10	B2C0	brk	$25,$0F	2	BrkDefault	B2C3	yes	causal-resume
10	B2DD	brk	$0C,$3F	2	BrkDefault	B2E0	yes	-
10	B2EA	brk	$2D,$B3	2	BrkSelector B3	B2ED	yes	-
10	B2F7	brk	$67,$33	2	BrkSelector 33	B2FA	yes	-
10	B2FF	brk	$46,$93,$07	3	BrkSelector 93	B303	yes	-
10	B318	brk	$0C,$3F	2	BrkDefault	B31B	yes	-
10	B331	brk	$29,$C3,$0E	3	BrkSelector C3	B335	yes	-
10	B34C	brk	$67,$73	2	BrkSelector 73	B34F	yes	-
10	B359	brk	$14,$3F	2	BrkDefault	B35C	yes	causal-resume
10	B371	brk	$29,$C3,$0E	3	BrkSelector C3	B375	yes	-
10	B37E	brk	$29,$C3,$0E	3	BrkSelector C3	B382	yes	-
10	B38C	brk	$2D,$A3	2	BrkSelector A3	B38F	yes	-
10	B3BD	brk	$09,$3F	2	BrkDefault	B3C0	yes	causal-resume
10	B3C4	brk	$2B,$0F	2	BrkService 10:2B	B3C7	yes	causal-resume
10	B3D3	brk	$68,$73	2	BrkSelector 73	B3D6	yes	causal-resume
10	B3E8	brk	$2B,$0F	2	BrkService 10:2B	B3EB	yes	-
10	B3EE	brk	$2A,$0F	2	BrkService 10:2A	B3F1	yes	-
10	B401	brk	$0C,$3F	2	BrkDefault	B404	yes	causal-resume
10	B40D	brk	$25,$0F	2	BrkDefault	B410	yes	causal-resume
10	B41A	brk	$2D,$B3	2	BrkSelector B3	B41D	yes	-
10	B435	brk	$17,$0F	2	BrkDefault	B438	yes	causal-resume
10	B59D	brk	$0B,$4F	2	BrkDefault	B5A0	yes	-
10	B5AB	brk	$67,$73	2	BrkSelector 73	B5AE	yes	-
10	B5B3	brk	$6B,$73	2	BrkSelector 73	B5B6	yes	-
10	B5C1	brk	$04,$B3	2	BrkSelector B3	B5C4	yes	-
10	B5F5	brk	$29,$C3,$0C	3	BrkSelector C3	B5F9	yes	-
10	B5FD	brk	$29,$C3,$0E	3	BrkSelector C3	B601	yes	-
10	B603	brk	$29,$C3,$0C	3	BrkSelector C3	B607	yes	-
10	B60B	brk	$67,$33	2	BrkSelector 33	B60E	yes	-
10	B626	brk	$2B,$73	2	BrkSelector 73	B629	yes	-
10	B646	brk	$1C,$63,$01	3	BrkSelector 63	B64A	yes	-
10	B65E	brk	$16,$B3	2	BrkSelector B3	B661	yes	-
10	B67F	brk	$1C,$63,$01	3	BrkSelector 63	B683	yes	-
10	B690	brk	$16,$B3	2	BrkSelector B3	B693	yes	-
10	B6A7	brk	$1C,$63,$01	3	BrkSelector 63	B6AB	yes	-
10	B6C5	brk	$16,$B3	2	BrkSelector B3	B6C8	yes	-
10	B6E1	brk	$1C,$63,$01	3	BrkSelector 63	B6E5	yes	-
10	B6FF	brk	$16,$B3	2	BrkSelector B3	B702	yes	-
10	B71C	brk	$14,$63,$01	3	BrkSelector 63	B720	yes	-
10	B732	brk	$0E,$B3	2	BrkSelector B3	B735	yes	-
10	B757	brk	$0C,$43,$01	3	BrkSelector 43	B75B	yes	-
10	B782	brk	$67,$73	2	BrkSelector 73	B785	yes	-
10	B786	brk	$46,$93,$16	3	BrkSelector 93	B78A	yes	-
10	B791	brk	$29,$C3,$06	3	BrkSelector C3	B795	yes	-
10	B7C5	brk	$29,$C3,$07	3	BrkSelector C3	B7C9	yes	-
10	B7EB	brk	$29,$C3,$06	3	BrkSelector C3	B7EF	yes	-
10	B81B	brk	$2C,$0F	2	BrkDefault	B81E	yes	-
10	B829	brk	$29,$A3	2	BrkSelector A3	B82C	yes	-
10	B87A	brk	$2C,$0F	2	BrkDefault	B87D	yes	-
10	B884	brk	$29,$C3,$06	3	BrkSelector C3	B888	yes	-
10	B896	brk	$2D,$B3	2	BrkSelector B3	B899	yes	-
10	B8BD	brk	$2C,$0F	2	BrkDefault	B8C0	yes	causal-resume
10	B8CB	brk	$29,$B3	2	BrkSelector B3	B8CE	yes	-
10	B8D2	brk	$29,$C3,$0E	3	BrkSelector C3	B8D6	yes	-
10	B8E6	brk	$2D,$B3	2	BrkSelector B3	B8E9	yes	-
10	B908	brk	$2C,$0F	2	BrkDefault	B90B	yes	causal-resume
10	B916	brk	$29,$B3	2	BrkSelector B3	B919	yes	-
10	B931	brk	$3C,$43,$01	3	BrkSelector 43	B935	yes	-
10	B95A	brk	$29,$C3,$0E	3	BrkSelector C3	B95E	yes	-
10	B962	brk	$0B,$B3	2	BrkSelector B3	B965	yes	-
10	B96F	brk	$62,$23,$40	3	BrkSelector 23	B973	yes	-
10	B97D	brk	$14,$3F	2	BrkDefault	B980	yes	-
10	B987	brk	$29,$C3,$0F	3	BrkSelector C3	B98B	yes	-
10	B98D	brk	$29,$C3,$0E	3	BrkSelector C3	B991	yes	-
10	B9E7	brk	$67,$73	2	BrkSelector 73	B9EA	yes	-
10	B9FC	brk	$14,$3F	2	BrkDefault	B9FF	yes	-
10	BA0C	brk	$6B,$93,$02	3	BrkSelector 93	BA10	yes	-
10	BA8C	brk	$2D,$B3	2	BrkSelector B3	BA8F	yes	-
10	BA93	brk	$2D,$B3	2	BrkSelector B3	BA96	yes	-
10	BA99	brk	$04,$C3,$02	3	BrkSelector C3	BA9D	yes	-
10	BAAA	brk	$6B,$83,$02,$01	4	BrkSelector 83	BAAF	yes	-
10	BAC3	brk	$04,$C3,$02	3	BrkSelector C3	BAC7	yes	-
10	BAE0	brk	$46,$93,$1B	3	BrkSelector 93	BAE4	yes	-
10	BAEB	brk	$29,$C3,$0B	3	BrkSelector C3	BAEF	yes	-
10	BAF7	brk	$2C,$0F	2	BrkDefault	BAFA	yes	-
10	BB21	brk	$00,$73	2	BrkSelector 73	BB24	yes	-
10	BB4D	brk	$00,$B3	2	BrkSelector B3	BB50	yes	-
10	BB8E	brk	$29,$C3,$0E	3	BrkSelector C3	BB92	yes	-
10	BB94	brk	$29,$C3,$0D	3	BrkSelector C3	BB98	yes	-
10	BB9E	brk	$29,$C3,$00	3	BrkSelector C3	BBA2	yes	-
10	BBAB	brk	$2D,$B3	2	BrkSelector B3	BBAE	yes	-
10	BBB0	brk	$2D,$B3	2	BrkSelector B3	BBB3	yes	-
10	BBDB	brk	$62,$23,$49	3	BrkSelector 23	BBDF	yes	causal-resume
10	BBE1	brk	$64,$33	2	BrkSelector 33	BBE4	yes	-
10	BBE7	brk	$64,$23,$49	3	BrkSelector 23	BBEB	yes	causal-resume
10	BBFB	brk	$0F,$1F	2	BrkDefault	BBFE	yes	-
10	BC02	brk	$06,$1F	2	BrkDefault	BC05	yes	-
10	BC05	brk	$2D,$B3	2	BrkSelector B3	BC08	yes	-
10	BC19	brk	$05,$4F	2	BrkDefault	BC1C	yes	-
10	BC39	brk	$0F,$1F	2	BrkDefault	BC3C	yes	causal-resume
10	BC49	brk	$09,$4F	2	BrkDefault	BC4C	yes	causal-resume
10	BC4C	brk	$11,$4F	2	BrkDefault	BC4F	yes	causal-resume
10	BC5A	brk	$05,$4F	2	BrkDefault	BC5D	yes	causal-resume
11	8044	brk	$24,$2F	2	BrkDefault	8047	yes	causal-resume
11	8047	brk	$00,$2F	2	BrkDefault	804A	yes	causal-resume
11	804A	brk	$27,$0F	2	BrkDefault	804D	yes	causal-resume
11	804D	brk	$03,$2F	2	BrkDefault	8050	yes	causal-resume
11	8053	brk	$04,$2F	2	BrkDefault	8056	yes	causal-resume
11	8059	brk	$13,$2F	2	BrkDefault	805C	yes	causal-resume
11	8061	brk	$07,$6F,$3D	3	BrkService 16:07	8065	yes	causal-resume
11	806E	brk	$30,$0F	2	BrkDefault	8071	yes	causal-resume
11	807A	brk	$13,$2F	2	BrkDefault	807D	yes	causal-resume
11	8080	brk	$0B,$3F	2	BrkDefault	8083	yes	causal-resume
11	808B	brk	$13,$2F	2	BrkDefault	808E	yes	causal-resume
11	8091	brk	$05,$2F	2	BrkDefault	8094	yes	causal-resume
11	80B8	brk	$0D,$FB	2	BrkSelector FB	80BB	yes	-
11	80BB	brk	$27,$0F	2	BrkDefault	80BE	yes	-
11	80BE	brk	$0A,$4F	2	BrkDefault	80C1	yes	-
11	811B	brk	$62,$23,$41	3	BrkSelector 23	811F	yes	causal-resume
11	813A	brk	$07,$6F,$2D	3	BrkService 16:07	813E	yes	causal-resume
11	813E	brk	$07,$6F,$2C	3	BrkService 16:07	8142	yes	causal-resume
11	8168	brk	$5D,$33	2	BrkSelector 33	816B	yes	-
11	8174	brk	$07,$6F,$3D	3	BrkService 16:07	8178	yes	-
11	8178	brk	$00,$0B	2	BrkSelector 0B	817B	yes	-
11	8183	brk	$07,$6F,$2D	3	BrkService 16:07	8187	yes	-
11	818A	brk	$62,$23,$40	3	BrkSelector 23	818E	yes	-
11	8196	brk	$07,$6F,$65	3	BrkService 16:07	819A	yes	-
11	819E	brk	$07,$6F,$66	3	BrkService 16:07	81A2	yes	-
11	81A6	brk	$07,$6F,$67	3	BrkService 16:07	81AA	yes	-
11	81BF	brk	$62,$23,$80	3	BrkSelector 23	81C3	yes	-
11	81D7	brk	$62,$23,$80	3	BrkSelector 23	81DB	yes	-
11	81EE	brk	$07,$6F,$3D	3	BrkService 16:07	81F2	yes	-
11	81F2	brk	$6F,$0B	2	BrkSelector 0B	81F5	yes	-
11	8236	brk	$68,$53	2	BrkSelector 53	8239	yes	-
11	8252	brk	$2B,$73	2	BrkSelector 73	8255	yes	-
11	828A	brk	$67,$73	2	BrkSelector 73	828D	yes	causal-resume
11	8293	brk	$07,$6F,$2D	3	BrkService 16:07	8297	yes	causal-resume
11	8297	brk	$07,$6F,$64	3	BrkService 16:07	829B	yes	causal-resume
11	82A7	brk	$07,$6F,$5D	3	BrkService 16:07	82AB	yes	-
11	82AE	brk	$07,$6F,$5B	3	BrkService 16:07	82B2	yes	-
11	82B5	brk	$07,$6F,$4C	3	BrkService 16:07	82B9	yes	-
11	82C1	brk	$4E,$73	2	BrkSelector 73	82C4	yes	-
11	82C4	brk	$07,$6F,$4D	3	BrkService 16:07	82C8	yes	-
11	82DA	brk	$01,$6F,$61	3	BrkService 16:01	82DE	yes	-
11	8304	brk	$62,$23,$40	3	BrkSelector 23	8308	yes	-
11	8324	brk	$46,$93,$07	3	BrkSelector 93	8328	yes	causal-resume
11	832A	brk	$46,$93,$06	3	BrkSelector 93	832E	yes	causal-resume
11	8330	brk	$46,$93,$10	3	BrkSelector 93	8334	yes	causal-resume
11	8336	brk	$46,$93,$11	3	BrkSelector 93	833A	yes	causal-resume
11	833C	brk	$46,$93,$18	3	BrkSelector 93	8340	yes	causal-resume
11	8342	brk	$46,$93,$26	3	BrkSelector 93	8346	yes	causal-resume
11	8348	brk	$2B,$73	2	BrkSelector 73	834B	yes	causal-resume
11	8354	brk	$68,$73	2	BrkSelector 73	8357	yes	-
11	8368	brk	$32,$0F	2	BrkDefault	836B	yes	-
11	8374	brk	$07,$6F,$2D	3	BrkService 16:07	8378	yes	causal-resume
11	8393	brk	$3C,$93,$00	3	BrkSelector 93	8397	yes	causal-resume
11	8399	brk	$3C,$93,$01	3	BrkSelector 93	839D	yes	causal-resume
11	83A1	brk	$2B,$73	2	BrkSelector 73	83A4	yes	causal-resume
11	83A6	brk	$3C,$93,$02	3	BrkSelector 93	83AA	yes	causal-resume
11	83BB	brk	$00,$6F	2	BrkDefault	83BE	yes	causal-resume
11	83F5	brk	$01,$6F,$61	3	BrkService 16:01	83F9	yes	-
11	8403	brk	$07,$6F,$3D	3	BrkService 16:07	8407	yes	-
11	8407	brk	$83,$FB	2	BrkSelector FB	840A	yes	-
11	8410	brk	$2D,$0F	2	BrkDefault	8413	yes	-
11	8415	brk	$62,$33	2	BrkSelector 33	8418	yes	-
11	8421	brk	$80,$E3	2	BrkSelector E3	8424	yes	-
11	8446	brk	$E4,$D3,$04	3	BrkSelector D3	844A	yes	-
11	847C	brk	$2B,$73	2	BrkSelector 73	847F	yes	causal-resume
11	84A3	brk	$3C,$73	2	BrkSelector 73	84A6	yes	causal-resume
11	84AA	brk	$2B,$53	2	BrkSelector 53	84AD	yes	-
11	84B3	brk	$3C,$53	2	BrkSelector 53	84B6	yes	-
11	84C6	brk	$00,$6F	2	BrkDefault	84C9	yes	causal-resume
11	84D1	brk	$2B,$73	2	BrkSelector 73	84D4	yes	causal-resume
11	84DC	brk	$3F,$73	2	BrkSelector 73	84DF	yes	causal-resume
11	84E9	brk	$68,$73	2	BrkSelector 73	84EC	yes	causal-resume
11	84F3	brk	$0C,$3F	2	BrkDefault	84F6	yes	causal-resume
11	84FD	brk	$0D,$3F	2	BrkDefault	8500	yes	causal-resume
11	8510	brk	$07,$6F,$3D	3	BrkService 16:07	8514	yes	-
11	8519	brk	$62,$23,$43	3	BrkSelector 23	851D	yes	-
11	8521	brk	$60,$1B	2	BrkSelector 1B	8524	yes	-
11	8527	brk	$01,$0B	2	BrkSelector 0B	852A	yes	-
11	8538	brk	$2D,$73	2	BrkSelector 73	853B	yes	-
11	853D	brk	$07,$6F,$3D	3	BrkService 16:07	8541	yes	-
11	8546	brk	$02,$0B	2	BrkSelector 0B	8549	yes	-
11	8552	brk	$01,$6F,$37	3	BrkService 16:01	8556	yes	-
11	855D	brk	$2C,$73	2	BrkSelector 73	8560	yes	-
11	8566	brk	$0B,$0F	2	BrkDefault	8569	yes	-
11	856E	brk	$2B,$33	2	BrkSelector 33	8571	yes	-
11	8573	brk	$0A,$0F	2	BrkDefault	8576	yes	-
11	8578	brk	$07,$6F,$38	3	BrkService 16:07	857C	yes	-
11	8587	brk	$3B,$93,$00	3	BrkSelector 93	858B	yes	-
11	858D	brk	$0C,$0F	2	BrkDefault	8590	yes	-
11	8592	brk	$2B,$53	2	BrkSelector 53	8595	yes	-
11	8599	brk	$0A,$0F	2	BrkDefault	859C	yes	-
11	85AC	brk	$15,$0F	2	BrkDefault	85AF	yes	-
11	85B1	brk	$16,$0F	2	BrkDefault	85B4	yes	-
11	85BC	brk	$14,$0F	2	BrkDefault	85BF	yes	-
11	85D0	brk	$07,$6F,$3D	3	BrkService 16:07	85D4	yes	-
11	85DE	brk	$03,$0B	2	BrkSelector 0B	85E1	yes	-
11	8601	brk	$00,$6F	2	BrkDefault	8604	yes	causal-resume
11	861F	brk	$68,$73	2	BrkSelector 73	8622	yes	causal-resume
11	8628	brk	$32,$B3	2	BrkSelector B3	862B	yes	causal-resume
11	863E	brk	$29,$C3,$0E	3	BrkSelector C3	8642	yes	-
11	8644	brk	$29,$C3,$00	3	BrkSelector C3	8648	yes	-
11	864A	brk	$29,$C3,$0D	3	BrkSelector C3	864E	yes	-
11	8652	brk	$29,$C3,$02	3	BrkSelector C3	8656	yes	-
11	865A	brk	$29,$C3,$11	3	BrkSelector C3	865E	yes	-
11	86AA	brk	$1B,$0F	2	BrkDefault	86AD	yes	-
11	86B5	brk	$64,$63,$09	3	BrkSelector 63	86B9	yes	-
11	86C8	brk	$0A,$2F	2	BrkDefault	86CB	yes	-
11	86CD	brk	$64,$63,$09	3	BrkSelector 63	86D1	yes	-
11	86D5	brk	$0F,$53	2	BrkSelector 53	86D8	yes	-
11	86E6	brk	$46,$93,$1C	3	BrkSelector 93	86EA	yes	causal-resume
11	86EE	brk	$67,$73	2	BrkSelector 73	86F1	yes	-
11	86F7	brk	$68,$73	2	BrkSelector 73	86FA	yes	causal-resume
11	870E	brk	$2B,$73	2	BrkSelector 73	8711	yes	causal-resume
11	8713	brk	$62,$63,$40	3	BrkSelector 63	8717	yes	-
11	8722	brk	$68,$73	2	BrkSelector 73	8725	yes	causal-resume
11	8728	brk	$46,$93,$18	3	BrkSelector 93	872C	yes	causal-resume
11	872E	brk	$46,$93,$26	3	BrkSelector 93	8732	yes	causal-resume
11	8734	brk	$2B,$53	2	BrkSelector 53	8737	yes	causal-resume
11	8749	brk	$62,$63,$40	3	BrkSelector 63	874D	yes	causal-resume
11	8757	brk	$07,$6F,$3B	3	BrkService 16:07	875B	yes	-
11	8769	brk	$07,$6F,$3C	3	BrkService 16:07	876D	yes	-
11	8778	brk	$00,$6F	2	BrkDefault	877B	yes	-
11	87AD	brk	$12,$DF	2	BrkDefault	87B0	yes	-
11	87D6	brk	$13,$DF	2	BrkDefault	87D9	yes	causal-resume
11	8812	brk	$46,$63,$41	3	BrkSelector 63	8816	yes	causal-resume
11	8860	brk	$07,$6F,$3D	3	BrkService 16:07	8864	yes	causal-resume
11	8883	brk	$2B,$2F	2	BrkDefault	8886	yes	causal-resume
11	88A3	brk	$04,$1F	2	BrkDefault	88A6	yes	causal-resume
11	88D1	brk	$00,$3F	2	BrkDefault	88D4	yes	causal-resume
11	8927	brk	$06,$1F	2	BrkDefault	892A	yes	causal-resume
11	892C	brk	$23,$A3	2	BrkSelector A3	892F	yes	causal-resume
11	8933	brk	$1D,$0F	2	BrkDefault	8936	yes	causal-resume
11	8936	brk	$1E,$0F	2	BrkDefault	8939	yes	causal-resume
11	893A	brk	$03,$1F	2	BrkDefault	893D	yes	causal-resume
11	893D	brk	$0E,$3F	2	BrkDefault	8940	yes	causal-resume
11	8948	brk	$01,$1F	2	BrkDefault	894B	yes	-
11	894D	brk	$0E,$1F	2	BrkDefault	8950	yes	-
11	898E	brk	$02,$1F	2	BrkDefault	8991	yes	causal-resume
11	89AF	brk	$07,$1F	2	BrkDefault	89B2	yes	causal-resume
11	89B6	brk	$E4,$D3,$6D	3	BrkSelector D3	89BA	yes	-
11	89BD	brk	$03,$1F	2	BrkDefault	89C0	yes	causal-resume
11	89C4	brk	$07,$1F	2	BrkDefault	89C7	yes	causal-resume
11	89FD	brk	$67,$73	2	BrkSelector 73	8A00	yes	-
11	8A02	brk	$01,$1F	2	BrkDefault	8A05	yes	-
11	8A29	brk	$E1,$D3,$89	3	BrkSelector D3	8A2D	yes	-
11	8A55	brk	$06,$1F	2	BrkDefault	8A58	yes	causal-resume
11	8A5A	brk	$29,$C3,$02	3	BrkSelector C3	8A5E	yes	causal-resume
11	8A60	brk	$23,$A3	2	BrkSelector A3	8A63	yes	causal-resume
11	8A6C	brk	$33,$0F	2	BrkDefault	8A6F	yes	causal-resume
11	8A6F	brk	$1D,$0F	2	BrkDefault	8A72	yes	causal-resume
11	8A72	brk	$1E,$0F	2	BrkDefault	8A75	yes	causal-resume
11	8A76	brk	$2B,$53	2	BrkSelector 53	8A79	yes	causal-resume
11	8A7D	brk	$46,$93,$12	3	BrkSelector 93	8A81	yes	-
11	8A83	brk	$46,$93,$18	3	BrkSelector 93	8A87	yes	-
11	8A89	brk	$46,$93,$26	3	BrkSelector 93	8A8D	yes	-
11	8A94	brk	$00,$53	2	BrkSelector 53	8A97	yes	-
11	8A9B	brk	$25,$0F	2	BrkDefault	8A9E	yes	-
11	8AAC	brk	$34,$0F	2	BrkDefault	8AAF	yes	-
11	8AB0	brk	$46,$93,$18	3	BrkSelector 93	8AB4	yes	causal-resume
11	8AB6	brk	$46,$93,$26	3	BrkSelector 93	8ABA	yes	causal-resume
11	8ACB	brk	$39,$0F	2	BrkDefault	8ACE	yes	-
11	8ACF	brk	$06,$1F	2	BrkDefault	8AD2	yes	causal-resume
11	8AD4	brk	$04,$1F	2	BrkDefault	8AD7	yes	causal-resume
11	8ADB	brk	$46,$93,$07	3	BrkSelector 93	8ADF	yes	causal-resume
11	8AE1	brk	$46,$93,$06	3	BrkSelector 93	8AE5	yes	causal-resume
11	8AE7	brk	$46,$93,$10	3	BrkSelector 93	8AEB	yes	causal-resume
11	8AED	brk	$45,$93,$11	3	BrkSelector 93	8AF1	yes	causal-resume
11	8AF3	brk	$45,$93,$23	3	BrkSelector 93	8AF7	yes	causal-resume
11	8AF9	brk	$45,$93,$24	3	BrkSelector 93	8AFD	yes	causal-resume
11	8AFF	brk	$45,$93,$25	3	BrkSelector 93	8B03	yes	causal-resume
11	8B05	brk	$46,$93,$12	3	BrkSelector 93	8B09	yes	causal-resume
11	8B0B	brk	$3B,$93,$03	3	BrkSelector 93	8B0F	yes	causal-resume
11	8B1F	brk	$29,$C3,$0E	3	BrkSelector C3	8B23	yes	causal-resume
11	8B25	brk	$29,$C3,$0D	3	BrkSelector C3	8B29	yes	causal-resume
11	8B2B	brk	$29,$C3,$11	3	BrkSelector C3	8B2F	yes	causal-resume
11	8B31	brk	$29,$C3,$00	3	BrkSelector C3	8B35	yes	causal-resume
11	8B37	brk	$2B,$C3,$01	3	BrkSelector C3	8B3B	yes	causal-resume
11	8B3D	brk	$2B,$C3,$14	3	BrkSelector C3	8B41	yes	causal-resume
11	8B43	brk	$2B,$C3,$15	3	BrkSelector C3	8B47	yes	causal-resume
11	8B49	brk	$2B,$C3,$16	3	BrkSelector C3	8B4D	yes	causal-resume
11	8B4F	brk	$2B,$C3,$17	3	BrkSelector C3	8B53	yes	causal-resume
11	8B55	brk	$29,$C3,$02	3	BrkSelector C3	8B59	yes	causal-resume
11	8B5D	brk	$2C,$C3,$11	3	BrkSelector C3	8B61	yes	-
11	8B61	brk	$29,$C3,$11	3	BrkSelector C3	8B65	yes	-
11	8B67	brk	$E1,$D3,$FA	3	BrkSelector D3	8B6B	yes	-
11	8B6D	brk	$E1,$D3,$E9	3	BrkSelector D3	8B71	yes	-
11	8B73	brk	$E0,$D3,$24	3	BrkSelector D3	8B77	yes	-
11	8B79	brk	$E0,$D3,$25	3	BrkSelector D3	8B7D	yes	-
11	8B7F	brk	$E0,$D3,$26	3	BrkSelector D3	8B83	yes	-
11	8B85	brk	$E0,$D3,$27	3	BrkSelector D3	8B89	yes	-
11	8B8B	brk	$E0,$D3,$11	3	BrkSelector D3	8B8F	yes	-
11	8B91	brk	$E0,$D3,$14	3	BrkSelector D3	8B95	yes	-
11	8B99	brk	$03,$3F	2	BrkDefault	8B9C	yes	-
11	8B9E	brk	$1B,$0F	2	BrkDefault	8BA1	yes	-
11	8BA7	brk	$06,$1F	2	BrkDefault	8BAA	yes	-
11	8BAA	brk	$45,$93,$10	3	BrkSelector 93	8BAE	yes	-
11	8BB1	brk	$06,$1F	2	BrkDefault	8BB4	yes	-
11	8BB4	brk	$69,$93,$10	3	BrkSelector 93	8BB8	yes	-
11	8BB8	brk	$E0,$D3,$13	3	BrkSelector D3	8BBC	yes	-
11	8BC0	brk	$04,$3F	2	BrkDefault	8BC3	yes	-
11	8BC5	brk	$1B,$0F	2	BrkDefault	8BC8	yes	-
11	8BCE	brk	$06,$1F	2	BrkDefault	8BD1	yes	-
11	8BD1	brk	$2B,$C3,$00	3	BrkSelector C3	8BD5	yes	-
11	8BD5	brk	$E0,$D3,$12	3	BrkSelector D3	8BD9	yes	-
11	8BDB	brk	$06,$1F	2	BrkDefault	8BDE	yes	-
11	8BDE	brk	$2C,$C3,$00	3	BrkSelector C3	8BE2	yes	-
11	8BEB	brk	$06,$1F	2	BrkDefault	8BEE	yes	-
11	8BEE	brk	$2D,$B3	2	BrkSelector B3	8BF1	yes	-
11	8C08	brk	$0A,$1F	2	BrkDefault	8C0B	yes	-
11	8C0F	brk	$01,$1F	2	BrkDefault	8C12	yes	-
11	8C12	brk	$09,$1F	2	BrkDefault	8C15	yes	-
11	8C17	brk	$0B,$1F	2	BrkDefault	8C1A	yes	-
11	8C23	brk	$0A,$1F	2	BrkDefault	8C26	yes	-
11	8C28	brk	$2C,$0F	2	BrkDefault	8C2B	yes	-
11	8C2D	brk	$62,$23,$40	3	BrkSelector 23	8C31	yes	-
11	8C3C	brk	$2A,$0F	2	BrkService 10:2A	8C3F	yes	-
11	8C3F	brk	$67,$73	2	BrkSelector 73	8C42	yes	-
11	8C49	brk	$03,$1F	2	BrkDefault	8C4C	yes	causal-resume
11	8C50	brk	$06,$1F	2	BrkDefault	8C53	yes	causal-resume
11	8C55	brk	$29,$C3,$03	3	BrkSelector C3	8C59	yes	-
11	8C5D	brk	$46,$93,$13	3	BrkSelector 93	8C61	yes	causal-resume
11	8C6A	brk	$06,$1F	2	BrkDefault	8C6D	yes	-
11	8C6F	brk	$2A,$C3,$13	3	BrkSelector C3	8C73	yes	-
11	8C73	brk	$E4,$D3,$10	3	BrkSelector D3	8C77	yes	-
11	8C79	brk	$06,$1F	2	BrkDefault	8C7C	yes	-
11	8C7E	brk	$2A,$C3,$13	3	BrkSelector C3	8C82	yes	-
11	8C82	brk	$E5,$D3,$6D	3	BrkSelector D3	8C86	yes	-
11	8C92	brk	$03,$1F	2	BrkDefault	8C95	yes	causal-resume
11	8CB4	brk	$03,$1F	2	BrkDefault	8CB7	yes	causal-resume
11	8CC7	brk	$29,$0F	2	BrkDefault	8CCA	yes	causal-resume
11	8CD8	brk	$03,$1F	2	BrkDefault	8CDB	yes	-
11	8D0D	brk	$03,$1F	2	BrkDefault	8D10	yes	causal-resume
11	8D14	brk	$09,$3F	2	BrkDefault	8D17	yes	causal-resume
11	8D19	brk	$01,$1F	2	BrkDefault	8D1C	yes	causal-resume
11	8D29	brk	$29,$C3,$0E	3	BrkSelector C3	8D2D	yes	-
11	8D2F	brk	$29,$C3,$06	3	BrkSelector C3	8D33	yes	-
11	8D35	brk	$29,$C3,$07	3	BrkSelector C3	8D39	yes	-
11	8D3D	brk	$67,$73	2	BrkSelector 73	8D40	yes	-
11	8D41	brk	$46,$93,$07	3	BrkSelector 93	8D45	yes	-
11	8D47	brk	$46,$93,$16	3	BrkSelector 93	8D4B	yes	-
11	8D4D	brk	$3B,$93,$01	3	BrkSelector 93	8D51	yes	-
11	8D57	brk	$1B,$0F	2	BrkDefault	8D5A	yes	-
11	8D5E	brk	$46,$93,$17	3	BrkSelector 93	8D62	yes	-
11	8D64	jsr	$AC	1	JsrInline BF2E	8D68	yes	-
11	8D68	brk	$E8,$D3,$0E	3	BrkSelector D3	8D6C	yes	-
11	8D76	brk	$01,$1F	2	BrkDefault	8D79	yes	-
11	8D7D	jsr	$9A	1	JsrInline BF2E	8D81	yes	-
11	8D81	brk	$E8,$D3,$0F	3	BrkSelector D3	8D85	yes	-
11	8D8B	brk	$29,$C3,$0E	3	BrkSelector C3	8D8F	yes	-
11	8D92	brk	$67,$73	2	BrkSelector 73	8D95	yes	-
11	8D96	brk	$46,$93,$07	3	BrkSelector 93	8D9A	yes	-
11	8DA2	brk	$01,$1F	2	BrkDefault	8DA5	yes	-
11	8DBE	brk	$01,$1F	2	BrkDefault	8DC1	yes	-
11	8DC5	brk	$01,$1F	2	BrkDefault	8DC8	yes	-
11	8DD3	brk	$01,$1F	2	BrkDefault	8DD6	yes	-
11	8DDC	brk	$13,$2F	2	BrkDefault	8DDF	yes	causal-resume
11	8DE1	brk	$06,$6F	2	BrkDefault	8DE4	yes	causal-resume
11	8DE5	brk	$06,$1F	2	BrkDefault	8DE8	yes	causal-resume
11	8DF0	brk	$03,$1F	2	BrkDefault	8DF3	yes	causal-resume
11	8E13	jsr	$8E	1	JsrInline BF2E	8E17	yes	causal-resume
11	8E17	brk	$03,$1F	2	BrkDefault	8E1A	yes	causal-resume
11	8E4E	brk	$03,$4F	2	BrkDefault	8E51	yes	causal-resume
11	8E56	brk	$06,$1F	2	BrkDefault	8E59	yes	causal-resume
11	8E62	brk	$2D,$A3	2	BrkSelector A3	8E65	yes	-
11	8E77	jsr	$10	1	JsrInline BF2E	8E7B	yes	-
11	8E7B	brk	$62,$D3,$00	3	BrkSelector D3	8E7F	yes	-
11	8E82	brk	$06,$2F	2	BrkDefault	8E85	yes	-
11	8E86	jsr	$9C	1	JsrInline BF2E	8E8A	yes	causal-resume
11	8E8C	brk	$03,$4F	2	BrkDefault	8E8F	yes	causal-resume
11	8E96	brk	$E2,$D3,$00	3	BrkSelector D3	8E9A	yes	causal-resume
11	8E9E	brk	$F2,$D3,$04	3	BrkSelector D3	8EA2	yes	-
11	8EB3	jsr	$9D	1	JsrInline BF2E	8EB7	yes	-
11	8EB9	brk	$03,$4F	2	BrkDefault	8EBC	yes	-
11	8EC2	jsr	$91	1	JsrInline BF2E	8EC6	yes	-
11	8ECE	jsr	$8E	1	JsrInline BF2E	8ED2	yes	-
11	8ED4	brk	$03,$4F	2	BrkDefault	8ED7	yes	-
11	8EDA	jsr	$8F	1	JsrInline BF2E	8EDE	yes	-
11	8EDE	brk	$02,$4F	2	BrkDefault	8EE1	yes	-
11	8EE9	brk	$F2,$D3,$00	3	BrkSelector D3	8EED	yes	-
11	8EEE	jsr	$98	1	JsrInline BF2E	8EF2	yes	-
11	8EF2	brk	$F1,$D3,$8F	3	BrkSelector D3	8EF6	yes	-
11	8EF6	brk	$02,$4F	2	BrkDefault	8EF9	yes	-
11	8EF9	jsr	$88	1	JsrInline BF2E	8EFD	yes	-
11	8EFD	brk	$E5,$D3,$90	3	BrkSelector D3	8F01	yes	-
11	8F02	jsr	$98	1	JsrInline BF2E	8F06	yes	-
11	8F06	brk	$E5,$D3,$8F	3	BrkSelector D3	8F0A	yes	-
11	8F0A	brk	$02,$4F	2	BrkDefault	8F0D	yes	-
11	8F0D	brk	$03,$4F	2	BrkDefault	8F10	yes	-
11	8F10	brk	$E9,$D3,$91	3	BrkSelector D3	8F14	yes	-
11	8F15	brk	$E5,$D3,$84	3	BrkSelector D3	8F19	yes	-
11	8F1A	brk	$E5,$D3,$98	3	BrkSelector D3	8F1E	yes	-
11	8F1F	jsr	$9C	1	JsrInline BF2E	8F23	yes	-
11	8F26	brk	$F2,$D3,$04	3	BrkSelector D3	8F2A	yes	-
11	8F2D	jsr	$88	1	JsrInline BF2E	8F31	yes	-
11	8F33	brk	$03,$4F	2	BrkDefault	8F36	yes	-
11	8F36	brk	$F0,$D3,$76	3	BrkSelector D3	8F3A	yes	-
11	8F3B	brk	$05,$1F	2	BrkDefault	8F3E	yes	causal-resume
11	8F46	brk	$E0,$D3,$2D	3	BrkSelector D3	8F4A	yes	-
11	8F4A	brk	$06,$1F	2	BrkDefault	8F4D	yes	-
11	8F4F	brk	$31,$73	2	BrkSelector 73	8F52	yes	-
11	8F52	brk	$32,$73	2	BrkSelector 73	8F55	yes	-
11	8F59	brk	$1A,$73	2	BrkSelector 73	8F5C	yes	-
11	8F5C	brk	$17,$73	2	BrkSelector 73	8F5F	yes	-
11	8F63	brk	$19,$73	2	BrkSelector 73	8F66	yes	-
11	8F71	brk	$1E,$73	2	BrkSelector 73	8F74	yes	-
11	8F77	brk	$0C,$0F	2	BrkDefault	8F7A	yes	-
11	8F7C	brk	$12,$FB	2	BrkSelector FB	8F7F	yes	-
11	8F7F	brk	$07,$9F	2	BrkService 19:07	8F82	yes	-
11	8F87	brk	$0A,$1F	2	BrkDefault	8F8A	yes	-
11	8F8B	brk	$05,$1F	2	BrkDefault	8F8E	yes	causal-resume
11	8F98	brk	$0A,$1F	2	BrkDefault	8F9B	yes	-
11	8F9C	brk	$03,$1F	2	BrkDefault	8F9F	yes	-
11	9053	brk	$07,$9F	2	BrkService 19:07	9056	yes	-
11	9075	brk	$03,$9F	2	BrkService 19:03	9078	yes	-
11	90F1	brk	$07,$1F	2	BrkDefault	90F4	yes	causal-resume
11	90F4	brk	$46,$93,$19	3	BrkSelector 93	90F8	yes	causal-resume
11	9103	brk	$08,$3F	2	BrkDefault	9106	yes	-
11	9115	brk	$04,$73	2	BrkSelector 73	9118	yes	causal-resume
11	911A	jsr	$8A	1	JsrInline BF2E	911E	yes	causal-resume
11	911E	brk	$64,$D3,$17	3	BrkSelector D3	9122	yes	causal-resume
11	9122	brk	$02,$4F	2	BrkDefault	9125	yes	causal-resume
11	9125	brk	$07,$2F	2	BrkDefault	9128	yes	causal-resume
11	9128	brk	$27,$0F	2	BrkDefault	912B	yes	causal-resume
11	912D	brk	$00,$73	2	BrkSelector 73	9130	yes	causal-resume
11	9137	brk	$E8,$D3,$1B	3	BrkSelector D3	913B	yes	-
11	913F	jsr	$8D	1	JsrInline BF2E	9143	yes	-
11	9143	brk	$E4,$D3,$06	3	BrkSelector D3	9147	yes	-
11	914B	brk	$07,$1F	2	BrkDefault	914E	yes	causal-resume
11	914E	brk	$29,$C3,$0E	3	BrkSelector C3	9152	yes	causal-resume
11	9154	brk	$29,$C3,$09	3	BrkSelector C3	9158	yes	causal-resume
11	9163	brk	$08,$3F	2	BrkDefault	9166	yes	-
11	9175	brk	$03,$B3	2	BrkSelector B3	9178	yes	causal-resume
11	917F	brk	$2D,$A3	2	BrkSelector A3	9182	yes	-
11	918B	jsr	$8A	1	JsrInline BF2E	918F	yes	-
11	9199	jsr	$81	1	JsrInline BF2E	919D	yes	causal-resume
11	91A0	jsr	$87	1	JsrInline BF2E	91A4	yes	causal-resume
11	91A4	brk	$64,$D3,$16	3	BrkSelector D3	91A8	yes	causal-resume
11	91AE	brk	$07,$2F	2	BrkDefault	91B1	yes	causal-resume
11	91B3	brk	$00,$B3	2	BrkSelector B3	91B6	yes	causal-resume
11	91BA	brk	$13,$2F	2	BrkDefault	91BD	yes	causal-resume
11	91C0	brk	$1A,$2F	2	BrkDefault	91C3	yes	causal-resume
11	91C5	brk	$E8,$D3,$08	3	BrkSelector D3	91C9	yes	causal-resume
11	91CD	brk	$07,$1F	2	BrkDefault	91D0	yes	-
11	91D5	brk	$2D,$A3	2	BrkSelector A3	91D8	yes	-
11	91E1	jsr	$8D	1	JsrInline BF2E	91E5	yes	-
11	91E8	jsr	$8C	1	JsrInline BF2E	91EC	yes	-
11	91EC	brk	$E4,$D3,$07	3	BrkSelector D3	91F0	yes	-
11	921B	brk	$2B,$C3,$0E	3	BrkSelector C3	921F	yes	causal-resume
11	9231	brk	$E0,$D3,$88	3	BrkSelector D3	9235	yes	-
11	9235	brk	$16,$4F	2	BrkDefault	9238	yes	-
11	924A	brk	$31,$B3	2	BrkSelector B3	924D	yes	-
11	924D	brk	$19,$2F	2	BrkDefault	9250	yes	-
11	9272	brk	$45,$93,$07	3	BrkSelector 93	9276	yes	-
11	9276	brk	$27,$0F	2	BrkDefault	9279	yes	-
11	9280	brk	$00,$4F	2	BrkDefault	9283	yes	causal-resume
11	928A	brk	$01,$4F	2	BrkDefault	928D	yes	causal-resume
11	9290	brk	$29,$C3,$08	3	BrkSelector C3	9294	yes	causal-resume
11	9296	brk	$1A,$B3	2	BrkSelector B3	9299	yes	causal-resume
11	92AE	brk	$29,$C3,$08	3	BrkSelector C3	92B2	yes	causal-resume
11	92B4	brk	$1B,$B3	2	BrkSelector B3	92B7	yes	causal-resume
11	92CB	brk	$03,$B3	2	BrkSelector B3	92CE	yes	causal-resume
11	92DD	brk	$29,$C3,$0E	3	BrkSelector C3	92E1	yes	causal-resume
11	92E4	brk	$29,$C3,$0A	3	BrkSelector C3	92E8	yes	causal-resume
11	92F1	brk	$5D,$33	2	BrkSelector 33	92F4	yes	causal-resume
11	92FD	brk	$62,$23,$4B	3	BrkSelector 23	9301	yes	-
11	9305	brk	$62,$23,$0B	3	BrkSelector 23	9309	yes	causal-resume
11	9321	brk	$5D,$33	2	BrkSelector 33	9324	yes	causal-resume
11	932D	brk	$62,$23,$4B	3	BrkSelector 23	9331	yes	-
11	9336	brk	$29,$C3,$0E	3	BrkSelector C3	933A	yes	-
11	933B	brk	$29,$C3,$0D	3	BrkSelector C3	933F	yes	-
11	934A	brk	$29,$C3,$0E	3	BrkSelector C3	934E	yes	-
11	93A6	brk	$02,$1F	2	BrkDefault	93A9	yes	causal-resume
11	93B6	brk	$29,$C3,$0E	3	BrkSelector C3	93BA	yes	causal-resume
11	93CF	brk	$2D,$B3	2	BrkSelector B3	93D2	yes	causal-resume
11	93D6	brk	$29,$C3,$0E	3	BrkSelector C3	93DA	yes	causal-resume
11	93E0	brk	$29,$C3,$02	3	BrkSelector C3	93E4	yes	causal-resume
11	93EC	brk	$29,$C3,$0D	3	BrkSelector C3	93F0	yes	causal-resume
11	93F8	brk	$29,$C3,$00	3	BrkSelector C3	93FC	yes	causal-resume
11	9470	brk	$67,$73	2	BrkSelector 73	9473	yes	causal-resume
11	9474	brk	$46,$93,$07	3	BrkSelector 93	9478	yes	causal-resume
11	947A	brk	$02,$1F	2	BrkDefault	947D	yes	causal-resume
11	9481	brk	$46,$93,$12	3	BrkSelector 93	9485	yes	causal-resume
11	9487	brk	$46,$93,$10	3	BrkSelector 93	948B	yes	causal-resume
11	948D	brk	$01,$1F	2	BrkDefault	9490	yes	-
11	949E	brk	$1B,$0F	2	BrkDefault	94A1	yes	-
11	94CF	brk	$01,$1F	2	BrkDefault	94D2	yes	causal-resume
11	94D2	brk	$67,$73	2	BrkSelector 73	94D5	yes	causal-resume
11	94D8	brk	$17,$0F	2	BrkDefault	94DB	yes	causal-resume
11	94F7	brk	$00,$B3	2	BrkSelector B3	94FA	yes	causal-resume
11	9518	brk	$03,$1F	2	BrkDefault	951B	yes	causal-resume
11	952B	brk	$0E,$3F	2	BrkDefault	952E	yes	causal-resume
11	9535	brk	$02,$1F	2	BrkDefault	9538	yes	causal-resume
11	953D	brk	$67,$73	2	BrkSelector 73	9540	yes	causal-resume
11	9541	brk	$46,$93,$07	3	BrkSelector 93	9545	yes	causal-resume
11	9554	brk	$29,$C3,$0F	3	BrkSelector C3	9558	yes	causal-resume
11	955A	brk	$29,$C3,$0E	3	BrkSelector C3	955E	yes	causal-resume
11	9567	brk	$2D,$B3	2	BrkSelector B3	956A	yes	causal-resume
11	956E	brk	$29,$C3,$0E	3	BrkSelector C3	9572	yes	causal-resume
11	9578	brk	$29,$C3,$0D	3	BrkSelector C3	957C	yes	causal-resume
11	9584	brk	$03,$1F	2	BrkDefault	9587	yes	causal-resume
11	958D	brk	$29,$C3,$06	3	BrkSelector C3	9591	yes	-
11	9599	brk	$29,$C3,$07	3	BrkSelector C3	959D	yes	-
11	95A5	brk	$29,$C3,$02	3	BrkSelector C3	95A9	yes	causal-resume
11	95B7	brk	$01,$1F	2	BrkDefault	95BA	yes	causal-resume
11	95C2	brk	$07,$1F	2	BrkDefault	95C5	yes	-
11	95C7	brk	$06,$1F	2	BrkDefault	95CA	yes	-
11	95CC	brk	$E4,$D3,$6E	3	BrkSelector D3	95D0	yes	-
11	95D4	brk	$2B,$0F	2	BrkService 10:2B	95D7	yes	causal-resume
11	95DD	brk	$02,$1F	2	BrkDefault	95E0	yes	-
11	95FB	brk	$2D,$B3	2	BrkSelector B3	95FE	yes	-
11	9600	brk	$29,$C3,$0E	3	BrkSelector C3	9604	yes	-
11	9608	brk	$2B,$0F	2	BrkService 10:2B	960B	yes	-
11	9611	brk	$02,$1F	2	BrkDefault	9614	yes	causal-resume
11	9618	brk	$29,$C3,$0E	3	BrkSelector C3	961C	yes	-
11	961C	brk	$03,$1F	2	BrkDefault	961F	yes	-
11	962B	brk	$29,$C3,$0F	3	BrkSelector C3	962F	yes	-
11	963C	brk	$03,$1F	2	BrkDefault	963F	yes	-
11	963F	brk	$0E,$3F	2	BrkDefault	9642	yes	-
11	9646	brk	$02,$1F	2	BrkDefault	9649	yes	-
11	9650	brk	$2D,$B3	2	BrkSelector B3	9653	yes	-
11	966A	brk	$03,$1F	2	BrkDefault	966D	yes	-
11	966D	brk	$0C,$3F	2	BrkDefault	9670	yes	-
11	9672	brk	$01,$1F	2	BrkDefault	9675	yes	-
11	967C	brk	$01,$1F	2	BrkDefault	967F	yes	-
11	968B	brk	$2C,$0F	2	BrkDefault	968E	yes	causal-resume
11	9690	brk	$03,$1F	2	BrkDefault	9693	yes	causal-resume
11	96A4	brk	$62,$23,$40	3	BrkSelector 23	96A8	yes	-
11	96B9	brk	$68,$73	2	BrkSelector 73	96BC	yes	causal-resume
11	96C3	brk	$02,$1F	2	BrkDefault	96C6	yes	-
11	96CA	brk	$29,$C3,$0E	3	BrkSelector C3	96CE	yes	-
11	96E1	brk	$06,$1F	2	BrkDefault	96E4	yes	causal-resume
11	96E6	brk	$3B,$93,$00	3	BrkSelector 93	96EA	yes	causal-resume
11	96FE	brk	$13,$2F	2	BrkDefault	9701	yes	causal-resume
11	9709	brk	$06,$6F	2	BrkDefault	970C	yes	causal-resume
11	9711	brk	$07,$1F	2	BrkDefault	9714	yes	causal-resume
11	971B	brk	$06,$1F	2	BrkDefault	971E	yes	causal-resume
11	9720	brk	$29,$C3,$04	3	BrkSelector C3	9724	yes	causal-resume
11	9730	brk	$29,$C3,$05	3	BrkSelector C3	9734	yes	causal-resume
11	9739	brk	$07,$1F	2	BrkDefault	973C	yes	causal-resume
11	9740	brk	$00,$53	2	BrkSelector 53	9743	yes	causal-resume
11	9757	brk	$1B,$0F	2	BrkDefault	975A	yes	-
11	9763	brk	$E4,$D3,$49	3	BrkSelector D3	9767	yes	-
11	9769	brk	$68,$73	2	BrkSelector 73	976C	yes	-
11	977D	brk	$06,$1F	2	BrkDefault	9780	yes	causal-resume
11	9780	brk	$46,$93,$14	3	BrkSelector 93	9784	yes	causal-resume
11	9795	brk	$06,$1F	2	BrkDefault	9798	yes	causal-resume
11	9798	brk	$46,$93,$15	3	BrkSelector 93	979C	yes	causal-resume
11	97B6	brk	$06,$1F	2	BrkDefault	97B9	yes	causal-resume
11	97B9	brk	$2B,$53	2	BrkSelector 53	97BC	yes	causal-resume
11	97C0	brk	$0F,$53	2	BrkSelector 53	97C3	yes	causal-resume
11	97C5	brk	$1B,$0F	2	BrkDefault	97C8	yes	causal-resume
11	97CF	jsr	$88	1	JsrInline BF2E	97D3	yes	-
11	97D3	brk	$F2,$D3,$04	3	BrkSelector D3	97D7	yes	-
11	97E6	brk	$1B,$0F	2	BrkDefault	97E9	yes	-
11	97EF	brk	$06,$1F	2	BrkDefault	97F2	yes	-
11	97F9	brk	$2D,$A3	2	BrkSelector A3	97FC	yes	-
11	9805	jsr	$8D	1	JsrInline BF2E	9809	yes	-
11	9809	brk	$E4,$D3,$06	3	BrkSelector D3	980D	yes	-
11	980E	jsr	$8C	1	JsrInline BF2E	9812	yes	-
11	9812	brk	$E4,$D3,$07	3	BrkSelector D3	9816	yes	-
11	9848	brk	$06,$1F	2	BrkDefault	984B	yes	causal-resume
11	984D	brk	$3B,$73	2	BrkSelector 73	9850	yes	causal-resume
11	988C	brk	$2D,$A3	2	BrkSelector A3	988F	yes	causal-resume
11	98A4	brk	$18,$4F	2	BrkDefault	98A7	yes	-
11	98B4	jsr	$87	1	JsrInline BF2E	98B8	yes	-
11	98B8	brk	$01,$4F	2	BrkDefault	98BB	yes	-
11	98BB	brk	$97,$FB	2	BrkSelector FB	98BE	yes	-
11	98C1	brk	$12,$4F	2	BrkDefault	98C4	yes	-
11	98C6	brk	$E5,$D3,$D0	3	BrkSelector D3	98CA	yes	-
11	98D1	brk	$E5,$D3,$D1	3	BrkSelector D3	98D5	yes	-
11	98DD	brk	$31,$A3	2	BrkSelector A3	98E0	yes	-
11	98E5	brk	$1B,$0F	2	BrkDefault	98E8	yes	-
11	98EF	jsr	$88	1	JsrInline BF2E	98F3	yes	-
11	98F3	brk	$F2,$D3,$04	3	BrkSelector D3	98F7	yes	-
11	98FA	brk	$06,$1F	2	BrkDefault	98FD	yes	-
11	98FF	brk	$12,$A3	2	BrkSelector A3	9902	yes	-
11	9906	brk	$18,$53	2	BrkSelector 53	9909	yes	-
11	9918	brk	$17,$0F	2	BrkDefault	991B	yes	-
11	991F	brk	$06,$1F	2	BrkDefault	9922	yes	-
11	9924	brk	$12,$A3	2	BrkSelector A3	9927	yes	-
11	992C	brk	$18,$53	2	BrkSelector 53	992F	yes	-
11	9975	brk	$1B,$0F	2	BrkDefault	9978	yes	-
11	9982	brk	$67,$73	2	BrkSelector 73	9985	yes	causal-resume
11	9986	brk	$1C,$73	2	BrkSelector 73	9989	yes	causal-resume
11	99B2	brk	$17,$0F	2	BrkDefault	99B5	yes	-
11	99C2	brk	$16,$B3	2	BrkSelector B3	99C5	yes	causal-resume
11	99F0	brk	$1B,$0F	2	BrkDefault	99F3	yes	causal-resume
11	9A18	brk	$17,$0F	2	BrkDefault	9A1B	yes	-
11	9A37	brk	$06,$1F	2	BrkDefault	9A3A	yes	causal-resume
11	9A3C	brk	$03,$1F	2	BrkDefault	9A3F	yes	causal-resume
11	9A43	brk	$10,$73	2	BrkSelector 73	9A46	yes	-
11	9A48	brk	$13,$0F	2	BrkDefault	9A4B	yes	-
11	9A59	brk	$18,$73	2	BrkSelector 73	9A5C	yes	causal-resume
11	9A61	brk	$12,$B3	2	BrkSelector B3	9A64	yes	causal-resume
11	9AE2	brk	$01,$1F	2	BrkDefault	9AE5	yes	causal-resume
11	9AE5	brk	$07,$3F	2	BrkDefault	9AE8	yes	causal-resume
11	9AEB	brk	$1B,$0F	2	BrkDefault	9AEE	yes	-
11	9AF2	brk	$F0,$D3,$23	3	BrkSelector D3	9AF6	yes	-
11	9B0C	brk	$07,$1F	2	BrkDefault	9B0F	yes	-
11	9B13	jsr	$9E	1	JsrInline BF2E	9B17	yes	-
11	9B1C	brk	$1A,$2F	2	BrkDefault	9B1F	yes	-
11	9B21	brk	$E6,$D3,$01	3	BrkSelector D3	9B25	yes	-
11	9B25	brk	$23,$2F	2	BrkDefault	9B28	yes	-
11	9B2B	brk	$3B,$93,$01	3	BrkSelector 93	9B2F	yes	-
11	9B35	brk	$1B,$0F	2	BrkDefault	9B38	yes	-
11	9B3F	jsr	$9E	1	JsrInline BF2E	9B43	yes	-
11	9B43	brk	$E6,$D3,$02	3	BrkSelector D3	9B47	yes	-
11	9B47	brk	$23,$2F	2	BrkDefault	9B4A	yes	-
11	9B4B	brk	$E6,$D3,$03	3	BrkSelector D3	9B4F	yes	-
11	9B4F	brk	$23,$2F	2	BrkDefault	9B52	yes	-
11	9B53	brk	$07,$1F	2	BrkDefault	9B56	yes	-
11	9B60	brk	$E6,$D3,$01	3	BrkSelector D3	9B64	yes	-
11	9B64	brk	$23,$2F	2	BrkDefault	9B67	yes	-
11	9B69	brk	$2B,$C3,$0F	3	BrkSelector C3	9B6D	yes	-
11	9B70	brk	$2B,$73	2	BrkSelector 73	9B73	yes	-
11	9B77	brk	$E6,$D3,$03	3	BrkSelector D3	9B7B	yes	-
11	9B7B	brk	$23,$2F	2	BrkDefault	9B7E	yes	-
11	9B81	brk	$E6,$D3,$03	3	BrkSelector D3	9B85	yes	-
11	9B86	brk	$07,$1F	2	BrkDefault	9B89	yes	-
11	9B8B	brk	$1B,$0F	2	BrkDefault	9B8E	yes	-
11	9B92	brk	$00,$A3	2	BrkSelector A3	9B95	yes	-
11	9BA0	brk	$03,$A3	2	BrkSelector A3	9BA3	yes	-
11	9BAD	brk	$00,$A3	2	BrkSelector A3	9BB0	yes	-
11	9BB9	jsr	$87	1	JsrInline BF2E	9BBD	yes	-
11	9BBD	brk	$66,$D3,$01	3	BrkSelector D3	9BC1	yes	-
11	9BC6	brk	$07,$2F	2	BrkDefault	9BC9	yes	-
11	9BD0	jsr	$9F	1	JsrInline BF2E	9BD4	yes	-
11	9BD4	brk	$E6,$D3,$04	3	BrkSelector D3	9BD8	yes	-
11	9BDB	brk	$1B,$0F	2	BrkDefault	9BDE	yes	-
11	9BE2	brk	$00,$53	2	BrkSelector 53	9BE5	yes	-
11	9BEE	brk	$04,$33	2	BrkSelector 33	9BF1	yes	-
11	9BF9	brk	$00,$33	2	BrkSelector 33	9BFC	yes	-
11	9C02	jsr	$8A	1	JsrInline BF2E	9C06	yes	-
11	9C06	brk	$66,$D3,$02	3	BrkSelector D3	9C0A	yes	-
11	9C0A	brk	$02,$4F	2	BrkDefault	9C0D	yes	-
11	9C0D	brk	$27,$0F	2	BrkDefault	9C10	yes	-
11	9C10	brk	$07,$2F	2	BrkDefault	9C13	yes	-
11	9C17	jsr	$9F	1	JsrInline BF2E	9C1B	yes	-
11	9C1B	brk	$E6,$D3,$04	3	BrkSelector D3	9C1F	yes	-
11	9C20	brk	$8A,$FB	2	BrkSelector FB	9C23	yes	-
11	9C23	brk	$07,$1F	2	BrkDefault	9C26	yes	-
11	9C50	brk	$06,$1F	2	BrkDefault	9C53	yes	-
11	9C58	brk	$06,$1F	2	BrkDefault	9C5B	yes	-
11	9C5B	brk	$29,$C3,$0E	3	BrkSelector C3	9C5F	yes	-
11	9C64	brk	$E8,$D3,$15	3	BrkSelector D3	9C68	yes	-
11	9C6C	brk	$E8,$D3,$15	3	BrkSelector D3	9C70	yes	-
11	9C76	brk	$07,$1F	2	BrkDefault	9C79	yes	-
11	9C8B	brk	$E6,$D3,$01	3	BrkSelector D3	9C8F	yes	-
11	9C96	brk	$E6,$D3,$02	3	BrkSelector D3	9C9A	yes	-
11	9CAD	brk	$07,$1F	2	BrkDefault	9CB0	yes	-
11	9CB9	brk	$19,$4F	2	BrkDefault	9CBC	yes	-
11	9CD1	brk	$07,$1F	2	BrkDefault	9CD4	yes	-
11	9CD8	brk	$3B,$93,$01	3	BrkSelector 93	9CDC	yes	-
11	9CE2	brk	$3B,$93,$03	3	BrkSelector 93	9CE6	yes	-
11	9CF0	brk	$1B,$0F	2	BrkDefault	9CF3	yes	-
11	9CFE	brk	$E6,$D3,$03	3	BrkSelector D3	9D02	yes	-
11	9D11	brk	$F2,$D3,$04	3	BrkSelector D3	9D15	yes	-
11	9D1C	brk	$07,$1F	2	BrkDefault	9D1F	yes	-
11	9D32	brk	$07,$1F	2	BrkDefault	9D35	yes	-
11	9D4A	brk	$E6,$D3,$01	3	BrkSelector D3	9D4E	yes	-
11	9D53	brk	$07,$1F	2	BrkDefault	9D56	yes	causal-resume
11	9D58	brk	$2A,$A3	2	BrkSelector A3	9D5B	yes	-
11	9D5D	brk	$E6,$D3,$01	3	BrkSelector D3	9D61	yes	-
11	9D64	brk	$44,$53	2	BrkSelector 53	9D67	yes	causal-resume
11	9D69	brk	$E6,$D3,$02	3	BrkSelector D3	9D6D	yes	causal-resume
11	9D72	brk	$07,$1F	2	BrkDefault	9D75	yes	-
11	9D77	brk	$2B,$A3	2	BrkSelector A3	9D7A	yes	-
11	9D7C	brk	$E6,$D3,$01	3	BrkSelector D3	9D80	yes	-
11	9D81	brk	$45,$53	2	BrkSelector 53	9D84	yes	-
11	9D86	brk	$E6,$D3,$02	3	BrkSelector D3	9D8A	yes	-
11	9D8B	brk	$E4,$D3,$1A	3	BrkSelector D3	9D8F	yes	-
11	9D90	brk	$07,$1F	2	BrkDefault	9D93	yes	-
11	9D95	brk	$2A,$C3,$11	3	BrkSelector C3	9D99	yes	-
11	9D99	brk	$E6,$D3,$01	3	BrkSelector D3	9D9D	yes	-
11	9D9E	brk	$44,$93,$80	3	BrkSelector 93	9DA2	yes	-
11	9DA2	brk	$62,$23,$41	3	BrkSelector 23	9DA6	yes	-
11	9DAA	brk	$E6,$D3,$01	3	BrkSelector D3	9DAE	yes	-
11	9DAF	brk	$E6,$D3,$02	3	BrkSelector D3	9DB3	yes	-
11	9DB4	brk	$06,$1F	2	BrkDefault	9DB7	yes	-
11	9DC2	brk	$07,$1F	2	BrkDefault	9DC5	yes	-
11	9DC7	brk	$06,$1F	2	BrkDefault	9DCA	yes	-
11	9DCA	brk	$29,$C3,$0C	3	BrkSelector C3	9DCE	yes	-
11	9DDD	brk	$0F,$4F	2	BrkDefault	9DE0	yes	-
11	9DE2	brk	$E4,$D3,$1A	3	BrkSelector D3	9DE6	yes	-
11	9DE7	brk	$E6,$D3,$01	3	BrkSelector D3	9DEB	yes	-
11	9DEB	brk	$06,$1F	2	BrkDefault	9DEE	yes	-
11	9DEE	brk	$2A,$C3,$0C	3	BrkSelector C3	9DF2	yes	-
11	9DFD	brk	$07,$1F	2	BrkDefault	9E00	yes	-
11	9E02	brk	$2B,$53	2	BrkSelector 53	9E05	yes	-
11	9E09	brk	$06,$1F	2	BrkDefault	9E0C	yes	-
11	9E0C	brk	$46,$93,$1C	3	BrkSelector 93	9E10	yes	-
11	9E12	brk	$01,$1F	2	BrkDefault	9E15	yes	-
11	9E19	brk	$06,$1F	2	BrkDefault	9E1C	yes	-
11	9E1F	brk	$01,$1F	2	BrkDefault	9E22	yes	-
11	9E26	brk	$06,$1F	2	BrkDefault	9E29	yes	-
11	9E29	brk	$44,$93,$1C	3	BrkSelector 93	9E2D	yes	-
11	9E2D	brk	$E6,$D3,$02	3	BrkSelector D3	9E31	yes	-
11	9E32	brk	$06,$1F	2	BrkDefault	9E35	yes	-
11	9E3B	brk	$44,$93,$1C	3	BrkSelector 93	9E3F	yes	-
11	9E42	brk	$E6,$D3,$01	3	BrkSelector D3	9E46	yes	-
11	9E47	brk	$E6,$D3,$03	3	BrkSelector D3	9E4B	yes	-
11	9E4C	brk	$67,$73	2	BrkSelector 73	9E4F	yes	-
11	9E50	brk	$2B,$53	2	BrkSelector 53	9E53	yes	-
11	9E55	brk	$29,$53	2	BrkSelector 53	9E58	yes	-
11	9E65	brk	$15,$B3	2	BrkSelector B3	9E68	yes	-
11	9E68	brk	$11,$A3	2	BrkSelector A3	9E6B	yes	-
11	9E6B	brk	$19,$A3	2	BrkSelector A3	9E6E	yes	-
11	9E71	brk	$67,$73	2	BrkSelector 73	9E74	yes	-
11	9E75	brk	$18,$73	2	BrkSelector 73	9E78	yes	-
11	9E7B	brk	$14,$B3	2	BrkSelector B3	9E7E	yes	-
11	9E7E	brk	$1C,$33	2	BrkSelector 33	9E81	yes	-
11	9E84	brk	$18,$B3	2	BrkSelector B3	9E87	yes	-
11	9E87	brk	$14,$33	2	BrkSelector 33	9E8A	yes	-
11	9E8D	brk	$10,$B3	2	BrkSelector B3	9E90	yes	-
11	9E9A	brk	$1A,$73	2	BrkSelector 73	9E9D	yes	-
11	9E9D	brk	$16,$53	2	BrkSelector 53	9EA0	yes	-
11	9EA0	brk	$1E,$53	2	BrkSelector 53	9EA3	yes	-
11	9EA8	brk	$67,$73	2	BrkSelector 73	9EAB	yes	-
11	9EAF	brk	$18,$53	2	BrkSelector 53	9EB2	yes	-
11	9EB5	brk	$19,$73	2	BrkSelector 73	9EB8	yes	-
11	9EBA	brk	$1C,$53	2	BrkSelector 53	9EBD	yes	-
11	9EC0	brk	$1D,$73	2	BrkSelector 73	9EC3	yes	-
11	9EC5	brk	$14,$53	2	BrkSelector 53	9EC8	yes	-
11	9ECB	brk	$15,$73	2	BrkSelector 73	9ECE	yes	-
11	9EDD	brk	$07,$1F	2	BrkDefault	9EE0	yes	-
11	9EE2	brk	$05,$3F	2	BrkDefault	9EE5	yes	-
11	9EE7	brk	$0A,$A3	2	BrkSelector A3	9EEA	yes	-
11	9EEB	brk	$E6,$D3,$01	3	BrkSelector D3	9EEF	yes	-
11	9EF5	brk	$05,$3F	2	BrkDefault	9EF8	yes	-
11	9EFA	brk	$0B,$53	2	BrkSelector 53	9EFD	yes	-
11	9EFE	brk	$E6,$D3,$02	3	BrkSelector D3	9F02	yes	-
11	9F05	brk	$06,$1F	2	BrkDefault	9F08	yes	-
11	9F0C	brk	$09,$B3	2	BrkSelector B3	9F0F	yes	-
11	9F10	brk	$09,$73	2	BrkSelector 73	9F13	yes	-
11	9F14	brk	$07,$1F	2	BrkDefault	9F17	yes	-
11	9F19	brk	$17,$B3	2	BrkSelector B3	9F1C	yes	-
11	9F21	brk	$1B,$73	2	BrkSelector 73	9F24	yes	-
11	9F27	brk	$07,$1F	2	BrkDefault	9F2A	yes	-
11	9F2C	brk	$16,$A3	2	BrkSelector A3	9F2F	yes	-
11	9F3F	brk	$19,$A3	2	BrkSelector A3	9F42	yes	-
11	9F42	brk	$E6,$D3,$01	3	BrkSelector D3	9F46	yes	-
11	9F49	brk	$1C,$53	2	BrkSelector 53	9F4C	yes	-
11	9F5C	brk	$1E,$53	2	BrkSelector 53	9F5F	yes	-
11	9F5F	brk	$E6,$D3,$02	3	BrkSelector D3	9F63	yes	-
11	9F64	brk	$07,$1F	2	BrkDefault	9F67	yes	-
11	9F69	brk	$17,$B3	2	BrkSelector B3	9F6C	yes	-
11	9F7A	brk	$1B,$73	2	BrkSelector 73	9F7D	yes	-
11	9F93	brk	$07,$1F	2	BrkDefault	9F96	yes	-
11	9F98	brk	$17,$A3	2	BrkSelector A3	9F9B	yes	-
11	9FA6	brk	$18,$A3	2	BrkSelector A3	9FA9	yes	-
11	9FA9	brk	$E6,$D3,$01	3	BrkSelector D3	9FAD	yes	-
11	9FB0	brk	$1B,$53	2	BrkSelector 53	9FB3	yes	-
11	9FBE	brk	$1D,$53	2	BrkSelector 53	9FC1	yes	-
11	9FC1	brk	$E6,$D3,$01	3	BrkSelector D3	9FC5	yes	-
11	9FC6	brk	$07,$1F	2	BrkDefault	9FC9	yes	-
11	9FCB	brk	$0F,$B3	2	BrkSelector B3	9FCE	yes	-
11	9FD3	brk	$10,$A3	2	BrkSelector A3	9FD6	yes	-
11	9FD6	brk	$E6,$D3,$01	3	BrkSelector D3	9FDA	yes	-
11	9FDD	brk	$12,$73	2	BrkSelector 73	9FE0	yes	-
11	9FE5	brk	$15,$53	2	BrkSelector 53	9FE8	yes	-
11	9FE8	brk	$E6,$D3,$01	3	BrkSelector D3	9FEC	yes	-
11	9FED	brk	$07,$1F	2	BrkDefault	9FF0	yes	causal-resume
11	9FF2	brk	$05,$3F	2	BrkDefault	9FF5	yes	-
11	9FF7	brk	$02,$A3	2	BrkSelector A3	9FFA	yes	-
11	9FFA	brk	$E6,$D3,$01	3	BrkSelector D3	9FFE	yes	-
11	A001	brk	$05,$3F	2	BrkDefault	A004	yes	causal-resume
11	A006	brk	$02,$53	2	BrkSelector 53	A009	yes	causal-resume
11	A009	brk	$E6,$D3,$01	3	BrkSelector D3	A00D	yes	causal-resume
11	A00D	brk	$27,$0F	2	BrkDefault	A010	yes	causal-resume
11	A036	brk	$E4,$D3,$1A	3	BrkSelector D3	A03A	yes	-
11	A03B	brk	$1B,$0F	2	BrkDefault	A03E	yes	-
11	A042	brk	$E6,$D3,$03	3	BrkSelector D3	A046	yes	-
11	A050	brk	$07,$1F	2	BrkDefault	A053	yes	-
11	A05A	brk	$2A,$C3,$0E	3	BrkSelector C3	A05E	yes	-
11	A064	brk	$05,$B3	2	BrkSelector B3	A067	yes	-
11	A06A	brk	$06,$B3	2	BrkSelector B3	A06D	yes	-
11	A073	brk	$E6,$D3,$01	3	BrkSelector D3	A077	yes	-
11	A07A	brk	$44,$93,$07	3	BrkSelector 93	A07E	yes	-
11	A080	brk	$00,$13	2	BrkSelector 13	A083	yes	-
11	A086	brk	$27,$0F	2	BrkDefault	A089	yes	-
11	A089	brk	$E6,$D3,$01	3	BrkSelector D3	A08D	yes	-
11	A08E	brk	$01,$1F	2	BrkDefault	A091	yes	-
11	A096	brk	$07,$1F	2	BrkDefault	A099	yes	-
11	A09B	brk	$46,$93,$07	3	BrkSelector 93	A09F	yes	-
11	A0A1	brk	$05,$73	2	BrkSelector 73	A0A4	yes	-
11	A0A4	brk	$E6,$D3,$02	3	BrkSelector D3	A0A8	yes	-
11	A0A9	brk	$29,$C3,$0E	3	BrkSelector C3	A0AD	yes	-
11	A0AF	brk	$05,$A3	2	BrkSelector A3	A0B2	yes	-
11	A0B2	brk	$E6,$D3,$02	3	BrkSelector D3	A0B6	yes	-
11	A0B7	brk	$07,$1F	2	BrkDefault	A0BA	yes	-
11	A0BC	brk	$29,$C3,$0E	3	BrkSelector C3	A0C0	yes	-
11	A0C1	brk	$46,$93,$07	3	BrkSelector 93	A0C5	yes	-
11	A0C6	brk	$07,$1F	2	BrkDefault	A0C9	yes	-
11	A0CD	brk	$2D,$B3	2	BrkSelector B3	A0D0	yes	-
11	A0D6	brk	$05,$4F	2	BrkDefault	A0D9	yes	-
11	A0E0	brk	$2D,$B3	2	BrkSelector B3	A0E3	yes	-
11	A0E9	brk	$06,$4F	2	BrkDefault	A0EC	yes	-
11	A0F2	brk	$09,$1F	2	BrkDefault	A0F5	yes	-
11	A0F9	brk	$08,$1F	2	BrkDefault	A0FC	yes	-
11	A122	brk	$06,$1F	2	BrkDefault	A125	yes	-
11	A125	brk	$2D,$B3	2	BrkSelector B3	A128	yes	-
11	A141	brk	$E8,$D3,$1A	3	BrkSelector D3	A145	yes	-
11	A14F	brk	$E6,$D3,$01	3	BrkSelector D3	A153	yes	-
11	A15A	brk	$E6,$D3,$01	3	BrkSelector D3	A15E	yes	-
11	A161	brk	$03,$1F	2	BrkDefault	A164	yes	-
11	A16F	brk	$09,$4F	2	BrkDefault	A172	yes	-
11	A172	brk	$11,$4F	2	BrkDefault	A175	yes	-
11	A177	brk	$05,$4F	2	BrkDefault	A17A	yes	-
11	A192	brk	$31,$A3	2	BrkSelector A3	A195	yes	-
11	A195	brk	$06,$4F	2	BrkDefault	A198	yes	-
11	A1A5	brk	$05,$4F	2	BrkDefault	A1A8	yes	-
11	A1B6	brk	$29,$C3,$0F	3	BrkSelector C3	A1BA	yes	causal-resume
11	A1C3	brk	$29,$C3,$0E	3	BrkSelector C3	A1C7	yes	-
11	A1D3	brk	$03,$1F	2	BrkDefault	A1D6	yes	-
11	A1D7	brk	$02,$1F	2	BrkDefault	A1DA	yes	-
11	A1EA	brk	$09,$1F	2	BrkDefault	A1ED	yes	-
11	A1F3	brk	$0C,$1F	2	BrkDefault	A1F6	yes	-
11	A1FA	brk	$08,$1F	2	BrkDefault	A1FD	yes	-
11	A1FD	brk	$31,$0F	2	BrkDefault	A200	yes	-
11	A207	brk	$08,$1F	2	BrkDefault	A20A	yes	-
11	A216	brk	$01,$1F	2	BrkDefault	A219	yes	-
11	A219	brk	$09,$1F	2	BrkDefault	A21C	yes	-
11	A21D	brk	$0B,$1F	2	BrkDefault	A220	yes	-
11	A221	brk	$0A,$1F	2	BrkDefault	A224	yes	-
11	A228	brk	$03,$1F	2	BrkDefault	A22B	yes	-
11	A233	brk	$06,$1F	2	BrkDefault	A236	yes	-
11	A23A	brk	$0C,$4F	2	BrkDefault	A23D	yes	-
11	A244	brk	$2A,$C3,$10	3	BrkSelector C3	A248	yes	-
11	A248	brk	$2D,$B3	2	BrkSelector B3	A24B	yes	-
11	A258	brk	$05,$B3	2	BrkSelector B3	A25B	yes	-
11	A25B	brk	$0D,$B3	2	BrkSelector B3	A25E	yes	-
11	A262	brk	$11,$B3	2	BrkSelector B3	A265	yes	-
11	A265	brk	$15,$A3	2	BrkSelector A3	A268	yes	-
11	A268	brk	$19,$A3	2	BrkSelector A3	A26B	yes	-
11	A26B	brk	$0F,$B3	2	BrkSelector B3	A26E	yes	-
11	A26E	brk	$10,$B3	2	BrkSelector B3	A271	yes	-
11	A271	brk	$13,$B3	2	BrkSelector B3	A274	yes	-
11	A27A	brk	$14,$A3	2	BrkSelector A3	A27D	yes	-
11	A27D	brk	$17,$B3	2	BrkSelector B3	A280	yes	-
11	A286	brk	$18,$A3	2	BrkSelector A3	A289	yes	-
11	A297	brk	$1F,$0F	2	BrkDefault	A29A	yes	-
11	A29C	brk	$E4,$D3,$1A	3	BrkSelector D3	A2A0	yes	-
11	A2A2	brk	$0D,$4F	2	BrkDefault	A2A5	yes	-
11	A2A7	brk	$2B,$C3,$0F	3	BrkSelector C3	A2AB	yes	-
11	A2C5	brk	$31,$A3	2	BrkSelector A3	A2C8	yes	-
11	A2CB	brk	$E4,$D3,$41	3	BrkSelector D3	A2CF	yes	-
11	A2F1	brk	$67,$73	2	BrkSelector 73	A2F4	yes	causal-resume
11	A3EE	brk	$0C,$3F	2	BrkDefault	A3F1	yes	causal-resume
11	A3FC	brk	$07,$6F,$2B	3	BrkService 16:07	A400	yes	causal-resume
11	A405	brk	$07,$6F,$4D	3	BrkService 16:07	A409	yes	causal-resume
11	A63E	brk	$07,$1F	2	BrkDefault	A641	yes	causal-resume
11	A643	brk	$29,$C3,$00	3	BrkSelector C3	A647	yes	causal-resume
11	A649	brk	$29,$C3,$0D	3	BrkSelector C3	A64D	yes	causal-resume
11	A64F	brk	$29,$C3,$01	3	BrkSelector C3	A653	yes	causal-resume
11	A655	brk	$24,$A3	2	BrkSelector A3	A658	yes	causal-resume
11	A65E	brk	$46,$93,$10	3	BrkSelector 93	A662	yes	causal-resume
11	A664	brk	$46,$93,$06	3	BrkSelector 93	A668	yes	causal-resume
11	A66A	brk	$46,$93,$11	3	BrkSelector 93	A66E	yes	causal-resume
11	A670	brk	$3B,$93,$01	3	BrkSelector 93	A674	yes	causal-resume
11	A680	brk	$1B,$0F	2	BrkDefault	A683	yes	causal-resume
11	A68B	brk	$01,$1F	2	BrkDefault	A68E	yes	-
11	A696	brk	$E4,$D3,$62	3	BrkSelector D3	A69A	yes	-
11	A6AD	brk	$07,$1F	2	BrkDefault	A6B0	yes	-
11	A6B5	brk	$1B,$0F	2	BrkDefault	A6B8	yes	-
11	A6C1	jsr	$99	1	JsrInline BF2E	A6C5	yes	-
11	A6C5	brk	$70,$D3,$4F	3	BrkSelector D3	A6C9	yes	-
11	A6C9	brk	$07,$1F	2	BrkDefault	A6CC	yes	-
11	A6CF	brk	$07,$2F	2	BrkDefault	A6D2	yes	-
11	A6D2	brk	$6D,$D3,$67	3	BrkSelector D3	A6D6	yes	-
11	A702	brk	$1B,$0F	2	BrkDefault	A705	yes	-
11	A727	brk	$07,$1F	2	BrkDefault	A72A	yes	-
11	A72C	brk	$2D,$A3	2	BrkSelector A3	A72F	yes	-
11	A74B	brk	$06,$1F	2	BrkDefault	A74E	yes	-
11	A752	brk	$0C,$73	2	BrkSelector 73	A755	yes	-
11	A75F	brk	$0B,$33	2	BrkSelector 33	A762	yes	-
11	A767	brk	$07,$1F	2	BrkDefault	A76A	yes	causal-resume
11	A76C	brk	$2D,$A3	2	BrkSelector A3	A76F	yes	causal-resume
11	A78B	brk	$06,$1F	2	BrkDefault	A78E	yes	causal-resume
11	A79E	brk	$07,$1F	2	BrkDefault	A7A1	yes	-
11	A7A4	brk	$E5,$D3,$6B	3	BrkSelector D3	A7A8	yes	-
11	A7B5	brk	$02,$B3	2	BrkSelector B3	A7B8	yes	-
11	A7C0	brk	$02,$73	2	BrkSelector 73	A7C3	yes	causal-resume
11	A7CA	brk	$06,$1F	2	BrkDefault	A7CD	yes	causal-resume
11	A7F7	brk	$06,$1F	2	BrkDefault	A7FA	yes	-
11	A7FC	brk	$29,$C3,$0E	3	BrkSelector C3	A800	yes	-
11	A803	brk	$46,$93,$07	3	BrkSelector 93	A807	yes	-
11	A809	brk	$01,$1F	2	BrkDefault	A80C	yes	-
11	A820	brk	$0A,$1F	2	BrkDefault	A823	yes	-
11	A832	brk	$0A,$1F	2	BrkDefault	A835	yes	-
11	A849	brk	$0A,$1F	2	BrkDefault	A84C	yes	-
11	A851	brk	$0A,$1F	2	BrkDefault	A854	yes	-
11	A858	brk	$06,$1F	2	BrkDefault	A85B	yes	causal-resume
11	A85E	brk	$06,$1F	2	BrkDefault	A861	yes	causal-resume
11	A863	brk	$C5,$D3,$6B	3	BrkSelector D3	A867	yes	causal-resume
11	A868	brk	$E9,$D3,$E7	3	BrkSelector D3	A86C	yes	-
11	A86D	brk	$03,$1F	2	BrkDefault	A870	yes	causal-resume
11	A873	brk	$07,$1F	2	BrkDefault	A876	yes	causal-resume
11	A878	brk	$3B,$93,$01	3	BrkSelector 93	A87C	yes	causal-resume
11	A887	brk	$03,$1F	2	BrkDefault	A88A	yes	-
11	A88A	brk	$0A,$3F	2	BrkDefault	A88D	yes	-
11	A891	brk	$1B,$0F	2	BrkDefault	A894	yes	-
11	A898	brk	$07,$1F	2	BrkDefault	A89B	yes	-
11	A89B	brk	$09,$53	2	BrkSelector 53	A89E	yes	-
11	A8A2	brk	$E9,$D3,$83	3	BrkSelector D3	A8A6	yes	-
11	A8A7	brk	$03,$1F	2	BrkDefault	A8AA	yes	-
11	A8B2	brk	$1B,$0F	2	BrkDefault	A8B5	yes	-
11	A8BC	brk	$07,$1F	2	BrkDefault	A8BF	yes	causal-resume
11	A8C1	brk	$3B,$93,$02	3	BrkSelector 93	A8C5	yes	causal-resume
11	A8CB	brk	$03,$1F	2	BrkDefault	A8CE	yes	-
11	A8D5	brk	$07,$1F	2	BrkDefault	A8D8	yes	causal-resume
11	A8DA	brk	$46,$93,$10	3	BrkSelector 93	A8DE	yes	causal-resume
11	A8E0	brk	$46,$93,$06	3	BrkSelector 93	A8E4	yes	causal-resume
11	A8E8	brk	$08,$3F	2	BrkDefault	A8EB	yes	-
11	A98F	brk	$2D,$B3	2	BrkSelector B3	A992	yes	-
11	A994	brk	$2D,$B3	2	BrkSelector B3	A997	yes	-
11	A999	brk	$29,$0F	2	BrkDefault	A99C	yes	-
11	A9A4	brk	$29,$C3,$0E	3	BrkSelector C3	A9A8	yes	-
11	A9AE	brk	$29,$C3,$0D	3	BrkSelector C3	A9B2	yes	-
11	A9B8	brk	$29,$C3,$00	3	BrkSelector C3	A9BC	yes	-
11	A9C2	brk	$29,$C3,$11	3	BrkSelector C3	A9C6	yes	-
11	A9D6	brk	$09,$1F	2	BrkDefault	A9D9	yes	-
11	A9DD	brk	$08,$1F	2	BrkDefault	A9E0	yes	-
11	AA2B	brk	$2A,$A3	2	BrkSelector A3	AA2E	yes	-
11	AA38	brk	$67,$73	2	BrkSelector 73	AA3B	yes	-
11	AA46	brk	$44,$53	2	BrkSelector 53	AA49	yes	-
11	AA75	brk	$2B,$C3,$09	3	BrkSelector C3	AA79	yes	causal-resume
11	AA7E	brk	$67,$73	2	BrkSelector 73	AA81	yes	causal-resume
11	AA82	brk	$45,$93,$19	3	BrkSelector 93	AA86	yes	causal-resume
11	AAA9	brk	$E1,$D3,$89	3	BrkSelector D3	AAAD	yes	-
11	AAAD	brk	$0D,$FB	2	BrkSelector FB	AAB0	yes	-
11	AAC7	brk	$62,$43,$41	3	BrkSelector 43	AACB	yes	-
11	AAD6	brk	$2D,$0F	2	BrkDefault	AAD9	yes	-
11	AADC	brk	$C1,$E3	2	BrkSelector E3	AADF	yes	-
11	AAE7	brk	$16,$2F	2	BrkDefault	AAEA	yes	-
11	AAEA	brk	$15,$2F	2	BrkDefault	AAED	yes	-
11	AB02	brk	$02,$B3	2	BrkSelector B3	AB05	yes	-
11	AB08	brk	$29,$C3,$0E	3	BrkSelector C3	AB0C	yes	causal-resume
11	AB0E	brk	$21,$B3	2	BrkSelector B3	AB11	yes	causal-resume
11	AB16	brk	$17,$0F	2	BrkDefault	AB19	yes	causal-resume
11	AB23	brk	$02,$A3	2	BrkSelector A3	AB26	yes	causal-resume
11	AB4E	brk	$0A,$3F	2	BrkDefault	AB51	yes	causal-resume
11	AB64	brk	$0B,$B3	2	BrkSelector B3	AB67	yes	-
11	AB6F	brk	$07,$A3	2	BrkSelector A3	AB72	yes	-
11	AB76	brk	$67,$73	2	BrkSelector 73	AB79	yes	causal-resume
11	AB86	brk	$0C,$73	2	BrkSelector 73	AB89	yes	causal-resume
11	AB8E	brk	$07,$53	2	BrkSelector 53	AB91	yes	-
11	AB97	brk	$62,$23,$43	3	BrkSelector 23	AB9B	yes	-
11	ABA3	brk	$0C,$73	2	BrkSelector 73	ABA6	yes	-
11	ABB5	brk	$03,$1F	2	BrkDefault	ABB8	yes	causal-resume
11	ABB9	brk	$01,$1F	2	BrkDefault	ABBC	yes	causal-resume
11	ABC3	brk	$0A,$3F	2	BrkDefault	ABC6	yes	causal-resume
11	ABC8	brk	$06,$1F	2	BrkDefault	ABCB	yes	causal-resume
11	ABCF	brk	$0A,$B3	2	BrkSelector B3	ABD2	yes	-
11	ABD2	brk	$2B,$C3,$13	3	BrkSelector C3	ABD6	yes	-
11	ABE4	brk	$0B,$73	2	BrkSelector 73	ABE7	yes	causal-resume
11	ABEA	brk	$0D,$73	2	BrkSelector 73	ABED	yes	-
11	ABF4	brk	$0B,$73	2	BrkSelector 73	ABF7	yes	-
11	ABFA	brk	$07,$6F,$2B	3	BrkService 16:07	ABFE	yes	causal-resume
11	AC06	brk	$E4,$D3,$01	3	BrkSelector D3	AC0A	yes	-
11	AC0A	brk	$06,$1F	2	BrkDefault	AC0D	yes	-
11	AC0F	brk	$2A,$C3,$13	3	BrkSelector C3	AC13	yes	-
11	AC15	brk	$62,$23,$43	3	BrkSelector 23	AC19	yes	-
11	AC25	brk	$C5,$D3,$61	3	BrkSelector D3	AC29	yes	-
11	AC2E	brk	$E9,$D3,$62	3	BrkSelector D3	AC32	yes	-
11	AC34	brk	$E5,$D3,$60	3	BrkSelector D3	AC38	yes	-
11	AC3A	brk	$03,$1F	2	BrkDefault	AC3D	yes	causal-resume
11	AC4D	brk	$06,$1F	2	BrkDefault	AC50	yes	causal-resume
11	AC52	brk	$2B,$C3,$0B	3	BrkSelector C3	AC56	yes	causal-resume
11	AC57	brk	$45,$93,$1B	3	BrkSelector 93	AC5B	yes	causal-resume
11	AC62	brk	$06,$1F	2	BrkDefault	AC65	yes	causal-resume
11	AC67	brk	$29,$C3,$0B	3	BrkSelector C3	AC6B	yes	causal-resume
11	AC6E	brk	$46,$93,$1B	3	BrkSelector 93	AC72	yes	causal-resume
11	AC79	brk	$07,$1F	2	BrkDefault	AC7C	yes	causal-resume
11	AC80	brk	$06,$1F	2	BrkDefault	AC83	yes	causal-resume
11	AC8C	brk	$07,$1F	2	BrkDefault	AC8F	yes	causal-resume
11	AC8F	brk	$29,$C3,$0A	3	BrkSelector C3	AC93	yes	causal-resume
11	AC97	jsr	$A7	1	JsrInline BF2E	AC9B	yes	-
11	AC9B	brk	$E4,$D3,$83	3	BrkSelector D3	AC9F	yes	-
11	AC9F	brk	$14,$4F	2	BrkDefault	ACA2	yes	-
11	ACA9	brk	$15,$4F	2	BrkDefault	ACAC	yes	-
11	ACB2	brk	$29,$C3,$0A	3	BrkSelector C3	ACB6	yes	-
11	ACC4	brk	$07,$1F	2	BrkDefault	ACC7	yes	causal-resume
11	ACC9	brk	$29,$C3,$11	3	BrkSelector C3	ACCD	yes	causal-resume
11	ACCF	brk	$E5,$D3,$E6	3	BrkSelector D3	ACD3	yes	-
11	ACE1	brk	$02,$1F	2	BrkDefault	ACE4	yes	causal-resume
11	ACF3	brk	$2D,$0F	2	BrkDefault	ACF6	yes	-
11	ACFA	brk	$C5,$D3,$E5	3	BrkSelector D3	ACFE	yes	-
11	AD06	brk	$03,$1F	2	BrkDefault	AD09	yes	causal-resume
11	AD2C	brk	$06,$1F	2	BrkDefault	AD2F	yes	-
11	AD56	brk	$03,$1F	2	BrkDefault	AD59	yes	causal-resume
11	AD65	brk	$07,$1F	2	BrkDefault	AD68	yes	-
11	AD6A	brk	$07,$53	2	BrkSelector 53	AD6D	yes	-
11	AD71	brk	$03,$1F	2	BrkDefault	AD74	yes	causal-resume
11	AD7C	brk	$06,$3F	2	BrkDefault	AD7F	yes	causal-resume
11	AD81	brk	$E6,$D3,$03	3	BrkSelector D3	AD85	yes	-
11	AD89	brk	$03,$1F	2	BrkDefault	AD8C	yes	causal-resume
11	AD90	brk	$07,$1F	2	BrkDefault	AD93	yes	-
11	AD95	brk	$46,$93,$06	3	BrkSelector 93	AD99	yes	-
11	AD9C	brk	$29,$C3,$0D	3	BrkSelector C3	ADA0	yes	-
11	ADB3	brk	$07,$1F	2	BrkDefault	ADB6	yes	-
11	ADBD	brk	$29,$B3	2	BrkSelector B3	ADC0	yes	-
11	ADC4	brk	$46,$73	2	BrkSelector 73	ADC7	yes	-
11	AE11	brk	$62,$33	2	BrkSelector 33	AE14	yes	causal-resume
11	AE1A	brk	$2B,$53	2	BrkSelector 53	AE1D	yes	-
11	AE35	brk	$07,$1F	2	BrkDefault	AE38	yes	-
11	AE3A	brk	$05,$3F	2	BrkDefault	AE3D	yes	-
11	AE3D	brk	$0A,$B3	2	BrkSelector B3	AE40	yes	-
11	AE43	brk	$05,$3F	2	BrkDefault	AE46	yes	-
11	AE46	brk	$0B,$73	2	BrkSelector 73	AE49	yes	-
11	AE49	brk	$E6,$D3,$01	3	BrkSelector D3	AE4D	yes	-
11	AE65	jsr	$83	1	JsrInline BF2E	AE69	yes	-
11	AE69	brk	$07,$1F	2	BrkDefault	AE6C	yes	-
11	AE70	brk	$22,$D3,$01	3	BrkSelector D3	AE74	yes	-
11	AE7A	brk	$07,$2F	2	BrkDefault	AE7D	yes	-
11	AE7F	brk	$2B,$C3,$0F	3	BrkSelector C3	AE83	yes	-
11	AE84	jsr	$92	1	JsrInline BF2E	AE88	yes	-
11	AE8B	jsr	$83	1	JsrInline BF2E	AE8F	yes	-
11	AE8F	brk	$07,$1F	2	BrkDefault	AE92	yes	-
11	AE96	brk	$B2,$D3,$01	3	BrkSelector D3	AE9A	yes	-
11	AEA7	brk	$17,$0F	2	BrkDefault	AEAA	yes	-
11	AEB2	brk	$07,$1F	2	BrkDefault	AEB5	yes	-
11	AEB7	brk	$02,$A3	2	BrkSelector A3	AEBA	yes	-
11	AEBA	brk	$E6,$D3,$01	3	BrkSelector D3	AEBE	yes	-
11	AEBF	brk	$E4,$D3,$56	3	BrkSelector D3	AEC3	yes	causal-resume
11	AEC3	brk	$07,$1F	2	BrkDefault	AEC6	yes	causal-resume
11	AEC8	brk	$29,$C3,$0C	3	BrkSelector C3	AECC	yes	-
11	AED3	brk	$E5,$D3,$A3	3	BrkSelector D3	AED7	yes	-
11	AEDA	brk	$13,$4F	2	BrkDefault	AEDD	yes	-
11	AEDD	brk	$07,$1F	2	BrkDefault	AEE0	yes	-
11	AEE4	brk	$11,$B3	2	BrkSelector B3	AEE7	yes	-
11	AEE7	brk	$19,$A3	2	BrkSelector A3	AEEA	yes	-
11	AEEA	brk	$15,$A3	2	BrkSelector A3	AEED	yes	-
11	AEED	brk	$0F,$A3	2	BrkSelector A3	AEF0	yes	-
11	AEF0	brk	$10,$B3	2	BrkSelector B3	AEF3	yes	-
11	AEF3	brk	$17,$A3	2	BrkSelector A3	AEF6	yes	-
11	AEF9	brk	$18,$B3	2	BrkSelector B3	AEFC	yes	-
11	AEFC	brk	$13,$A3	2	BrkSelector A3	AEFF	yes	-
11	AF02	brk	$14,$B3	2	BrkSelector B3	AF05	yes	-
11	AF05	brk	$0F,$A3	2	BrkSelector A3	AF08	yes	-
11	AF08	brk	$2B,$C3,$03	3	BrkSelector C3	AF0C	yes	-
11	AF0C	brk	$2B,$C3,$04	3	BrkSelector C3	AF10	yes	-
11	AF10	brk	$2B,$C3,$05	3	BrkSelector C3	AF14	yes	-
11	AF14	brk	$2B,$C3,$06	3	BrkSelector C3	AF18	yes	-
11	AF18	brk	$2B,$C3,$07	3	BrkSelector C3	AF1C	yes	-
11	AF1C	brk	$2B,$C3,$11	3	BrkSelector C3	AF20	yes	-
11	AF25	brk	$E5,$D3,$A2	3	BrkSelector D3	AF29	yes	-
11	AF2A	brk	$46,$93,$1C	3	BrkSelector 93	AF2E	yes	causal-resume
11	AF33	brk	$E5,$D3,$A3	3	BrkSelector D3	AF37	yes	-
11	AF43	brk	$16,$73	2	BrkSelector 73	AF46	yes	causal-resume
11	AF46	brk	$1A,$53	2	BrkSelector 53	AF49	yes	causal-resume
11	AF49	brk	$1E,$53	2	BrkSelector 53	AF4C	yes	causal-resume
11	AF4C	brk	$12,$53	2	BrkSelector 53	AF4F	yes	causal-resume
11	AF4F	brk	$15,$73	2	BrkSelector 73	AF52	yes	causal-resume
11	AF52	brk	$17,$53	2	BrkSelector 53	AF55	yes	causal-resume
11	AF58	brk	$19,$73	2	BrkSelector 73	AF5B	yes	causal-resume
11	AF5B	brk	$1B,$53	2	BrkSelector 53	AF5E	yes	causal-resume
11	AF61	brk	$1D,$73	2	BrkSelector 73	AF64	yes	causal-resume
11	AF64	brk	$45,$93,$13	3	BrkSelector 93	AF68	yes	causal-resume
11	AF68	brk	$45,$93,$14	3	BrkSelector 93	AF6C	yes	causal-resume
11	AF6C	brk	$45,$93,$15	3	BrkSelector 93	AF70	yes	causal-resume
11	AF70	brk	$45,$93,$16	3	BrkSelector 93	AF74	yes	causal-resume
11	AF74	brk	$45,$93,$17	3	BrkSelector 93	AF78	yes	causal-resume
11	AF78	brk	$45,$93,$18	3	BrkSelector 93	AF7C	yes	causal-resume
11	AF9A	brk	$E5,$D3,$A2	3	BrkSelector D3	AF9E	yes	causal-resume
11	AFAD	brk	$06,$1F	2	BrkDefault	AFB0	yes	-
11	AFB2	brk	$2E,$2F	2	BrkDefault	AFB5	yes	-
11	AFBA	brk	$2B,$EF	2	BrkDefault	AFBD	yes	-
11	AFBF	brk	$62,$23,$40	3	BrkSelector 23	AFC3	yes	-
11	AFC7	brk	$E4,$D3,$69	3	BrkSelector D3	AFCB	yes	-
11	AFCC	brk	$E4,$D3,$68	3	BrkSelector D3	AFD0	yes	-
11	AFD1	brk	$E4,$D3,$5B	3	BrkSelector D3	AFD5	yes	-
11	AFD8	brk	$47,$73	2	BrkSelector 73	AFDB	yes	-
11	AFDD	brk	$17,$0F	2	BrkDefault	AFE0	yes	-
11	AFE0	brk	$2C,$EF	2	BrkDefault	AFE3	yes	-
11	AFEA	brk	$07,$1F	2	BrkDefault	AFED	yes	-
11	AFFF	brk	$06,$1F	2	BrkDefault	B002	yes	causal-resume
11	B006	brk	$05,$1F	2	BrkDefault	B009	yes	causal-resume
11	B010	brk	$0E,$0F	2	BrkDefault	B013	yes	-
11	B015	brk	$0D,$0F	2	BrkDefault	B018	yes	-
11	B01C	brk	$31,$73	2	BrkSelector 73	B01F	yes	-
11	B021	brk	$30,$73	2	BrkSelector 73	B024	yes	-
11	B025	brk	$06,$1F	2	BrkDefault	B028	yes	-
11	B02D	brk	$31,$73	2	BrkSelector 73	B030	yes	-
11	B030	brk	$32,$73	2	BrkSelector 73	B033	yes	-
11	B034	brk	$E6,$D3,$01	3	BrkSelector D3	B038	yes	-
11	B039	brk	$07,$1F	2	BrkDefault	B03C	yes	-
11	B040	jsr	$93	1	JsrInline BF2E	B044	yes	-
11	B04C	brk	$E6,$D3,$01	3	BrkSelector D3	B050	yes	-
11	B050	brk	$23,$2F	2	BrkDefault	B053	yes	-
11	B058	brk	$1B,$0F	2	BrkDefault	B05B	yes	-
11	B05F	brk	$06,$2F	2	BrkDefault	B062	yes	-
11	B062	brk	$2C,$D3,$60	3	BrkSelector D3	B066	yes	-
11	B066	brk	$E5,$D3,$AD	3	BrkSelector D3	B06A	yes	-
11	B06A	brk	$06,$1F	2	BrkDefault	B06D	yes	-
11	B070	brk	$31,$73	2	BrkSelector 73	B073	yes	-
11	B073	brk	$30,$73	2	BrkSelector 73	B076	yes	-
11	B07A	brk	$06,$2F	2	BrkDefault	B07D	yes	-
11	B07E	brk	$07,$1F	2	BrkDefault	B081	yes	-
11	B083	brk	$05,$3F	2	BrkDefault	B086	yes	-
11	B086	brk	$09,$B3	2	BrkSelector B3	B089	yes	-
11	B089	brk	$66,$D3,$01	3	BrkSelector D3	B08D	yes	-
11	B090	brk	$05,$3F	2	BrkDefault	B093	yes	-
11	B093	brk	$09,$73	2	BrkSelector 73	B096	yes	-
11	B098	brk	$66,$D3,$01	3	BrkSelector D3	B09C	yes	-
11	B09D	brk	$E4,$D3,$1A	3	BrkSelector D3	B0A1	yes	-
11	B0AE	brk	$E4,$D3,$1A	3	BrkSelector D3	B0B2	yes	-
11	B0D1	brk	$07,$1F	2	BrkDefault	B0D4	yes	-
11	B0D6	brk	$05,$3F	2	BrkDefault	B0D9	yes	-
11	B0DC	brk	$00,$03	2	BrkSelector 03	B0DF	yes	-
11	B0DF	brk	$E6,$D3,$01	3	BrkSelector D3	B0E3	yes	-
11	B0E4	brk	$E2,$D3,$02	3	BrkSelector D3	B0E8	yes	-
11	B0EB	brk	$07,$1F	2	BrkDefault	B0EE	yes	-
11	B0F0	brk	$29,$C3,$11	3	BrkSelector C3	B0F4	yes	-
11	B0F6	brk	$29,$C3,$0C	3	BrkSelector C3	B0FA	yes	-
11	B0FC	brk	$67,$73	2	BrkSelector 73	B0FF	yes	-
11	B101	brk	$E5,$D3,$BA	3	BrkSelector D3	B105	yes	-
11	B108	brk	$07,$1F	2	BrkDefault	B10B	yes	-
11	B10D	brk	$13,$4F	2	BrkDefault	B110	yes	-
11	B110	brk	$E9,$D3,$A3	3	BrkSelector D3	B114	yes	-
11	B115	brk	$E5,$D3,$B9	3	BrkSelector D3	B119	yes	-
11	B11A	brk	$E4,$D3,$7B	3	BrkSelector D3	B11E	yes	-
11	B11F	brk	$07,$1F	2	BrkDefault	B122	yes	-
11	B124	brk	$2B,$C3,$0C	3	BrkSelector C3	B128	yes	-
11	B12C	brk	$15,$B3	2	BrkSelector B3	B12F	yes	-
11	B12F	brk	$19,$A3	2	BrkSelector A3	B132	yes	-
11	B132	brk	$11,$A3	2	BrkSelector A3	B135	yes	-
11	B135	brk	$13,$A3	2	BrkSelector A3	B138	yes	-
11	B13C	brk	$14,$B3	2	BrkSelector B3	B13F	yes	-
11	B13F	brk	$17,$A3	2	BrkSelector A3	B142	yes	-
11	B146	brk	$18,$B3	2	BrkSelector B3	B149	yes	-
11	B149	brk	$0F,$A3	2	BrkSelector A3	B14C	yes	-
11	B14C	brk	$10,$B3	2	BrkSelector B3	B14F	yes	-
11	B150	brk	$45,$93,$1C	3	BrkSelector 93	B154	yes	-
11	B158	brk	$1A,$73	2	BrkSelector 73	B15B	yes	-
11	B15B	brk	$1E,$73	2	BrkSelector 73	B15E	yes	-
11	B15E	brk	$16,$73	2	BrkSelector 73	B161	yes	-
11	B161	brk	$17,$53	2	BrkSelector 53	B164	yes	-
11	B168	brk	$19,$73	2	BrkSelector 73	B16B	yes	-
11	B16B	brk	$1B,$53	2	BrkSelector 53	B16E	yes	-
11	B172	brk	$1D,$73	2	BrkSelector 73	B175	yes	-
11	B175	brk	$12,$53	2	BrkSelector 53	B178	yes	-
11	B178	brk	$15,$73	2	BrkSelector 73	B17B	yes	-
11	B187	brk	$1B,$0F	2	BrkDefault	B18A	yes	-
11	B193	brk	$25,$D3,$4A	3	BrkSelector D3	B197	yes	-
11	B19A	brk	$25,$D3,$49	3	BrkSelector D3	B19E	yes	-
11	B1A8	brk	$07,$1F	2	BrkDefault	B1AB	yes	-
11	B1B2	brk	$2B,$C3,$0F	3	BrkSelector C3	B1B6	yes	-
11	B1C6	brk	$E5,$D3,$4C	3	BrkSelector D3	B1CA	yes	-
11	B1CB	brk	$E5,$D3,$4B	3	BrkSelector D3	B1CF	yes	-
11	B1DE	brk	$E5,$D3,$51	3	BrkSelector D3	B1E2	yes	-
11	B1E7	jsr	$88	1	JsrInline BF2E	B1EB	yes	-
11	B1EB	brk	$F0,$D3,$4D	3	BrkSelector D3	B1EF	yes	-
11	B1F5	brk	$E5,$D3,$55	3	BrkSelector D3	B1F9	yes	-
11	B1FE	jsr	$89	1	JsrInline BF2E	B202	yes	-
11	B202	brk	$E1,$D3,$56	3	BrkSelector D3	B206	yes	-
11	B21A	brk	$E1,$D3,$57	3	BrkSelector D3	B21E	yes	-
11	B21F	brk	$1B,$0F	2	BrkDefault	B222	yes	-
11	B226	brk	$06,$1F	2	BrkDefault	B229	yes	-
11	B229	brk	$2D,$53	2	BrkSelector 53	B22C	yes	-
11	B232	brk	$29,$C3,$0E	3	BrkSelector C3	B236	yes	-
11	B247	brk	$1C,$B3	2	BrkSelector B3	B24A	yes	-
11	B253	brk	$10,$0F	2	BrkDefault	B256	yes	-
11	B25A	brk	$66,$73	2	BrkSelector 73	B25D	yes	-
11	B25F	brk	$E1,$D3,$47	3	BrkSelector D3	B263	yes	-
11	B263	brk	$06,$1F	2	BrkDefault	B266	yes	-
11	B269	brk	$2E,$73	2	BrkSelector 73	B26C	yes	-
11	B277	brk	$0A,$1F	2	BrkDefault	B27A	yes	-
11	B27F	brk	$E2,$D3,$00	3	BrkSelector D3	B283	yes	-
11	B286	brk	$06,$1F	2	BrkDefault	B289	yes	causal-resume
11	B28B	brk	$2B,$53	2	BrkSelector 53	B28E	yes	causal-resume
11	B299	brk	$1B,$0F	2	BrkDefault	B29C	yes	causal-resume
11	B2A0	brk	$05,$1F	2	BrkDefault	B2A3	yes	-
11	B2A9	brk	$17,$0F	2	BrkDefault	B2AC	yes	-
11	B2B1	brk	$0A,$1F	2	BrkDefault	B2B4	yes	-
11	B2B5	brk	$0E,$3F	2	BrkDefault	B2B8	yes	-
11	B2BC	brk	$01,$1F	2	BrkDefault	B2BF	yes	-
11	B2BF	brk	$09,$1F	2	BrkDefault	B2C2	yes	-
11	B2C4	brk	$0B,$1F	2	BrkDefault	B2C7	yes	-
11	B2CF	brk	$2D,$B3	2	BrkSelector B3	B2D2	yes	-
11	B2D3	brk	$29,$C3,$0E	3	BrkSelector C3	B2D7	yes	-
11	B2E1	brk	$01,$1F	2	BrkDefault	B2E4	yes	-
11	B2E4	brk	$09,$1F	2	BrkDefault	B2E7	yes	-
11	B2EE	brk	$0B,$1F	2	BrkDefault	B2F1	yes	-
11	B2FC	brk	$03,$1F	2	BrkDefault	B2FF	yes	causal-resume
11	B2FF	brk	$09,$3F	2	BrkDefault	B302	yes	causal-resume
11	B304	brk	$06,$1F	2	BrkDefault	B307	yes	causal-resume
11	B317	brk	$C5,$D3,$63	3	BrkSelector D3	B31B	yes	-
11	B31F	brk	$62,$23,$43	3	BrkSelector 23	B323	yes	-
11	B329	brk	$2B,$43,$43	3	BrkSelector 43	B32D	yes	-
11	B33A	brk	$2E,$0F	2	BrkDefault	B33D	yes	-
11	B342	brk	$46,$43,$10	3	BrkSelector 43	B346	yes	-
11	B34C	brk	$01,$1F	2	BrkDefault	B34F	yes	-
11	B34F	brk	$09,$1F	2	BrkDefault	B352	yes	-
11	B354	brk	$0C,$1F	2	BrkDefault	B357	yes	-
11	B367	brk	$17,$0F	2	BrkDefault	B36A	yes	-
11	B36D	brk	$E6,$D3,$01	3	BrkSelector D3	B371	yes	-
11	B372	brk	$F2,$D3,$01	3	BrkSelector D3	B376	yes	-
11	B37B	brk	$E6,$D3,$02	3	BrkSelector D3	B37F	yes	-
11	B380	brk	$06,$1F	2	BrkDefault	B383	yes	-
11	B383	brk	$29,$53	2	BrkSelector 53	B386	yes	-
11	B388	brk	$F1,$D3,$12	3	BrkSelector D3	B38C	yes	-
11	B38D	brk	$F1,$D3,$13	3	BrkSelector D3	B391	yes	-
11	B395	brk	$E6,$D3,$01	3	BrkSelector D3	B399	yes	-
11	B3A4	brk	$4A,$33	2	BrkSelector 33	B3A7	yes	-
11	B3B1	brk	$E6,$D3,$01	3	BrkSelector D3	B3B5	yes	-
11	B3B6	brk	$06,$1F	2	BrkDefault	B3B9	yes	-
11	B3B9	brk	$3B,$93,$00	3	BrkSelector 93	B3BD	yes	-
11	B3C4	brk	$F1,$D3,$10	3	BrkSelector D3	B3C8	yes	-
11	B3CB	brk	$F1,$D3,$11	3	BrkSelector D3	B3CF	yes	-
11	B3CF	brk	$E4,$D3,$1A	3	BrkSelector D3	B3D3	yes	-
11	B3D4	brk	$E6,$D3,$01	3	BrkSelector D3	B3D8	yes	-
11	B3DE	brk	$E5,$D3,$0D	3	BrkSelector D3	B3E2	yes	-
11	B3E2	jsr	$8C	1	JsrInline BF2E	B3E6	yes	-
11	B3E6	brk	$E4,$D3,$62	3	BrkSelector D3	B3EA	yes	-
11	B3EA	brk	$69,$D3,$41	3	BrkSelector D3	B3EE	yes	-
11	B3EE	brk	$06,$1F	2	BrkDefault	B3F1	yes	-
11	B3F8	brk	$07,$2F	2	BrkDefault	B3FB	yes	-
11	B3FD	brk	$2B,$C3,$0F	3	BrkSelector C3	B401	yes	-
11	B406	jsr	$89	1	JsrInline BF2E	B40A	yes	-
11	B40A	brk	$E4,$D3,$4C	3	BrkSelector D3	B40E	yes	-
11	B40E	jsr	$8C	1	JsrInline BF2E	B412	yes	-
11	B412	brk	$E8,$D3,$07	3	BrkSelector D3	B416	yes	-
11	B41C	jsr	$93	1	JsrInline BF2E	B420	yes	-
11	B420	brk	$F1,$D3,$1C	3	BrkSelector D3	B424	yes	-
11	B437	brk	$06,$1F	2	BrkDefault	B43A	yes	-
11	B43E	brk	$3B,$73	2	BrkSelector 73	B441	yes	-
11	B448	brk	$13,$0F	2	BrkDefault	B44B	yes	-
11	B44B	brk	$1A,$73	2	BrkSelector 73	B44E	yes	-
11	B44E	brk	$F1,$D3,$14	3	BrkSelector D3	B452	yes	-
11	B453	brk	$06,$1F	2	BrkDefault	B456	yes	-
11	B45A	brk	$3B,$93,$01	3	BrkSelector 93	B45E	yes	-
11	B465	brk	$13,$0F	2	BrkDefault	B468	yes	-
11	B468	brk	$1E,$73	2	BrkSelector 73	B46B	yes	-
11	B46B	brk	$F1,$D3,$27	3	BrkSelector D3	B46F	yes	-
11	B46F	brk	$07,$1F	2	BrkDefault	B472	yes	-
11	B474	brk	$29,$C3,$11	3	BrkSelector C3	B478	yes	-
11	B47A	brk	$E5,$D3,$28	3	BrkSelector D3	B47E	yes	-
11	B494	brk	$0A,$1F	2	BrkDefault	B497	yes	-
11	B497	jsr	$8E	1	JsrInline BF2E	B49B	yes	-
11	B49D	brk	$03,$4F	2	BrkDefault	B4A0	yes	-
11	B4A0	brk	$F1,$D3,$5E	3	BrkSelector D3	B4A4	yes	-
11	B4AA	brk	$06,$1F	2	BrkDefault	B4AD	yes	-
11	B4B3	brk	$3F,$33	2	BrkSelector 33	B4B6	yes	-
11	B4C6	brk	$5D,$33	2	BrkSelector 33	B4C9	yes	-
11	B4CB	brk	$62,$23,$43	3	BrkSelector 23	B4CF	yes	-
11	B4D3	brk	$F2,$D3,$01	3	BrkSelector D3	B4D7	yes	-
11	B4D7	brk	$06,$1F	2	BrkDefault	B4DA	yes	-
11	B4DA	brk	$5F,$53	2	BrkSelector 53	B4DD	yes	-
11	B4E4	brk	$62,$23,$43	3	BrkSelector 23	B4E8	yes	-
11	B4F5	brk	$06,$1F	2	BrkDefault	B4F8	yes	-
11	B4FE	brk	$62,$23,$40	3	BrkSelector 23	B502	yes	-
11	B512	brk	$5E,$33	2	BrkSelector 33	B515	yes	-
11	B518	brk	$E4,$D3,$1A	3	BrkSelector D3	B51C	yes	-
11	B51F	brk	$17,$0F	2	BrkDefault	B522	yes	-
11	B52D	brk	$06,$1F	2	BrkDefault	B530	yes	causal-resume
11	B532	brk	$3B,$93,$03	3	BrkSelector 93	B536	yes	causal-resume
11	B53A	brk	$44,$93,$12	3	BrkSelector 93	B53E	yes	-
11	B53E	brk	$46,$93,$12	3	BrkSelector 93	B542	yes	causal-resume
11	B544	brk	$1B,$0F	2	BrkDefault	B547	yes	-
11	B557	brk	$13,$3F	2	BrkDefault	B55A	yes	-
11	B55D	brk	$0A,$1F	2	BrkDefault	B560	yes	-
11	B564	brk	$1B,$0F	2	BrkDefault	B567	yes	-
11	B573	brk	$0A,$1F	2	BrkDefault	B576	yes	-
11	B57D	brk	$06,$1F	2	BrkDefault	B580	yes	-
11	B580	brk	$2B,$53	2	BrkSelector 53	B583	yes	-
11	B590	brk	$1B,$0F	2	BrkDefault	B593	yes	-
11	B59B	brk	$17,$0F	2	BrkDefault	B59E	yes	-
11	B5A6	brk	$0A,$1F	2	BrkDefault	B5A9	yes	-
11	B5CE	brk	$06,$1F	2	BrkDefault	B5D1	yes	-
11	B5D1	brk	$3B,$93,$00	3	BrkSelector 93	B5D5	yes	-
11	B5DA	brk	$06,$1F	2	BrkDefault	B5DD	yes	-
11	B5DD	brk	$3B,$93,$01	3	BrkSelector 93	B5E1	yes	-
11	B5E6	brk	$06,$1F	2	BrkDefault	B5E9	yes	-
11	B5ED	brk	$62,$23,$43	3	BrkSelector 23	B5F1	yes	-
11	B5F8	brk	$4A,$33	2	BrkSelector 33	B5FB	yes	-
11	B606	brk	$0A,$1F	2	BrkDefault	B609	yes	-
11	B60C	brk	$03,$1F	2	BrkDefault	B60F	yes	-
11	B612	brk	$13,$3F	2	BrkDefault	B615	yes	-
11	B617	brk	$01,$1F	2	BrkDefault	B61A	yes	-
11	B61A	brk	$09,$1F	2	BrkDefault	B61D	yes	-
11	B61F	brk	$0B,$1F	2	BrkDefault	B622	yes	-
11	B661	brk	$E6,$D3,$01	3	BrkSelector D3	B665	yes	-
11	B666	brk	$01,$1F	2	BrkDefault	B669	yes	-
11	B681	brk	$00,$FB	2	BrkSelector FB	B684	yes	-
11	B689	brk	$E6,$D3,$01	3	BrkSelector D3	B68D	yes	-
11	B693	brk	$E6,$D3,$01	3	BrkSelector D3	B697	yes	-
11	B697	brk	$1B,$0F	2	BrkDefault	B69A	yes	-
11	B6B9	brk	$E5,$E3	2	BrkSelector E3	B6BC	yes	-
11	B6C1	brk	$62,$23,$01	3	BrkSelector 23	B6C5	yes	-
11	B6CB	brk	$E5,$E3	2	BrkSelector E3	B6CE	yes	-
11	B6DB	brk	$07,$1F	2	BrkDefault	B6DE	yes	-
11	B6E0	brk	$0C,$B3	2	BrkSelector B3	B6E3	yes	-
11	B6E3	brk	$E6,$D3,$01	3	BrkSelector D3	B6E7	yes	-
11	B6EA	brk	$0D,$73	2	BrkSelector 73	B6ED	yes	-
11	B6ED	brk	$E6,$D3,$01	3	BrkSelector D3	B6F1	yes	-
11	B6F2	brk	$05,$3F	2	BrkDefault	B6F5	yes	-
11	B705	brk	$E6,$D3,$01	3	BrkSelector D3	B709	yes	-
11	B713	jsr	$89	1	JsrInline BF2E	B717	yes	-
11	B717	brk	$E1,$D3,$94	3	BrkSelector D3	B71B	yes	-
11	B720	brk	$05,$3F	2	BrkDefault	B723	yes	-
11	B738	brk	$E1,$D3,$95	3	BrkSelector D3	B73C	yes	-
11	B73D	brk	$08,$4F	2	BrkDefault	B740	yes	-
11	B74C	brk	$E5,$D3,$96	3	BrkSelector D3	B750	yes	-
11	B753	brk	$E5,$D3,$5D	3	BrkSelector D3	B757	yes	-
11	B76B	brk	$29,$C3,$0E	3	BrkSelector C3	B76F	yes	-
11	B774	brk	$29,$C3,$0E	3	BrkSelector C3	B778	yes	-
11	B77E	brk	$2B,$C3,$0F	3	BrkSelector C3	B782	yes	-
11	B789	brk	$31,$B3	2	BrkSelector B3	B78C	yes	-
11	B7A2	brk	$E6,$D3,$01	3	BrkSelector D3	B7A6	yes	-
11	B7AF	brk	$E6,$D3,$01	3	BrkSelector D3	B7B3	yes	-
11	B7B3	brk	$06,$1F	2	BrkDefault	B7B6	yes	-
11	B7B6	brk	$00,$53	2	BrkSelector 53	B7B9	yes	-
11	B7BB	brk	$17,$0F	2	BrkDefault	B7BE	yes	-
11	B7E7	brk	$E9,$D3,$9D	3	BrkSelector D3	B7EB	yes	-
11	B7EB	brk	$06,$1F	2	BrkDefault	B7EE	yes	-
11	B7EE	brk	$44,$93,$26	3	BrkSelector 93	B7F2	yes	-
11	B7F8	brk	$03,$1F	2	BrkDefault	B7FB	yes	-
11	B7FE	brk	$0A,$1F	2	BrkDefault	B801	yes	-
11	B80D	brk	$03,$1F	2	BrkDefault	B810	yes	-
11	B811	brk	$02,$1F	2	BrkDefault	B814	yes	-
11	B824	brk	$09,$1F	2	BrkDefault	B827	yes	-
11	B82D	brk	$0C,$1F	2	BrkDefault	B830	yes	-
11	B830	brk	$04,$1F	2	BrkDefault	B833	yes	-
11	B83B	brk	$08,$1F	2	BrkDefault	B83E	yes	-
11	B840	brk	$0A,$1F	2	BrkDefault	B843	yes	-
11	B84D	brk	$08,$1F	2	BrkDefault	B850	yes	-
11	B85C	brk	$01,$1F	2	BrkDefault	B85F	yes	-
11	B85F	brk	$09,$1F	2	BrkDefault	B862	yes	-
11	B863	brk	$0B,$1F	2	BrkDefault	B866	yes	-
11	B867	brk	$0A,$1F	2	BrkDefault	B86A	yes	-
11	B871	brk	$05,$1F	2	BrkDefault	B874	yes	causal-resume
11	B878	brk	$03,$1F	2	BrkDefault	B87B	yes	causal-resume
11	B884	jsr	$8E	1	JsrInline BF2E	B888	yes	-
11	B88A	brk	$03,$4F	2	BrkDefault	B88D	yes	-
11	B88D	brk	$E2,$D3,$00	3	BrkSelector D3	B891	yes	-
11	B8B7	brk	$17,$0F	2	BrkDefault	B8BA	yes	-
11	B8D1	brk	$0A,$1F	2	BrkDefault	B8D4	yes	-
11	B8D4	brk	$03,$1F	2	BrkDefault	B8D7	yes	-
11	B8D7	brk	$0C,$3F	2	BrkDefault	B8DA	yes	-
11	B8E2	brk	$29,$C3,$0E	3	BrkSelector C3	B8E6	yes	-
11	B8E6	brk	$2B,$0F	2	BrkService 10:2B	B8E9	yes	-
11	B8ED	brk	$01,$1F	2	BrkDefault	B8F0	yes	-
11	B8F0	brk	$09,$1F	2	BrkDefault	B8F3	yes	-
11	B8F5	brk	$0B,$1F	2	BrkDefault	B8F8	yes	-
11	B910	brk	$29,$C3,$11	3	BrkSelector C3	B914	yes	-
11	B916	brk	$07,$4F	2	BrkDefault	B919	yes	-
11	B974	jsr	$AE	1	JsrInline BF2E	B978	yes	-
11	B978	brk	$65,$D3,$97	3	BrkSelector D3	B97C	yes	-
11	B97C	brk	$1B,$2F	2	BrkDefault	B97F	yes	-
11	B986	brk	$28,$0F	2	BrkDefault	B989	yes	-
11	B98F	brk	$10,$4F	2	BrkDefault	B992	yes	-
11	B993	brk	$1C,$2F	2	BrkDefault	B996	yes	-
11	B996	brk	$80,$FB	2	BrkSelector FB	B999	yes	-
11	B9A6	brk	$00,$FB	2	BrkSelector FB	B9A9	yes	-
11	B9C1	brk	$E4,$D3,$1A	3	BrkSelector D3	B9C5	yes	-
11	B9D4	brk	$29,$C3,$0E	3	BrkSelector C3	B9D8	yes	-
11	B9DB	brk	$2D,$B3	2	BrkSelector B3	B9DE	yes	-
11	BB31	brk	$17,$0F	2	BrkDefault	BB34	yes	-
11	BB3C	brk	$66,$33	2	BrkSelector 33	BB3F	yes	-
11	BB8D	brk	$68,$53	2	BrkSelector 53	BB90	yes	-
11	BB9A	brk	$68,$53	2	BrkSelector 53	BB9D	yes	-
11	BBA1	brk	$01,$1F	2	BrkDefault	BBA4	yes	causal-resume
11	BBBA	brk	$67,$73	2	BrkSelector 73	BBBD	yes	-
11	BBBE	brk	$5F,$53	2	BrkSelector 53	BBC1	yes	-
11	BBCB	brk	$67,$73	2	BrkSelector 73	BBCE	yes	-
11	BBD2	brk	$60,$73	2	BrkSelector 73	BBD5	yes	-
11	BBDB	brk	$27,$0F	2	BrkDefault	BBDE	yes	causal-resume
11	BBDF	brk	$06,$1F	2	BrkDefault	BBE2	yes	causal-resume
11	BBE4	brk	$6A,$53	2	BrkSelector 53	BBE7	yes	causal-resume
11	BBED	brk	$06,$1F	2	BrkDefault	BBF0	yes	causal-resume
11	BBF2	brk	$29,$C3,$0A	3	BrkSelector C3	BBF6	yes	causal-resume
11	BC01	brk	$CC,$E3	2	BrkSelector E3	BC04	yes	-
11	BC0D	brk	$CC,$E3	2	BrkSelector E3	BC10	yes	-
11	BC12	brk	$67,$73	2	BrkSelector 73	BC15	yes	-
11	BC18	brk	$46,$93,$07	3	BrkSelector 93	BC1C	yes	-
11	BC20	brk	$46,$93,$06	3	BrkSelector 93	BC24	yes	-
11	BC26	brk	$46,$93,$10	3	BrkSelector 93	BC2A	yes	-
11	BC33	brk	$62,$23,$03	3	BrkSelector 23	BC37	yes	-
11	BC3B	brk	$46,$83,$10,$03	4	BrkSelector 83	BC40	yes	-
11	BC4D	brk	$2E,$0F	2	BrkDefault	BC50	yes	-
11	BC5F	brk	$4F,$33	2	BrkSelector 33	BC62	yes	causal-resume
11	BC66	brk	$5D,$33	2	BrkSelector 33	BC69	yes	causal-resume
11	BC72	brk	$62,$23,$43	3	BrkSelector 23	BC76	yes	causal-resume
11	BC78	brk	$62,$23,$83	3	BrkSelector 23	BC7C	yes	-
11	BC95	brk	$2D,$0F	2	BrkDefault	BC98	yes	-
11	BCA8	brk	$5E,$33	2	BrkSelector 33	BCAB	yes	-
11	BCAD	brk	$06,$6F	2	BrkDefault	BCB0	yes	-
11	BCB0	brk	$62,$23,$40	3	BrkSelector 23	BCB4	yes	-
11	BCBC	brk	$45,$93,$10	3	BrkSelector 93	BCC0	yes	-
11	BCC0	brk	$45,$93,$11	3	BrkSelector 93	BCC4	yes	-
11	BCC4	brk	$45,$93,$1B	3	BrkSelector 93	BCC8	yes	-
11	BCC8	brk	$45,$93,$23	3	BrkSelector 93	BCCC	yes	-
11	BCCC	brk	$45,$93,$24	3	BrkSelector 93	BCD0	yes	-
11	BCD0	brk	$45,$93,$25	3	BrkSelector 93	BCD4	yes	-
11	BCD4	brk	$CC,$D3,$2B	3	BrkSelector D3	BCD8	yes	-
11	BCE5	brk	$27,$0F	2	BrkDefault	BCE8	yes	-
11	BCF1	brk	$05,$1F	2	BrkDefault	BCF4	yes	causal-resume
11	BCF8	brk	$03,$1F	2	BrkDefault	BCFB	yes	-
11	BD01	brk	$E0,$D3,$70	3	BrkSelector D3	BD05	yes	-
11	BD05	brk	$06,$1F	2	BrkDefault	BD08	yes	-
11	BD0A	brk	$2B,$53	2	BrkSelector 53	BD0D	yes	-
11	BD17	jsr	$B3	1	JsrInline BF2E	BD1B	yes	-
11	BD21	brk	$E4,$D3,$77	3	BrkSelector D3	BD25	yes	-
11	BD28	brk	$E4,$D3,$72	3	BrkSelector D3	BD2C	yes	-
11	BD31	brk	$0A,$1F	2	BrkDefault	BD34	yes	-
11	BD37	brk	$13,$3F	2	BrkDefault	BD3A	yes	-
11	BD3B	brk	$01,$1F	2	BrkDefault	BD3E	yes	-
11	BD3E	brk	$09,$1F	2	BrkDefault	BD41	yes	-
11	BD43	brk	$0C,$1F	2	BrkDefault	BD46	yes	-
11	BD47	brk	$0B,$1F	2	BrkDefault	BD4A	yes	-
11	BD4C	brk	$E4,$D3,$71	3	BrkSelector D3	BD50	yes	-
11	BD55	brk	$2B,$0F	2	BrkService 10:2B	BD58	yes	-
11	BD5E	brk	$29,$0F	2	BrkDefault	BD61	yes	-
11	BD83	brk	$9F,$FB	2	BrkSelector FB	BD86	yes	-
11	BDBC	jsr	$81	1	JsrInline BF2E	BDC0	yes	-
11	BE00	brk	$07,$1F	2	BrkDefault	BE03	yes	-
11	BE05	brk	$01,$53	2	BrkSelector 53	BE08	yes	-
11	BE11	brk	$10,$3F	2	BrkDefault	BE14	yes	-
11	BEC6	brk	$67,$73	2	BrkSelector 73	BEC9	yes	causal-resume
11	BECA	brk	$14,$53	2	BrkSelector 53	BECD	yes	causal-resume
11	BED3	brk	$0E,$B3	2	BrkSelector B3	BED6	yes	causal-resume
11	BEE1	brk	$17,$0F	2	BrkDefault	BEE4	yes	causal-resume
11	BF4D	brk	$13,$2F	2	BrkDefault	BF50	yes	causal-resume
11	BF51	brk	$03,$9F	2	BrkService 19:03	BF54	yes	causal-resume
11	BF56	brk	$13,$2F	2	BrkDefault	BF59	yes	causal-resume
11	BF69	brk	$07,$6F,$00	3	BrkService 16:07	BF6D	yes	-
11	BF73	brk	$07,$6F,$00	3	BrkService 16:07	BF77	yes	-
11	BF81	brk	$07,$6F,$00	3	BrkService 16:07	BF85	yes	-
11	BF8E	brk	$07,$6F,$00	3	BrkService 16:07	BF92	yes	-
12	8072	brk	$30,$B3	2	BrkSelector B3	8075	yes	causal-resume
12	80C2	brk	$12,$53	2	BrkSelector 53	80C5	yes	causal-resume
12	80DA	brk	$17,$33	2	BrkSelector 33	80DD	yes	causal-resume
12	80E9	brk	$1B,$33	2	BrkSelector 33	80EC	yes	causal-resume
12	8106	brk	$62,$33	2	BrkSelector 33	8109	yes	causal-resume
12	8200	brk	$06,$1F	2	BrkDefault	8203	yes	-
12	8206	brk	$07,$1F	2	BrkDefault	8209	yes	-
12	8227	brk	$07,$1F	2	BrkDefault	822A	yes	-
12	823D	brk	$2D,$A3	2	BrkSelector A3	8240	yes	-
12	828E	brk	$06,$6F	2	BrkDefault	8291	yes	causal-resume
12	82A4	brk	$08,$6F	2	BrkDefault	82A7	yes	causal-resume
12	82CF	brk	$04,$6F	2	BrkService 16:04	82D2	yes	causal-resume
12	830C	brk	$03,$1F	2	BrkDefault	830F	yes	causal-resume
12	8346	brk	$03,$1F	2	BrkDefault	8349	yes	causal-resume
12	83E8	brk	$01,$1F	2	BrkDefault	83EB	yes	causal-resume
12	8414	brk	$67,$73	2	BrkSelector 73	8417	yes	causal-resume
12	8428	brk	$03,$1F	2	BrkDefault	842B	yes	causal-resume
12	8432	brk	$2D,$A3	2	BrkSelector A3	8435	yes	causal-resume
12	8448	brk	$2D,$B3	2	BrkSelector B3	844B	yes	causal-resume
12	844C	brk	$29,$C3,$0F	3	BrkSelector C3	8450	yes	causal-resume
12	8463	brk	$2D,$B3	2	BrkSelector B3	8466	yes	causal-resume
12	8467	brk	$29,$C3,$0F	3	BrkSelector C3	846B	yes	causal-resume
12	847C	brk	$2E,$B3	2	BrkSelector B3	847F	yes	-
12	84A9	brk	$17,$5F	2	BrkDefault	84AC	yes	-
12	84B9	brk	$07,$6F,$3D	3	BrkService 16:07	84BD	yes	causal-resume
12	84BD	brk	$05,$6F	2	BrkDefault	84C0	yes	causal-resume
12	84D8	brk	$CC,$D3,$05	3	BrkSelector D3	84DC	yes	causal-resume
12	84FD	brk	$1B,$0F	2	BrkDefault	8500	yes	-
12	8510	brk	$C1,$E3	2	BrkSelector E3	8513	yes	-
12	8513	brk	$13,$2F	2	BrkDefault	8516	yes	causal-resume
12	8519	brk	$10,$1F	2	BrkDefault	851C	yes	causal-resume
12	8528	brk	$0E,$4F	2	BrkDefault	852B	yes	-
12	852B	brk	$30,$B3	2	BrkSelector B3	852E	yes	-
12	8530	brk	$00,$B3	2	BrkSelector B3	8533	yes	-
12	8536	brk	$07,$6F,$3D	3	BrkService 16:07	853A	yes	causal-resume
12	853C	brk	$06,$6F	2	BrkDefault	853F	yes	causal-resume
12	8545	brk	$29,$C3,$0F	3	BrkSelector C3	8549	yes	causal-resume
12	855C	brk	$27,$A3	2	BrkSelector A3	855F	yes	causal-resume
12	856B	brk	$1B,$0F	2	BrkDefault	856E	yes	-
12	8576	brk	$26,$A3	2	BrkSelector A3	8579	yes	-
12	857F	brk	$2A,$B3	2	BrkSelector B3	8582	yes	-
12	859A	brk	$06,$6F	2	BrkDefault	859D	yes	-
12	859E	brk	$EC,$E3	2	BrkSelector E3	85A1	yes	-
12	85AF	brk	$2D,$B3	2	BrkSelector B3	85B2	yes	causal-resume
12	8685	brk	$E8,$E3	2	BrkSelector E3	8688	yes	-
12	868C	brk	$8E,$FB	2	BrkSelector FB	868F	yes	-
12	8691	brk	$03,$4F	2	BrkDefault	8694	yes	-
12	8694	brk	$E0,$D3,$89	3	BrkSelector D3	8698	yes	-
12	8698	brk	$07,$1F	2	BrkDefault	869B	yes	-
12	869B	brk	$2A,$C3,$06	3	BrkSelector C3	869F	yes	-
12	86B6	brk	$10,$1F	2	BrkDefault	86B9	yes	causal-resume
12	86D1	brk	$09,$9F	2	BrkService 19:09	86D4	yes	-
12	86D9	brk	$0E,$FB	2	BrkSelector FB	86DC	yes	-
12	86E2	brk	$2D,$0F	2	BrkDefault	86E5	yes	-
12	86E7	brk	$07,$6F,$3D	3	BrkService 16:07	86EB	yes	-
12	86EB	brk	$4F,$33	2	BrkSelector 33	86EE	yes	-
12	86F8	brk	$62,$33	2	BrkSelector 33	86FB	yes	-
12	86FF	brk	$2B,$53	2	BrkSelector 53	8702	yes	-
12	8718	brk	$6B,$0B	2	BrkSelector 0B	871B	yes	-
12	871E	brk	$62,$23,$08	3	BrkSelector 23	8722	yes	-
12	8726	brk	$1B,$0B	2	BrkSelector 0B	8729	yes	-
12	872C	brk	$BF,$1B	2	BrkSelector 1B	872F	yes	-
12	8765	brk	$07,$6F,$5F	3	BrkService 16:07	8769	yes	-
12	8769	brk	$8A,$0B	2	BrkSelector 0B	876C	yes	-
12	876C	brk	$07,$9F	2	BrkService 19:07	876F	yes	-
12	8776	brk	$07,$6F,$5F	3	BrkService 16:07	877A	yes	-
12	877A	brk	$6B,$0B	2	BrkSelector 0B	877D	yes	-
12	877D	brk	$09,$9F	2	BrkService 19:09	8780	yes	-
12	8783	brk	$19,$8F	2	BrkDefault	8786	yes	-
12	879F	brk	$2E,$FB	2	BrkSelector FB	87A2	yes	-
12	87A3	brk	$2F,$FB	2	BrkSelector FB	87A6	yes	-
12	87A7	brk	$30,$FB	2	BrkSelector FB	87AA	yes	-
12	87B0	brk	$07,$6F,$5F	3	BrkService 16:07	87B4	yes	causal-resume
12	87B4	brk	$11,$FB	2	BrkSelector FB	87B7	yes	causal-resume
12	87CA	brk	$08,$0B	2	BrkSelector 0B	87CD	yes	-
12	87D0	brk	$09,$0B	2	BrkSelector 0B	87D3	yes	causal-resume
12	87DE	brk	$0A,$0B	2	BrkSelector 0B	87E1	yes	-
12	87E4	brk	$0B,$0B	2	BrkSelector 0B	87E7	yes	-
12	8810	brk	$62,$23,$09	3	BrkSelector 23	8814	yes	causal-resume
12	881F	brk	$2D,$0F	2	BrkDefault	8822	yes	-
12	8824	brk	$0C,$0B	2	BrkSelector 0B	8827	yes	-
12	882A	brk	$0D,$0B	2	BrkSelector 0B	882D	yes	causal-resume
12	883E	brk	$27,$43,$09	3	BrkSelector 43	8842	yes	causal-resume
12	8876	brk	$4B,$33	2	BrkSelector 33	8879	yes	causal-resume
12	8885	brk	$C3,$1B	2	BrkSelector 1B	8888	yes	causal-resume
12	8888	brk	$08,$2F	2	BrkService 12:08	888B	yes	causal-resume
12	888E	brk	$07,$9F	2	BrkService 19:07	8891	yes	causal-resume
12	8898	brk	$09,$9F	2	BrkService 19:09	889B	yes	causal-resume
12	889E	brk	$29,$B3	2	BrkSelector B3	88A1	yes	-
12	88C7	brk	$82,$0B	2	BrkSelector 0B	88CA	yes	-
12	88E8	brk	$29,$C3,$0E	3	BrkSelector C3	88EC	yes	-
12	88EF	brk	$29,$0F	2	BrkDefault	88F2	yes	-
12	88F6	brk	$07,$6F,$3D	3	BrkService 16:07	88FA	yes	-
12	88FA	brk	$7E,$0B	2	BrkSelector 0B	88FD	yes	-
12	88FD	brk	$07,$6F,$6E	3	BrkService 16:07	8901	yes	-
12	8906	brk	$7F,$0B	2	BrkSelector 0B	8909	yes	-
12	8912	brk	$81,$0B	2	BrkSelector 0B	8915	yes	-
12	8925	brk	$80,$0B	2	BrkSelector 0B	8928	yes	-
12	8FED	brk	$38,$0F	2	BrkDefault	8FF0	yes	causal-resume
12	90E8	brk	$05,$5F	2	BrkDefault	90EB	yes	causal-resume
12	90F5	brk	$66,$73	2	BrkSelector 73	90F8	yes	-
12	90FF	brk	$2B,$73	2	BrkSelector 73	9102	yes	-
12	9108	brk	$30,$73	2	BrkSelector 73	910B	yes	-
12	910F	brk	$63,$73	2	BrkSelector 73	9112	yes	-
12	9115	brk	$2D,$73	2	BrkSelector 73	9118	yes	-
12	911E	brk	$2C,$73	2	BrkSelector 73	9121	yes	-
12	9124	brk	$30,$73	2	BrkSelector 73	9127	yes	-
12	912A	brk	$2E,$73	2	BrkSelector 73	912D	yes	-
12	9131	brk	$2E,$73	2	BrkSelector 73	9134	yes	-
12	91E6	brk	$17,$0F	2	BrkDefault	91E9	yes	-
12	91F3	brk	$63,$73	2	BrkSelector 73	91F6	yes	-
12	91F8	brk	$0F,$33	2	BrkSelector 33	91FB	yes	-
12	9219	brk	$1C,$B3	2	BrkSelector B3	921C	yes	causal-resume
12	9222	brk	$10,$0F	2	BrkDefault	9225	yes	causal-resume
12	9227	brk	$66,$73	2	BrkSelector 73	922A	yes	-
12	922C	brk	$25,$B3	2	BrkSelector B3	922F	yes	causal-resume
12	9248	brk	$2D,$B3	2	BrkSelector B3	924B	yes	-
12	9268	brk	$C7,$1B	2	BrkSelector 1B	926B	yes	-
12	926E	brk	$C8,$1B	2	BrkSelector 1B	9271	yes	-
12	9277	brk	$2D,$0F	2	BrkDefault	927A	yes	-
12	927C	brk	$C9,$1B	2	BrkSelector 1B	927F	yes	-
12	9281	brk	$12,$EF	2	BrkDefault	9284	yes	-
12	92AD	brk	$12,$1F	2	BrkDefault	92B0	yes	-
12	92B2	brk	$E0,$D3,$85	3	BrkSelector D3	92B6	yes	-
12	92B8	brk	$29,$C3,$0A	3	BrkSelector C3	92BC	yes	-
12	92C3	brk	$00,$B3	2	BrkSelector B3	92C6	yes	-
12	92C9	brk	$0E,$4F	2	BrkDefault	92CC	yes	-
12	92D0	brk	$2A,$C3,$0A	3	BrkSelector C3	92D4	yes	-
12	92DD	brk	$2B,$C3,$0A	3	BrkSelector C3	92E1	yes	-
12	92E5	brk	$03,$B3	2	BrkSelector B3	92E8	yes	-
12	92EB	brk	$02,$B3	2	BrkSelector B3	92EE	yes	-
12	92F3	brk	$29,$C3,$0A	3	BrkSelector C3	92F7	yes	-
12	92FB	brk	$17,$4F	2	BrkDefault	92FE	yes	-
12	930C	brk	$62,$23,$08	3	BrkSelector 23	9310	yes	causal-resume
12	9312	brk	$62,$33	2	BrkSelector 33	9315	yes	-
12	9319	brk	$D1,$2B	2	BrkSelector 2B	931C	yes	-
12	931F	brk	$AA,$2B	2	BrkSelector 2B	9322	yes	-
12	9325	brk	$07,$6F,$12	3	BrkService 16:07	9329	yes	causal-resume
12	9330	brk	$07,$6F,$43	3	BrkService 16:07	9334	yes	-
12	9339	brk	$AA,$2B	2	BrkSelector 2B	933C	yes	-
12	9343	brk	$2B,$73	2	BrkSelector 73	9346	yes	causal-resume
12	934D	brk	$2D,$73	2	BrkSelector 73	9350	yes	causal-resume
12	9354	brk	$01,$6F,$13	3	BrkService 16:01	9358	yes	causal-resume
12	9365	brk	$01,$6F,$14	3	BrkService 16:01	9369	yes	causal-resume
12	9387	brk	$62,$23,$08	3	BrkSelector 23	938B	yes	-
12	938F	brk	$07,$6F,$15	3	BrkService 16:07	9393	yes	-
12	939B	brk	$2B,$73	2	BrkSelector 73	939E	yes	-
12	93A8	brk	$62,$33	2	BrkSelector 33	93AB	yes	-
12	93B1	brk	$46,$73	2	BrkSelector 73	93B4	yes	-
12	93B6	brk	$07,$6F,$50	3	BrkService 16:07	93BA	yes	-
12	93C0	brk	$2C,$73	2	BrkSelector 73	93C3	yes	-
12	93C5	brk	$0E,$0F	2	BrkDefault	93C8	yes	-
12	93CA	brk	$D2,$2B	2	BrkSelector 2B	93CD	yes	-
12	93D0	brk	$0C,$0F	2	BrkDefault	93D3	yes	-
12	93DF	brk	$BE,$2B	2	BrkSelector 2B	93E2	yes	-
12	93E2	brk	$07,$6F,$48	3	BrkService 16:07	93E6	yes	-
12	93EE	brk	$07,$6F,$43	3	BrkService 16:07	93F2	yes	-
12	93F7	brk	$A9,$2B	2	BrkSelector 2B	93FA	yes	-
12	93FF	brk	$46,$73	2	BrkSelector 73	9402	yes	-
12	9409	brk	$2E,$73	2	BrkSelector 73	940C	yes	-
12	940C	brk	$07,$6F,$43	3	BrkService 16:07	9410	yes	-
12	9415	brk	$BB,$2B	2	BrkSelector 2B	9418	yes	-
12	941E	brk	$07,$6F,$43	3	BrkService 16:07	9422	yes	-
12	9427	brk	$CB,$3B	2	BrkSelector 3B	942A	yes	-
12	9432	brk	$2D,$73	2	BrkSelector 73	9435	yes	-
12	943B	brk	$07,$6F,$43	3	BrkService 16:07	943F	yes	-
12	943F	brk	$9B,$2B	2	BrkSelector 2B	9442	yes	-
12	9454	brk	$2E,$73	2	BrkSelector 73	9457	yes	-
12	9457	brk	$07,$6F,$43	3	BrkService 16:07	945B	yes	-
12	946B	brk	$46,$73	2	BrkSelector 73	946E	yes	-
12	9472	brk	$46,$73	2	BrkSelector 73	9475	yes	-
12	9484	brk	$46,$73	2	BrkSelector 73	9487	yes	-
12	948B	brk	$46,$73	2	BrkSelector 73	948E	yes	-
12	9490	brk	$B2,$2B	2	BrkSelector 2B	9493	yes	-
12	9494	brk	$B3,$2B	2	BrkSelector 2B	9497	yes	-
12	9498	brk	$B4,$2B	2	BrkSelector 2B	949B	yes	-
12	949C	brk	$BB,$2B	2	BrkSelector 2B	949F	yes	-
12	94AD	brk	$46,$73	2	BrkSelector 73	94B0	yes	-
12	94B4	brk	$46,$73	2	BrkSelector 73	94B7	yes	-
12	94BB	brk	$B5,$2B	2	BrkSelector 2B	94BE	yes	-
12	94BF	brk	$B6,$2B	2	BrkSelector 2B	94C2	yes	-
12	94C3	brk	$B7,$2B	2	BrkSelector 2B	94C6	yes	-
12	94C7	brk	$BC,$2B	2	BrkSelector 2B	94CA	yes	-
12	94D8	brk	$46,$73	2	BrkSelector 73	94DB	yes	-
12	94DF	brk	$46,$73	2	BrkSelector 73	94E2	yes	-
12	94E6	brk	$B8,$2B	2	BrkSelector 2B	94E9	yes	-
12	94EA	brk	$B9,$2B	2	BrkSelector 2B	94ED	yes	-
12	94EE	brk	$BA,$2B	2	BrkSelector 2B	94F1	yes	-
12	94F2	brk	$BD,$2B	2	BrkSelector 2B	94F5	yes	-
12	9501	brk	$D2,$2B	2	BrkSelector 2B	9504	yes	-
12	9510	brk	$46,$73	2	BrkSelector 73	9513	yes	-
12	9517	brk	$46,$73	2	BrkSelector 73	951A	yes	-
12	951E	brk	$AF,$2B	2	BrkSelector 2B	9521	yes	-
12	9522	brk	$B0,$2B	2	BrkSelector 2B	9525	yes	-
12	9526	brk	$B1,$2B	2	BrkSelector 2B	9529	yes	-
12	9531	brk	$2C,$73	2	BrkSelector 73	9534	yes	-
12	953A	brk	$30,$73	2	BrkSelector 73	953D	yes	-
12	9544	brk	$2D,$0F	2	BrkDefault	9547	yes	-
12	954E	brk	$2D,$0F	2	BrkDefault	9551	yes	-
12	9556	brk	$AE,$2B	2	BrkSelector 2B	9559	yes	-
12	955A	brk	$AC,$2B	2	BrkSelector 2B	955D	yes	-
12	955E	brk	$07,$6F,$43	3	BrkService 16:07	9562	yes	-
12	9569	brk	$46,$73	2	BrkSelector 73	956C	yes	-
12	9570	brk	$46,$73	2	BrkSelector 73	9573	yes	-
12	9578	brk	$2C,$73	2	BrkSelector 73	957B	yes	-
12	9580	brk	$D3,$2B	2	BrkSelector 2B	9583	yes	-
12	9586	brk	$12,$0F	2	BrkDefault	9589	yes	-
12	9593	brk	$0B,$0F	2	BrkDefault	9596	yes	-
12	95A2	brk	$D8,$2B	2	BrkSelector 2B	95A5	yes	-
12	95A8	brk	$D7,$2B	2	BrkSelector 2B	95AB	yes	-
12	95AE	brk	$D6,$2B	2	BrkSelector 2B	95B1	yes	-
12	95B4	brk	$D5,$2B	2	BrkSelector 2B	95B7	yes	-
12	95BA	brk	$D4,$2B	2	BrkSelector 2B	95BD	yes	-
12	95D1	brk	$0D,$0F	2	BrkDefault	95D4	yes	-
12	95D6	brk	$DE,$2B	2	BrkSelector 2B	95D9	yes	-
12	95DC	brk	$DF,$2B	2	BrkSelector 2B	95DF	yes	-
12	95F3	brk	$0F,$0F	2	BrkDefault	95F6	yes	-
12	95F8	brk	$DA,$2B	2	BrkSelector 2B	95FB	yes	-
12	95FB	brk	$DB,$2B	2	BrkSelector 2B	95FE	yes	-
12	9606	brk	$02,$5F	2	BrkDefault	9609	yes	-
12	9615	brk	$D9,$2B	2	BrkSelector 2B	9618	yes	-
12	962C	brk	$63,$33	2	BrkSelector 33	962F	yes	-
12	9631	brk	$E5,$2B	2	BrkSelector 2B	9634	yes	-
12	9638	brk	$EF,$2B	2	BrkSelector 2B	963B	yes	-
12	9642	brk	$0A,$0F	2	BrkDefault	9645	yes	-
12	9647	brk	$C2,$3B	2	BrkSelector 3B	964A	yes	-
12	964B	brk	$C3,$3B	2	BrkSelector 3B	964E	yes	-
12	9671	brk	$63,$33	2	BrkSelector 33	9674	yes	-
12	9679	brk	$0A,$0F	2	BrkDefault	967C	yes	-
12	968D	brk	$E0,$2B	2	BrkSelector 2B	9690	yes	-
12	9695	brk	$E1,$2B	2	BrkSelector 2B	9698	yes	-
12	969E	brk	$62,$33	2	BrkSelector 33	96A1	yes	-
12	96B5	brk	$2B,$33	2	BrkSelector 33	96B8	yes	-
12	96E9	brk	$D7,$4B	2	BrkSelector 4B	96EC	yes	-
12	9714	brk	$E4,$2B	2	BrkSelector 2B	9717	yes	-
12	9718	brk	$E3,$2B	2	BrkSelector 2B	971B	yes	-
12	971C	brk	$E2,$2B	2	BrkSelector 2B	971F	yes	-
12	9727	brk	$46,$73	2	BrkSelector 73	972A	yes	causal-resume
12	972E	brk	$46,$73	2	BrkSelector 73	9731	yes	causal-resume
12	9736	brk	$07,$6F,$43	3	BrkService 16:07	973A	yes	-
12	973A	brk	$AD,$2B	2	BrkSelector 2B	973D	yes	-
12	9740	brk	$07,$6F,$43	3	BrkService 16:07	9744	yes	-
12	9744	brk	$AB,$2B	2	BrkSelector 2B	9747	yes	-
12	9750	brk	$2C,$73	2	BrkSelector 73	9753	yes	-
12	9757	brk	$0C,$0F	2	BrkDefault	975A	yes	-
12	975C	brk	$07,$6F,$43	3	BrkService 16:07	9760	yes	-
12	9767	brk	$12,$FB	2	BrkSelector FB	976A	yes	-
12	976A	brk	$DC,$2B	2	BrkSelector 2B	976D	yes	-
12	976D	brk	$07,$9F	2	BrkService 19:07	9770	yes	-
12	9770	brk	$09,$9F	2	BrkService 19:09	9773	yes	-
12	9796	brk	$04,$6F	2	BrkService 16:04	9799	yes	-
12	979A	brk	$94,$4B	2	BrkSelector 4B	979D	yes	-
12	979D	brk	$91,$4B	2	BrkSelector 4B	97A0	yes	-
12	97A1	brk	$A3,$4B	2	BrkSelector 4B	97A4	yes	-
12	97A4	brk	$A5,$4B	2	BrkSelector 4B	97A7	yes	-
12	97AC	brk	$2A,$FB	2	BrkSelector FB	97AF	yes	-
12	97B5	brk	$07,$9F	2	BrkService 19:07	97B8	yes	-
12	97B8	brk	$09,$9F	2	BrkService 19:09	97BB	yes	-
12	9BFD	brk	$62,$23,$08	3	BrkSelector 23	9C01	yes	causal-resume
12	9C08	brk	$2B,$23,$08	3	BrkSelector 23	9C0C	yes	causal-resume
12	9C22	brk	$0F,$43,$08	3	BrkSelector 43	9C26	yes	-
12	9C2A	brk	$2B,$23,$08	3	BrkSelector 23	9C2E	yes	-
12	9C34	brk	$25,$43,$08	3	BrkSelector 43	9C38	yes	-
12	9C50	brk	$62,$23,$08	3	BrkSelector 23	9C54	yes	-
12	9C5D	brk	$0F,$23,$08	3	BrkSelector 23	9C61	yes	-
12	9C7F	brk	$62,$23,$09	3	BrkSelector 23	9C83	yes	causal-resume
12	9C8C	brk	$0F,$23,$09	3	BrkSelector 23	9C90	yes	causal-resume
12	9C98	brk	$2B,$23,$09	3	BrkSelector 23	9C9C	yes	causal-resume
12	9C9E	brk	$25,$23,$09	3	BrkSelector 23	9CA2	yes	causal-resume
12	9CC8	brk	$64,$33	2	BrkSelector 33	9CCB	yes	causal-resume
12	9CDD	brk	$07,$6F,$FF	3	BrkService 16:07	9CE1	yes	-
12	9CFB	brk	$07,$6F,$43	3	BrkService 16:07	9CFF	yes	-
12	9D0B	brk	$2B,$23,$09	3	BrkSelector 23	9D0F	yes	-
12	9D11	brk	$6C,$23,$09	3	BrkSelector 23	9D15	yes	-
12	9D41	brk	$11,$3F	2	BrkDefault	9D44	yes	causal-resume
12	9D6D	brk	$01,$FB	2	BrkSelector FB	9D70	yes	-
12	9D70	brk	$07,$9F	2	BrkService 19:07	9D73	yes	-
12	9D73	brk	$09,$9F	2	BrkService 19:09	9D76	yes	-
12	9D83	brk	$2E,$0F	2	BrkDefault	9D86	yes	-
12	9D98	brk	$07,$6F,$2B	3	BrkService 16:07	9D9C	yes	-
12	9DC9	brk	$09,$03	2	BrkSelector 03	9DCC	yes	-
12	9DE8	brk	$17,$0F	2	BrkDefault	9DEB	yes	-
12	9DF9	brk	$1A,$0F	2	BrkDefault	9DFC	yes	-
12	9E26	brk	$09,$03	2	BrkSelector 03	9E29	yes	-
12	9E58	brk	$04,$6F	2	BrkService 16:04	9E5B	yes	-
12	9EA4	brk	$6D,$23,$09	3	BrkSelector 23	9EA8	yes	-
12	9EFF	brk	$6E,$23,$09	3	BrkSelector 23	9F03	yes	-
12	9F58	brk	$21,$23,$09	3	BrkSelector 23	9F5C	yes	-
12	A30D	brk	$92,$FB	2	BrkSelector FB	A310	yes	-
12	A319	brk	$2B,$EF	2	BrkDefault	A31C	yes	-
12	A322	brk	$1E,$2F	2	BrkDefault	A325	yes	-
12	A35C	brk	$95,$FB	2	BrkSelector FB	A35F	yes	-
12	A35F	brk	$02,$4F	2	BrkDefault	A362	yes	-
12	A365	brk	$9C,$FB	2	BrkSelector FB	A368	yes	-
12	A36A	brk	$03,$4F	2	BrkDefault	A36D	yes	-
12	A386	brk	$98,$FB	2	BrkSelector FB	A389	yes	-
12	A394	brk	$1F,$2F	2	BrkDefault	A397	yes	-
12	A51B	brk	$62,$33	2	BrkSelector 33	A51E	yes	causal-resume
12	A520	brk	$45,$93,$06	3	BrkSelector 93	A524	yes	-
12	A525	brk	$44,$93,$07	3	BrkSelector 93	A529	yes	-
12	A52A	brk	$45,$93,$05	3	BrkSelector 93	A52E	yes	-
12	A52F	brk	$42,$53	2	BrkSelector 53	A532	yes	causal-resume
12	A53A	brk	$05,$53	2	BrkSelector 53	A53D	yes	causal-resume
12	A53D	brk	$0E,$53	2	BrkSelector 53	A540	yes	causal-resume
12	A553	brk	$07,$6F,$04	3	BrkService 16:07	A557	yes	causal-resume
12	A576	brk	$01,$6F,$05	3	BrkService 16:01	A57A	yes	causal-resume
12	A58E	brk	$07,$6F,$FF	3	BrkService 16:07	A592	yes	causal-resume
12	A597	brk	$45,$EF	2	BrkDefault	A59A	yes	causal-resume
12	A59B	brk	$07,$6F,$43	3	BrkService 16:07	A59F	yes	-
12	A59F	brk	$CF,$2B	2	BrkSelector 2B	A5A2	yes	-
12	A5A5	brk	$07,$6F,$43	3	BrkService 16:07	A5A9	yes	-
12	A5A9	brk	$D0,$2B	2	BrkSelector 2B	A5AC	yes	-
12	A5B3	brk	$42,$53	2	BrkSelector 53	A5B6	yes	causal-resume
12	A5B8	brk	$3E,$53	2	BrkSelector 53	A5BB	yes	causal-resume
12	A5BD	brk	$3D,$33	2	BrkSelector 33	A5C0	yes	causal-resume
12	A5C4	brk	$07,$6F,$43	3	BrkService 16:07	A5C8	yes	causal-resume
12	A5C8	brk	$C0,$2B	2	BrkSelector 2B	A5CB	yes	causal-resume
12	A5CE	brk	$07,$6F,$43	3	BrkService 16:07	A5D2	yes	-
12	A5D2	brk	$C1,$2B	2	BrkSelector 2B	A5D5	yes	-
12	A5DD	brk	$40,$73	2	BrkSelector 73	A5E0	yes	causal-resume
12	A5E7	brk	$0A,$3F	2	BrkDefault	A5EA	yes	causal-resume
12	A5ED	brk	$0C,$73	2	BrkSelector 73	A5F0	yes	causal-resume
12	A5F4	brk	$07,$6F,$43	3	BrkService 16:07	A5F8	yes	-
12	A5F8	brk	$C2,$2B	2	BrkSelector 2B	A5FB	yes	-
12	A601	brk	$0D,$3F	2	BrkDefault	A604	yes	causal-resume
12	A606	brk	$07,$6F,$4E	3	BrkService 16:07	A60A	yes	-
12	A616	brk	$42,$53	2	BrkSelector 53	A619	yes	-
12	A61A	brk	$8E,$FB	2	BrkSelector FB	A61D	yes	causal-resume
12	A66B	brk	$28,$EF	2	BrkDefault	A66E	yes	-
12	A681	brk	$F4,$3B	2	BrkSelector 3B	A684	yes	-
12	A690	brk	$07,$6F,$16	3	BrkService 16:07	A694	yes	causal-resume
12	A69C	brk	$07,$6F,$43	3	BrkService 16:07	A6A0	yes	causal-resume
12	A6A5	brk	$03,$4F	2	BrkDefault	A6A8	yes	causal-resume
12	A6B2	brk	$C3,$2B	2	BrkSelector 2B	A6B5	yes	causal-resume
12	A6BE	brk	$24,$EF	2	BrkDefault	A6C1	yes	causal-resume
12	A6C3	brk	$07,$6F,$43	3	BrkService 16:07	A6C7	yes	-
12	A6C7	brk	$C4,$2B	2	BrkSelector 2B	A6CA	yes	-
12	A6DB	brk	$F4,$3B	2	BrkSelector 3B	A6DE	yes	-
12	A6F5	brk	$40,$EF	2	BrkDefault	A6F8	yes	-
12	A70E	brk	$04,$6F	2	BrkService 16:04	A711	yes	-
12	A773	brk	$0F,$BF	2	BrkDefault	A776	yes	-
12	A777	brk	$C5,$2B	2	BrkSelector 2B	A77A	yes	-
12	A77D	brk	$4B,$0B	2	BrkSelector 0B	A780	yes	-
12	A786	brk	$35,$EF	2	BrkDefault	A789	yes	-
12	A796	brk	$C5,$2B	2	BrkSelector 2B	A799	yes	-
12	A7A7	brk	$17,$0F	2	BrkDefault	A7AA	yes	-
12	A7B7	brk	$02,$73	2	BrkSelector 73	A7BA	yes	-
12	A7BF	brk	$CA,$2B	2	BrkSelector 2B	A7C2	yes	-
12	A7C2	brk	$27,$0F	2	BrkDefault	A7C5	yes	-
12	A7CA	brk	$07,$6F,$10	3	BrkService 16:07	A7CE	yes	-
12	A7F0	brk	$05,$53	2	BrkSelector 53	A7F3	yes	-
12	A7FC	brk	$62,$33	2	BrkSelector 33	A7FF	yes	-
12	A81B	brk	$17,$0F	2	BrkDefault	A81E	yes	-
12	A826	brk	$02,$73	2	BrkSelector 73	A829	yes	-
12	A82F	brk	$27,$0F	2	BrkDefault	A832	yes	-
12	A843	brk	$F6,$2B	2	BrkSelector 2B	A846	yes	-
12	A84B	brk	$07,$6F,$10	3	BrkService 16:07	A84F	yes	-
12	A852	brk	$C5,$2B	2	BrkSelector 2B	A855	yes	-
12	A85B	brk	$62,$33	2	BrkSelector 33	A85E	yes	-
12	A860	brk	$62,$23,$02	3	BrkSelector 23	A864	yes	-
12	A871	brk	$45,$93,$06	3	BrkSelector 93	A875	yes	-
12	A883	brk	$27,$EF	2	BrkDefault	A886	yes	-
12	A886	brk	$CB,$2B	2	BrkSelector 2B	A889	yes	-
12	A8A2	brk	$EB,$2B	2	BrkSelector 2B	A8A5	yes	-
12	A8C6	brk	$45,$93,$05	3	BrkSelector 93	A8CA	yes	-
12	A8CA	brk	$CC,$2B	2	BrkSelector 2B	A8CD	yes	-
12	A8E8	brk	$CE,$2B	2	BrkSelector 2B	A8EB	yes	-
12	A902	brk	$44,$73	2	BrkSelector 73	A905	yes	-
12	A905	brk	$6A,$33	2	BrkSelector 33	A908	yes	-
12	A90E	brk	$23,$EF	2	BrkDefault	A911	yes	-
12	A911	brk	$0D,$87	2	BrkDefault	A914	yes	-
12	A916	brk	$26,$EF	2	BrkDefault	A919	yes	-
12	A919	brk	$27,$EF	2	BrkDefault	A91C	yes	-
12	A91C	brk	$CD,$2B	2	BrkSelector 2B	A91F	yes	-
12	A91F	brk	$45,$EF	2	BrkDefault	A922	yes	-
12	A92C	brk	$05,$53	2	BrkSelector 53	A92F	yes	-
12	A932	brk	$06,$53	2	BrkSelector 53	A935	yes	-
12	A935	brk	$27,$0F	2	BrkDefault	A938	yes	-
12	A93F	brk	$0A,$3F	2	BrkDefault	A942	yes	causal-resume
12	A945	brk	$0B,$73	2	BrkSelector 73	A948	yes	causal-resume
12	A94C	brk	$8F,$3F	2	BrkDefault	A94F	yes	-
12	A957	brk	$07,$6F,$43	3	BrkService 16:07	A95B	yes	-
12	A960	brk	$03,$4F	2	BrkDefault	A963	yes	-
12	A96D	brk	$C3,$2B	2	BrkSelector 2B	A970	yes	-
12	A975	brk	$26,$EB,$20	3	BrkSelector EB	A979	yes	causal-resume
12	A98C	brk	$09,$EB,$40	3	BrkSelector EB	A990	yes	-
12	A9BC	brk	$17,$EB,$02	3	BrkSelector EB	A9C0	yes	-
12	AA31	brk	$1F,$FB	2	BrkSelector FB	AA34	yes	causal-resume
12	AA34	brk	$07,$6F,$53	3	BrkService 16:07	AA38	yes	causal-resume
12	AA88	brk	$12,$FB	2	BrkSelector FB	AA8B	yes	legacy-address-only
12	AA8B	brk	$07,$9F	2	BrkService 19:07	AA8E	yes	legacy-address-only
12	AA8E	brk	$1F,$FB	2	BrkSelector FB	AA91	yes	legacy-address-only
12	AA91	brk	$07,$6F,$43	3	BrkService 16:07	AA95	yes	legacy-address-only
12	AAAE	brk	$CC,$1B	2	BrkSelector 1B	AAB1	yes	legacy-address-only
12	AADC	brk	$10,$2F	2	BrkService 12:10	AADF	yes	causal-resume
12	AAE5	brk	$04,$9F	2	BrkService 19:04	AAE8	yes	causal-resume
12	AAF0	brk	$07,$6F,$55	3	BrkService 16:07	AAF4	yes	causal-resume
12	AAFF	brk	$07,$6F,$54	3	BrkService 16:07	AB03	yes	causal-resume
12	AB16	brk	$01,$6F,$56	3	BrkService 16:01	AB1A	yes	legacy-address-only
12	AB4B	brk	$07,$6F,$58	3	BrkService 16:07	AB4F	yes	causal-resume
12	AB67	brk	$07,$6F,$57	3	BrkService 16:07	AB6B	yes	causal-resume
12	AB6B	brk	$07,$6F,$59	3	BrkService 16:07	AB6F	yes	causal-resume
12	AB89	brk	$01,$6F,$56	3	BrkService 16:01	AB8D	yes	causal-resume
12	ABA8	brk	$11,$3F	2	BrkDefault	ABAB	yes	causal-resume
12	ABB5	brk	$05,$5F	2	BrkDefault	ABB8	yes	causal-resume
12	ABF0	brk	$01,$6F,$5A	3	BrkService 16:01	ABF4	yes	causal-resume
12	ABF4	brk	$07,$6F,$48	3	BrkService 16:07	ABF8	yes	causal-resume
12	AD62	brk	$12,$DF	2	BrkDefault	AD65	yes	causal-resume
12	AD94	brk	$62,$23,$4B	3	BrkSelector 23	AD98	yes	-
12	ADA9	brk	$44,$93,$07	3	BrkSelector 93	ADAD	yes	-
12	ADAD	brk	$45,$93,$06	3	BrkSelector 93	ADB1	yes	-
12	ADB1	brk	$45,$93,$05	3	BrkSelector 93	ADB5	yes	-
12	ADB5	brk	$05,$53	2	BrkSelector 53	ADB8	yes	-
12	ADB8	brk	$0E,$53	2	BrkSelector 53	ADBB	yes	-
12	ADC6	brk	$66,$93,$6B	3	BrkSelector 93	ADCA	yes	-
12	ADE8	brk	$44,$93,$07	3	BrkSelector 93	ADEC	yes	-
12	ADEC	brk	$45,$93,$06	3	BrkSelector 93	ADF0	yes	-
12	ADF0	brk	$45,$93,$05	3	BrkSelector 93	ADF4	yes	-
12	ADF9	brk	$04,$73	2	BrkSelector 73	ADFC	yes	-
12	AE01	brk	$02,$73	2	BrkSelector 73	AE04	yes	-
12	AE07	brk	$62,$33	2	BrkSelector 33	AE0A	yes	-
12	AE0F	brk	$62,$23,$40	3	BrkSelector 23	AE13	yes	-
12	AE17	brk	$2B,$53	2	BrkSelector 53	AE1A	yes	-
12	AE29	brk	$2D,$0F	2	BrkDefault	AE2C	yes	-
12	AE4A	brk	$35,$0F	2	BrkDefault	AE4D	yes	causal-resume
12	AE76	brk	$07,$6F,$50	3	BrkService 16:07	AE7A	yes	-
12	AE94	brk	$07,$6F,$50	3	BrkService 16:07	AE98	yes	causal-resume
12	AEAC	brk	$9E,$1B	2	BrkSelector 1B	AEAF	yes	causal-resume
12	AEB2	brk	$C5,$2B	2	BrkSelector 2B	AEB5	yes	causal-resume
12	AEE6	brk	$04,$6F	2	BrkService 16:04	AEE9	yes	-
12	AEF5	brk	$E6,$2B	2	BrkSelector 2B	AEF8	yes	-
12	AEFB	brk	$C5,$2B	2	BrkSelector 2B	AEFE	yes	-
12	AF49	brk	$27,$0F	2	BrkDefault	AF4C	yes	-
12	AF51	brk	$07,$6F,$10	3	BrkService 16:07	AF55	yes	-
12	AF85	brk	$30,$33	2	BrkSelector 33	AF88	yes	-
12	AFA2	brk	$07,$6F,$16	3	BrkService 16:07	AFA6	yes	-
12	AFAB	brk	$07,$6F,$50	3	BrkService 16:07	AFAF	yes	-
12	AFBF	brk	$24,$EF	2	BrkDefault	AFC2	yes	-
12	AFC4	brk	$07,$6F,$50	3	BrkService 16:07	AFC8	yes	-
12	AFE4	brk	$F4,$3B	2	BrkSelector 3B	AFE7	yes	-
12	B01B	brk	$C5,$2B	2	BrkSelector 2B	B01E	yes	-
12	B05B	brk	$C5,$2B	2	BrkSelector 2B	B05E	yes	-
12	B088	brk	$27,$EF	2	BrkDefault	B08B	yes	-
12	B08E	brk	$C5,$2B	2	BrkSelector 2B	B091	yes	-
12	B0C1	brk	$83,$2B	2	BrkSelector 2B	B0C4	yes	-
12	B120	brk	$27,$0F	2	BrkDefault	B123	yes	-
12	B126	brk	$6A,$73	2	BrkSelector 73	B129	yes	-
12	B130	brk	$23,$EF	2	BrkDefault	B133	yes	-
12	B133	brk	$0D,$87	2	BrkDefault	B136	yes	-
12	B138	brk	$26,$EF	2	BrkDefault	B13B	yes	-
12	B13B	brk	$27,$EF	2	BrkDefault	B13E	yes	-
12	B13E	brk	$45,$EF	2	BrkDefault	B141	yes	-
12	B15D	brk	$24,$EF	2	BrkDefault	B160	yes	-
12	B164	brk	$24,$EF	2	BrkDefault	B167	yes	-
12	B171	brk	$07,$6F,$50	3	BrkService 16:07	B175	yes	-
12	B181	brk	$62,$23,$01	3	BrkSelector 23	B185	yes	-
12	B18B	brk	$05,$23,$01	3	BrkSelector 23	B18F	yes	-
12	B19E	brk	$AA,$FB	2	BrkSelector FB	B1A1	yes	-
12	B1D3	brk	$4B,$0B	2	BrkSelector 0B	B1D6	yes	-
12	B236	brk	$00,$CB,$02	3	BrkSelector CB	B23A	yes	-
12	B23D	brk	$5F,$3B	2	BrkSelector 3B	B240	yes	-
12	B25E	brk	$2A,$4B	2	BrkSelector 4B	B261	yes	-
12	B270	brk	$62,$23,$40	3	BrkSelector 23	B274	yes	-
12	B27C	brk	$2C,$73	2	BrkSelector 73	B27F	yes	-
12	B28C	brk	$9E,$1B	2	BrkSelector 1B	B28F	yes	-
12	B292	brk	$36,$EF	2	BrkDefault	B295	yes	-
12	B299	brk	$C5,$2B	2	BrkSelector 2B	B29C	yes	-
12	B2A5	brk	$41,$EF	2	BrkDefault	B2A8	yes	-
12	B2C6	brk	$07,$6F,$50	3	BrkService 16:07	B2CA	yes	-
12	B2D0	brk	$C5,$2B	2	BrkSelector 2B	B2D3	yes	-
12	B2E1	brk	$2B,$73	2	BrkSelector 73	B2E4	yes	-
12	B2EF	brk	$42,$EF	2	BrkDefault	B2F2	yes	-
12	B2F7	brk	$63,$73	2	BrkSelector 73	B2FA	yes	-
12	B352	brk	$30,$73	2	BrkSelector 73	B355	yes	-
12	B35A	brk	$2E,$73	2	BrkSelector 73	B35D	yes	-
12	B35D	brk	$14,$5F	2	BrkDefault	B360	yes	-
12	B38C	brk	$44,$EF	2	BrkDefault	B38F	yes	-
12	B39B	brk	$18,$CB,$10	3	BrkSelector CB	B39F	yes	-
12	B3A5	brk	$07,$6F,$50	3	BrkService 16:07	B3A9	yes	-
12	B3A9	brk	$FF,$3B	2	BrkSelector 3B	B3AC	yes	-
12	B3F3	brk	$09,$EF	2	BrkDefault	B3F6	yes	-
12	B3F6	brk	$52,$4B	2	BrkSelector 4B	B3F9	yes	-
12	B408	brk	$C5,$2B	2	BrkSelector 2B	B40B	yes	-
12	B40E	brk	$07,$6F,$FF	3	BrkService 16:07	B412	yes	-
12	B412	brk	$07,$6F,$50	3	BrkService 16:07	B416	yes	-
12	B41B	brk	$53,$4B	2	BrkSelector 4B	B41E	yes	-
12	B421	brk	$29,$FB	2	BrkSelector FB	B424	yes	-
12	B424	brk	$07,$9F	2	BrkService 19:07	B427	yes	-
12	B427	brk	$09,$9F	2	BrkService 19:09	B42A	yes	-
12	B458	brk	$C5,$2B	2	BrkSelector 2B	B45B	yes	-
12	B45E	brk	$4B,$0B	2	BrkSelector 0B	B461	yes	-
12	B47F	brk	$07,$6F,$FF	3	BrkService 16:07	B483	yes	-
12	B483	brk	$05,$BF	2	BrkDefault	B486	yes	-
12	B48E	brk	$C5,$2B	2	BrkSelector 2B	B491	yes	-
12	B4B8	brk	$07,$6F,$FF	3	BrkService 16:07	B4BC	yes	-
12	B4BC	brk	$07,$BF	2	BrkDefault	B4BF	yes	-
12	B4D1	brk	$01,$DF	2	BrkDefault	B4D4	yes	-
12	B4D6	brk	$C5,$2B	2	BrkSelector 2B	B4D9	yes	-
12	B4E2	brk	$5F,$0B	2	BrkSelector 0B	B4E5	yes	-
12	B4FE	brk	$34,$FB	2	BrkSelector FB	B501	yes	-
12	B501	brk	$07,$9F	2	BrkService 19:07	B504	yes	-
12	B504	brk	$09,$9F	2	BrkService 19:09	B507	yes	-
12	B50A	brk	$6F,$33	2	BrkSelector 33	B50D	yes	-
12	B50D	brk	$3E,$EF	2	BrkDefault	B510	yes	-
12	B51B	brk	$4B,$0B	2	BrkSelector 0B	B51E	yes	-
12	B521	brk	$17,$0F	2	BrkDefault	B524	yes	-
12	B52F	brk	$00,$13	2	BrkSelector 13	B532	yes	causal-resume
12	B543	brk	$02,$73	2	BrkSelector 73	B546	yes	-
12	B547	brk	$14,$0F	2	BrkDefault	B54A	yes	-
12	B54F	brk	$07,$6F,$4E	3	BrkService 16:07	B553	yes	-
12	B55F	brk	$2B,$73	2	BrkSelector 73	B562	yes	-
12	B5EB	brk	$04,$6F	2	BrkService 16:04	B5EE	yes	-
12	B8E8	brk	$6F,$33	2	BrkSelector 33	B8EB	yes	-
12	BCBF	brk	$85,$FB	2	BrkSelector FB	BCC2	yes	causal-resume
13	8053	brk	$29,$C3,$0E	3	BrkSelector C3	8057	yes	causal-resume
13	80AC	brk	$06,$1F	2	BrkDefault	80AF	yes	causal-resume
13	80B1	brk	$46,$93,$07	3	BrkSelector 93	80B5	yes	causal-resume
13	80B7	brk	$46,$93,$06	3	BrkSelector 93	80BB	yes	causal-resume
13	80BD	brk	$46,$93,$10	3	BrkSelector 93	80C1	yes	causal-resume
13	80C3	brk	$46,$93,$11	3	BrkSelector 93	80C7	yes	causal-resume
13	80C9	brk	$46,$93,$23	3	BrkSelector 93	80CD	yes	causal-resume
13	80CF	brk	$46,$93,$24	3	BrkSelector 93	80D3	yes	causal-resume
13	80D5	brk	$46,$93,$25	3	BrkSelector 93	80D9	yes	causal-resume
13	80DB	brk	$46,$93,$12	3	BrkSelector 93	80DF	yes	causal-resume
13	80E1	brk	$2B,$53	2	BrkSelector 53	80E4	yes	causal-resume
13	80EB	brk	$07,$73	2	BrkSelector 73	80EE	yes	causal-resume
13	8118	brk	$06,$1F	2	BrkDefault	811B	yes	causal-resume
13	8120	brk	$62,$23,$41	3	BrkSelector 23	8124	yes	causal-resume
13	8128	brk	$29,$C3,$0E	3	BrkSelector C3	812C	yes	causal-resume
13	813C	brk	$62,$23,$40	3	BrkSelector 23	8140	yes	causal-resume
13	8144	brk	$46,$93,$07	3	BrkSelector 93	8148	yes	causal-resume
13	8152	brk	$46,$93,$16	3	BrkSelector 93	8156	yes	causal-resume
13	8158	brk	$46,$93,$17	3	BrkSelector 93	815C	yes	causal-resume
13	8163	brk	$46,$93,$19	3	BrkSelector 93	8167	yes	causal-resume
13	845A	brk	$12,$8F	2	BrkDefault	845D	yes	causal-resume
13	8462	brk	$29,$C3,$0E	3	BrkSelector C3	8466	yes	causal-resume
13	8469	brk	$29,$C3,$0F	3	BrkSelector C3	846D	yes	causal-resume
13	84AD	brk	$29,$C3,$0C	3	BrkSelector C3	84B1	yes	causal-resume
13	86C3	brk	$13,$8F	2	BrkDefault	86C6	yes	-
13	97DD	brk	$0F,$8F	2	BrkDefault	97E0	yes	causal-resume
13	A812	brk	$2B,$0F	2	BrkService 10:2B	A815	yes	-
13	A84E	brk	$2A,$0F	2	BrkService 10:2A	A851	yes	-
13	A912	brk	$15,$0F	2	BrkDefault	A915	yes	-
13	A93B	brk	$2B,$0F	2	BrkService 10:2B	A93E	yes	-
13	A94C	brk	$2A,$0F	2	BrkService 10:2A	A94F	yes	-
13	A994	brk	$17,$1F	2	BrkDefault	A997	yes	-
13	B3F7	brk	$10,$8F	2	BrkDefault	B3FA	yes	causal-resume
13	B4CD	brk	$07,$1F	2	BrkDefault	B4D0	yes	causal-resume
13	B4D4	brk	$22,$B3	2	BrkSelector B3	B4D7	yes	-
13	B4EA	brk	$07,$1F	2	BrkDefault	B4ED	yes	causal-resume
13	B4F1	brk	$3B,$73	2	BrkSelector 73	B4F4	yes	causal-resume
13	B4F8	brk	$3B,$73	2	BrkSelector 73	B4FB	yes	-
13	B4FF	brk	$3B,$73	2	BrkSelector 73	B502	yes	-
13	B561	brk	$36,$0F	2	BrkDefault	B564	yes	causal-resume
13	B599	brk	$17,$0F	2	BrkDefault	B59C	yes	causal-resume
13	B5AD	brk	$03,$1F	2	BrkDefault	B5B0	yes	causal-resume
13	B5FD	brk	$17,$0F	2	BrkDefault	B600	yes	causal-resume
13	B60B	brk	$0D,$1F	2	BrkDefault	B60E	yes	causal-resume
13	B61D	brk	$03,$1F	2	BrkDefault	B620	yes	causal-resume
13	B675	brk	$0E,$1F	2	BrkDefault	B678	yes	causal-resume
13	B67A	brk	$03,$1F	2	BrkDefault	B67D	yes	causal-resume
13	B6A8	brk	$22,$B3	2	BrkSelector B3	B6AB	yes	-
13	B6AC	brk	$03,$1F	2	BrkDefault	B6AF	yes	-
13	B6CD	brk	$0D,$1F	2	BrkDefault	B6D0	yes	causal-resume
13	B6E5	brk	$67,$73	2	BrkSelector 73	B6E8	yes	-
13	B6E9	brk	$23,$53	2	BrkSelector 53	B6EC	yes	-
13	B721	brk	$1B,$0F	2	BrkDefault	B724	yes	causal-resume
14	8072	brk	$29,$C3,$0E	3	BrkSelector C3	8076	yes	-
14	8078	brk	$2D,$B3	2	BrkSelector B3	807B	yes	-
14	8096	brk	$29,$C3,$0C	3	BrkSelector C3	809A	yes	-
14	80CE	brk	$29,$C3,$0C	3	BrkSelector C3	80D2	yes	-
14	80D4	brk	$11,$1F	2	BrkDefault	80D7	yes	-
14	80F0	brk	$29,$C3,$0E	3	BrkSelector C3	80F4	yes	-
14	80F6	brk	$2D,$B3	2	BrkSelector B3	80F9	yes	-
14	80FB	brk	$2E,$B3	2	BrkSelector B3	80FE	yes	-
14	8252	brk	$00,$FB	2	BrkSelector FB	8255	yes	-
14	8369	brk	$29,$C3,$0E	3	BrkSelector C3	836D	yes	causal-resume
14	8454	brk	$A6,$FB	2	BrkSelector FB	8457	yes	-
14	8460	brk	$A7,$FB	2	BrkSelector FB	8463	yes	-
14	85D2	brk	$25,$0F	2	BrkDefault	85D5	yes	causal-resume
14	8739	brk	$2D,$B3	2	BrkSelector B3	873C	yes	-
14	8744	brk	$29,$C3,$10	3	BrkSelector C3	8748	yes	-
14	874A	brk	$2D,$B3	2	BrkSelector B3	874D	yes	-
14	8872	brk	$A0,$FB	2	BrkSelector FB	8875	yes	-
14	88D4	brk	$A0,$FB	2	BrkSelector FB	88D7	yes	-
14	8A37	brk	$97,$FB	2	BrkSelector FB	8A3A	yes	-
14	8A5D	brk	$98,$FB	2	BrkSelector FB	8A60	yes	-
14	8D7A	brk	$AB,$FB	2	BrkSelector FB	8D7D	yes	-
14	9DC8	brk	$12,$DF	2	BrkDefault	9DCB	yes	causal-resume
14	A05C	brk	$2B,$0F	2	BrkService 10:2B	A05F	yes	-
14	A065	brk	$2B,$0F	2	BrkService 10:2B	A068	yes	-
14	A47B	brk	$A7,$FB	2	BrkSelector FB	A47E	yes	-
14	A4AE	brk	$A7,$FB	2	BrkSelector FB	A4B1	yes	-
14	A4D0	brk	$B0,$FB	2	BrkSelector FB	A4D3	yes	-
14	A6AB	brk	$B1,$FB	2	BrkSelector FB	A6AE	yes	-
14	A6B1	brk	$80,$FB	2	BrkSelector FB	A6B4	yes	-
14	A6FD	brk	$B1,$FB	2	BrkSelector FB	A700	yes	-
14	A703	brk	$80,$FB	2	BrkSelector FB	A706	yes	-
14	A76F	brk	$A7,$FB	2	BrkSelector FB	A772	yes	-
14	A7A0	brk	$B1,$FB	2	BrkSelector FB	A7A3	yes	-
14	A805	brk	$A7,$FB	2	BrkSelector FB	A808	yes	-
14	A82D	brk	$B1,$FB	2	BrkSelector FB	A830	yes	-
14	A888	brk	$04,$9F	2	BrkService 19:04	A88B	yes	-
14	A908	brk	$A8,$FB	2	BrkSelector FB	A90B	yes	-
14	A90E	brk	$80,$FB	2	BrkSelector FB	A911	yes	-
14	A911	brk	$35,$FB	2	BrkSelector FB	A914	yes	-
15	991F	brk	$04,$6F	2	BrkService 16:04	9922	yes	causal-resume
15	9936	brk	$01,$CF	2	BrkDefault	9939	yes	causal-resume
15	9957	brk	$46,$EF	2	BrkDefault	995A	yes	causal-resume
15	9AC5	brk	$29,$73	2	BrkSelector 73	9AC8	yes	-
15	9AD4	brk	$63,$73	2	BrkSelector 73	9AD7	yes	-
15	9AE1	brk	$6A,$73	2	BrkSelector 73	9AE4	yes	-
15	9AE8	brk	$42,$73	2	BrkSelector 73	9AEB	yes	-
15	9AF8	brk	$63,$63,$40	3	BrkSelector 63	9AFC	yes	-
15	9AFF	brk	$42,$63,$40	3	BrkSelector 63	9B03	yes	-
15	9CF9	brk	$06,$EB,$04	3	BrkSelector EB	9CFD	yes	-
15	9D14	brk	$0D,$EB,$02	3	BrkSelector EB	9D18	yes	-
15	9D1A	brk	$0D,$CB,$08	3	BrkSelector CB	9D1E	yes	-
15	9D1F	brk	$13,$EB,$20	3	BrkSelector EB	9D23	yes	causal-resume
15	9D25	brk	$13,$CB,$04	3	BrkSelector CB	9D29	yes	causal-resume
15	9D4F	brk	$06,$CB,$04	3	BrkSelector CB	9D53	yes	-
15	9D64	brk	$07,$CF	2	BrkDefault	9D67	yes	-
15	9D71	brk	$63,$73	2	BrkSelector 73	9D74	yes	-
15	9D76	brk	$08,$EB,$04	3	BrkSelector EB	9D7A	yes	-
15	9D7F	brk	$4E,$3B	2	BrkSelector 3B	9D82	yes	-
15	9DA5	brk	$4B,$73	2	BrkSelector 73	9DA8	yes	-
15	9DA8	brk	$09,$CB,$04	3	BrkSelector CB	9DAC	yes	-
15	9DE0	brk	$09,$EB,$01	3	BrkSelector EB	9DE4	yes	-
15	9E36	brk	$09,$DB,$FA	3	BrkSelector DB	9E3A	yes	-
15	9E3A	brk	$0A,$CB,$02	3	BrkSelector CB	9E3E	yes	-
15	9E3E	brk	$10,$DB,$7F	3	BrkSelector DB	9E42	yes	-
15	9E6D	brk	$31,$EF	2	BrkDefault	9E70	yes	-
15	9EB7	brk	$4B,$73	2	BrkSelector 73	9EBA	yes	-
15	9EC5	brk	$6D,$3B	2	BrkSelector 3B	9EC8	yes	-
15	9ECF	brk	$77,$3B	2	BrkSelector 3B	9ED2	yes	-
15	9ED5	brk	$6E,$3B	2	BrkSelector 3B	9ED8	yes	-
15	9EDA	brk	$63,$73	2	BrkSelector 73	9EDD	yes	-
15	9EE0	brk	$2D,$73	2	BrkSelector 73	9EE3	yes	-
15	9EE7	brk	$83,$2B	2	BrkSelector 2B	9EEA	yes	-
15	9EEA	brk	$34,$3B	2	BrkSelector 3B	9EED	yes	-
15	9EED	brk	$83,$2B	2	BrkSelector 2B	9EF0	yes	-
15	9F02	brk	$2C,$73	2	BrkSelector 73	9F05	yes	-
15	9F09	brk	$0F,$0F	2	BrkDefault	9F0C	yes	-
15	9F1D	brk	$6F,$3B	2	BrkSelector 3B	9F20	yes	-
15	9F29	brk	$30,$73	2	BrkSelector 73	9F2C	yes	-
15	9F31	brk	$70,$3B	2	BrkSelector 3B	9F34	yes	-
15	9F34	brk	$71,$3B	2	BrkSelector 3B	9F37	yes	-
15	9F3F	brk	$72,$3B	2	BrkSelector 3B	9F42	yes	-
15	9F45	brk	$73,$3B	2	BrkSelector 3B	9F48	yes	-
15	9F4B	brk	$74,$3B	2	BrkSelector 3B	9F4E	yes	-
15	9F6B	brk	$75,$3B	2	BrkSelector 3B	9F6E	yes	-
15	9F73	brk	$76,$3B	2	BrkSelector 3B	9F76	yes	-
15	9F7F	brk	$20,$DB,$BF	3	BrkSelector DB	9F83	yes	-
15	9F8A	brk	$05,$DB,$CF	3	BrkSelector DB	9F8E	yes	-
15	9FA6	brk	$11,$0F	2	BrkDefault	9FA9	yes	-
15	9FD6	brk	$0B,$EB,$04	3	BrkSelector EB	9FDA	yes	-
15	9FEA	brk	$4C,$33	2	BrkSelector 33	9FED	yes	-
15	9FF8	brk	$13,$CB,$80	3	BrkSelector CB	9FFC	yes	-
15	A002	brk	$13,$CB,$40	3	BrkSelector CB	A006	yes	-
15	A035	brk	$4C,$73	2	BrkSelector 73	A038	yes	-
15	A03D	brk	$0B,$CB,$20	3	BrkSelector CB	A041	yes	-
15	A060	brk	$4B,$73	2	BrkSelector 73	A063	yes	-
15	A063	brk	$0B,$CB,$80	3	BrkSelector CB	A067	yes	-
15	A091	brk	$4B,$73	2	BrkSelector 73	A094	yes	-
15	A097	brk	$07,$CF	2	BrkDefault	A09A	yes	-
15	A0AE	brk	$05,$8F	2	BrkDefault	A0B1	yes	-
15	A0D9	brk	$3A,$EF	2	BrkDefault	A0DC	yes	-
15	A112	brk	$31,$EF	2	BrkDefault	A115	yes	-
15	A139	brk	$83,$2B	2	BrkSelector 2B	A13C	yes	-
15	A161	brk	$83,$2B	2	BrkSelector 2B	A164	yes	-
15	A16D	brk	$83,$2B	2	BrkSelector 2B	A170	yes	-
15	A19E	brk	$83,$2B	2	BrkSelector 2B	A1A1	yes	-
15	A1B8	brk	$83,$2B	2	BrkSelector 2B	A1BB	yes	-
15	A1CA	brk	$4B,$73	2	BrkSelector 73	A1CD	yes	-
15	A1D2	brk	$0D,$CB,$10	3	BrkSelector CB	A1D6	yes	-
15	A1F3	brk	$66,$73	2	BrkSelector 73	A1F6	yes	-
15	A1FB	brk	$2F,$73	2	BrkSelector 73	A1FE	yes	-
15	A20F	brk	$05,$CB,$01	3	BrkSelector CB	A213	yes	-
15	A220	brk	$23,$3B	2	BrkSelector 3B	A223	yes	-
15	A22B	brk	$24,$3B	2	BrkSelector 3B	A22E	yes	-
15	A231	brk	$25,$3B	2	BrkSelector 3B	A234	yes	-
15	A235	brk	$26,$3B	2	BrkSelector 3B	A238	yes	-
15	A23D	brk	$28,$3B	2	BrkSelector 3B	A240	yes	-
15	A244	brk	$0D,$EB,$20	3	BrkSelector EB	A248	yes	-
15	A2AC	brk	$09,$CB,$04	3	BrkSelector CB	A2B0	yes	-
15	A2C8	brk	$0D,$CB,$20	3	BrkSelector CB	A2CC	yes	-
15	A2D1	brk	$09,$CB,$01	3	BrkSelector CB	A2D5	yes	-
15	A2E2	brk	$29,$3B	2	BrkSelector 3B	A2E5	yes	-
15	A2EA	brk	$2A,$3B	2	BrkSelector 3B	A2ED	yes	-
15	A2EE	brk	$2B,$3B	2	BrkSelector 3B	A2F1	yes	-
15	A2F6	brk	$2C,$3B	2	BrkSelector 3B	A2F9	yes	-
15	A316	brk	$2D,$3B	2	BrkSelector 3B	A319	yes	-
15	A336	brk	$2E,$3B	2	BrkSelector 3B	A339	yes	-
15	A339	brk	$83,$2B	2	BrkSelector 2B	A33C	yes	-
15	A356	brk	$2F,$3B	2	BrkSelector 3B	A359	yes	-
15	A377	brk	$30,$3B	2	BrkSelector 3B	A37A	yes	-
15	A3AA	brk	$31,$3B	2	BrkSelector 3B	A3AD	yes	-
15	A3BE	brk	$32,$3B	2	BrkSelector 3B	A3C1	yes	-
15	A3C9	brk	$33,$3B	2	BrkSelector 3B	A3CC	yes	-
15	A3CD	brk	$35,$3B	2	BrkSelector 3B	A3D0	yes	-
15	A3D1	brk	$36,$3B	2	BrkSelector 3B	A3D4	yes	-
15	A3D5	brk	$37,$3B	2	BrkSelector 3B	A3D8	yes	-
15	A3DD	brk	$39,$3B	2	BrkSelector 3B	A3E0	yes	-
15	A3E1	brk	$38,$3B	2	BrkSelector 3B	A3E4	yes	-
15	A40E	brk	$29,$3B	2	BrkSelector 3B	A411	yes	-
15	A416	brk	$3B,$3B	2	BrkSelector 3B	A419	yes	-
15	A41A	brk	$3C,$3B	2	BrkSelector 3B	A41D	yes	-
15	A422	brk	$3D,$3B	2	BrkSelector 3B	A425	yes	-
15	A452	brk	$3E,$3B	2	BrkSelector 3B	A455	yes	-
15	A45A	brk	$3F,$3B	2	BrkSelector 3B	A45D	yes	-
15	A472	brk	$40,$3B	2	BrkSelector 3B	A475	yes	-
15	A4A8	brk	$07,$CF	2	BrkDefault	A4AB	yes	-
15	A4B0	brk	$07,$CF	2	BrkDefault	A4B3	yes	-
15	A4B6	brk	$07,$DF	2	BrkDefault	A4B9	yes	-
15	A4BD	brk	$04,$3B	2	BrkSelector 3B	A4C0	yes	-
15	A4C0	brk	$42,$3B	2	BrkSelector 3B	A4C3	yes	-
15	A4D4	brk	$05,$6F	2	BrkDefault	A4D7	yes	-
15	A4DE	brk	$05,$CB,$08	3	BrkSelector CB	A4E2	yes	-
15	A4E2	brk	$0E,$CB,$40	3	BrkSelector CB	A4E6	yes	-
15	A4FD	brk	$6A,$3B	2	BrkSelector 3B	A500	yes	-
15	A517	brk	$05,$CB,$04	3	BrkSelector CB	A51B	yes	-
15	A51D	brk	$07,$CF	2	BrkDefault	A520	yes	-
15	A52E	brk	$63,$73	2	BrkSelector 73	A531	yes	-
15	A532	brk	$2D,$53	2	BrkSelector 53	A535	yes	-
15	A53F	brk	$63,$73	2	BrkSelector 73	A542	yes	-
15	A553	brk	$63,$73	2	BrkSelector 73	A556	yes	-
15	A559	brk	$2C,$73	2	BrkSelector 73	A55C	yes	-
15	A55E	brk	$0B,$0F	2	BrkDefault	A561	yes	-
15	A575	brk	$0F,$0F	2	BrkDefault	A578	yes	-
15	A5B9	brk	$83,$2B	2	BrkSelector 2B	A5BC	yes	-
15	A5C1	brk	$4B,$33	2	BrkSelector 33	A5C4	yes	-
15	A5C6	brk	$63,$73	2	BrkSelector 73	A5C9	yes	-
15	A5CC	brk	$2F,$73	2	BrkSelector 73	A5CF	yes	-
15	A60F	brk	$10,$3F	2	BrkDefault	A612	yes	-
15	A636	brk	$4C,$73	2	BrkSelector 73	A639	yes	-
15	A63B	brk	$0C,$CB,$40	3	BrkSelector CB	A63F	yes	-
15	A63F	brk	$0A,$CB,$10	3	BrkSelector CB	A643	yes	-
15	A6AE	brk	$05,$6F	2	BrkDefault	A6B1	yes	-
15	A6D5	brk	$0F,$FB	2	BrkSelector FB	A6D8	yes	-
15	A6DD	brk	$00,$E7	2	BrkDefault	A6E0	yes	-
15	A6EA	brk	$3C,$EF	2	BrkDefault	A6ED	yes	-
15	A6F0	brk	$0A,$6F	2	BrkDefault	A6F3	yes	-
15	A70C	brk	$0F,$FB	2	BrkSelector FB	A70F	yes	-
15	A728	brk	$28,$0F	2	BrkDefault	A72B	yes	-
15	A732	brk	$04,$9F	2	BrkService 19:04	A735	yes	-
15	A759	brk	$07,$CF	2	BrkDefault	A75C	yes	-
15	A762	brk	$31,$EF	2	BrkDefault	A765	yes	-
15	A769	brk	$66,$73	2	BrkSelector 73	A76C	yes	-
15	A774	brk	$63,$73	2	BrkSelector 73	A777	yes	-
15	A778	brk	$2D,$73	2	BrkSelector 73	A77B	yes	-
15	A782	brk	$62,$33	2	BrkSelector 33	A785	yes	-
15	A789	brk	$2B,$73	2	BrkSelector 73	A78C	yes	-
15	A797	brk	$55,$3B	2	BrkSelector 3B	A79A	yes	-
15	A79D	brk	$56,$3B	2	BrkSelector 3B	A7A0	yes	-
15	A7B3	brk	$2D,$4B	2	BrkSelector 4B	A7B6	yes	-
15	A7D8	brk	$57,$3B	2	BrkSelector 3B	A7DB	yes	-
15	A7E0	brk	$10,$3F	2	BrkDefault	A7E3	yes	-
15	A7E6	brk	$8D,$3B	2	BrkSelector 3B	A7E9	yes	-
15	A80E	brk	$58,$3B	2	BrkSelector 3B	A811	yes	-
15	A823	brk	$83,$2B	2	BrkSelector 2B	A826	yes	-
15	A828	brk	$4B,$33	2	BrkSelector 33	A82B	yes	-
15	A82B	brk	$D5,$4B	2	BrkSelector 4B	A82E	yes	-
15	A82F	brk	$59,$3B	2	BrkSelector 3B	A832	yes	-
15	A835	brk	$5A,$3B	2	BrkSelector 3B	A838	yes	-
15	A858	brk	$4C,$73	2	BrkSelector 73	A85B	yes	-
15	A870	brk	$50,$3B	2	BrkSelector 3B	A873	yes	-
15	A885	brk	$CF,$3B	2	BrkSelector 3B	A888	yes	-
15	A889	brk	$51,$3B	2	BrkSelector 3B	A88C	yes	-
15	A891	brk	$52,$3B	2	BrkSelector 3B	A894	yes	-
15	A8B7	brk	$DD,$3B	2	BrkSelector 3B	A8BA	yes	-
15	A8BD	brk	$53,$3B	2	BrkSelector 3B	A8C0	yes	-
15	A8CB	brk	$77,$2B	2	BrkSelector 2B	A8CE	yes	-
15	A8E3	brk	$2B,$53	2	BrkSelector 53	A8E6	yes	-
15	A8EA	brk	$24,$4B	2	BrkSelector 4B	A8ED	yes	-
15	A8F4	brk	$78,$2B	2	BrkSelector 2B	A8F7	yes	-
15	A8FD	brk	$7B,$2B	2	BrkSelector 2B	A900	yes	-
15	A90C	brk	$79,$2B	2	BrkSelector 2B	A90F	yes	-
15	A913	brk	$6A,$53	2	BrkSelector 53	A916	yes	-
15	A919	brk	$7D,$2B	2	BrkSelector 2B	A91C	yes	-
15	A91E	brk	$42,$33	2	BrkSelector 33	A921	yes	-
15	A925	brk	$8B,$2B	2	BrkSelector 2B	A928	yes	-
15	A92E	brk	$7E,$2B	2	BrkSelector 2B	A931	yes	-
15	A933	brk	$7F,$2B	2	BrkSelector 2B	A936	yes	-
15	A936	brk	$83,$2B	2	BrkSelector 2B	A939	yes	-
15	A956	brk	$2E,$73	2	BrkSelector 73	A959	yes	-
15	A95C	brk	$54,$3B	2	BrkSelector 3B	A95F	yes	-
15	A965	brk	$62,$33	2	BrkSelector 33	A968	yes	-
15	A977	brk	$2C,$73	2	BrkSelector 73	A97A	yes	-
15	A982	brk	$30,$73	2	BrkSelector 73	A985	yes	-
15	A9A4	brk	$27,$EB,$FF	3	BrkSelector EB	A9A8	yes	-
15	A9AA	brk	$B3,$4B	2	BrkSelector 4B	A9AD	yes	-
15	A9B0	brk	$B4,$4B	2	BrkSelector 4B	A9B3	yes	-
15	A9B7	brk	$B5,$4B	2	BrkSelector 4B	A9BA	yes	-
15	A9D1	brk	$B6,$4B	2	BrkSelector 4B	A9D4	yes	-
15	A9DC	brk	$B7,$4B	2	BrkSelector 4B	A9DF	yes	-
15	A9F1	brk	$B8,$4B	2	BrkSelector 4B	A9F4	yes	-
15	AA0E	brk	$B9,$4B	2	BrkSelector 4B	AA11	yes	-
15	AA13	brk	$BA,$4B	2	BrkSelector 4B	AA16	yes	-
15	AA20	brk	$BB,$4B	2	BrkSelector 4B	AA23	yes	-
15	AA31	brk	$2D,$73	2	BrkSelector 73	AA34	yes	-
15	AA38	brk	$BC,$4B	2	BrkSelector 4B	AA3B	yes	-
15	AA49	brk	$BD,$4B	2	BrkSelector 4B	AA4C	yes	-
15	AA57	brk	$2E,$73	2	BrkSelector 73	AA5A	yes	-
15	AA5F	brk	$BE,$4B	2	BrkSelector 4B	AA62	yes	-
15	AA6A	brk	$BF,$4B	2	BrkSelector 4B	AA6D	yes	-
15	AA6E	brk	$00,$7F	2	BrkDefault	AA71	yes	-
15	AA77	brk	$0A,$DF	2	BrkDefault	AA7A	yes	-
15	AA7D	brk	$14,$8F	2	BrkDefault	AA80	yes	-
15	AA85	brk	$07,$CF	2	BrkDefault	AA88	yes	-
15	AA8B	brk	$66,$73	2	BrkSelector 73	AA8E	yes	-
15	AA93	brk	$2F,$73	2	BrkSelector 73	AA96	yes	-
15	AA99	brk	$63,$73	2	BrkSelector 73	AA9C	yes	-
15	AA9F	brk	$42,$73	2	BrkSelector 73	AAA2	yes	-
15	AAD3	brk	$07,$CF	2	BrkDefault	AAD6	yes	-
15	AAEC	brk	$07,$CF	2	BrkDefault	AAEF	yes	-
15	AAF7	brk	$07,$CF	2	BrkDefault	AAFA	yes	-
15	AB16	brk	$65,$33	2	BrkSelector 33	AB19	yes	-
15	AB20	brk	$2E,$73	2	BrkSelector 73	AB23	yes	-
15	AB23	brk	$26,$CB,$02	3	BrkSelector CB	AB27	yes	-
15	AB33	brk	$18,$CB,$20	3	BrkSelector CB	AB37	yes	-
15	AB37	brk	$C7,$3B	2	BrkSelector 3B	AB3A	yes	-
15	AB3F	brk	$C8,$3B	2	BrkSelector 3B	AB42	yes	-
15	AB44	brk	$C9,$3B	2	BrkSelector 3B	AB47	yes	-
15	AB47	brk	$CA,$3B	2	BrkSelector 3B	AB4A	yes	-
15	AB4F	brk	$6B,$2B	2	BrkSelector 2B	AB52	yes	-
15	AB5C	brk	$17,$CB,$10	3	BrkSelector CB	AB60	yes	-
15	AB67	brk	$66,$73	2	BrkSelector 73	AB6A	yes	-
15	AB6F	brk	$30,$73	2	BrkSelector 73	AB72	yes	-
15	AB74	brk	$2E,$73	2	BrkSelector 73	AB77	yes	-
15	AB7B	brk	$62,$23,$40	3	BrkSelector 23	AB7F	yes	-
15	AB8D	brk	$16,$EB,$08	3	BrkSelector EB	AB91	yes	-
15	AB93	brk	$EE,$3B	2	BrkSelector 3B	AB96	yes	-
15	AB99	brk	$63,$73	2	BrkSelector 73	AB9C	yes	-
15	AB9E	brk	$62,$23,$41	3	BrkSelector 23	ABA2	yes	-
15	ABA8	brk	$63,$63,$41	3	BrkSelector 63	ABAC	yes	-
15	ABB2	brk	$CD,$4B	2	BrkSelector 4B	ABB5	yes	-
15	ABB6	brk	$5F,$4B	2	BrkSelector 4B	ABB9	yes	-
15	ABBA	brk	$5D,$4B	2	BrkSelector 4B	ABBD	yes	-
15	ABC5	brk	$07,$CF	2	BrkDefault	ABC8	yes	-
15	ABFD	brk	$1A,$EB,$04	3	BrkSelector EB	AC01	yes	-
15	AC03	brk	$1A,$EB,$08	3	BrkSelector EB	AC07	yes	-
15	AC1D	brk	$1A,$CB,$08	3	BrkSelector CB	AC21	yes	-
15	AC28	brk	$1A,$CB,$04	3	BrkSelector CB	AC2C	yes	-
15	AC37	brk	$62,$23,$40	3	BrkSelector 23	AC3B	yes	-
15	AC41	brk	$29,$63,$40	3	BrkSelector 63	AC45	yes	-
15	AC7C	brk	$07,$CF	2	BrkDefault	AC7F	yes	-
15	AC88	brk	$1D,$EB,$10	3	BrkSelector EB	AC8C	yes	-
15	AC9D	brk	$1D,$CB,$20	3	BrkSelector CB	ACA1	yes	-
15	ACA7	brk	$1D,$CB,$10	3	BrkSelector CB	ACAB	yes	-
15	ACAE	brk	$0B,$DF	2	BrkDefault	ACB1	yes	-
15	ACB1	brk	$1E,$EB,$40	3	BrkSelector EB	ACB5	yes	-
15	ACCE	brk	$C9,$4B	2	BrkSelector 4B	ACD1	yes	-
15	ACD2	brk	$0B,$DF	2	BrkDefault	ACD5	yes	-
15	ACD7	brk	$1E,$EB,$40	3	BrkSelector EB	ACDB	yes	-
15	AD04	brk	$C9,$4B	2	BrkSelector 4B	AD07	yes	-
15	AD13	brk	$07,$CF	2	BrkDefault	AD16	yes	-
15	AD19	brk	$42,$4B	2	BrkSelector 4B	AD1C	yes	-
15	AD21	brk	$43,$4B	2	BrkSelector 4B	AD24	yes	-
15	AD38	brk	$2B,$73	2	BrkSelector 73	AD3B	yes	-
15	AD49	brk	$07,$CF	2	BrkDefault	AD4C	yes	-
15	AD50	brk	$63,$73	2	BrkSelector 73	AD53	yes	-
15	AD55	brk	$2C,$4B	2	BrkSelector 4B	AD58	yes	-
15	AD58	brk	$83,$2B	2	BrkSelector 2B	AD5B	yes	-
15	AD5B	brk	$41,$4B	2	BrkSelector 4B	AD5E	yes	-
15	AD5F	brk	$4E,$4B	2	BrkSelector 4B	AD62	yes	-
15	AD67	brk	$3B,$4B	2	BrkSelector 4B	AD6A	yes	-
15	AD6F	brk	$3C,$4B	2	BrkSelector 4B	AD72	yes	-
15	AD77	brk	$3D,$4B	2	BrkSelector 4B	AD7A	yes	-
15	AD7F	brk	$3E,$4B	2	BrkSelector 4B	AD82	yes	-
15	AD85	brk	$3F,$4B	2	BrkSelector 4B	AD88	yes	-
15	ADC9	brk	$11,$DB,$00	3	BrkSelector DB	ADCD	yes	-
15	ADCD	brk	$1D,$CB,$02	3	BrkSelector CB	ADD1	yes	-
15	ADD6	brk	$07,$CF	2	BrkDefault	ADD9	yes	-
15	ADDC	brk	$63,$73	2	BrkSelector 73	ADDF	yes	-
15	ADE5	brk	$63,$63,$41	3	BrkSelector 63	ADE9	yes	-
15	AE04	brk	$62,$23,$40	3	BrkSelector 23	AE08	yes	-
15	AE1F	brk	$20,$CB,$20	3	BrkSelector CB	AE23	yes	-
15	AE26	brk	$20,$EB,$10	3	BrkSelector EB	AE2A	yes	-
15	AE31	brk	$63,$73	2	BrkSelector 73	AE34	yes	-
15	AE37	brk	$46,$93,$07	3	BrkSelector 93	AE3B	yes	-
15	AE43	brk	$05,$8F	2	BrkDefault	AE46	yes	-
15	AE48	brk	$44,$93,$07	3	BrkSelector 93	AE4C	yes	-
15	AE4C	brk	$05,$53	2	BrkSelector 53	AE4F	yes	-
15	AE4F	brk	$0E,$53	2	BrkSelector 53	AE52	yes	-
15	AE52	brk	$3B,$EF	2	BrkDefault	AE55	yes	-
15	AE55	brk	$27,$0F	2	BrkDefault	AE58	yes	-
15	AE6F	brk	$07,$CF	2	BrkDefault	AE72	yes	-
15	AE80	brk	$66,$73	2	BrkSelector 73	AE83	yes	-
15	AE86	brk	$30,$73	2	BrkSelector 73	AE89	yes	-
15	AE8B	brk	$2E,$73	2	BrkSelector 73	AE8E	yes	-
15	AE91	brk	$05,$8F	2	BrkDefault	AE94	yes	-
15	AE94	brk	$20,$CB,$10	3	BrkSelector CB	AE98	yes	-
15	AE9A	brk	$63,$63,$41	3	BrkSelector 63	AE9E	yes	-
15	AEA6	brk	$62,$23,$01	3	BrkSelector 23	AEAA	yes	-
15	AEAE	brk	$05,$43,$01	3	BrkSelector 43	AEB2	yes	-
15	AEB2	brk	$0E,$43,$01	3	BrkSelector 43	AEB6	yes	-
15	AEBE	brk	$63,$73	2	BrkSelector 73	AEC1	yes	-
15	AED0	brk	$20,$EB,$04	3	BrkSelector EB	AED4	yes	-
15	AED9	brk	$20,$CB,$04	3	BrkSelector CB	AEDD	yes	-
15	AEF1	brk	$3A,$0F	2	BrkDefault	AEF4	yes	-
15	AEF8	brk	$47,$EF	2	BrkDefault	AEFB	yes	-
15	AF0F	brk	$20,$EB,$08	3	BrkSelector EB	AF13	yes	-
15	AF1A	brk	$07,$CF	2	BrkDefault	AF1D	yes	-
15	AF20	brk	$71,$4B	2	BrkSelector 4B	AF23	yes	-
15	AF42	brk	$05,$8F	2	BrkDefault	AF45	yes	-
15	AF48	brk	$3B,$EF	2	BrkDefault	AF4B	yes	-
15	AF4B	brk	$27,$0F	2	BrkDefault	AF4E	yes	-
15	AF5C	brk	$0E,$2F	2	BrkDefault	AF5F	yes	-
15	AF7D	brk	$A0,$FB	2	BrkSelector FB	AF80	yes	-
15	AFAE	brk	$07,$CF	2	BrkDefault	AFB1	yes	-
15	AFB7	brk	$11,$DF	2	BrkDefault	AFBA	yes	-
15	AFDC	brk	$0E,$CB,$01	3	BrkSelector CB	AFE0	yes	-
15	AFFF	brk	$31,$EF	2	BrkDefault	B002	yes	-
15	B017	brk	$62,$23,$49	3	BrkSelector 23	B01B	yes	-
15	B021	brk	$63,$63,$49	3	BrkSelector 63	B025	yes	-
15	B02A	brk	$C8,$4B	2	BrkSelector 4B	B02D	yes	-
15	B030	brk	$10,$FB	2	BrkSelector FB	B033	yes	-
15	B036	brk	$33,$FB	2	BrkSelector FB	B039	yes	causal-resume
15	B03C	brk	$2D,$FB	2	BrkSelector FB	B03F	yes	-
15	B03F	brk	$07,$9F	2	BrkService 19:07	B042	yes	causal-resume
15	B042	brk	$09,$9F	2	BrkService 19:09	B045	yes	causal-resume
15	B08B	brk	$65,$33	2	BrkSelector 33	B08E	yes	-
15	B093	brk	$2E,$73	2	BrkSelector 73	B096	yes	-
15	B0A0	brk	$66,$73	2	BrkSelector 73	B0A3	yes	-
15	B0A8	brk	$30,$73	2	BrkSelector 73	B0AB	yes	-
15	B0BC	brk	$62,$23,$41	3	BrkSelector 23	B0C0	yes	causal-resume
15	B0C7	brk	$54,$4B	2	BrkSelector 4B	B0CA	yes	-
15	B0E0	brk	$07,$CF	2	BrkDefault	B0E3	yes	-
15	B10A	brk	$1B,$EB,$FF	3	BrkSelector EB	B10E	yes	-
15	B110	brk	$1C,$EB,$80	3	BrkSelector EB	B114	yes	-
15	B12E	brk	$1C,$87	2	BrkDefault	B131	yes	-
15	B139	brk	$1B,$EB,$FF	3	BrkSelector EB	B13D	yes	causal-resume
15	B13F	brk	$1C,$EB,$80	3	BrkSelector EB	B143	yes	-
15	B148	brk	$63,$73	2	BrkSelector 73	B14B	yes	causal-resume
15	B15A	brk	$63,$73	2	BrkSelector 73	B15D	yes	causal-resume
15	B162	brk	$46,$93,$07	3	BrkSelector 93	B166	yes	-
15	B189	brk	$1B,$EB,$FF	3	BrkSelector EB	B18D	yes	-
15	B18F	brk	$1C,$EB,$80	3	BrkSelector EB	B193	yes	-
15	B19F	brk	$4F,$4B	2	BrkSelector 4B	B1A2	yes	-
15	B1A8	brk	$50,$4B	2	BrkSelector 4B	B1AB	yes	-
15	B1AD	brk	$51,$4B	2	BrkSelector 4B	B1B0	yes	-
15	B344	brk	$11,$0F	2	BrkDefault	B347	yes	-
15	B368	brk	$11,$0F	2	BrkDefault	B36B	yes	-
15	B513	brk	$22,$2F	2	BrkService 12:22	B516	yes	-
15	B51B	brk	$05,$6F	2	BrkDefault	B51E	yes	-
15	B521	brk	$B4,$3B	2	BrkSelector 3B	B524	yes	-
15	B524	brk	$18,$3B	2	BrkSelector 3B	B527	yes	-
15	B52D	brk	$05,$6F	2	BrkDefault	B530	yes	causal-resume
15	B530	brk	$22,$2F	2	BrkService 12:22	B533	yes	causal-resume
15	B53E	brk	$1B,$2B	2	BrkSelector 2B	B541	yes	causal-resume
15	B543	brk	$1C,$2B	2	BrkSelector 2B	B546	yes	-
15	B546	brk	$62,$33	2	BrkSelector 33	B549	yes	causal-resume
15	B595	brk	$2C,$2B	2	BrkSelector 2B	B598	yes	-
15	B5A0	brk	$1D,$2B	2	BrkSelector 2B	B5A3	yes	-
15	B5B8	brk	$46,$93,$05	3	BrkSelector 93	B5BC	yes	-
15	B5BE	brk	$1E,$2B	2	BrkSelector 2B	B5C1	yes	-
15	B5C1	brk	$83,$2B	2	BrkSelector 2B	B5C4	yes	-
15	B5D4	brk	$1F,$2B	2	BrkSelector 2B	B5D7	yes	-
15	B5DC	brk	$45,$93,$05	3	BrkSelector 93	B5E0	yes	-
15	B5E9	brk	$20,$2B	2	BrkSelector 2B	B5EC	yes	-
15	B601	brk	$46,$93,$04	3	BrkSelector 93	B605	yes	-
15	B607	brk	$21,$2B	2	BrkSelector 2B	B60A	yes	-
15	B60A	brk	$83,$2B	2	BrkSelector 2B	B60D	yes	-
15	B612	brk	$0F,$53	2	BrkSelector 53	B615	yes	-
15	B627	brk	$22,$2B	2	BrkSelector 2B	B62A	yes	-
15	B62F	brk	$45,$93,$04	3	BrkSelector 93	B633	yes	-
15	B63C	brk	$23,$2B	2	BrkSelector 2B	B63F	yes	-
15	B654	brk	$46,$93,$07	3	BrkSelector 93	B658	yes	-
15	B65A	brk	$24,$2B	2	BrkSelector 2B	B65D	yes	-
15	B65D	brk	$83,$2B	2	BrkSelector 2B	B660	yes	-
15	B66B	brk	$2B,$53	2	BrkSelector 53	B66E	yes	-
15	B67A	brk	$0F,$53	2	BrkSelector 53	B67D	yes	-
15	B6A0	brk	$25,$2B	2	BrkSelector 2B	B6A3	yes	-
15	B6A3	brk	$26,$2B	2	BrkSelector 2B	B6A6	yes	-
15	B6AB	brk	$44,$93,$07	3	BrkSelector 93	B6AF	yes	-
15	B6AF	brk	$05,$53	2	BrkSelector 53	B6B2	yes	-
15	B6B2	brk	$0E,$53	2	BrkSelector 53	B6B5	yes	-
15	B6B5	brk	$3B,$EF	2	BrkDefault	B6B8	yes	-
15	B6B8	brk	$27,$0F	2	BrkDefault	B6BB	yes	-
15	B6C2	brk	$28,$2B	2	BrkSelector 2B	B6C5	yes	causal-resume
15	B6CE	brk	$2B,$2B	2	BrkSelector 2B	B6D1	yes	-
15	B6D8	brk	$37,$EF	2	BrkDefault	B6DB	yes	causal-resume
15	B6DB	brk	$0E,$2F	2	BrkDefault	B6DE	yes	causal-resume
15	B6DE	brk	$29,$2B	2	BrkSelector 2B	B6E1	yes	causal-resume
15	B6ED	brk	$31,$4B	2	BrkSelector 4B	B6F0	yes	-
15	B6FA	brk	$33,$4B	2	BrkSelector 4B	B6FD	yes	-
15	B700	brk	$2A,$2B	2	BrkSelector 2B	B703	yes	-
15	B703	brk	$62,$23,$08	3	BrkSelector 23	B707	yes	-
15	B713	brk	$2D,$0F	2	BrkDefault	B716	yes	-
15	B71A	brk	$0F,$2F	2	BrkService 12:0F	B71D	yes	-
15	B72B	brk	$17,$3B	2	BrkSelector 3B	B72E	yes	-
15	B730	brk	$AF,$3B	2	BrkSelector 3B	B733	yes	-
15	B739	brk	$18,$3B	2	BrkSelector 3B	B73C	yes	causal-resume
15	B73D	brk	$93,$2B	2	BrkSelector 2B	B740	yes	-
15	B740	brk	$04,$9F	2	BrkService 19:04	B743	yes	-
15	B74E	brk	$05,$6F	2	BrkDefault	B751	yes	-
15	B754	brk	$09,$CF	2	BrkDefault	B757	yes	-
15	B760	brk	$94,$2B	2	BrkSelector 2B	B763	yes	-
15	B772	brk	$2E,$2B	2	BrkSelector 2B	B775	yes	-
15	B783	brk	$30,$2B	2	BrkSelector 2B	B786	yes	-
15	B795	brk	$4C,$73	2	BrkSelector 73	B798	yes	-
15	B79B	brk	$2F,$2B	2	BrkSelector 2B	B79E	yes	-
15	B79E	brk	$83,$2B	2	BrkSelector 2B	B7A1	yes	-
15	B7A6	brk	$04,$9F	2	BrkService 19:04	B7A9	yes	-
15	B7B1	brk	$2D,$2B	2	BrkSelector 2B	B7B4	yes	-
15	B7D9	brk	$00,$6F	2	BrkDefault	B7DC	yes	causal-resume
15	B801	brk	$05,$6F	2	BrkDefault	B804	yes	causal-resume
15	B810	brk	$62,$33	2	BrkSelector 33	B813	yes	-
15	B897	brk	$2B,$53	2	BrkSelector 53	B89A	yes	-
15	B8A3	brk	$83,$2B	2	BrkSelector 2B	B8A6	yes	-
15	B8B1	brk	$83,$2B	2	BrkSelector 2B	B8B4	yes	-
15	B8F5	brk	$6A,$53	2	BrkSelector 53	B8F8	yes	-
15	B905	brk	$42,$53	2	BrkSelector 53	B908	yes	-
15	B93F	brk	$D6,$4B	2	BrkSelector 4B	B942	yes	-
15	B94C	brk	$2B,$73	2	BrkSelector 73	B94F	yes	-
15	B958	brk	$83,$2B	2	BrkSelector 2B	B95B	yes	-
15	B962	brk	$D6,$4B	2	BrkSelector 4B	B965	yes	-
15	B96F	brk	$2D,$53	2	BrkSelector 53	B972	yes	-
15	B987	brk	$D6,$4B	2	BrkSelector 4B	B98A	yes	-
15	B9A2	brk	$0F,$0F	2	BrkDefault	B9A5	yes	-
15	B9D2	brk	$6A,$53	2	BrkSelector 53	B9D5	yes	-
15	B9D8	brk	$83,$2B	2	BrkSelector 2B	B9DB	yes	-
15	B9FF	brk	$83,$2B	2	BrkSelector 2B	BA02	yes	-
15	BA14	brk	$0C,$0F	2	BrkDefault	BA17	yes	-
15	BA31	brk	$2C,$73	2	BrkSelector 73	BA34	yes	-
15	BA40	brk	$0B,$0F	2	BrkDefault	BA43	yes	-
15	BA49	brk	$2B,$53	2	BrkSelector 53	BA4C	yes	-
15	BA4F	brk	$0A,$0F	2	BrkDefault	BA52	yes	-
15	BA57	brk	$2D,$53	2	BrkSelector 53	BA5A	yes	-
15	BA63	brk	$4A,$33	2	BrkSelector 33	BA66	yes	-
15	BA93	brk	$4B,$73	2	BrkSelector 73	BA96	yes	-
15	BA9A	brk	$30,$73	2	BrkSelector 73	BA9D	yes	-
15	BAB1	brk	$4C,$73	2	BrkSelector 73	BAB4	yes	-
15	BABA	brk	$2E,$73	2	BrkSelector 73	BABD	yes	-
15	BAC0	brk	$04,$9F	2	BrkService 19:04	BAC3	yes	-
15	BAC3	brk	$12,$FB	2	BrkSelector FB	BAC6	yes	-
15	BAC6	brk	$07,$9F	2	BrkService 19:07	BAC9	yes	-
15	BAC9	brk	$09,$9F	2	BrkService 19:09	BACC	yes	-
15	BBD1	brk	$62,$33	2	BrkSelector 33	BBD4	yes	-
15	BBD6	brk	$38,$2B	2	BrkSelector 2B	BBD9	yes	-
15	BBF1	brk	$39,$2B	2	BrkSelector 2B	BBF4	yes	-
15	BC14	brk	$92,$2B	2	BrkSelector 2B	BC17	yes	-
15	BC1A	brk	$3A,$2B	2	BrkSelector 2B	BC1D	yes	-
15	BC41	brk	$4C,$73	2	BrkSelector 73	BC44	yes	-
15	BC46	brk	$3B,$2B	2	BrkSelector 2B	BC49	yes	-
15	BC66	brk	$4B,$33	2	BrkSelector 33	BC69	yes	-
15	BC77	brk	$3C,$2B	2	BrkSelector 2B	BC7A	yes	-
15	BC84	brk	$90,$2B	2	BrkSelector 2B	BC87	yes	-
15	BC90	brk	$3D,$2B	2	BrkSelector 2B	BC93	yes	-
15	BCA6	brk	$2B,$53	2	BrkSelector 53	BCA9	yes	-
15	BCAD	brk	$0C,$2B	2	BrkSelector 2B	BCB0	yes	-
15	BCB3	brk	$2D,$53	2	BrkSelector 53	BCB6	yes	-
15	BCB9	brk	$3E,$2B	2	BrkSelector 2B	BCBC	yes	-
15	BCBF	brk	$3F,$2B	2	BrkSelector 2B	BCC2	yes	-
15	BCCA	brk	$40,$2B	2	BrkSelector 2B	BCCD	yes	-
15	BCDA	brk	$41,$2B	2	BrkSelector 2B	BCDD	yes	-
15	BCDF	brk	$42,$2B	2	BrkSelector 2B	BCE2	yes	-
15	BCEB	brk	$30,$73	2	BrkSelector 73	BCEE	yes	-
15	BCF5	brk	$83,$2B	2	BrkSelector 2B	BCF8	yes	-
15	BCF8	brk	$43,$2B	2	BrkSelector 2B	BCFB	yes	-
15	BD06	brk	$44,$2B	2	BrkSelector 2B	BD09	yes	-
15	BD25	brk	$45,$2B	2	BrkSelector 2B	BD28	yes	-
15	BD2E	brk	$46,$2B	2	BrkSelector 2B	BD31	yes	-
15	BD4B	brk	$91,$2B	2	BrkSelector 2B	BD4E	yes	-
15	BD5B	brk	$83,$2B	2	BrkSelector 2B	BD5E	yes	-
15	BD5E	brk	$47,$2B	2	BrkSelector 2B	BD61	yes	-
15	BD78	brk	$4B,$73	2	BrkSelector 73	BD7B	yes	-
15	BD87	brk	$48,$2B	2	BrkSelector 2B	BD8A	yes	-
15	BD97	brk	$4C,$73	2	BrkSelector 73	BD9A	yes	-
15	BDA5	brk	$2B,$4B	2	BrkSelector 4B	BDA8	yes	-
15	BDB1	brk	$49,$2B	2	BrkSelector 2B	BDB4	yes	-
15	BDB7	brk	$4A,$2B	2	BrkSelector 2B	BDBA	yes	-
15	BDD0	brk	$4B,$2B	2	BrkSelector 2B	BDD3	yes	-
15	BDDB	brk	$4A,$33	2	BrkSelector 33	BDDE	yes	-
15	BDEA	brk	$4C,$2B	2	BrkSelector 2B	BDED	yes	-
15	BDF9	brk	$83,$2B	2	BrkSelector 2B	BDFC	yes	-
15	BDFC	brk	$4D,$2B	2	BrkSelector 2B	BDFF	yes	-
15	BE10	brk	$4E,$2B	2	BrkSelector 2B	BE13	yes	-
15	BE28	brk	$2B,$73	2	BrkSelector 73	BE2B	yes	-
15	BE2F	brk	$24,$4B	2	BrkSelector 4B	BE32	yes	-
15	BE32	brk	$83,$2B	2	BrkSelector 2B	BE35	yes	-
15	BE37	brk	$2D,$33	2	BrkSelector 33	BE3A	yes	-
15	BE3E	brk	$4F,$2B	2	BrkSelector 2B	BE41	yes	-
15	BE47	brk	$50,$2B	2	BrkSelector 2B	BE4A	yes	-
15	BE4D	brk	$51,$2B	2	BrkSelector 2B	BE50	yes	-
15	BE67	brk	$52,$2B	2	BrkSelector 2B	BE6A	yes	-
15	BE73	brk	$6A,$33	2	BrkSelector 33	BE76	yes	-
15	BE7A	brk	$53,$2B	2	BrkSelector 2B	BE7D	yes	-
15	BE83	brk	$42,$33	2	BrkSelector 33	BE86	yes	-
15	BE8A	brk	$54,$2B	2	BrkSelector 2B	BE8D	yes	-
15	BE93	brk	$55,$2B	2	BrkSelector 2B	BE96	yes	-
15	BE98	brk	$56,$2B	2	BrkSelector 2B	BE9B	yes	-
15	BEA1	brk	$2E,$73	2	BrkSelector 73	BEA4	yes	-
15	BEAC	brk	$4C,$73	2	BrkSelector 73	BEAF	yes	-
15	BEB7	brk	$57,$2B	2	BrkSelector 2B	BEBA	yes	-
15	BEBF	brk	$83,$2B	2	BrkSelector 2B	BEC2	yes	-
15	BEC2	brk	$58,$2B	2	BrkSelector 2B	BEC5	yes	-
15	BEC8	brk	$59,$2B	2	BrkSelector 2B	BECB	yes	-
15	BF02	brk	$09,$9F	2	BrkService 19:09	BF05	yes	-
15	BF0B	brk	$05,$6F	2	BrkDefault	BF0E	yes	-
15	BF13	brk	$31,$2B	2	BrkSelector 2B	BF16	yes	-
15	BF18	brk	$32,$2B	2	BrkSelector 2B	BF1B	yes	-
15	BF1E	brk	$33,$2B	2	BrkSelector 2B	BF21	yes	-
15	BF29	brk	$34,$2B	2	BrkSelector 2B	BF2C	yes	-
15	BF32	brk	$35,$2B	2	BrkSelector 2B	BF35	yes	-
15	BF36	brk	$36,$2B	2	BrkSelector 2B	BF39	yes	-
15	BF4B	brk	$37,$2B	2	BrkSelector 2B	BF4E	yes	-
15	BF59	brk	$87,$8F	2	BrkDefault	BF5C	yes	-
15	BF95	brk	$62,$23,$01	3	BrkSelector 23	BF99	yes	-
16	81BE	brk	$85,$FB	2	BrkSelector FB	81C1	yes	causal-resume
16	81FC	brk	$03,$9F	2	BrkService 19:03	81FF	yes	-
16	820C	brk	$07,$9F	2	BrkService 19:07	820F	yes	-
16	820F	brk	$09,$9F	2	BrkService 19:09	8212	yes	-
16	821F	brk	$3D,$EF	2	BrkDefault	8222	yes	-
16	8262	brk	$04,$B7	2	BrkDefault	8265	yes	causal-resume
16	8279	brk	$2A,$53	2	BrkSelector 53	827C	yes	causal-resume
16	829E	brk	$29,$C3,$0C	3	BrkSelector C3	82A2	yes	causal-resume
16	82A4	brk	$67,$73	2	BrkSelector 73	82A7	yes	-
16	82A8	brk	$2A,$53	2	BrkSelector 53	82AB	yes	-
16	82DB	brk	$2D,$B3	2	BrkSelector B3	82DE	yes	causal-resume
16	82E4	brk	$04,$B7	2	BrkDefault	82E7	yes	causal-resume
16	8312	brk	$04,$B7	2	BrkDefault	8315	yes	causal-resume
16	83BC	brk	$96,$FB	2	BrkSelector FB	83BF	yes	causal-resume
16	8442	brk	$13,$DF	2	BrkDefault	8445	yes	causal-resume
16	8892	brk	$16,$EB,$10	3	BrkSelector EB	8896	yes	causal-resume
16	8BB3	brk	$12,$DF	2	BrkDefault	8BB6	yes	causal-resume
16	8F6A	brk	$12,$DF	2	BrkDefault	8F6D	yes	causal-resume
16	8F70	brk	$13,$DF	2	BrkDefault	8F73	yes	causal-resume
16	92D1	brk	$12,$DF	2	BrkDefault	92D4	yes	causal-resume
16	92D5	brk	$13,$DF	2	BrkDefault	92D8	yes	causal-resume
16	9A90	brk	$85,$FB	2	BrkSelector FB	9A93	yes	-
16	9BBA	brk	$21,$2F	2	BrkDefault	9BBD	yes	causal-resume
16	9CC3	brk	$27,$2F	2	BrkDefault	9CC6	yes	causal-resume
16	9CC7	brk	$28,$2F	2	BrkDefault	9CCA	yes	causal-resume
16	9CE6	brk	$3C,$73	2	BrkSelector 73	9CE9	yes	causal-resume
16	9D65	brk	$3F,$33	2	BrkSelector 33	9D68	yes	causal-resume
16	9DCA	brk	$85,$FB	2	BrkSelector FB	9DCD	yes	-
16	9F1B	brk	$2C,$33	2	BrkSelector 33	9F1E	yes	-
16	9F74	brk	$00,$03	2	BrkSelector 03	9F77	yes	causal-resume
16	9F88	brk	$2D,$53	2	BrkSelector 53	9F8B	yes	causal-resume
16	9F9A	brk	$3D,$53	2	BrkSelector 53	9F9D	yes	causal-resume
16	A0E4	brk	$03,$E7	2	BrkDefault	A0E7	yes	-
16	A391	brk	$1D,$2F	2	BrkDefault	A394	yes	causal-resume
16	A397	brk	$20,$2F	2	BrkDefault	A39A	yes	causal-resume
16	AB0F	brk	$00,$13	2	BrkSelector 13	AB12	yes	causal-resume
16	AB1E	brk	$00,$13	2	BrkSelector 13	AB21	yes	causal-resume
16	AB3C	brk	$2B,$53	2	BrkSelector 53	AB3F	yes	causal-resume
16	AB62	brk	$29,$53	2	BrkSelector 53	AB65	yes	causal-resume
16	AB94	brk	$2C,$73	2	BrkSelector 73	AB97	yes	causal-resume
16	ABBA	brk	$00,$13	2	BrkSelector 13	ABBD	yes	causal-resume
16	ABCB	brk	$3B,$73	2	BrkSelector 73	ABCE	yes	causal-resume
16	AC56	brk	$47,$73	2	BrkSelector 73	AC59	yes	causal-resume
16	AC6D	brk	$2B,$53	2	BrkSelector 53	AC70	yes	-
16	AC73	brk	$0A,$0F	2	BrkDefault	AC76	yes	-
16	AC96	brk	$2A,$53	2	BrkSelector 53	AC99	yes	-
16	ACF3	brk	$2A,$53	2	BrkSelector 53	ACF6	yes	-
16	AD0A	brk	$4D,$33	2	BrkSelector 33	AD0D	yes	causal-resume
16	AD8E	brk	$03,$5F	2	BrkDefault	AD91	yes	-
16	AD9F	brk	$04,$5F	2	BrkDefault	ADA2	yes	-
16	ADAC	brk	$12,$3F	2	BrkDefault	ADAF	yes	-
16	AE0F	brk	$2D,$53	2	BrkSelector 53	AE12	yes	-
16	AE20	brk	$2C,$73	2	BrkSelector 73	AE23	yes	-
16	AE76	brk	$4D,$33	2	BrkSelector 33	AE79	yes	causal-resume
16	AE7E	brk	$04,$B7	2	BrkDefault	AE81	yes	causal-resume
16	AE95	brk	$4D,$33	2	BrkSelector 33	AE98	yes	causal-resume
16	AF81	brk	$2B,$53	2	BrkSelector 53	AF84	yes	causal-resume
16	AF8A	brk	$0A,$0F	2	BrkDefault	AF8D	yes	causal-resume
16	AF92	brk	$10,$53	2	BrkSelector 53	AF95	yes	causal-resume
16	AF9A	brk	$13,$0F	2	BrkDefault	AF9D	yes	causal-resume
16	AFE0	brk	$2B,$53	2	BrkSelector 53	AFE3	yes	causal-resume
16	AFE9	brk	$0A,$0F	2	BrkDefault	AFEC	yes	causal-resume
16	AFF8	brk	$3B,$73	2	BrkSelector 73	AFFB	yes	causal-resume
16	AFFD	brk	$13,$0F	2	BrkDefault	B000	yes	causal-resume
16	B002	brk	$1B,$53	2	BrkSelector 53	B005	yes	causal-resume
16	B268	brk	$3F,$53	2	BrkSelector 53	B26B	yes	-
16	B2B2	brk	$04,$B7	2	BrkDefault	B2B5	yes	-
16	B4BB	brk	$62,$33	2	BrkSelector 33	B4BE	yes	causal-resume
16	B4C4	brk	$62,$23,$08	3	BrkSelector 23	B4C8	yes	-
16	B4CE	brk	$62,$23,$80	3	BrkSelector 23	B4D2	yes	-
16	B4D8	brk	$62,$23,$40	3	BrkSelector 23	B4DC	yes	-
16	B4DD	brk	$62,$23,$40	3	BrkSelector 23	B4E1	yes	causal-resume
16	B50B	brk	$3E,$53	2	BrkSelector 53	B50E	yes	causal-resume
16	B51F	brk	$3C,$53	2	BrkSelector 53	B522	yes	causal-resume
16	B542	brk	$47,$73	2	BrkSelector 73	B545	yes	causal-resume
16	B555	brk	$00,$13	2	BrkSelector 13	B558	yes	causal-resume
16	B5B4	brk	$29,$C3,$0E	3	BrkSelector C3	B5B8	yes	causal-resume
16	B5CA	brk	$2D,$B3	2	BrkSelector B3	B5CD	yes	causal-resume
16	B5D6	brk	$29,$C3,$0C	3	BrkSelector C3	B5DA	yes	causal-resume
16	B5DE	brk	$67,$33	2	BrkSelector 33	B5E1	yes	-
16	B61B	brk	$13,$1F	2	BrkDefault	B61E	yes	causal-resume
16	B62B	brk	$00,$5F	2	BrkDefault	B62E	yes	-
16	B632	brk	$06,$5F	2	BrkDefault	B635	yes	-
16	B63D	brk	$3E,$53	2	BrkSelector 53	B640	yes	causal-resume
16	B643	brk	$2B,$53	2	BrkSelector 53	B646	yes	causal-resume
16	B722	brk	$2D,$53	2	BrkSelector 53	B725	yes	-
16	B733	brk	$86,$FB	2	BrkSelector FB	B736	yes	causal-resume
16	B747	brk	$25,$2F	2	BrkDefault	B74A	yes	causal-resume
16	B7CE	brk	$62,$23,$80	3	BrkSelector 23	B7D2	yes	causal-resume
16	B7D4	brk	$62,$33	2	BrkSelector 33	B7D7	yes	causal-resume
16	B84C	brk	$62,$23,$40	3	BrkSelector 23	B850	yes	causal-resume
16	B8C9	brk	$2D,$0F	2	BrkDefault	B8CC	yes	-
16	B9A1	brk	$00,$13	2	BrkSelector 13	B9A4	yes	causal-resume
16	BA4C	brk	$2D,$0F	2	BrkDefault	BA4F	yes	causal-resume
16	BA54	brk	$62,$23,$40	3	BrkSelector 23	BA58	yes	causal-resume
16	BA68	brk	$2A,$53	2	BrkSelector 53	BA6B	yes	causal-resume
16	BAC4	brk	$04,$B7	2	BrkDefault	BAC7	yes	causal-resume
16	BACC	brk	$04,$B7	2	BrkDefault	BACF	yes	causal-resume
16	BB5F	brk	$00,$03	2	BrkSelector 03	BB62	yes	causal-resume
16	BC00	brk	$2B,$53	2	BrkSelector 53	BC03	yes	causal-resume
16	BC05	brk	$04,$B7	2	BrkDefault	BC08	yes	causal-resume
16	BC16	brk	$0F,$53	2	BrkSelector 53	BC19	yes	causal-resume
16	BD12	brk	$46,$73	2	BrkSelector 73	BD15	yes	causal-resume
16	BEE9	brk	$2B,$53	2	BrkSelector 53	BEEC	yes	causal-resume
16	BF33	brk	$2B,$53	2	BrkSelector 53	BF36	yes	-
16	BF40	brk	$3C,$53	2	BrkSelector 53	BF43	yes	-
16	BF98	brk	$62,$33	2	BrkSelector 33	BF9B	yes	-
16	BFA1	brk	$62,$23,$40	3	BrkSelector 23	BFA5	yes	-
16	BFA6	brk	$5D,$33	2	BrkSelector 33	BFA9	yes	causal-resume
17	8068	brk	$07,$6F,$3D	3	BrkService 16:07	806C	yes	-
17	80B9	brk	$7A,$4B	2	BrkSelector 4B	80BC	yes	-
17	8179	brk	$85,$FB	2	BrkSelector FB	817C	yes	-
17	819B	brk	$75,$4B	2	BrkSelector 4B	819E	yes	-
17	81AE	brk	$76,$4B	2	BrkSelector 4B	81B1	yes	-
17	81BE	brk	$77,$4B	2	BrkSelector 4B	81C1	yes	-
17	81EB	brk	$03,$9F	2	BrkService 19:03	81EE	yes	-
17	82C2	brk	$0C,$6F	2	BrkDefault	82C5	yes	-
17	840B	brk	$0C,$6F	2	BrkDefault	840E	yes	-
17	843E	brk	$0C,$6F	2	BrkDefault	8441	yes	-
17	8450	brk	$0C,$6F	2	BrkDefault	8453	yes	-
17	868C	brk	$78,$4B	2	BrkSelector 4B	868F	yes	-
17	8827	brk	$7A,$4B	2	BrkSelector 4B	882A	yes	-
17	889F	brk	$03,$9F	2	BrkService 19:03	88A2	yes	-
17	88B0	brk	$07,$9F	2	BrkService 19:07	88B3	yes	-
17	88B3	brk	$09,$9F	2	BrkService 19:09	88B6	yes	-
17	88DA	brk	$79,$4B	2	BrkSelector 4B	88DD	yes	-
17	88EA	brk	$9A,$FB	2	BrkSelector FB	88ED	yes	-
17	88F3	brk	$85,$FB	2	BrkSelector FB	88F6	yes	-
17	8971	brk	$11,$FB	2	BrkSelector FB	8974	yes	-
17	89F1	brk	$7B,$4B	2	BrkSelector 4B	89F4	yes	-
17	8A53	brk	$85,$FB	2	BrkSelector FB	8A56	yes	-
17	8A6B	brk	$23,$EF	2	BrkDefault	8A6E	yes	-
17	8A70	brk	$0D,$87	2	BrkDefault	8A73	yes	-
17	8A73	brk	$08,$8F	2	BrkDefault	8A76	yes	-
17	8A79	brk	$1D,$EF	2	BrkDefault	8A7C	yes	-
17	8A7E	brk	$02,$87	2	BrkDefault	8A81	yes	-
17	8A84	brk	$11,$87	2	BrkDefault	8A87	yes	-
17	8A87	brk	$07,$87	2	BrkDefault	8A8A	yes	-
17	8A9D	brk	$03,$EF	2	BrkDefault	8AA0	yes	-
17	8ABA	brk	$7C,$4B	2	BrkSelector 4B	8ABD	yes	-
17	8AFA	brk	$73,$4B	2	BrkSelector 4B	8AFD	yes	-
17	8B71	brk	$B4,$FB	2	BrkSelector FB	8B74	yes	-
17	8B93	brk	$B4,$FB	2	BrkSelector FB	8B96	yes	-
17	8BA6	brk	$85,$FB	2	BrkSelector FB	8BA9	yes	-
17	8BF1	brk	$0C,$6F	2	BrkDefault	8BF4	yes	-
17	8C42	brk	$0C,$6F	2	BrkDefault	8C45	yes	-
17	8CC0	brk	$12,$DF	2	BrkDefault	8CC3	yes	-
17	8CC6	brk	$12,$DF	2	BrkDefault	8CC9	yes	-
17	8CCC	brk	$12,$DF	2	BrkDefault	8CCF	yes	-
17	8CD9	brk	$12,$DF	2	BrkDefault	8CDC	yes	-
17	8D2B	brk	$12,$DF	2	BrkDefault	8D2E	yes	-
17	8D31	brk	$12,$DF	2	BrkDefault	8D34	yes	-
17	8D37	brk	$B3,$FB	2	BrkSelector FB	8D3A	yes	-
17	8D3A	brk	$12,$DF	2	BrkDefault	8D3D	yes	-
17	8D4C	brk	$12,$DF	2	BrkDefault	8D4F	yes	-
17	8D52	brk	$12,$DF	2	BrkDefault	8D55	yes	-
17	8D85	brk	$74,$4B	2	BrkSelector 4B	8D88	yes	-
17	8DBB	brk	$85,$FB	2	BrkSelector FB	8DBE	yes	-
17	8E9E	brk	$B6,$FB	2	BrkSelector FB	8EA1	yes	-
17	8F6E	brk	$17,$0F	2	BrkDefault	8F71	yes	-
17	8F74	brk	$17,$0F	2	BrkDefault	8F77	yes	-
17	91CF	brk	$17,$0F	2	BrkDefault	91D2	yes	-
17	91FC	brk	$13,$DF	2	BrkDefault	91FF	yes	-
17	9244	brk	$06,$6F	2	BrkDefault	9247	yes	-
17	92B9	brk	$13,$DF	2	BrkDefault	92BC	yes	-
17	92C1	brk	$13,$DF	2	BrkDefault	92C4	yes	-
17	92D5	brk	$13,$DF	2	BrkDefault	92D8	yes	-
17	9306	brk	$13,$DF	2	BrkDefault	9309	yes	-
17	932D	brk	$13,$DF	2	BrkDefault	9330	yes	-
17	936E	brk	$13,$DF	2	BrkDefault	9371	yes	-
17	944E	brk	$09,$9F	2	BrkService 19:09	9451	yes	-
17	9C03	brk	$07,$6F,$3D	3	BrkService 16:07	9C07	yes	-
17	9C2B	brk	$15,$EF	2	BrkDefault	9C2E	yes	-
17	9C97	brk	$8F,$4B	2	BrkSelector 4B	9C9A	yes	-
17	9D0E	brk	$75,$4B	2	BrkSelector 4B	9D11	yes	-
17	9D1D	brk	$7A,$4B	2	BrkSelector 4B	9D20	yes	-
17	9D2F	brk	$2E,$FB	2	BrkSelector FB	9D32	yes	-
17	9D39	brk	$2F,$FB	2	BrkSelector FB	9D3C	yes	-
17	9D3D	brk	$30,$FB	2	BrkSelector FB	9D40	yes	-
17	9E13	brk	$9A,$FB	2	BrkSelector FB	9E16	yes	-
17	9EF4	brk	$7C,$4B	2	BrkSelector 4B	9EF7	yes	-
17	9F00	brk	$8B,$4B	2	BrkSelector 4B	9F03	yes	-
17	9F35	brk	$B4,$FB	2	BrkSelector FB	9F38	yes	-
17	9F4C	brk	$B7,$FB	2	BrkSelector FB	9F4F	yes	-
17	A061	brk	$8C,$4B	2	BrkSelector 4B	A064	yes	-
17	A0B6	brk	$85,$FB	2	BrkSelector FB	A0B9	yes	-
17	A140	brk	$B5,$FB	2	BrkSelector FB	A143	yes	-
17	A2B1	brk	$B5,$FB	2	BrkSelector FB	A2B4	yes	-
18	99DE	brk	$67,$73	2	BrkSelector 73	99E1	yes	-
18	99E2	brk	$2B,$73	2	BrkSelector 73	99E5	yes	-
18	9D1B	brk	$17,$0F	2	BrkDefault	9D1E	yes	-
18	9DEA	brk	$17,$0F	2	BrkDefault	9DED	yes	causal-resume
18	9E42	brk	$17,$0F	2	BrkDefault	9E45	yes	-
18	9EAE	brk	$17,$0F	2	BrkDefault	9EB1	yes	-
18	9F6F	brk	$17,$0F	2	BrkDefault	9F72	yes	-
18	9F7F	brk	$62,$23,$40	3	BrkSelector 23	9F83	yes	-
18	9F89	brk	$63,$63,$40	3	BrkSelector 63	9F8D	yes	-
18	A0E4	brk	$07,$6F,$43	3	BrkService 16:07	A0E8	yes	-
18	A159	brk	$04,$9F	2	BrkService 19:04	A15C	yes	-
18	A162	brk	$03,$9F	2	BrkService 19:03	A165	yes	causal-resume
18	A167	brk	$0B,$8F	2	BrkDefault	A16A	yes	causal-resume
18	A170	brk	$14,$1F	2	BrkDefault	A173	yes	-
18	A173	brk	$28,$0F	2	BrkDefault	A176	yes	causal-resume
18	A186	brk	$1E,$FB	2	BrkSelector FB	A189	yes	-
18	A189	brk	$0A,$4F	2	BrkDefault	A18C	yes	causal-resume
18	A196	brk	$18,$1F	2	BrkDefault	A199	yes	-
18	A19C	brk	$00,$1F	2	BrkDefault	A19F	yes	causal-resume
18	A1A4	brk	$15,$EF	2	BrkDefault	A1A7	yes	causal-resume
18	A21C	brk	$17,$0F	2	BrkDefault	A21F	yes	causal-resume
18	A26A	brk	$62,$33	2	BrkSelector 33	A26D	yes	causal-resume
18	A818	brk	$80,$4B	2	BrkSelector 4B	A81B	yes	-
18	A81B	brk	$89,$4B	2	BrkSelector 4B	A81E	yes	-
18	A83A	brk	$85,$4B	2	BrkSelector 4B	A83D	yes	-
18	A86D	brk	$9B,$87	2	BrkDefault	A870	yes	-
18	A8E6	brk	$07,$6F,$6B	3	BrkService 16:07	A8EA	yes	-
18	A8FA	brk	$8A,$4B	2	BrkSelector 4B	A8FD	yes	-
18	A91C	brk	$17,$0F	2	BrkDefault	A91F	yes	-
18	A9D1	brk	$04,$B7	2	BrkDefault	A9D4	yes	-
18	A9ED	brk	$84,$4B	2	BrkSelector 4B	A9F0	yes	-
18	A9FF	brk	$CC,$4B	2	BrkSelector 4B	AA02	yes	-
18	AA1C	brk	$07,$6F,$50	3	BrkService 16:07	AA20	yes	-
18	AA30	brk	$89,$4B	2	BrkSelector 4B	AA33	yes	-
18	AA3D	brk	$C5,$4B	2	BrkSelector 4B	AA40	yes	-
18	AA54	brk	$87,$4B	2	BrkSelector 4B	AA57	yes	-
18	AA5F	brk	$C5,$4B	2	BrkSelector 4B	AA62	yes	-
18	AA6B	brk	$85,$4B	2	BrkSelector 4B	AA6E	yes	-
18	AA94	brk	$88,$4B	2	BrkSelector 4B	AA97	yes	-
18	AA97	brk	$29,$4B	2	BrkSelector 4B	AA9A	yes	-
18	AAC8	brk	$25,$7F	2	BrkDefault	AACB	yes	-
18	AACC	brk	$07,$6F,$6C	3	BrkService 16:07	AAD0	yes	-
18	AAD6	brk	$11,$FB	2	BrkSelector FB	AAD9	yes	-
18	AAD9	brk	$07,$9F	2	BrkService 19:07	AADC	yes	-
18	AADC	brk	$09,$9F	2	BrkService 19:09	AADF	yes	-
18	AAFA	brk	$10,$3F	2	BrkDefault	AAFD	yes	-
18	AB1B	brk	$10,$3F	2	BrkDefault	AB1E	yes	-
18	AB78	brk	$88,$4B	2	BrkSelector 4B	AB7B	yes	-
18	AB7B	brk	$C7,$4B	2	BrkSelector 4B	AB7E	yes	-
18	AB8D	brk	$07,$6F,$FF	3	BrkService 16:07	AB91	yes	-
18	AB91	brk	$0D,$FB	2	BrkSelector FB	AB94	yes	-
18	AB96	brk	$0B,$8F	2	BrkDefault	AB99	yes	-
18	ABA3	brk	$14,$1F	2	BrkDefault	ABA6	yes	-
18	ABAB	brk	$28,$0F	2	BrkDefault	ABAE	yes	-
18	ABAE	brk	$0A,$4F	2	BrkDefault	ABB1	yes	-
18	ABB1	brk	$16,$1F	2	BrkDefault	ABB4	yes	-
18	ABB4	brk	$15,$EF	2	BrkDefault	ABB7	yes	-
18	ABBC	brk	$17,$0F	2	BrkDefault	ABBF	yes	-
18	ABE6	brk	$07,$6F,$6F	3	BrkService 16:07	ABEA	yes	-
18	ABF5	brk	$07,$6F,$6C	3	BrkService 16:07	ABF9	yes	-
18	AC0A	brk	$81,$4B	2	BrkSelector 4B	AC0D	yes	-
18	AC12	brk	$82,$4B	2	BrkSelector 4B	AC15	yes	-
18	AC9C	brk	$B4,$FB	2	BrkSelector FB	AC9F	yes	-
18	ACBB	brk	$B4,$FB	2	BrkSelector FB	ACBE	yes	-
18	ACED	brk	$0C,$6F	2	BrkDefault	ACF0	yes	-
18	AD29	brk	$0C,$6F	2	BrkDefault	AD2C	yes	-
18	AE7B	brk	$0C,$BF	2	BrkDefault	AE7E	yes	causal-resume
19	804C	brk	$62,$63,$41	3	BrkSelector 63	8050	yes	causal-resume
19	806B	brk	$2B,$63,$41	3	BrkSelector 63	806F	yes	causal-resume
19	80C8	brk	$09,$EB,$40	3	BrkSelector EB	80CC	yes	causal-resume
19	80F1	brk	$1A,$EB,$02	3	BrkSelector EB	80F5	yes	-
1B	8073	brk	$82,$FB	2	BrkSelector FB	8076	yes	legacy-address-only
1B	807F	brk	$93,$FB	2	BrkSelector FB	8082	yes	-
1B	8086	brk	$1E,$EF	2	BrkDefault	8089	yes	legacy-address-only
1B	8089	brk	$01,$87	2	BrkDefault	808C	yes	legacy-address-only
1B	808C	brk	$09,$9F	2	BrkService 19:09	808F	yes	legacy-address-only
1B	80F3	brk	$0A,$EB,$04	3	BrkSelector EB	80F7	yes	-
1B	8101	brk	$0A,$EB,$04	3	BrkSelector EB	8105	yes	-
1B	81FE	brk	$18,$EB,$10	3	BrkSelector EB	8202	yes	-
1B	8715	brk	$09,$8F	2	BrkDefault	8718	yes	legacy-address-only
1B	877A	brk	$09,$EF	2	BrkDefault	877D	yes	legacy-address-only
1B	9147	brk	$0A,$FB	2	BrkSelector FB	914A	yes	causal-resume
1B	9157	brk	$AF,$FB	2	BrkSelector FB	915A	yes	causal-resume
1B	91E2	brk	$95,$FB	2	BrkSelector FB	91E5	yes	causal-resume
1B	9E8F	brk	$26,$CB,$80	3	BrkSelector CB	9E93	yes	-
1B	9E9C	brk	$23,$FB	2	BrkSelector FB	9E9F	yes	-
1B	9EBF	brk	$26,$CB,$40	3	BrkSelector CB	9EC3	yes	-
1B	9EC3	brk	$09,$9F	2	BrkService 19:09	9EC6	yes	-
1B	9ECC	brk	$09,$EF	2	BrkDefault	9ECF	yes	-
1B	A0FE	brk	$94,$FB	2	BrkSelector FB	A101	yes	-
1B	A107	brk	$0A,$87	2	BrkDefault	A10A	yes	-
1B	A110	brk	$3C,$EF	2	BrkDefault	A113	yes	-
1B	A116	brk	$09,$9F	2	BrkService 19:09	A119	yes	-
1B	A4F7	brk	$02,$9F	2	BrkService 19:02	A4FA	yes	causal-resume
1B	A517	brk	$04,$9F	2	BrkService 19:04	A51A	yes	-
1B	A52A	brk	$08,$8F	2	BrkDefault	A52D	yes	causal-resume
1B	A566	brk	$06,$B7	2	BrkDefault	A569	yes	causal-resume
1B	A576	brk	$02,$FB	2	BrkSelector FB	A579	yes	causal-resume
1B	A757	brk	$08,$8F	2	BrkDefault	A75A	yes	causal-resume
1B	AB22	brk	$0A,$EB,$04	3	BrkSelector EB	AB26	yes	-
1B	AB2D	brk	$06,$DB,$BF	3	BrkSelector DB	AB31	yes	-
1B	AB41	brk	$0C,$EB,$18	3	BrkSelector EB	AB45	yes	-
1B	AB47	brk	$2D,$2F	2	BrkDefault	AB4A	yes	-
1B	AB62	brk	$3E,$EF	2	BrkDefault	AB65	yes	-
1B	AB75	brk	$0F,$EB,$10	3	BrkSelector EB	AB79	yes	-
1B	AB81	brk	$13,$DB,$FE	3	BrkSelector DB	AB85	yes	-
1B	ABA6	brk	$26,$EB,$20	3	BrkSelector EB	ABAA	yes	causal-resume
1B	ABBB	brk	$12,$2F	2	BrkDefault	ABBE	yes	-
1B	ABBE	brk	$04,$9F	2	BrkService 19:04	ABC1	yes	-
1B	ABCE	brk	$07,$6F,$43	3	BrkService 16:07	ABD2	yes	-
1B	ABDD	brk	$04,$6F	2	BrkService 16:04	ABE0	yes	-
1B	ABE9	brk	$03,$9F	2	BrkService 19:03	ABEC	yes	-
1B	ABFB	brk	$07,$6F,$43	3	BrkService 16:07	ABFF	yes	-
1B	AC10	brk	$16,$DB,$7F	3	BrkSelector DB	AC14	yes	-
1B	AC14	brk	$0D,$DB,$7F	3	BrkSelector DB	AC18	yes	-
1B	AC18	brk	$0B,$DB,$FB	3	BrkSelector DB	AC1C	yes	-
1B	AC1C	brk	$0A,$DB,$3F	3	BrkSelector DB	AC20	yes	-
1B	AC20	brk	$06,$DB,$BF	3	BrkSelector DB	AC24	yes	-
1B	AC24	brk	$1F,$FB	2	BrkSelector FB	AC27	yes	-
1B	AC2C	brk	$BE,$3B	2	BrkSelector 3B	AC2F	yes	-
1B	AC39	brk	$BF,$3B	2	BrkSelector 3B	AC3C	yes	-
1B	AC48	brk	$07,$6F,$48	3	BrkService 16:07	AC4C	yes	-
1B	AC4F	brk	$0E,$2F	2	BrkDefault	AC52	yes	-
1B	AC52	brk	$04,$9F	2	BrkService 19:04	AC55	yes	-
1B	AC7F	brk	$01,$87	2	BrkDefault	AC82	yes	-
1B	ACAF	brk	$18,$EF	2	BrkDefault	ACB2	yes	-
1B	ACEE	brk	$1A,$EF	2	BrkDefault	ACF1	yes	-
1B	ACF5	brk	$3C,$EF	2	BrkDefault	ACF8	yes	-
1B	AD1E	brk	$33,$EF	2	BrkDefault	AD21	yes	-
1B	AD21	brk	$2A,$EB,$40	3	BrkSelector EB	AD25	yes	-
1B	AD33	brk	$08,$EF	2	BrkDefault	AD36	yes	-
1B	AD36	brk	$2A,$EB,$40	3	BrkSelector EB	AD3A	yes	-
1B	AD44	brk	$2A,$CB,$40	3	BrkSelector CB	AD48	yes	-
1B	AD49	brk	$04,$9F	2	BrkService 19:04	AD4C	yes	-
1B	AD58	brk	$31,$FB	2	BrkSelector FB	AD5B	yes	-
1B	AE32	brk	$0D,$CB,$80	3	BrkSelector CB	AE36	yes	-
1B	AE5C	brk	$2A,$CB,$80	3	BrkSelector CB	AE60	yes	-
1B	AE7C	brk	$0B,$87	2	BrkDefault	AE7F	yes	-
1B	B031	brk	$19,$EF	2	BrkDefault	B034	yes	-
1B	B034	brk	$27,$EF	2	BrkDefault	B037	yes	-
1B	B03B	brk	$3E,$EF	2	BrkDefault	B03E	yes	-
1B	B049	brk	$00,$E7	2	BrkDefault	B04C	yes	-
1B	B04C	brk	$08,$87	2	BrkDefault	B04F	yes	-
1B	B04F	brk	$1E,$EF	2	BrkDefault	B052	yes	-
1C	97B3	brk	$03,$87	2	BrkDefault	97B6	yes	causal-resume
1C	9851	brk	$04,$87	2	BrkDefault	9854	yes	causal-resume
1C	9856	brk	$04,$87	2	BrkDefault	9859	yes	causal-resume
1C	9862	brk	$03,$87	2	BrkDefault	9865	yes	causal-resume
1C	9A5A	brk	$04,$87	2	BrkDefault	9A5D	yes	causal-resume
1C	9C5F	brk	$26,$EB,$20	3	BrkSelector EB	9C63	yes	-
1C	9C74	brk	$07,$EB,$10	3	BrkSelector EB	9C78	yes	-
1C	9C7A	brk	$0C,$EB,$80	3	BrkSelector EB	9C7E	yes	-
1C	9C8C	brk	$0B,$CB,$01	3	BrkSelector CB	9C90	yes	-
1C	9C97	brk	$1A,$EB,$02	3	BrkSelector EB	9C9B	yes	-
1C	A060	brk	$00,$EB,$40	3	BrkSelector EB	A064	yes	-
1C	A094	brk	$66,$73	2	BrkSelector 73	A097	yes	-
1C	A0BC	brk	$0A,$EB,$01	3	BrkSelector EB	A0C0	yes	-
1C	A0E6	brk	$03,$EB,$01	3	BrkSelector EB	A0EA	yes	-
1C	A112	brk	$09,$EB,$40	3	BrkSelector EB	A116	yes	-
1C	A11D	brk	$04,$EB,$01	3	BrkSelector EB	A121	yes	-
1C	A129	brk	$19,$EB,$01	3	BrkSelector EB	A12D	yes	-
1C	A149	brk	$09,$EB,$40	3	BrkSelector EB	A14D	yes	causal-resume
1C	A14F	brk	$04,$EB,$01	3	BrkSelector EB	A153	yes	causal-resume
1C	A15B	brk	$19,$EB,$01	3	BrkSelector EB	A15F	yes	-
1C	A161	brk	$1A,$EB,$80	3	BrkSelector EB	A165	yes	-
1C	A171	brk	$03,$EB,$10	3	BrkSelector EB	A175	yes	causal-resume
1C	A182	brk	$07,$EB,$10	3	BrkSelector EB	A186	yes	causal-resume
1C	A1AE	brk	$03,$EB,$20	3	BrkSelector EB	A1B2	yes	-
1C	A1BC	brk	$03,$DB,$DF	3	BrkSelector DB	A1C0	yes	-
1C	A1C0	brk	$03,$EB,$40	3	BrkSelector EB	A1C4	yes	-
1C	A1CC	brk	$07,$EB,$10	3	BrkSelector EB	A1D0	yes	legacy-address-only
1C	A1D2	brk	$03,$EB,$60	3	BrkSelector EB	A1D6	yes	legacy-address-only
1C	A1ED	brk	$07,$EB,$10	3	BrkSelector EB	A1F1	yes	causal-resume
1C	A1F3	brk	$04,$EB,$08	3	BrkSelector EB	A1F7	yes	causal-resume
1C	A208	brk	$0B,$EB,$20	3	BrkSelector EB	A20C	yes	-
1C	A220	brk	$0B,$EB,$20	3	BrkSelector EB	A224	yes	-
1C	A227	brk	$07,$EB,$10	3	BrkSelector EB	A22B	yes	-
1C	A24F	brk	$07,$EB,$10	3	BrkSelector EB	A253	yes	-
1C	A25A	brk	$03,$EB,$60	3	BrkSelector EB	A25E	yes	-
1C	A275	brk	$08,$EB,$80	3	BrkSelector EB	A279	yes	-
1C	A29A	brk	$07,$EB,$10	3	BrkSelector EB	A29E	yes	-
1C	A2A6	brk	$0A,$EB,$01	3	BrkSelector EB	A2AA	yes	-
1C	A2B4	brk	$09,$EB,$04	3	BrkSelector EB	A2B8	yes	-
1C	A2BA	brk	$0A,$EB,$01	3	BrkSelector EB	A2BE	yes	-
1C	A2CA	brk	$09,$EB,$02	3	BrkSelector EB	A2CE	yes	-
1C	A2D5	brk	$05,$EB,$04	3	BrkSelector EB	A2D9	yes	-
1C	A2ED	brk	$0B,$EB,$04	3	BrkSelector EB	A2F1	yes	-
1C	A2F8	brk	$05,$EB,$10	3	BrkSelector EB	A2FC	yes	-
1C	A315	brk	$0B,$EB,$20	3	BrkSelector EB	A319	yes	-
1C	A321	brk	$05,$DB,$CF	3	BrkSelector DB	A325	yes	-
1C	A326	brk	$07,$EB,$10	3	BrkSelector EB	A32A	yes	-
1C	A331	brk	$0A,$EB,$01	3	BrkSelector EB	A335	yes	-
1C	A3A8	brk	$0B,$EB,$02	3	BrkSelector EB	A3AC	yes	-
1C	A3C0	brk	$09,$EB,$40	3	BrkSelector EB	A3C4	yes	-
1C	A3C6	brk	$0C,$EB,$20	3	BrkSelector EB	A3CA	yes	-
1C	A3E7	brk	$13,$EB,$80	3	BrkSelector EB	A3EB	yes	-
1C	A3F2	brk	$0B,$EB,$20	3	BrkSelector EB	A3F6	yes	-
1C	A411	brk	$07,$EB,$10	3	BrkSelector EB	A415	yes	causal-resume
1C	A435	brk	$1A,$EB,$02	3	BrkSelector EB	A439	yes	-
1C	A454	brk	$07,$EB,$10	3	BrkSelector EB	A458	yes	-
1C	A45A	brk	$19,$EB,$01	3	BrkSelector EB	A45E	yes	-
1C	A46A	brk	$1A,$EB,$20	3	BrkSelector EB	A46E	yes	-
1C	A475	brk	$0F,$EB,$02	3	BrkSelector EB	A479	yes	-
1C	A47D	brk	$0F,$EB,$08	3	BrkSelector EB	A481	yes	-
1C	A489	brk	$07,$EB,$10	3	BrkSelector EB	A48D	yes	-
1C	A494	brk	$05,$EB,$04	3	BrkSelector EB	A498	yes	-
1C	A4A0	brk	$09,$EB,$20	3	BrkSelector EB	A4A4	yes	-
1C	A4B1	brk	$07,$EB,$10	3	BrkSelector EB	A4B5	yes	-
1C	A4B7	brk	$05,$EB,$08	3	BrkSelector EB	A4BB	yes	-
1C	A4C8	brk	$07,$EB,$10	3	BrkSelector EB	A4CC	yes	-
1C	A4E2	brk	$07,$EB,$10	3	BrkSelector EB	A4E6	yes	-
1C	A4E8	brk	$0B,$EB,$20	3	BrkSelector EB	A4EC	yes	-
1C	A4FD	brk	$07,$EB,$40	3	BrkSelector EB	A501	yes	-
1C	A525	brk	$13,$EB,$40	3	BrkSelector EB	A529	yes	-
1C	A549	brk	$05,$EB,$02	3	BrkSelector EB	A54D	yes	-
1C	A54F	brk	$0B,$EB,$04	3	BrkSelector EB	A553	yes	-
1C	A58E	brk	$0C,$EB,$80	3	BrkSelector EB	A592	yes	-
1C	A599	brk	$17,$EB,$40	3	BrkSelector EB	A59D	yes	-
1C	A5B9	brk	$17,$EB,$01	3	BrkSelector EB	A5BD	yes	-
1C	A615	brk	$0E,$CB,$80	3	BrkSelector CB	A619	yes	-
1C	A619	brk	$17,$EB,$20	3	BrkSelector EB	A61D	yes	-
1C	A631	brk	$18,$EB,$10	3	BrkSelector EB	A635	yes	-
1C	A637	brk	$18,$EB,$20	3	BrkSelector EB	A63B	yes	-
1C	A647	brk	$18,$EB,$40	3	BrkSelector EB	A64B	yes	-
1C	A6A9	brk	$18,$EB,$20	3	BrkSelector EB	A6AD	yes	-
1C	A6CA	brk	$26,$EB,$10	3	BrkSelector EB	A6CE	yes	-
1C	A6E7	brk	$16,$EB,$08	3	BrkSelector EB	A6EB	yes	-
1C	A6F5	brk	$0D,$87	2	BrkDefault	A6F8	yes	-
1C	A70A	brk	$19,$EB,$40	3	BrkSelector EB	A70E	yes	-
1C	A718	brk	$17,$EB,$02	3	BrkSelector EB	A71C	yes	-
1C	A728	brk	$17,$EB,$10	3	BrkSelector EB	A72C	yes	-
1C	A751	brk	$26,$EB,$04	3	BrkSelector EB	A755	yes	-
1C	A757	brk	$0A,$EB,$01	3	BrkSelector EB	A75B	yes	-
1C	A787	brk	$18,$EB,$80	3	BrkSelector EB	A78B	yes	-
1C	A79A	brk	$18,$EB,$08	3	BrkSelector EB	A79E	yes	-
1C	A7BB	brk	$18,$EB,$10	3	BrkSelector EB	A7BF	yes	-
1C	A7C5	brk	$18,$EB,$01	3	BrkSelector EB	A7C9	yes	-
1C	A7D6	brk	$07,$EB,$10	3	BrkSelector EB	A7DA	yes	-
1C	A7EC	brk	$07,$EB,$10	3	BrkSelector EB	A7F0	yes	-
1C	A802	brk	$07,$EB,$10	3	BrkSelector EB	A806	yes	-
1C	A808	brk	$1A,$EB,$01	3	BrkSelector EB	A80C	yes	-
1C	A830	brk	$07,$EB,$10	3	BrkSelector EB	A834	yes	-
1C	A850	brk	$18,$EB,$04	3	BrkSelector EB	A854	yes	-
1C	A86B	brk	$07,$EB,$10	3	BrkSelector EB	A86F	yes	-
1C	A87C	brk	$26,$EB,$04	3	BrkSelector EB	A880	yes	-
1C	A882	brk	$0A,$EB,$80	3	BrkSelector EB	A886	yes	-
1C	A88E	brk	$07,$EB,$10	3	BrkSelector EB	A892	yes	-
1C	A89E	brk	$19,$EB,$01	3	BrkSelector EB	A8A2	yes	-
1C	A8B5	brk	$1D,$EB,$01	3	BrkSelector EB	A8B9	yes	-
1C	A8BB	brk	$19,$EB,$02	3	BrkSelector EB	A8BF	yes	-
1C	A8C7	brk	$07,$EB,$10	3	BrkSelector EB	A8CB	yes	-
1C	A90E	brk	$16,$EB,$01	3	BrkSelector EB	A912	yes	-
1C	A931	brk	$19,$EB,$01	3	BrkSelector EB	A935	yes	-
1C	A94B	brk	$16,$EB,$04	3	BrkSelector EB	A94F	yes	-
1C	A96E	brk	$07,$EB,$10	3	BrkSelector EB	A972	yes	-
1C	A97A	brk	$07,$EB,$10	3	BrkSelector EB	A97E	yes	-
1C	A98B	brk	$1D,$EB,$80	3	BrkSelector EB	A98F	yes	-
1C	A9A0	brk	$1D,$EB,$40	3	BrkSelector EB	A9A4	yes	-
1C	A9CB	brk	$0D,$87	2	BrkDefault	A9CE	yes	-
1C	A9CE	brk	$0A,$6F	2	BrkDefault	A9D1	yes	-
1C	A9D8	brk	$16,$EB,$10	3	BrkSelector EB	A9DC	yes	-
1C	A9ED	brk	$1D,$EB,$01	3	BrkSelector EB	A9F1	yes	-
1C	A9FE	brk	$1D,$EB,$09	3	BrkSelector EB	AA02	yes	-
1C	AA09	brk	$1D,$EB,$01	3	BrkSelector EB	AA0D	yes	-
1C	AA14	brk	$1D,$EB,$01	3	BrkSelector EB	AA18	yes	-
1C	AA2B	brk	$1D,$EB,$04	3	BrkSelector EB	AA2F	yes	-
1C	AA41	brk	$1D,$EB,$01	3	BrkSelector EB	AA45	yes	-
1C	AA58	brk	$0E,$EB,$08	3	BrkSelector EB	AA5C	yes	-
1C	AA82	brk	$1A,$EB,$01	3	BrkSelector EB	AA86	yes	-
1C	AABE	brk	$20,$EB,$20	3	BrkSelector EB	AAC2	yes	-
1C	AAC9	brk	$26,$EB,$20	3	BrkSelector EB	AACD	yes	-
1C	AACF	brk	$20,$EB,$02	3	BrkSelector EB	AAD3	yes	-
1C	AADA	brk	$20,$EB,$08	3	BrkSelector EB	AADE	yes	-
1C	AB06	brk	$0A,$EB,$10	3	BrkSelector EB	AB0A	yes	causal-resume
1C	AB63	brk	$0A,$EB,$04	3	BrkSelector EB	AB67	yes	-
1C	ABAC	brk	$26,$EB,$20	3	BrkSelector EB	ABB0	yes	-
1C	ABDE	brk	$0D,$EB,$01	3	BrkSelector EB	ABE2	yes	-
1C	AD70	brk	$01,$8F	2	BrkDefault	AD73	yes	-
1C	AD77	brk	$12,$2F	2	BrkDefault	AD7A	yes	-
1C	AD7A	brk	$08,$CB,$80	3	BrkSelector CB	AD7E	yes	-
1C	ADA2	brk	$08,$DF	2	BrkDefault	ADA5	yes	-
1C	ADA5	brk	$15,$EF	2	BrkDefault	ADA8	yes	-
1C	ADAB	brk	$20,$3B	2	BrkSelector 3B	ADAE	yes	-
1C	ADC5	brk	$0D,$CB,$80	3	BrkSelector CB	ADC9	yes	-
1C	ADF4	brk	$04,$9F	2	BrkService 19:04	ADF7	yes	-
1C	ADFC	brk	$02,$9F	2	BrkService 19:02	ADFF	yes	-
1C	AE3D	brk	$0A,$6F	2	BrkDefault	AE40	yes	-
1C	AE43	brk	$05,$DB,$BF	3	BrkSelector DB	AE47	yes	-
1C	AE47	brk	$06,$DB,$F7	3	BrkSelector DB	AE4B	yes	-
1C	AE4D	brk	$01,$8F	2	BrkDefault	AE50	yes	-
1C	AE8D	brk	$1F,$EF	2	BrkDefault	AE90	yes	-
1C	AE94	brk	$0B,$87	2	BrkDefault	AE97	yes	-
1C	AEA1	brk	$0B,$87	2	BrkDefault	AEA4	yes	-
1C	AEB0	brk	$03,$EF	2	BrkDefault	AEB3	yes	-
1C	AEC5	brk	$04,$6F	2	BrkService 16:04	AEC8	yes	-
1C	AEDB	brk	$32,$EF	2	BrkDefault	AEDE	yes	-
1C	AEF6	brk	$0A,$6F	2	BrkDefault	AEF9	yes	-
1C	AF0D	brk	$01,$8F	2	BrkDefault	AF10	yes	-
1C	AF10	brk	$54,$33	2	BrkSelector 33	AF13	yes	-
1C	AF20	brk	$12,$2F	2	BrkDefault	AF23	yes	-
1C	AF23	brk	$1F,$EF	2	BrkDefault	AF26	yes	-
1C	AF28	brk	$53,$73	2	BrkSelector 73	AF2B	yes	-
1C	AF59	brk	$0B,$87	2	BrkDefault	AF5C	yes	-
1C	AF5C	brk	$03,$EF	2	BrkDefault	AF5F	yes	-
1C	AF74	brk	$81,$3B	2	BrkSelector 3B	AF77	yes	-
1C	AF77	brk	$7D,$4B	2	BrkSelector 4B	AF7A	yes	-
1C	AF7A	brk	$07,$6F,$10	3	BrkService 16:07	AF7E	yes	-
1C	AF7E	brk	$07,$6F,$48	3	BrkService 16:07	AF82	yes	-
1C	AF8A	brk	$31,$73	2	BrkSelector 73	AF8D	yes	-
1C	AF8F	brk	$7F,$4B	2	BrkSelector 4B	AF92	yes	-
1C	AF95	brk	$29,$2F	2	BrkDefault	AF98	yes	-
1C	AF98	brk	$27,$0F	2	BrkDefault	AF9B	yes	-
1C	AF9B	brk	$07,$6F,$10	3	BrkService 16:07	AF9F	yes	-
1C	AF9F	brk	$7E,$4B	2	BrkSelector 4B	AFA2	yes	-
1C	AFA9	brk	$82,$3B	2	BrkSelector 3B	AFAC	yes	-
1C	AFBD	brk	$83,$3B	2	BrkSelector 3B	AFC0	yes	-
1C	AFDE	brk	$04,$B7	2	BrkDefault	AFE1	yes	-
1C	AFFC	brk	$01,$8F	2	BrkDefault	AFFF	yes	-
1C	AFFF	brk	$1F,$EF	2	BrkDefault	B002	yes	-
1C	B020	brk	$0A,$6F	2	BrkDefault	B023	yes	-
1C	B023	brk	$03,$EF	2	BrkDefault	B026	yes	-
1C	B030	brk	$04,$9F	2	BrkService 19:04	B033	yes	-
1C	B033	brk	$32,$FB	2	BrkSelector FB	B036	yes	-
1C	B039	brk	$07,$9F	2	BrkService 19:07	B03C	yes	-
1C	B05E	brk	$92,$FB	2	BrkSelector FB	B061	yes	-
1C	B0D6	brk	$13,$EB,$40	3	BrkSelector EB	B0DA	yes	-
1C	B0F7	brk	$0B,$DB,$FB	3	BrkSelector DB	B0FB	yes	-
1C	B117	brk	$01,$FB	2	BrkSelector FB	B11A	yes	-
1C	B11A	brk	$5B,$3B	2	BrkSelector 3B	B11D	yes	-
1C	B136	brk	$31,$EF	2	BrkDefault	B139	yes	-
1C	B139	brk	$09,$9F	2	BrkService 19:09	B13C	yes	-
1C	B14C	brk	$5C,$3B	2	BrkSelector 3B	B14F	yes	-
1C	B177	brk	$8E,$FB	2	BrkSelector FB	B17A	yes	-
1C	B17A	brk	$F6,$3B	2	BrkSelector 3B	B17D	yes	-
1C	B17F	brk	$03,$4F	2	BrkDefault	B182	yes	-
1C	B188	brk	$92,$FB	2	BrkSelector FB	B18B	yes	-
1C	B194	brk	$A5,$FB	2	BrkSelector FB	B197	yes	-
1C	B1C2	brk	$3A,$3B	2	BrkSelector 3B	B1C5	yes	-
1C	B267	brk	$0A,$6F	2	BrkDefault	B26A	yes	-
1C	B294	brk	$13,$CB,$01	3	BrkSelector CB	B298	yes	-
1C	B298	brk	$17,$CB,$20	3	BrkSelector CB	B29C	yes	-
1C	B29F	brk	$6F,$33	2	BrkSelector 33	B2A2	yes	-
1C	B2A2	brk	$56,$33	2	BrkSelector 33	B2A5	yes	-
1C	B2A7	brk	$52,$73	2	BrkSelector 73	B2AA	yes	-
1C	B2AB	brk	$26,$2F	2	BrkDefault	B2AE	yes	-
1C	B2B0	brk	$5F,$73	2	BrkSelector 73	B2B3	yes	-
1C	B316	brk	$01,$8F	2	BrkDefault	B319	yes	-
1C	B319	brk	$1A,$CB,$40	3	BrkSelector CB	B31D	yes	-
1C	B31D	brk	$1F,$EF	2	BrkDefault	B320	yes	-
1C	B320	brk	$08,$CF	2	BrkDefault	B323	yes	-
1C	B323	brk	$0A,$6F	2	BrkDefault	B326	yes	-
1C	B326	brk	$03,$EF	2	BrkDefault	B329	yes	-
1C	B32E	brk	$01,$8F	2	BrkDefault	B331	yes	-
1C	B331	brk	$1A,$CB,$80	3	BrkSelector CB	B335	yes	-
1C	B335	brk	$1F,$EF	2	BrkDefault	B338	yes	-
1C	B361	brk	$0B,$87	2	BrkDefault	B364	yes	-
1C	B364	brk	$0A,$6F	2	BrkDefault	B367	yes	-
1C	B367	brk	$03,$EF	2	BrkDefault	B36A	yes	-
1C	B389	brk	$09,$EF	2	BrkDefault	B38C	yes	-
1C	B38C	brk	$95,$FB	2	BrkSelector FB	B38F	yes	-
1C	B394	brk	$1B,$EF	2	BrkDefault	B397	yes	-
1C	B39A	brk	$01,$8F	2	BrkDefault	B39D	yes	-
1C	B39D	brk	$0A,$CB,$01	3	BrkSelector CB	B3A1	yes	-
1C	B3A1	brk	$26,$CB,$04	3	BrkSelector CB	B3A5	yes	-
1C	B3A5	brk	$1F,$EF	2	BrkDefault	B3A8	yes	-
1C	B3A8	brk	$08,$CF	2	BrkDefault	B3AB	yes	-
1C	B3AB	brk	$0A,$6F	2	BrkDefault	B3AE	yes	-
1C	B3AE	brk	$03,$EF	2	BrkDefault	B3B1	yes	-
1C	B3BE	brk	$2B,$73	2	BrkSelector 73	B3C1	yes	-
1C	B3DD	brk	$09,$EF	2	BrkDefault	B3E0	yes	-
1C	B3EC	brk	$0A,$6F	2	BrkDefault	B3EF	yes	-
1C	B3F2	brk	$93,$FB	2	BrkSelector FB	B3F5	yes	-
1C	B3F7	brk	$53,$73	2	BrkSelector 73	B3FA	yes	-
1C	B3FC	brk	$23,$EF	2	BrkDefault	B3FF	yes	-
1C	B3FF	brk	$0D,$87	2	BrkDefault	B402	yes	-
1C	B40D	brk	$0A,$6F	2	BrkDefault	B410	yes	-
1C	B419	brk	$0D,$87	2	BrkDefault	B41C	yes	-
1C	B420	brk	$0D,$87	2	BrkDefault	B423	yes	-
1C	B423	brk	$95,$FB	2	BrkSelector FB	B426	yes	-
1C	B437	brk	$09,$EF	2	BrkDefault	B43A	yes	-
1C	B493	brk	$0A,$CB,$80	3	BrkSelector CB	B497	yes	-
1C	B4A9	brk	$09,$EF	2	BrkDefault	B4AC	yes	-
1C	B515	brk	$07,$6F,$43	3	BrkService 16:07	B519	yes	-
1C	B521	brk	$F7,$3B	2	BrkSelector 3B	B524	yes	-
1C	B524	brk	$F8,$3B	2	BrkSelector 3B	B527	yes	-
1C	B527	brk	$07,$6F,$48	3	BrkService 16:07	B52B	yes	-
1C	B52F	brk	$F9,$3B	2	BrkSelector 3B	B532	yes	-
1C	B535	brk	$FA,$3B	2	BrkSelector 3B	B538	yes	-
1C	B554	brk	$54,$33	2	BrkSelector 33	B557	yes	-
1C	B559	brk	$2B,$73	2	BrkSelector 73	B55C	yes	-
1C	B55C	brk	$0D,$87	2	BrkDefault	B55F	yes	-
1C	B561	brk	$2B,$73	2	BrkSelector 73	B564	yes	-
1C	B564	brk	$0D,$87	2	BrkDefault	B567	yes	-
1C	B5C4	brk	$01,$8F	2	BrkDefault	B5C7	yes	-
1C	B5C7	brk	$19,$CB,$01	3	BrkSelector CB	B5CB	yes	-
1C	B5CB	brk	$1F,$EF	2	BrkDefault	B5CE	yes	-
1C	B5CE	brk	$08,$CF	2	BrkDefault	B5D1	yes	-
1C	B602	brk	$0A,$6F	2	BrkDefault	B605	yes	-
1C	B605	brk	$03,$EF	2	BrkDefault	B608	yes	-
1C	B60D	brk	$16,$CB,$04	3	BrkSelector CB	B611	yes	-
1C	B61E	brk	$17,$CB,$10	3	BrkSelector CB	B622	yes	-
1C	B62F	brk	$17,$CB,$02	3	BrkSelector CB	B633	yes	-
1C	B642	brk	$1A,$CB,$02	3	BrkSelector CB	B646	yes	-
1C	B646	brk	$20,$CB,$80	3	BrkSelector CB	B64A	yes	-
1C	B669	brk	$52,$73	2	BrkSelector 73	B66C	yes	-
1C	B66C	brk	$5C,$33	2	BrkSelector 33	B66F	yes	-
1C	B66F	brk	$56,$33	2	BrkSelector 33	B672	yes	-
1C	B676	brk	$0D,$87	2	BrkDefault	B679	yes	-
1C	B6F4	brk	$01,$8F	2	BrkDefault	B6F7	yes	-
1C	B6F7	brk	$1D,$CB,$40	3	BrkSelector CB	B6FB	yes	-
1C	B6FB	brk	$0E,$CB,$08	3	BrkSelector CB	B6FF	yes	-
1C	B711	brk	$0F,$EF	2	BrkDefault	B714	yes	-
1C	B726	brk	$44,$4B	2	BrkSelector 4B	B729	yes	-
1C	B73B	brk	$2B,$73	2	BrkSelector 73	B73E	yes	-
1C	B743	brk	$42,$73	2	BrkSelector 73	B746	yes	-
1C	B74A	brk	$1E,$CB,$40	3	BrkSelector CB	B74E	yes	-
1C	B750	brk	$4D,$4B	2	BrkSelector 4B	B753	yes	-
1C	B76E	brk	$51,$73	2	BrkSelector 73	B771	yes	-
1C	B771	brk	$3B,$EF	2	BrkDefault	B774	yes	-
1C	B77C	brk	$0D,$87	2	BrkDefault	B77F	yes	-
1C	B789	brk	$60,$0B	2	BrkSelector 0B	B78C	yes	-
1C	B7AB	brk	$07,$6F,$43	3	BrkService 16:07	B7AF	yes	-
1C	B7BC	brk	$34,$4B	2	BrkSelector 4B	B7BF	yes	-
1C	B7BF	brk	$0C,$DF	2	BrkDefault	B7C2	yes	-
1C	B7C2	brk	$1D,$EB,$01	3	BrkSelector EB	B7C6	yes	-
1C	B7CE	brk	$16,$CB,$10	3	BrkSelector CB	B7D2	yes	-
1C	B7D5	brk	$43,$EF	2	BrkDefault	B7D8	yes	-
1C	B7D8	brk	$16,$DB,$EF	3	BrkSelector DB	B7DC	yes	-
1C	B7DF	brk	$0A,$6F	2	BrkDefault	B7E2	yes	-
1C	B7E5	brk	$0D,$DF	2	BrkDefault	B7E8	yes	-
1C	B7EB	brk	$0E,$DF	2	BrkDefault	B7EE	yes	-
1C	B7EE	brk	$10,$DF	2	BrkDefault	B7F1	yes	-
1C	B7F1	brk	$0F,$DF	2	BrkDefault	B7F4	yes	-
1C	B7F6	brk	$23,$EF	2	BrkDefault	B7F9	yes	-
1C	B7FB	brk	$0D,$87	2	BrkDefault	B7FE	yes	-
1C	B801	brk	$28,$0F	2	BrkDefault	B804	yes	-
1C	B80A	brk	$07,$6F,$43	3	BrkService 16:07	B80E	yes	-
1C	B816	brk	$38,$4B	2	BrkSelector 4B	B819	yes	-
1C	B822	brk	$16,$DB,$EF	3	BrkSelector DB	B826	yes	-
1C	B84A	brk	$43,$EF	2	BrkDefault	B84D	yes	-
1C	B850	brk	$0A,$6F	2	BrkDefault	B853	yes	-
1C	B856	brk	$07,$6F,$43	3	BrkService 16:07	B85A	yes	-
1C	B85A	brk	$CE,$4B	2	BrkSelector 4B	B85D	yes	-
1C	B85D	brk	$8A,$FB	2	BrkSelector FB	B860	yes	-
1C	B86D	brk	$0A,$6F	2	BrkDefault	B870	yes	-
1C	B870	brk	$CF,$4B	2	BrkSelector 4B	B873	yes	-
1C	B885	brk	$D0,$4B	2	BrkSelector 4B	B888	yes	-
1C	B88D	brk	$0A,$6F	2	BrkDefault	B890	yes	-
1C	B890	brk	$0E,$FB	2	BrkSelector FB	B893	yes	-
1C	B896	brk	$D1,$4B	2	BrkSelector 4B	B899	yes	-
1C	B8A9	brk	$9B,$FB	2	BrkSelector FB	B8AC	yes	-
1C	B8B4	brk	$23,$EF	2	BrkDefault	B8B7	yes	-
1C	B8B9	brk	$0D,$87	2	BrkDefault	B8BC	yes	-
1C	B8C2	brk	$87,$FB	2	BrkSelector FB	B8C5	yes	-
1C	B8C5	brk	$0A,$6F	2	BrkDefault	B8C8	yes	-
1C	B8F7	brk	$01,$8F	2	BrkDefault	B8FA	yes	-
1C	B8FA	brk	$1D,$CB,$08	3	BrkSelector CB	B8FE	yes	-
1C	B901	brk	$13,$CB,$02	3	BrkSelector CB	B905	yes	-
1C	B91C	brk	$1E,$DB,$00	3	BrkSelector DB	B920	yes	-
1C	B925	brk	$0B,$DF	2	BrkDefault	B928	yes	-
1C	B928	brk	$60,$0B	2	BrkSelector 0B	B92B	yes	-
1C	B930	brk	$27,$3B	2	BrkSelector 3B	B933	yes	-
1C	B936	brk	$58,$4B	2	BrkSelector 4B	B939	yes	-
1C	B939	brk	$0A,$6F	2	BrkDefault	B93C	yes	-
1C	B940	brk	$01,$8F	2	BrkDefault	B943	yes	-
1C	B94E	brk	$1F,$EF	2	BrkDefault	B951	yes	-
1C	B957	brk	$92,$FB	2	BrkSelector FB	B95A	yes	-
1C	B997	brk	$01,$8F	2	BrkDefault	B99A	yes	-
1C	B99A	brk	$1D,$CB,$04	3	BrkSelector CB	B99E	yes	-
1C	B9A3	brk	$01,$8F	2	BrkDefault	B9A6	yes	-
1C	B9A6	brk	$1D,$CB,$01	3	BrkSelector CB	B9AA	yes	-
1C	B9C2	brk	$0F,$EF	2	BrkDefault	B9C5	yes	-
1C	B9D2	brk	$17,$EB,$10	3	BrkSelector EB	B9D6	yes	-
1C	B9DD	brk	$17,$CB,$1C	3	BrkSelector CB	B9E1	yes	-
1C	B9E1	brk	$19,$CB,$40	3	BrkSelector CB	B9E5	yes	-
1C	B9F4	brk	$0A,$6F	2	BrkDefault	B9F7	yes	-
1C	B9FC	brk	$01,$8F	2	BrkDefault	B9FF	yes	-
1C	B9FF	brk	$29,$CB,$80	3	BrkSelector CB	BA03	yes	-
1C	BA03	brk	$1F,$EF	2	BrkDefault	BA06	yes	-
1C	BA06	brk	$08,$CF	2	BrkDefault	BA09	yes	-
1C	BA18	brk	$0B,$87	2	BrkDefault	BA1B	yes	-
1C	BA26	brk	$65,$4B	2	BrkSelector 4B	BA29	yes	-
1C	BA31	brk	$01,$8F	2	BrkDefault	BA34	yes	-
1C	BA34	brk	$29,$CB,$40	3	BrkSelector CB	BA38	yes	-
1C	BA38	brk	$1F,$EF	2	BrkDefault	BA3B	yes	-
1C	BA3B	brk	$08,$CF	2	BrkDefault	BA3E	yes	-
1C	BA4D	brk	$0B,$87	2	BrkDefault	BA50	yes	-
1C	BA5B	brk	$67,$4B	2	BrkSelector 4B	BA5E	yes	-
1C	BA66	brk	$01,$8F	2	BrkDefault	BA69	yes	-
1C	BA69	brk	$29,$CB,$20	3	BrkSelector CB	BA6D	yes	-
1C	BA6D	brk	$1F,$EF	2	BrkDefault	BA70	yes	-
1C	BA70	brk	$08,$CF	2	BrkDefault	BA73	yes	-
1C	BA82	brk	$0B,$87	2	BrkDefault	BA85	yes	-
1C	BA90	brk	$68,$4B	2	BrkSelector 4B	BA93	yes	-
1C	BA9B	brk	$01,$8F	2	BrkDefault	BA9E	yes	-
1C	BA9E	brk	$29,$CB,$10	3	BrkSelector CB	BAA2	yes	-
1C	BAA2	brk	$1F,$EF	2	BrkDefault	BAA5	yes	-
1C	BAA5	brk	$08,$CF	2	BrkDefault	BAA8	yes	-
1C	BAB7	brk	$0B,$87	2	BrkDefault	BABA	yes	-
1C	BAC5	brk	$69,$4B	2	BrkSelector 4B	BAC8	yes	-
1C	BACE	brk	$84,$FB	2	BrkSelector FB	BAD1	yes	-
1C	BAD6	brk	$8A,$FB	2	BrkSelector FB	BAD9	yes	-
1C	BADE	brk	$81,$FB	2	BrkSelector FB	BAE1	yes	-
1C	BAE1	brk	$66,$4B	2	BrkSelector 4B	BAE4	yes	-
1C	BAEF	brk	$0A,$6F	2	BrkDefault	BAF2	yes	-
1C	BAF2	brk	$6D,$4B	2	BrkSelector 4B	BAF5	yes	-
1C	BB02	brk	$20,$EB,$08	3	BrkSelector EB	BB06	yes	-
1C	BB19	brk	$6E,$4B	2	BrkSelector 4B	BB1C	yes	-
1C	BB1C	brk	$6F,$4B	2	BrkSelector 4B	BB1F	yes	-
1C	BB29	brk	$0A,$6F	2	BrkDefault	BB2C	yes	-
1C	BB2C	brk	$70,$4B	2	BrkSelector 4B	BB2F	yes	-
1C	BB2F	brk	$71,$4B	2	BrkSelector 4B	BB32	yes	-
1C	BB3A	brk	$20,$CB,$08	3	BrkSelector CB	BB3E	yes	-
1C	BB42	brk	$6A,$4B	2	BrkSelector 4B	BB45	yes	legacy-address-only
1C	BB4A	brk	$01,$8F	2	BrkDefault	BB4D	yes	-
1C	BB4D	brk	$26,$CB,$20	3	BrkSelector CB	BB51	yes	-
1C	BB51	brk	$6F,$33	2	BrkSelector 33	BB54	yes	-
1C	BB71	brk	$1F,$EF	2	BrkDefault	BB74	yes	-
1C	BB74	brk	$03,$EF	2	BrkDefault	BB77	yes	-
1C	BBB4	brk	$0D,$87	2	BrkDefault	BBB7	yes	-
1C	BBBE	brk	$0D,$87	2	BrkDefault	BBC1	yes	-
1C	BBC8	brk	$0D,$87	2	BrkDefault	BBCB	yes	-
1C	BBCE	brk	$0A,$6F	2	BrkDefault	BBD1	yes	-
1C	BBD7	brk	$6B,$4B	2	BrkSelector 4B	BBDA	yes	-
1C	BC23	brk	$83,$4B	2	BrkSelector 4B	BC26	yes	causal-resume
1C	BC29	brk	$06,$BF	2	BrkDefault	BC2C	yes	causal-resume
1C	BC3C	brk	$01,$87	2	BrkDefault	BC3F	yes	causal-resume
1C	BC64	brk	$5E,$33	2	BrkSelector 33	BC67	yes	causal-resume
1C	BC69	brk	$46,$93,$07	3	BrkSelector 93	BC6D	yes	causal-resume
1C	BC71	brk	$12,$2F	2	BrkDefault	BC74	yes	-
1C	BC74	brk	$62,$33	2	BrkSelector 33	BC77	yes	causal-resume
1C	BC7D	brk	$2B,$73	2	BrkSelector 73	BC80	yes	causal-resume
1C	BC87	brk	$51,$73	2	BrkSelector 73	BC8A	yes	causal-resume
1C	BC8A	brk	$3B,$EF	2	BrkDefault	BC8D	yes	causal-resume
1C	BC8D	brk	$56,$33	2	BrkSelector 33	BC90	yes	causal-resume
1C	BC92	brk	$12,$2F	2	BrkDefault	BC95	yes	causal-resume
1C	BC97	brk	$31,$EF	2	BrkDefault	BC9A	yes	causal-resume
1C	BCA7	brk	$0D,$CB,$80	3	BrkSelector CB	BCAB	yes	causal-resume
1C	BCAE	brk	$B0,$4B	2	BrkSelector 4B	BCB1	yes	causal-resume
1C	BCB3	brk	$03,$4F	2	BrkDefault	BCB6	yes	causal-resume
1C	BCB8	brk	$46,$93,$07	3	BrkSelector 93	BCBC	yes	causal-resume
1C	BCC2	brk	$B1,$4B	2	BrkSelector 4B	BCC5	yes	-
1C	BCCA	brk	$12,$2F	2	BrkDefault	BCCD	yes	-
1C	BCCD	brk	$3B,$EF	2	BrkDefault	BCD0	yes	-
1C	BCD0	brk	$27,$0F	2	BrkDefault	BCD3	yes	-
1C	BCE0	brk	$C0,$4B	2	BrkSelector 4B	BCE3	yes	causal-resume
1C	BCE3	brk	$B2,$4B	2	BrkSelector 4B	BCE6	yes	legacy-address-only
1C	BCF3	brk	$2B,$73	2	BrkSelector 73	BCF6	yes	causal-resume
1C	BDA4	brk	$31,$EF	2	BrkDefault	BDA7	yes	-
1C	BDAF	brk	$0A,$6F	2	BrkDefault	BDB2	yes	-
1C	BDC2	brk	$0F,$CB,$10	3	BrkSelector CB	BDC6	yes	-
1C	BDC6	brk	$0D,$CB,$80	3	BrkSelector CB	BDCA	yes	-
1C	BDCA	brk	$13,$CB,$01	3	BrkSelector CB	BDCE	yes	-
1C	BDD2	brk	$62,$23,$40	3	BrkSelector 23	BDD6	yes	-
1C	BDDA	brk	$2B,$73	2	BrkSelector 73	BDDD	yes	-
1C	BDE7	brk	$01,$6F,$0B	3	BrkService 16:01	BDEB	yes	-
1C	BE03	brk	$27,$33	2	BrkSelector 33	BE06	yes	-
1C	BE06	brk	$85,$FB	2	BrkSelector FB	BE09	yes	-
1C	BE19	brk	$08,$2F	2	BrkService 12:08	BE1C	yes	-
1C	BE2A	brk	$25,$33	2	BrkSelector 33	BE2D	yes	-
1C	BE2D	brk	$0C,$6F	2	BrkDefault	BE30	yes	-
1C	BE7D	brk	$31,$EF	2	BrkDefault	BE80	yes	-
1C	BE8A	brk	$0A,$6F	2	BrkDefault	BE8D	yes	-
1C	BE90	brk	$95,$FB	2	BrkSelector FB	BE93	yes	-
1C	BEAD	brk	$31,$EF	2	BrkDefault	BEB0	yes	-
1C	BEB5	brk	$01,$8F	2	BrkDefault	BEB8	yes	-
1C	BEB8	brk	$1F,$EF	2	BrkDefault	BEBB	yes	-
1C	BEBB	brk	$08,$CF	2	BrkDefault	BEBE	yes	-
1C	BEC8	brk	$03,$EF	2	BrkDefault	BECB	yes	-
1C	BED3	brk	$0D,$87	2	BrkDefault	BED6	yes	-
1C	BED6	brk	$95,$FB	2	BrkSelector FB	BED9	yes	-
1C	BF46	brk	$07,$6F,$43	3	BrkService 16:07	BF4A	yes	causal-resume
1D	8E23	brk	$08,$8F	2	BrkDefault	8E26	yes	-
1D	8E2E	brk	$02,$87	2	BrkDefault	8E31	yes	-
1D	8E35	brk	$2A,$EF	2	BrkDefault	8E38	yes	-
1D	8E3B	brk	$11,$87	2	BrkDefault	8E3E	yes	-
1D	8E3E	brk	$07,$87	2	BrkDefault	8E41	yes	-
1D	8E43	brk	$23,$EF	2	BrkDefault	8E46	yes	-
1D	8E46	brk	$0B,$87	2	BrkDefault	8E49	yes	-
1D	8E49	brk	$03,$EF	2	BrkDefault	8E4C	yes	-
1D	923C	brk	$0A,$6F	2	BrkDefault	923F	yes	-
1D	943D	brk	$0C,$BF	2	BrkDefault	9440	yes	-
1D	9484	brk	$16,$CB,$10	3	BrkSelector CB	9488	yes	-
1D	94AC	brk	$36,$4B	2	BrkSelector 4B	94AF	yes	-
1D	94BE	brk	$37,$4B	2	BrkSelector 4B	94C1	yes	-
1D	94D1	brk	$82,$FB	2	BrkSelector FB	94D4	yes	-
1D	9501	brk	$07,$6F,$43	3	BrkService 16:07	9505	yes	-
1D	9505	brk	$35,$4B	2	BrkSelector 4B	9508	yes	-
1D	9510	brk	$82,$FB	2	BrkSelector FB	9513	yes	-
1D	9563	brk	$82,$FB	2	BrkSelector FB	9566	yes	-
1D	95A8	brk	$09,$EF	2	BrkDefault	95AB	yes	-
1D	95AF	brk	$29,$FB	2	BrkSelector FB	95B2	yes	-
1D	95B2	brk	$07,$9F	2	BrkService 19:07	95B5	yes	-
1D	96EE	brk	$04,$EB,$02	3	BrkSelector EB	96F2	yes	-
1D	96FA	brk	$0A,$EB,$80	3	BrkSelector EB	96FE	yes	-
1D	9713	brk	$16,$EB,$02	3	BrkSelector EB	9717	yes	-
1D	9724	brk	$26,$EB,$40	3	BrkSelector EB	9728	yes	-
1D	976C	brk	$1F,$DB,$BF	3	BrkSelector DB	9770	yes	-
1D	995E	brk	$07,$6F,$43	3	BrkService 16:07	9962	yes	causal-resume
1D	99BC	brk	$01,$EB,$02	3	BrkSelector EB	99C0	yes	-
1D	99C4	brk	$01,$CB,$02	3	BrkSelector CB	99C8	yes	-
1D	99CA	brk	$01,$DB,$FD	3	BrkSelector DB	99CE	yes	-
1D	9ADC	brk	$16,$EB,$20	3	BrkSelector EB	9AE0	yes	-
1D	9AF2	brk	$01,$FB	2	BrkSelector FB	9AF5	yes	-
1D	9AF5	brk	$07,$9F	2	BrkService 19:07	9AF8	yes	-
1D	9AF8	brk	$04,$FB	2	BrkSelector FB	9AFB	yes	-
1D	9AFB	brk	$FC,$3B	2	BrkSelector 3B	9AFE	yes	-
1D	9AFE	brk	$FD,$3B	2	BrkSelector 3B	9B01	yes	-
1D	9B04	brk	$09,$9F	2	BrkService 19:09	9B07	yes	-
1D	9B07	brk	$16,$CB,$20	3	BrkSelector CB	9B0B	yes	-
1D	9B0B	brk	$0E,$CB,$80	3	BrkSelector CB	9B0F	yes	-
1D	9B5B	brk	$07,$CF	2	BrkDefault	9B5E	yes	-
1D	9B6D	brk	$66,$73	2	BrkSelector 73	9B70	yes	-
1D	9B77	brk	$0E,$EB,$08	3	BrkSelector EB	9B7B	yes	causal-resume
1D	9BA6	brk	$08,$EB,$02	3	BrkSelector EB	9BAA	yes	-
1D	9BD3	brk	$02,$EB,$02	3	BrkSelector EB	9BD7	yes	-
1D	9C07	brk	$02,$EB,$08	3	BrkSelector EB	9C0B	yes	-
1D	9C85	brk	$01,$8F	2	BrkDefault	9C88	yes	-
1D	9C88	brk	$15,$EF	2	BrkDefault	9C8B	yes	-
1D	9CC6	brk	$02,$CB,$20	3	BrkSelector CB	9CCA	yes	-
1D	9CCA	brk	$1F,$DB,$FC	3	BrkSelector DB	9CCE	yes	-
1D	9CCE	brk	$1F,$CB,$02	3	BrkSelector CB	9CD2	yes	-
1D	9CD2	brk	$95,$FB	2	BrkSelector FB	9CD5	yes	-
1D	9CD7	brk	$1F,$DB,$7F	3	BrkSelector DB	9CDB	yes	-
1D	9CF6	brk	$1F,$DB,$DF	3	BrkSelector DB	9CFA	yes	-
1D	9D15	brk	$1F,$CB,$20	3	BrkSelector CB	9D19	yes	-
1D	9D38	brk	$1F,$EB,$20	3	BrkSelector EB	9D3C	yes	-
1D	9D3E	brk	$1F,$CB,$80	3	BrkSelector CB	9D42	yes	-
1D	9D48	brk	$1F,$EB,$40	3	BrkSelector EB	9D4C	yes	-
1D	9D84	brk	$1F,$DB,$FC	3	BrkSelector DB	9D88	yes	-
1D	9D88	brk	$1F,$CB,$02	3	BrkSelector CB	9D8C	yes	-
1D	9D99	brk	$1F,$DB,$FC	3	BrkSelector DB	9D9D	yes	-
1D	9D9D	brk	$1F,$CB,$02	3	BrkSelector CB	9DA1	yes	-
1D	9DBB	brk	$1F,$DB,$FC	3	BrkSelector DB	9DBF	yes	-
1D	9DBF	brk	$1F,$CB,$01	3	BrkSelector CB	9DC3	yes	-
1D	9DD7	brk	$1F,$CB,$03	3	BrkSelector CB	9DDB	yes	-
1D	9DED	brk	$1F,$DB,$FC	3	BrkSelector DB	9DF1	yes	-
1D	9DF5	brk	$84,$FB	2	BrkSelector FB	9DF8	yes	-
1D	9E02	brk	$05,$DF	2	BrkDefault	9E05	yes	-
1D	9E09	brk	$84,$FB	2	BrkSelector FB	9E0C	yes	-
1D	9E28	brk	$95,$FB	2	BrkSelector FB	9E2B	yes	-
1D	9E83	brk	$1F,$EB,$40	3	BrkSelector EB	9E87	yes	-
1D	9F59	brk	$09,$EF	2	BrkDefault	9F5C	yes	-
1D	9F66	brk	$09,$EF	2	BrkDefault	9F69	yes	-
1D	9F73	brk	$09,$EF	2	BrkDefault	9F76	yes	-
1D	9F79	brk	$1F,$EB,$01	3	BrkSelector EB	9F7D	yes	-
1D	9F7F	brk	$1F,$EB,$02	3	BrkSelector EB	9F83	yes	-
1D	9F85	brk	$1F,$EB,$40	3	BrkSelector EB	9F89	yes	-
1D	9F93	brk	$1F,$EB,$40	3	BrkSelector EB	9F97	yes	-
1D	9FF9	brk	$0A,$EB,$04	3	BrkSelector EB	9FFD	yes	-
1D	A00F	brk	$26,$EB,$08	3	BrkSelector EB	A013	yes	-
1D	A015	brk	$26,$CB,$08	3	BrkSelector CB	A019	yes	-
1D	A01C	brk	$07,$6F,$43	3	BrkService 16:07	A020	yes	-
1D	A020	brk	$C3,$4B	2	BrkSelector 4B	A023	yes	-
1D	A023	brk	$07,$6F,$48	3	BrkService 16:07	A027	yes	-
1D	A02B	brk	$C1,$4B	2	BrkSelector 4B	A02E	yes	-
1D	A038	brk	$07,$CF	2	BrkDefault	A03B	yes	-
1D	A03F	brk	$26,$DB,$F7	3	BrkSelector DB	A043	yes	-
1D	A04E	brk	$0A,$CB,$04	3	BrkSelector CB	A052	yes	-
1D	A054	brk	$07,$CF	2	BrkDefault	A057	yes	-
1D	A060	brk	$07,$6F,$43	3	BrkService 16:07	A064	yes	-
1D	A064	brk	$66,$3B	2	BrkSelector 3B	A067	yes	-
1D	A069	brk	$66,$73	2	BrkSelector 73	A06C	yes	-
1D	A072	brk	$A0,$2B	2	BrkSelector 2B	A075	yes	-
1D	A075	brk	$2B,$FB	2	BrkSelector FB	A078	yes	-
1D	A078	brk	$07,$9F	2	BrkService 19:07	A07B	yes	-
1D	A07B	brk	$09,$9F	2	BrkService 19:09	A07E	yes	-
1D	A083	brk	$8E,$4B	2	BrkSelector 4B	A086	yes	-
1D	A089	brk	$27,$4B	2	BrkSelector 4B	A08C	yes	-
1D	A0B3	brk	$07,$6F,$43	3	BrkService 16:07	A0B7	yes	-
1D	A0B7	brk	$C4,$4B	2	BrkSelector 4B	A0BA	yes	-
1D	A0BF	brk	$07,$CF	2	BrkDefault	A0C2	yes	-
1D	A0D9	brk	$09,$EF	2	BrkDefault	A0DC	yes	-
1D	A24F	brk	$4A,$3B	2	BrkSelector 3B	A252	yes	-
1D	A25A	brk	$82,$FB	2	BrkSelector FB	A25D	yes	-
1D	A26E	brk	$31,$EF	2	BrkDefault	A271	yes	-
1D	A292	brk	$0E,$DB,$FB	3	BrkSelector DB	A296	yes	-
1D	A2A4	brk	$0E,$EB,$04	3	BrkSelector EB	A2A8	yes	-
1D	A2AA	brk	$0E,$CB,$04	3	BrkSelector CB	A2AE	yes	-
1D	A2B4	brk	$B3,$3B	2	BrkSelector 3B	A2B7	yes	-
1D	A2B7	brk	$07,$6F,$48	3	BrkService 16:07	A2BB	yes	-
1D	A2BF	brk	$A6,$FB	2	BrkSelector FB	A2C2	yes	-
1D	A31C	brk	$09,$EF	2	BrkDefault	A31F	yes	-
1D	A331	brk	$93,$FB	2	BrkSelector FB	A334	yes	-
1D	A334	brk	$30,$EF	2	BrkDefault	A337	yes	-
1D	A337	brk	$2F,$EF	2	BrkDefault	A33A	yes	-
1D	A3D0	brk	$11,$5F	2	BrkDefault	A3D3	yes	-
1D	A3DA	brk	$09,$EB,$04	3	BrkSelector EB	A3DE	yes	-
1D	A3EB	brk	$0D,$87	2	BrkDefault	A3EE	yes	-
1D	A450	brk	$08,$CB,$20	3	BrkSelector CB	A454	yes	-
1D	A46C	brk	$0F,$EB,$01	3	BrkSelector EB	A470	yes	-
1D	A476	brk	$0F,$CB,$01	3	BrkSelector CB	A47A	yes	-
1D	A483	brk	$8A,$3B	2	BrkSelector 3B	A486	yes	-
1D	A486	brk	$07,$6F,$48	3	BrkService 16:07	A48A	yes	-
1D	A495	brk	$02,$7F	2	BrkDefault	A498	yes	-
1D	A49D	brk	$0F,$DB,$FE	3	BrkSelector DB	A4A1	yes	-
1D	A4F5	brk	$07,$6F,$43	3	BrkService 16:07	A4F9	yes	-
1D	A4F9	brk	$72,$4B	2	BrkSelector 4B	A4FC	yes	-
1D	A541	brk	$12,$5F	2	BrkDefault	A544	yes	-
1D	A57D	brk	$08,$DB,$DF	3	BrkSelector DB	A581	yes	-
1D	A5BB	brk	$04,$6F	2	BrkService 16:04	A5BE	yes	-
1D	A5C6	brk	$01,$6F,$0B	3	BrkService 16:01	A5CA	yes	-
1D	A5E1	brk	$27,$33	2	BrkSelector 33	A5E4	yes	-
1D	A5E4	brk	$85,$FB	2	BrkSelector FB	A5E7	yes	-
1D	A5F7	brk	$08,$2F	2	BrkService 12:08	A5FA	yes	-
1D	A5FD	brk	$0A,$CB,$04	3	BrkSelector CB	A601	yes	-
1D	A61F	brk	$25,$73	2	BrkSelector 73	A622	yes	-
1D	A622	brk	$0C,$6F	2	BrkDefault	A625	yes	-
1D	A64F	brk	$23,$EF	2	BrkDefault	A652	yes	-
1D	A658	brk	$0D,$87	2	BrkDefault	A65B	yes	-
1D	A65F	brk	$0D,$87	2	BrkDefault	A662	yes	-
1D	A66C	brk	$5E,$73	2	BrkSelector 73	A66F	yes	-
1D	A6C3	brk	$0D,$87	2	BrkDefault	A6C6	yes	-
1D	A6CA	brk	$0D,$87	2	BrkDefault	A6CD	yes	-
1D	A6D1	brk	$0D,$87	2	BrkDefault	A6D4	yes	-
1D	A6E1	brk	$07,$CF	2	BrkDefault	A6E4	yes	-
1D	A6FA	brk	$62,$3B	2	BrkSelector 3B	A6FD	yes	-
1D	A6FD	brk	$07,$6F,$48	3	BrkService 16:07	A701	yes	-
1D	A705	brk	$64,$3B	2	BrkSelector 3B	A708	yes	-
1D	A70B	brk	$63,$3B	2	BrkSelector 3B	A70E	yes	-
1D	A735	brk	$67,$3B	2	BrkSelector 3B	A738	yes	-
1D	A73D	brk	$66,$73	2	BrkSelector 73	A740	yes	-
1D	A743	brk	$30,$73	2	BrkSelector 73	A746	yes	-
1D	A748	brk	$2E,$73	2	BrkSelector 73	A74B	yes	-
1D	A758	brk	$00,$CB,$40	3	BrkSelector CB	A75C	yes	-
1D	A75C	brk	$32,$EF	2	BrkDefault	A75F	yes	-
1D	A765	brk	$08,$EB,$06	3	BrkSelector EB	A769	yes	-
1D	A7A6	brk	$63,$73	2	BrkSelector 73	A7A9	yes	-
1D	A7AC	brk	$46,$93,$07	3	BrkSelector 93	A7B0	yes	-
1D	A7C2	brk	$00,$EB,$02	3	BrkSelector EB	A7C6	yes	-
1D	A7E4	brk	$0E,$DB,$F7	3	BrkSelector DB	A7E8	yes	-
1D	A7EC	brk	$0E,$CB,$08	3	BrkSelector CB	A7F0	yes	-
1D	A801	brk	$00,$EB,$02	3	BrkSelector EB	A805	yes	-
1D	A817	brk	$08,$EB,$04	3	BrkSelector EB	A81B	yes	causal-resume
1D	A81D	brk	$08,$EB,$08	3	BrkSelector EB	A821	yes	causal-resume
1D	A840	brk	$08,$CB,$04	3	BrkSelector CB	A844	yes	-
1D	A858	brk	$0B,$EB,$02	3	BrkSelector EB	A85C	yes	-
1D	A8AB	brk	$0C,$DB,$F8	3	BrkSelector DB	A8AF	yes	-
1D	A8C4	brk	$0D,$87	2	BrkDefault	A8C7	yes	-
1D	A8D9	brk	$7E,$3B	2	BrkSelector 3B	A8DC	yes	-
1D	A8EC	brk	$7F,$3B	2	BrkSelector 3B	A8EF	yes	-
1D	A8F7	brk	$53,$73	2	BrkSelector 73	A8FA	yes	-
1D	A8FA	brk	$27,$0F	2	BrkDefault	A8FD	yes	-
1D	A906	brk	$53,$73	2	BrkSelector 73	A909	yes	-
1D	A948	brk	$80,$3B	2	BrkSelector 3B	A94B	yes	-
1D	A96D	brk	$07,$CF	2	BrkDefault	A970	yes	-
1D	A993	brk	$12,$87	2	BrkDefault	A996	yes	-
1D	A996	brk	$03,$BF	2	BrkDefault	A999	yes	-
1D	A9B7	brk	$0D,$87	2	BrkDefault	A9BA	yes	-
1D	A9E5	brk	$86,$3B	2	BrkSelector 3B	A9E8	yes	-
1D	A9E8	brk	$87,$3B	2	BrkSelector 3B	A9EB	yes	-
1D	A9EE	brk	$54,$33	2	BrkSelector 33	A9F1	yes	-
1D	A9FE	brk	$09,$CB,$40	3	BrkSelector CB	AA02	yes	-
1D	AA02	brk	$0D,$CB,$80	3	BrkSelector CB	AA06	yes	-
1D	AA0E	brk	$07,$6F,$43	3	BrkService 16:07	AA12	yes	-
1D	AA12	brk	$D2,$4B	2	BrkSelector 4B	AA15	yes	-
1D	AA22	brk	$31,$EF	2	BrkDefault	AA25	yes	-
1D	AA52	brk	$82,$FB	2	BrkSelector FB	AA55	yes	-
1D	AA66	brk	$31,$EF	2	BrkDefault	AA69	yes	-
1D	AAA8	brk	$8F,$3B	2	BrkSelector 3B	AAAB	yes	-
1D	AAB9	brk	$0C,$CB,$20	3	BrkSelector CB	AABD	yes	-
1D	AAE6	brk	$13,$3B	2	BrkSelector 3B	AAE9	yes	legacy-address-only
1D	AB0B	brk	$14,$3B	2	BrkSelector 3B	AB0E	yes	-
1D	AB0E	brk	$15,$3B	2	BrkSelector 3B	AB11	yes	-
1D	AB14	brk	$0F,$FB	2	BrkSelector FB	AB17	yes	-
1D	AB2D	brk	$52,$73	2	BrkSelector 73	AB30	yes	-
1D	AB39	brk	$5E,$73	2	BrkSelector 73	AB3C	yes	-
1D	AB40	brk	$0D,$87	2	BrkDefault	AB43	yes	-
1D	AB47	brk	$0D,$87	2	BrkDefault	AB4A	yes	-
1D	AB4E	brk	$0D,$87	2	BrkDefault	AB51	yes	-
1D	AB51	brk	$07,$9F	2	BrkService 19:07	AB54	yes	-
1D	AB74	brk	$0A,$6F	2	BrkDefault	AB77	yes	-
1D	AB7D	brk	$16,$3B	2	BrkSelector 3B	AB80	yes	-
1D	ABAD	brk	$0A,$6F	2	BrkDefault	ABB0	yes	-
1D	ABB3	brk	$A7,$3B	2	BrkSelector 3B	ABB6	yes	-
1D	ABB9	brk	$0F,$CB,$04	3	BrkSelector CB	ABBD	yes	-
1D	ABC4	brk	$01,$8F	2	BrkDefault	ABC7	yes	-
1D	AC06	brk	$51,$73	2	BrkSelector 73	AC09	yes	-
1D	AC2C	brk	$12,$87	2	BrkDefault	AC2F	yes	-
1D	AC2F	brk	$03,$BF	2	BrkDefault	AC32	yes	-
1D	AC5A	brk	$0F,$CB,$08	3	BrkSelector CB	AC5E	yes	-
1D	AC60	brk	$05,$EB,$20	3	BrkSelector EB	AC64	yes	causal-resume
1D	AC8F	brk	$05,$DB,$DF	3	BrkSelector DB	AC93	yes	-
1D	AC93	brk	$15,$5F	2	BrkDefault	AC96	yes	-
1D	ACA0	brk	$F1,$2B	2	BrkSelector 2B	ACA3	yes	-
1D	ACA3	brk	$EB,$2B	2	BrkSelector 2B	ACA6	yes	-
1D	ACA6	brk	$AD,$3B	2	BrkSelector 3B	ACA9	yes	-
1D	ACB8	brk	$0D,$87	2	BrkDefault	ACBB	yes	-
1D	ACC8	brk	$0B,$EB,$04	3	BrkSelector EB	ACCC	yes	-
1D	ACF0	brk	$0A,$6F	2	BrkDefault	ACF3	yes	-
1D	ACF5	brk	$05,$EB,$02	3	BrkSelector EB	ACF9	yes	-
1D	AD11	brk	$31,$EF	2	BrkDefault	AD14	yes	-
1D	ADAF	brk	$00,$EB,$80	3	BrkSelector EB	ADB3	yes	-
1D	ADBB	brk	$B3,$3B	2	BrkSelector 3B	ADBE	yes	-
1D	ADBE	brk	$07,$6F,$48	3	BrkService 16:07	ADC2	yes	-
1D	ADC6	brk	$23,$FB	2	BrkSelector FB	ADC9	yes	-
1D	ADE7	brk	$07,$9F	2	BrkService 19:07	ADEA	yes	-
1D	ADEA	brk	$06,$FB	2	BrkSelector FB	ADED	yes	-
1D	ADFF	brk	$00,$CB,$80	3	BrkSelector CB	AE03	yes	-
1D	AE08	brk	$00,$DB,$7F	3	BrkSelector DB	AE0C	yes	-
1D	AE48	brk	$12,$2F	2	BrkDefault	AE4B	yes	-
1D	AE4D	brk	$03,$4F	2	BrkDefault	AE50	yes	-
1D	AE50	brk	$27,$0F	2	BrkDefault	AE53	yes	-
1D	AECE	brk	$0D,$87	2	BrkDefault	AED1	yes	-
1D	AEE6	brk	$03,$9F	2	BrkService 19:03	AEE9	yes	-
1D	AEF2	brk	$02,$4F	2	BrkDefault	AEF5	yes	-
1D	AEF9	brk	$03,$4F	2	BrkDefault	AEFC	yes	-
1D	AF16	brk	$E1,$3B	2	BrkSelector 3B	AF19	yes	-
1D	AF1B	brk	$29,$73	2	BrkSelector 73	AF1E	yes	-
1D	AF21	brk	$E2,$3B	2	BrkSelector 3B	AF24	yes	-
1D	AF24	brk	$E3,$3B	2	BrkSelector 3B	AF27	yes	-
1D	AF27	brk	$E4,$3B	2	BrkSelector 3B	AF2A	yes	-
1D	AF2A	brk	$8E,$FB	2	BrkSelector FB	AF2D	yes	-
1D	AF2F	brk	$03,$4F	2	BrkDefault	AF32	yes	-
1D	AF3F	brk	$0D,$87	2	BrkDefault	AF42	yes	-
1D	AF42	brk	$0A,$6F	2	BrkDefault	AF45	yes	-
1D	AF45	brk	$E5,$3B	2	BrkSelector 3B	AF48	yes	-
1D	AF57	brk	$0D,$87	2	BrkDefault	AF5A	yes	-
1D	AF5C	brk	$02,$9F	2	BrkService 19:02	AF5F	yes	-
1D	AFA3	brk	$07,$6F,$43	3	BrkService 16:07	AFA7	yes	-
1D	AFA7	brk	$64,$4B	2	BrkSelector 4B	AFAA	yes	-
1D	AFAF	brk	$07,$CF	2	BrkDefault	AFB2	yes	-
1D	AFF0	brk	$09,$5F	2	BrkDefault	AFF3	yes	-
1D	B040	brk	$E8,$3B	2	BrkSelector 3B	B043	yes	-
1D	B048	brk	$01,$8F	2	BrkDefault	B04B	yes	-
1D	B04B	brk	$1F,$EF	2	BrkDefault	B04E	yes	-
1D	B05F	brk	$03,$EF	2	BrkDefault	B062	yes	-
1D	B06E	brk	$18,$CB,$04	3	BrkSelector CB	B072	yes	-
1D	B07B	brk	$3E,$EF	2	BrkDefault	B07E	yes	-
1D	B081	brk	$C6,$3B	2	BrkSelector 3B	B084	yes	-
1D	B0C7	brk	$07,$CF	2	BrkDefault	B0CA	yes	-
1D	B0CE	brk	$13,$EB,$08	3	BrkSelector EB	B0D2	yes	-
1D	B0D4	brk	$13,$EB,$10	3	BrkSelector EB	B0D8	yes	-
1D	B0DE	brk	$13,$DB,$EF	3	BrkSelector DB	B0E2	yes	-
1D	B0EB	brk	$2E,$4B	2	BrkSelector 4B	B0EE	yes	-
1D	B0F6	brk	$16,$EB,$08	3	BrkSelector EB	B0FA	yes	-
1D	B126	brk	$17,$EB,$10	3	BrkSelector EB	B12A	yes	-
1D	B12C	brk	$62,$23,$40	3	BrkSelector 23	B130	yes	-
1D	B136	brk	$2B,$73	2	BrkSelector 73	B139	yes	-
1D	B13D	brk	$66,$93,$7B	3	BrkSelector 93	B141	yes	-
1D	B143	brk	$59,$4B	2	BrkSelector 4B	B146	yes	-
1D	B146	brk	$5A,$4B	2	BrkSelector 4B	B149	yes	-
1D	B14C	brk	$59,$4B	2	BrkSelector 4B	B14F	yes	-
1D	B14F	brk	$5B,$4B	2	BrkSelector 4B	B152	yes	-
1D	B152	brk	$EE,$3B	2	BrkSelector 3B	B155	yes	-
1D	B158	brk	$ED,$3B	2	BrkSelector 3B	B15B	yes	-
1D	B15B	brk	$EE,$3B	2	BrkSelector 3B	B15E	yes	-
1D	B19B	brk	$17,$EB,$04	3	BrkSelector EB	B19F	yes	-
1D	B1BE	brk	$0B,$EF	2	BrkDefault	B1C1	yes	-
1D	B1C3	brk	$F0,$3B	2	BrkSelector 3B	B1C6	yes	-
1D	B1C6	brk	$F1,$3B	2	BrkSelector 3B	B1C9	yes	-
1D	B1D1	brk	$19,$CB,$20	3	BrkSelector CB	B1D5	yes	-
1D	B201	brk	$0E,$EB,$10	3	BrkSelector EB	B205	yes	-
1D	B21D	brk	$0E,$DB,$EF	3	BrkSelector DB	B221	yes	-
1D	B239	brk	$0E,$CB,$10	3	BrkSelector CB	B23D	yes	-
1D	B23F	brk	$63,$63,$43	3	BrkSelector 63	B243	yes	-
1D	B2A8	brk	$07,$6F,$43	3	BrkService 16:07	B2AC	yes	-
1D	B2AC	brk	$62,$23,$40	3	BrkSelector 23	B2B0	yes	-
1D	B2B4	brk	$31,$73	2	BrkSelector 73	B2B7	yes	-
1D	B2BC	brk	$AD,$4B	2	BrkSelector 4B	B2BF	yes	-
1D	B2C2	brk	$AE,$4B	2	BrkSelector 4B	B2C5	yes	-
1D	B37C	brk	$82,$FB	2	BrkSelector FB	B37F	yes	-
1D	B390	brk	$31,$EF	2	BrkDefault	B393	yes	-
1D	B396	brk	$19,$5F	2	BrkDefault	B399	yes	-
1D	B399	brk	$82,$FB	2	BrkSelector FB	B39C	yes	-
1D	B39F	brk	$6F,$33	2	BrkSelector 33	B3A2	yes	-
1D	B3A2	brk	$56,$33	2	BrkSelector 33	B3A5	yes	-
1D	B3A7	brk	$2B,$73	2	BrkSelector 73	B3AA	yes	-
1D	B3B9	brk	$42,$73	2	BrkSelector 73	B3BC	yes	-
1D	B3C0	brk	$1E,$CB,$40	3	BrkSelector CB	B3C4	yes	-
1D	B3C6	brk	$4C,$4B	2	BrkSelector 4B	B3C9	yes	-
1D	B3D4	brk	$05,$B7	2	BrkDefault	B3D7	yes	-
1D	B3DD	brk	$40,$4B	2	BrkSelector 4B	B3E0	yes	-
1D	B3E0	brk	$41,$4B	2	BrkSelector 4B	B3E3	yes	-
1D	B439	brk	$49,$4B	2	BrkSelector 4B	B43C	yes	-
1D	B43E	brk	$03,$4F	2	BrkDefault	B441	yes	-
1D	B443	brk	$07,$CF	2	BrkDefault	B446	yes	-
1D	B473	brk	$1A,$CB,$01	3	BrkSelector CB	B477	yes	-
1D	B4BC	brk	$26,$2F	2	BrkDefault	B4BF	yes	-
1D	B4E7	brk	$31,$73	2	BrkSelector 73	B4EA	yes	-
1D	B522	brk	$07,$6F,$43	3	BrkService 16:07	B526	yes	-
1D	B526	brk	$CB,$4B	2	BrkSelector 4B	B529	yes	-
1D	B529	brk	$82,$FB	2	BrkSelector FB	B52C	yes	-
1D	B53D	brk	$31,$EF	2	BrkDefault	B540	yes	-
1D	B557	brk	$62,$23,$40	3	BrkSelector 23	B55B	yes	-
1D	B55F	brk	$2B,$73	2	BrkSelector 73	B562	yes	-
1D	B57F	brk	$44,$93,$07	3	BrkSelector 93	B583	yes	-
1D	B583	brk	$05,$33	2	BrkSelector 33	B586	yes	-
1D	B586	brk	$07,$6F,$43	3	BrkService 16:07	B58A	yes	-
1D	B58A	brk	$3B,$EF	2	BrkDefault	B58D	yes	-
1D	B58D	brk	$62,$4B	2	BrkSelector 4B	B590	yes	-
1D	B593	brk	$07,$6F,$43	3	BrkService 16:07	B597	yes	-
1D	B597	brk	$63,$4B	2	BrkSelector 4B	B59A	yes	-
1D	B5A1	brk	$51,$73	2	BrkSelector 73	B5A4	yes	-
1D	B5C1	brk	$20,$CB,$02	3	BrkSelector CB	B5C5	yes	-
1D	B5CA	brk	$3B,$EF	2	BrkDefault	B5CD	yes	-
1D	B5DA	brk	$07,$CF	2	BrkDefault	B5DD	yes	-
1D	B610	brk	$07,$CF	2	BrkDefault	B613	yes	legacy-address-only
1D	B787	brk	$52,$73	2	BrkSelector 73	B78A	yes	-
1D	B799	brk	$0D,$87	2	BrkDefault	B79C	yes	-
1D	B7A0	brk	$0D,$87	2	BrkDefault	B7A3	yes	-
1D	B7C9	brk	$0A,$6F	2	BrkDefault	B7CC	yes	-
1D	B7D9	brk	$0D,$87	2	BrkDefault	B7DC	yes	-
1D	B7F9	brk	$13,$EB,$80	3	BrkSelector EB	B7FD	yes	-
1D	B7FF	brk	$0B,$EB,$04	3	BrkSelector EB	B803	yes	-
1D	B80C	brk	$0D,$87	2	BrkDefault	B80F	yes	-
1D	B81F	brk	$13,$EB,$40	3	BrkSelector EB	B823	yes	-
1D	B832	brk	$62,$33	2	BrkSelector 33	B835	yes	-
1D	B844	brk	$0D,$87	2	BrkDefault	B847	yes	-
1D	B86D	brk	$62,$23,$40	3	BrkSelector 23	B871	yes	-
1D	B875	brk	$0D,$87	2	BrkDefault	B878	yes	-
1D	B89F	brk	$0D,$87	2	BrkDefault	B8A2	yes	-
1D	B95C	brk	$09,$FB	2	BrkSelector FB	B95F	yes	-
1D	B97C	brk	$07,$CF	2	BrkDefault	B97F	yes	-
1D	BA17	brk	$09,$EF	2	BrkDefault	BA1A	yes	-
1D	BA20	brk	$09,$EF	2	BrkDefault	BA23	yes	-
1E	8090	brk	$27,$0F	2	BrkDefault	8093	yes	causal-resume
1E	8093	brk	$85,$FB	2	BrkSelector FB	8096	yes	causal-resume
1E	8096	brk	$07,$6F,$03	3	BrkService 16:07	809A	yes	causal-resume
1E	8122	brk	$0F,$5F	2	BrkDefault	8125	yes	causal-resume
1E	81CD	brk	$0B,$2F	2	BrkDefault	81D0	yes	causal-resume
1E	81D1	brk	$07,$6F,$07	3	BrkService 16:07	81D5	yes	causal-resume
1E	81D5	brk	$07,$6F,$06	3	BrkService 16:07	81D9	yes	causal-resume
1E	81E1	brk	$07,$6F,$08	3	BrkService 16:07	81E5	yes	causal-resume
1E	81EF	brk	$37,$0F	2	BrkDefault	81F2	yes	causal-resume
1E	81F4	brk	$09,$6F,$0B	3	BrkService 16:09	81F8	yes	causal-resume
1E	81FB	brk	$09,$6F,$52	3	BrkService 16:09	81FF	yes	-
1E	8202	brk	$09,$6F,$09	3	BrkService 16:09	8206	yes	causal-resume
1E	8206	brk	$09,$6F,$0A	3	BrkService 16:09	820A	yes	causal-resume
1E	820D	brk	$2B,$53	2	BrkSelector 53	8210	yes	causal-resume
1E	821A	brk	$3C,$73	2	BrkSelector 73	821D	yes	-
1E	8222	brk	$85,$FB	2	BrkSelector FB	8225	yes	causal-resume
1E	8225	brk	$09,$6F,$0C	3	BrkService 16:09	8229	yes	causal-resume
1E	822C	brk	$2B,$53	2	BrkSelector 53	822F	yes	causal-resume
1E	8236	brk	$09,$6F,$0D	3	BrkService 16:09	823A	yes	causal-resume
1E	8240	brk	$07,$6F,$0E	3	BrkService 16:07	8244	yes	causal-resume
1E	824C	brk	$07,$6F,$11	3	BrkService 16:07	8250	yes	-
1E	8253	brk	$07,$6F,$10	3	BrkService 16:07	8257	yes	causal-resume
1E	8261	brk	$14,$2F	2	BrkDefault	8264	yes	causal-resume
1E	8265	brk	$07,$6F,$17	3	BrkService 16:07	8269	yes	causal-resume
1E	8271	brk	$2B,$73	2	BrkSelector 73	8274	yes	causal-resume
1E	8278	brk	$07,$6F,$50	3	BrkService 16:07	827C	yes	-
1E	827C	brk	$FB,$3B	2	BrkSelector 3B	827F	yes	-
1E	8282	brk	$07,$6F,$FD	3	BrkService 16:07	8286	yes	causal-resume
1E	8286	brk	$09,$6F,$19	3	BrkService 16:09	828A	yes	causal-resume
1E	828A	brk	$09,$6F,$1D	3	BrkService 16:09	828E	yes	causal-resume
1E	8298	brk	$33,$73	2	BrkSelector 73	829B	yes	causal-resume
1E	82A8	brk	$09,$6F,$19	3	BrkService 16:09	82AC	yes	causal-resume
1E	82AC	brk	$09,$6F,$1C	3	BrkService 16:09	82B0	yes	causal-resume
1E	82B7	brk	$34,$73	2	BrkSelector 73	82BA	yes	causal-resume
1E	82C7	brk	$09,$6F,$19	3	BrkService 16:09	82CB	yes	causal-resume
1E	82CB	brk	$09,$6F,$1B	3	BrkService 16:09	82CF	yes	causal-resume
1E	82D6	brk	$35,$73	2	BrkSelector 73	82D9	yes	causal-resume
1E	82E6	brk	$09,$6F,$19	3	BrkService 16:09	82EA	yes	causal-resume
1E	82EA	brk	$09,$6F,$1A	3	BrkService 16:09	82EE	yes	causal-resume
1E	82F5	brk	$36,$73	2	BrkSelector 73	82F8	yes	causal-resume
1E	8311	brk	$12,$FB	2	BrkSelector FB	8314	yes	-
1E	8314	brk	$07,$6F,$50	3	BrkService 16:07	8318	yes	-
1E	8321	brk	$04,$6F	2	BrkService 16:04	8324	yes	-
1E	8324	brk	$07,$9F	2	BrkService 19:07	8327	yes	-
1E	8327	brk	$09,$9F	2	BrkService 19:09	832A	yes	-
1E	8336	brk	$07,$6F,$50	3	BrkService 16:07	833A	yes	-
1E	833A	brk	$5D,$3B	2	BrkSelector 3B	833D	yes	-
1E	835D	brk	$12,$87	2	BrkDefault	8360	yes	-
1E	837C	brk	$90,$FB	2	BrkSelector FB	837F	yes	-
1E	8389	brk	$A9,$FB	2	BrkSelector FB	838C	yes	-
1E	838E	brk	$03,$BF	2	BrkDefault	8391	yes	-
1E	83D3	brk	$90,$FB	2	BrkSelector FB	83D6	yes	-
1E	83FE	brk	$07,$6F,$1E	3	BrkService 16:07	8402	yes	causal-resume
1E	8413	brk	$07,$6F,$26	3	BrkService 16:07	8417	yes	-
1E	8417	brk	$07,$6F,$21	3	BrkService 16:07	841B	yes	-
1E	8430	brk	$07,$6F,$25	3	BrkService 16:07	8434	yes	-
1E	8434	brk	$07,$6F,$21	3	BrkService 16:07	8438	yes	-
1E	844A	brk	$07,$6F,$24	3	BrkService 16:07	844E	yes	-
1E	844E	brk	$07,$6F,$21	3	BrkService 16:07	8452	yes	-
1E	8464	brk	$07,$6F,$23	3	BrkService 16:07	8468	yes	-
1E	8468	brk	$07,$6F,$21	3	BrkService 16:07	846C	yes	-
1E	8473	brk	$07,$6F,$22	3	BrkService 16:07	8477	yes	-
1E	8477	brk	$5E,$33	2	BrkSelector 33	847A	yes	-
1E	848E	brk	$0E,$DB,$EF	3	BrkSelector DB	8492	yes	-
1E	8497	brk	$27,$0F	2	BrkDefault	849A	yes	-
1E	849A	brk	$09,$9F	2	BrkService 19:09	849D	yes	-
1E	84A3	brk	$07,$6F,$29	3	BrkService 16:07	84A7	yes	causal-resume
1E	84A7	brk	$07,$6F,$27	3	BrkService 16:07	84AB	yes	causal-resume
1E	84AF	brk	$4E,$73	2	BrkSelector 73	84B2	yes	causal-resume
1E	84B2	brk	$07,$6F,$29	3	BrkService 16:07	84B6	yes	causal-resume
1E	84D6	brk	$01,$6F,$FE	3	BrkService 16:01	84DA	yes	-
1E	84DB	brk	$5D,$33	2	BrkSelector 33	84DE	yes	-
1E	84E7	brk	$62,$33	2	BrkSelector 33	84EA	yes	-
1E	84EB	brk	$62,$23,$40	3	BrkSelector 23	84EF	yes	-
1E	84F0	brk	$58,$33	2	BrkSelector 33	84F3	yes	-
1E	8504	brk	$62,$23,$40	3	BrkSelector 23	8508	yes	-
1E	8577	brk	$5A,$33	2	BrkSelector 33	857A	yes	-
1E	8584	brk	$09,$9F	2	BrkService 19:09	8587	yes	-
1E	8676	brk	$93,$FB	2	BrkSelector FB	8679	yes	-
1E	86AD	brk	$2C,$2F	2	BrkDefault	86B0	yes	-
1E	86B3	brk	$01,$87	2	BrkDefault	86B6	yes	-
1E	8740	brk	$A1,$FB	2	BrkSelector FB	8743	yes	-
1E	8746	brk	$0C,$BF	2	BrkDefault	8749	yes	-
1E	874E	brk	$02,$87	2	BrkDefault	8751	yes	-
1E	8757	brk	$11,$87	2	BrkDefault	875A	yes	-
1E	875D	brk	$00,$CF	2	BrkDefault	8760	yes	-
1E	8760	brk	$08,$CF	2	BrkDefault	8763	yes	-
1E	8766	brk	$03,$CF	2	BrkDefault	8769	yes	-
1E	8777	brk	$00,$E7	2	BrkDefault	877A	yes	-
1E	877A	brk	$07,$87	2	BrkDefault	877D	yes	-
1E	878C	brk	$03,$CF	2	BrkDefault	878F	yes	-
1E	88D3	brk	$A3,$FB	2	BrkSelector FB	88D6	yes	-
1E	8B15	brk	$92,$FB	2	BrkSelector FB	8B18	yes	-
1E	8B1E	brk	$A5,$FB	2	BrkSelector FB	8B21	yes	-
1E	8D24	brk	$0A,$6F	2	BrkDefault	8D27	yes	-
1E	8D38	brk	$0A,$6F	2	BrkDefault	8D3B	yes	-
1E	8D64	brk	$95,$FB	2	BrkSelector FB	8D67	yes	-
1E	8D8F	brk	$09,$EF	2	BrkDefault	8D92	yes	-
1E	8DE6	brk	$16,$CB,$40	3	BrkSelector CB	8DEA	yes	-
1E	8E22	brk	$16,$DB,$BF	3	BrkSelector DB	8E26	yes	-
1E	8EC8	brk	$08,$87	2	BrkDefault	8ECB	yes	-
1E	8ED8	brk	$0E,$BF	2	BrkDefault	8EDB	yes	legacy-address-only
1E	8EE6	brk	$56,$33	2	BrkSelector 33	8EE9	yes	legacy-address-only
1E	8EFA	brk	$02,$BF	2	BrkDefault	8EFD	yes	causal-resume
1E	8EFF	brk	$09,$9F	2	BrkService 19:09	8F02	yes	causal-resume
1E	8F3B	brk	$A9,$FB	2	BrkSelector FB	8F3E	yes	legacy-address-only
1E	8F48	brk	$03,$BF	2	BrkDefault	8F4B	yes	legacy-address-only
1E	8F4B	brk	$0A,$6F	2	BrkDefault	8F4E	yes	legacy-address-only
1E	8FAC	brk	$2B,$73	2	BrkSelector 73	8FAF	yes	-
1E	8FBD	brk	$5E,$73	2	BrkSelector 73	8FC0	yes	-
1E	8FC5	brk	$0D,$87	2	BrkDefault	8FC8	yes	-
1E	8FCD	brk	$0D,$87	2	BrkDefault	8FD0	yes	-
1E	8FDB	brk	$0D,$87	2	BrkDefault	8FDE	yes	-
1E	8FE7	brk	$12,$2F	2	BrkDefault	8FEA	yes	-
1E	901E	brk	$2B,$73	2	BrkSelector 73	9021	yes	-
1E	9029	brk	$2B,$73	2	BrkSelector 73	902C	yes	-
1E	904A	brk	$2B,$73	2	BrkSelector 73	904D	yes	-
1E	906E	brk	$0F,$EB,$08	3	BrkSelector EB	9072	yes	causal-resume
1E	909F	brk	$11,$87	2	BrkDefault	90A2	yes	causal-resume
1E	90E5	brk	$00,$CF	2	BrkDefault	90E8	yes	causal-resume
1E	90EB	brk	$08,$CF	2	BrkDefault	90EE	yes	causal-resume
1E	9100	brk	$06,$87	2	BrkDefault	9103	yes	causal-resume
1E	9105	brk	$82,$FB	2	BrkSelector FB	9108	yes	causal-resume
1E	910B	brk	$0A,$87	2	BrkDefault	910E	yes	causal-resume
1E	911B	brk	$56,$33	2	BrkSelector 33	911E	yes	-
1E	912C	brk	$09,$9F	2	BrkService 19:09	912F	yes	causal-resume
1E	914E	brk	$0E,$BF	2	BrkDefault	9151	yes	-
1E	918C	brk	$82,$FB	2	BrkSelector FB	918F	yes	-
1E	9289	brk	$57,$33	2	BrkSelector 33	928C	yes	-
1E	9297	brk	$82,$FB	2	BrkSelector FB	929A	yes	-
1E	929D	brk	$09,$87	2	BrkDefault	92A0	yes	-
1E	92A4	brk	$0E,$BF	2	BrkDefault	92A7	yes	-
1E	92AE	brk	$04,$9F	2	BrkService 19:04	92B1	yes	-
1E	92F0	brk	$57,$33	2	BrkSelector 33	92F3	yes	causal-resume
1E	930B	brk	$00,$CF	2	BrkDefault	930E	yes	causal-resume
1E	9311	brk	$10,$5F	2	BrkDefault	9314	yes	causal-resume
1E	931C	brk	$1F,$DB,$7F	3	BrkSelector DB	9320	yes	causal-resume
1E	9453	brk	$02,$87	2	BrkDefault	9456	yes	causal-resume
1E	9481	brk	$09,$9F	2	BrkService 19:09	9484	yes	causal-resume
1E	94A4	brk	$13,$EB,$40	3	BrkSelector EB	94A8	yes	-
1E	94B3	brk	$63,$73	2	BrkSelector 73	94B6	yes	-
1E	94B7	brk	$46,$93,$07	3	BrkSelector 93	94BB	yes	-
1E	94C0	brk	$79,$3B	2	BrkSelector 3B	94C3	yes	-
1E	94C6	brk	$0B,$EB,$04	3	BrkSelector EB	94CA	yes	-
1E	94D0	brk	$0D,$87	2	BrkDefault	94D3	yes	-
1E	94E5	brk	$63,$73	2	BrkSelector 73	94E8	yes	-
1E	94E9	brk	$46,$93,$07	3	BrkSelector 93	94ED	yes	-
1E	94F2	brk	$78,$3B	2	BrkSelector 3B	94F5	yes	-
1E	9501	brk	$1A,$EB,$04	3	BrkSelector EB	9505	yes	-
1E	950F	brk	$21,$4B	2	BrkSelector 4B	9512	yes	-
1E	9512	brk	$22,$4B	2	BrkSelector 4B	9515	yes	-
1E	951C	brk	$1D,$EB,$20	3	BrkSelector EB	9520	yes	causal-resume
1E	9529	brk	$1E,$DB,$00	3	BrkSelector DB	952D	yes	-
1E	952E	brk	$6F,$33	2	BrkSelector 33	9531	yes	-
1E	9533	brk	$52,$73	2	BrkSelector 73	9536	yes	-
1E	9537	brk	$26,$2F	2	BrkDefault	953A	yes	-
1E	953C	brk	$5F,$73	2	BrkSelector 73	953F	yes	-
1E	9540	brk	$17,$EB,$08	3	BrkSelector EB	9544	yes	causal-resume
1E	9546	brk	$17,$EB,$01	3	BrkSelector EB	954A	yes	causal-resume
1E	954C	brk	$26,$EB,$10	3	BrkSelector EB	9550	yes	causal-resume
1E	9555	brk	$AF,$4B	2	BrkSelector 4B	9558	yes	-
1E	955F	brk	$13,$DB,$BF	3	BrkSelector DB	9563	yes	-
1E	9567	brk	$13,$DB,$7F	3	BrkSelector DB	956B	yes	-
1E	956F	brk	$20,$DB,$7F	3	BrkSelector DB	9573	yes	-
1E	9575	brk	$63,$73	2	BrkSelector 73	9578	yes	-
1E	9579	brk	$51,$73	2	BrkSelector 73	957C	yes	-
1E	9582	brk	$26,$CB,$10	3	BrkSelector CB	9586	yes	-
1E	95A0	brk	$82,$FB	2	BrkSelector FB	95A3	yes	-
1E	95A3	brk	$04,$9F	2	BrkService 19:04	95A6	yes	-
1E	95DE	brk	$62,$23,$40	3	BrkSelector 23	95E2	yes	causal-resume
1E	9650	brk	$0B,$87	2	BrkDefault	9653	yes	causal-resume
1E	9658	brk	$0B,$87	2	BrkDefault	965B	yes	causal-resume
1E	9660	brk	$0B,$87	2	BrkDefault	9663	yes	causal-resume
1E	9668	brk	$0B,$87	2	BrkDefault	966B	yes	causal-resume
1E	9695	brk	$2B,$73	2	BrkSelector 73	9698	yes	causal-resume
1E	96AE	brk	$29,$73	2	BrkSelector 73	96B1	yes	causal-resume
1E	9768	brk	$13,$EB,$01	3	BrkSelector EB	976C	yes	causal-resume
1E	9777	brk	$13,$EB,$02	3	BrkSelector EB	977B	yes	causal-resume
1E	9799	brk	$03,$87	2	BrkDefault	979C	yes	causal-resume
1E	97A3	brk	$04,$87	2	BrkDefault	97A6	yes	causal-resume
1E	97C5	brk	$0D,$87	2	BrkDefault	97C8	yes	causal-resume
1E	97D2	brk	$0D,$87	2	BrkDefault	97D5	yes	causal-resume
1E	97DF	brk	$0D,$87	2	BrkDefault	97E2	yes	causal-resume
1E	97EC	brk	$0D,$87	2	BrkDefault	97EF	yes	causal-resume
1E	97EF	brk	$0A,$6F	2	BrkDefault	97F2	yes	causal-resume
1E	9846	brk	$07,$6F,$43	3	BrkService 16:07	984A	yes	-
1E	9863	brk	$0D,$CB,$80	3	BrkSelector CB	9867	yes	-
1E	9876	brk	$0D,$DB,$7F	3	BrkSelector DB	987A	yes	-
1E	9891	brk	$0D,$87	2	BrkDefault	9894	yes	-
1E	9898	brk	$0D,$87	2	BrkDefault	989B	yes	-
1E	9918	brk	$0E,$DB,$EF	3	BrkSelector DB	991C	yes	-
1E	9929	brk	$45,$73	2	BrkSelector 73	992C	yes	-
1E	9AAB	brk	$84,$FB	2	BrkSelector FB	9AAE	yes	-
1E	9AB1	brk	$81,$FB	2	BrkSelector FB	9AB4	yes	-
1E	9ABD	brk	$00,$E7	2	BrkDefault	9AC0	yes	-
1E	9AC0	brk	$27,$0F	2	BrkDefault	9AC3	yes	-
1E	9B56	brk	$0D,$87	2	BrkDefault	9B59	yes	-
1E	9B6B	brk	$27,$0F	2	BrkDefault	9B6E	yes	-
1E	9B7B	brk	$5D,$33	2	BrkSelector 33	9B7E	yes	-
1E	9B8E	brk	$62,$23,$0B	3	BrkSelector 23	9B92	yes	-
1E	9BA0	brk	$1B,$0B	2	BrkSelector 0B	9BA3	yes	-
1E	9BB1	brk	$27,$0F	2	BrkDefault	9BB4	yes	-
1E	9BB4	brk	$62,$33	2	BrkSelector 33	9BB7	yes	-
1E	9BC2	brk	$5D,$33	2	BrkSelector 33	9BC5	yes	-
1E	9BCE	brk	$62,$23,$40	3	BrkSelector 23	9BD2	yes	-
1E	9BD8	brk	$26,$2F	2	BrkDefault	9BDB	yes	-
1E	9BE3	brk	$2D,$0F	2	BrkDefault	9BE6	yes	-
1E	9BF4	brk	$84,$0B	2	BrkSelector 0B	9BF7	yes	-
1E	9BFE	brk	$1B,$0B	2	BrkSelector 0B	9C01	yes	-
1E	9C01	brk	$80,$FB	2	BrkSelector FB	9C04	yes	-
1E	9C04	brk	$0E,$FB	2	BrkSelector FB	9C07	yes	-
1E	9CF1	brk	$03,$EF	2	BrkDefault	9CF4	yes	-
1E	9D35	brk	$52,$73	2	BrkSelector 73	9D38	yes	-
1E	9D3A	brk	$52,$73	2	BrkSelector 73	9D3D	yes	-
1E	9D54	brk	$06,$DF	2	BrkDefault	9D57	yes	-
1E	9D6E	brk	$06,$DF	2	BrkDefault	9D71	yes	-
1E	9D74	brk	$0A,$3B	2	BrkSelector 3B	9D77	yes	-
1E	9E2F	brk	$0A,$6F	2	BrkDefault	9E32	yes	-
1E	9E47	brk	$62,$33	2	BrkSelector 33	9E4A	yes	-
1E	9E4E	brk	$2B,$73	2	BrkSelector 73	9E51	yes	-
1E	9E60	brk	$2D,$0F	2	BrkDefault	9E63	yes	-
1E	9E7C	brk	$26,$2F	2	BrkDefault	9E7F	yes	-
1E	9E88	brk	$2D,$0F	2	BrkDefault	9E8B	yes	-
1E	9F05	brk	$0B,$6F	2	BrkDefault	9F08	yes	legacy-address-only
1E	9F51	brk	$02,$87	2	BrkDefault	9F54	yes	causal-resume
1E	A0AD	brk	$04,$BF	2	BrkDefault	A0B0	yes	causal-resume
1E	A1ED	brk	$02,$87	2	BrkDefault	A1F0	yes	causal-resume
1E	A1F0	brk	$03,$DF	2	BrkDefault	A1F3	yes	causal-resume
1E	A1F6	brk	$11,$87	2	BrkDefault	A1F9	yes	causal-resume
1E	A1FD	brk	$02,$CF	2	BrkDefault	A200	yes	causal-resume
1E	A21A	brk	$07,$87	2	BrkDefault	A21D	yes	causal-resume
1E	A237	brk	$62,$23,$40	3	BrkSelector 23	A23B	yes	causal-resume
1E	A23D	brk	$62,$23,$43	3	BrkSelector 23	A241	yes	causal-resume
1E	A243	brk	$62,$23,$48	3	BrkSelector 23	A247	yes	causal-resume
1E	A249	brk	$62,$23,$4B	3	BrkSelector 23	A24D	yes	causal-resume
1E	A283	brk	$27,$0F	2	BrkDefault	A286	yes	-
1E	A28C	brk	$28,$0F	2	BrkDefault	A28F	yes	causal-resume
1E	A2D4	brk	$01,$E7	2	BrkDefault	A2D7	yes	causal-resume
1E	A354	brk	$16,$CB,$80	3	BrkSelector CB	A358	yes	causal-resume
1E	A358	brk	$26,$0F	2	BrkDefault	A35B	yes	causal-resume
1E	A362	brk	$08,$8F	2	BrkDefault	A365	yes	-
1E	A372	brk	$0D,$BF	2	BrkDefault	A375	yes	causal-resume
1E	A375	brk	$17,$2F	2	BrkDefault	A378	yes	causal-resume
1E	A396	brk	$03,$9F	2	BrkService 19:03	A399	yes	causal-resume
1E	A399	brk	$0D,$CB,$40	3	BrkSelector CB	A39D	yes	causal-resume
1E	A3A7	brk	$6F,$33	2	BrkSelector 33	A3AA	yes	-
1E	A3AA	brk	$56,$33	2	BrkSelector 33	A3AD	yes	-
1E	A3AD	brk	$0D,$CB,$40	3	BrkSelector CB	A3B1	yes	-
1E	A3B1	brk	$16,$CB,$40	3	BrkSelector CB	A3B5	yes	-
1E	A3C0	brk	$01,$87	2	BrkDefault	A3C3	yes	causal-resume
1E	A3C3	brk	$26,$0F	2	BrkDefault	A3C6	yes	causal-resume
1E	A3CF	brk	$09,$9F	2	BrkService 19:09	A3D2	yes	causal-resume
1E	A3D8	brk	$10,$DB,$00	3	BrkSelector DB	A3DC	yes	causal-resume
1E	A3EA	brk	$07,$6F,$43	3	BrkService 16:07	A3EE	yes	-
1E	A3F1	brk	$04,$6F	2	BrkService 16:04	A3F4	yes	-
1E	A3F4	brk	$0A,$EB,$20	3	BrkSelector EB	A3F8	yes	-
1E	A3FC	brk	$0F,$EB,$04	3	BrkSelector EB	A400	yes	-
1E	A404	brk	$16,$EB,$40	3	BrkSelector EB	A408	yes	-
1E	A40A	brk	$16,$DB,$BF	3	BrkSelector DB	A40E	yes	-
1E	A40E	brk	$0D,$DB,$BF	3	BrkSelector DB	A412	yes	-
1E	A412	brk	$16,$5F	2	BrkDefault	A415	yes	-
1E	A41B	brk	$0D,$DB,$BF	3	BrkSelector DB	A41F	yes	causal-resume
1E	A420	brk	$0A,$DB,$DF	3	BrkSelector DB	A424	yes	-
1E	A429	brk	$0D,$3B	2	BrkSelector 3B	A42C	yes	-
1E	A431	brk	$0E,$3B	2	BrkSelector 3B	A434	yes	-
1E	A439	brk	$0F,$3B	2	BrkSelector 3B	A43C	yes	-
1E	A441	brk	$10,$3B	2	BrkSelector 3B	A444	yes	-
1E	A453	brk	$0F,$DB,$FB	3	BrkSelector DB	A457	yes	-
1E	A457	brk	$0F,$CB,$02	3	BrkSelector CB	A45B	yes	-
1E	A468	brk	$07,$87	2	BrkDefault	A46B	yes	causal-resume
1E	A4AC	brk	$07,$DB,$00	3	BrkSelector DB	A4B0	yes	causal-resume
1E	A4D8	brk	$07,$6F,$43	3	BrkService 16:07	A4DC	yes	causal-resume
1E	A4E4	brk	$11,$3B	2	BrkSelector 3B	A4E7	yes	causal-resume
1E	A50E	brk	$0D,$87	2	BrkDefault	A511	yes	causal-resume
1E	A525	brk	$0D,$87	2	BrkDefault	A528	yes	causal-resume
1E	A528	brk	$0A,$6F	2	BrkDefault	A52B	yes	causal-resume
1E	A54F	brk	$07,$6F,$43	3	BrkService 16:07	A553	yes	causal-resume
1E	A560	brk	$04,$6F	2	BrkService 16:04	A563	yes	causal-resume
1E	A595	brk	$09,$87	2	BrkDefault	A598	yes	causal-resume
1E	A5EC	brk	$64,$33	2	BrkSelector 33	A5EF	yes	causal-resume
1E	A620	brk	$0D,$EB,$40	3	BrkSelector EB	A624	yes	causal-resume
1E	A626	brk	$11,$2F	2	BrkDefault	A629	yes	-
1E	A629	brk	$6F,$33	2	BrkSelector 33	A62C	yes	-
1E	A62C	brk	$54,$33	2	BrkSelector 33	A62F	yes	-
1E	A62F	brk	$0A,$EB,$20	3	BrkSelector EB	A633	yes	-
1E	A635	brk	$0F,$EB,$04	3	BrkSelector EB	A639	yes	-
1E	A654	brk	$04,$9F	2	BrkService 19:04	A657	yes	-
1E	A673	brk	$12,$2F	2	BrkDefault	A676	yes	-
1E	A67B	brk	$0D,$CB,$80	3	BrkSelector CB	A67F	yes	-
1E	A6FF	brk	$1A,$EB,$01	3	BrkSelector EB	A703	yes	-
1E	A715	brk	$09,$87	2	BrkDefault	A718	yes	-
1E	A738	brk	$01,$87	2	BrkDefault	A73B	yes	-
1E	A73B	brk	$56,$33	2	BrkSelector 33	A73E	yes	-
1E	AB12	brk	$0B,$EB,$04	3	BrkSelector EB	AB16	yes	causal-resume
1E	AB18	brk	$0E,$EB,$08	3	BrkSelector EB	AB1C	yes	-
1E	AB42	brk	$0B,$EB,$04	3	BrkSelector EB	AB46	yes	-
1E	AB48	brk	$0E,$EB,$08	3	BrkSelector EB	AB4C	yes	-
1E	AD9B	brk	$06,$DB,$F7	3	BrkSelector DB	AD9F	yes	causal-resume
1E	AD9F	brk	$05,$DB,$BF	3	BrkSelector DB	ADA3	yes	causal-resume
1E	ADB0	brk	$92,$FB	2	BrkSelector FB	ADB3	yes	-
1E	ADC1	brk	$01,$87	2	BrkDefault	ADC4	yes	-
1E	ADE7	brk	$07,$87	2	BrkDefault	ADEA	yes	-
1E	AE01	brk	$0C,$BF	2	BrkDefault	AE04	yes	-
1E	AE13	brk	$07,$87	2	BrkDefault	AE16	yes	-
1E	AE21	brk	$47,$73	2	BrkSelector 73	AE24	yes	causal-resume
1E	AE4F	brk	$57,$33	2	BrkSelector 33	AE52	yes	causal-resume
1E	AE90	brk	$6F,$33	2	BrkSelector 33	AE93	yes	causal-resume
1E	AE93	brk	$54,$33	2	BrkSelector 33	AE96	yes	causal-resume
1E	AEBB	brk	$6F,$33	2	BrkSelector 33	AEBE	yes	-
1E	AEC8	brk	$0E,$BF	2	BrkDefault	AECB	yes	causal-resume
1E	AEE5	brk	$92,$FB	2	BrkSelector FB	AEE8	yes	causal-resume
1E	AEF3	brk	$0F,$87	2	BrkDefault	AEF6	yes	causal-resume
1E	B011	brk	$82,$FB	2	BrkSelector FB	B014	yes	-
1E	B027	brk	$54,$33	2	BrkSelector 33	B02A	yes	-
1E	B05B	brk	$17,$0F	2	BrkDefault	B05E	yes	-
1E	B063	brk	$17,$0F	2	BrkDefault	B066	yes	-
1E	B0B0	brk	$07,$6F,$43	3	BrkService 16:07	B0B4	yes	-
1E	B0B4	brk	$EF,$3B	2	BrkSelector 3B	B0B7	yes	-
1E	B0B7	brk	$2C,$FB	2	BrkSelector FB	B0BA	yes	-
1E	B0BA	brk	$07,$9F	2	BrkService 19:07	B0BD	yes	-
1E	B0BD	brk	$09,$9F	2	BrkService 19:09	B0C0	yes	-
1E	B0C0	brk	$28,$4B	2	BrkSelector 4B	B0C3	yes	-
1E	B0D3	brk	$0D,$87	2	BrkDefault	B0D6	yes	-
1E	B0D6	brk	$0A,$6F	2	BrkDefault	B0D9	yes	-
1E	B0F3	brk	$0A,$6F	2	BrkDefault	B0F6	yes	-
1E	B0F6	brk	$2F,$4B	2	BrkSelector 4B	B0F9	yes	-
1E	B0F9	brk	$62,$23,$40	3	BrkSelector 23	B0FD	yes	-
1E	B103	brk	$2B,$73	2	BrkSelector 73	B106	yes	-
1E	B10A	brk	$5E,$4B	2	BrkSelector 4B	B10D	yes	-
1E	B117	brk	$0A,$6F	2	BrkDefault	B11A	yes	-
1E	B11A	brk	$5F,$4B	2	BrkSelector 4B	B11D	yes	-
1E	B11D	brk	$16,$CB,$08	3	BrkSelector CB	B121	yes	-
1E	B126	brk	$5C,$4B	2	BrkSelector 4B	B129	yes	-
1E	B133	brk	$0A,$6F	2	BrkDefault	B136	yes	-
1E	B13B	brk	$30,$4B	2	BrkSelector 4B	B13E	yes	-
1E	B13E	brk	$5D,$4B	2	BrkSelector 4B	B141	yes	-
1E	B143	brk	$07,$CF	2	BrkDefault	B146	yes	-
1E	B248	brk	$26,$0F	2	BrkDefault	B24B	yes	-
1E	B2A6	brk	$62,$23,$40	3	BrkSelector 23	B2AA	yes	causal-resume
1E	B2AC	brk	$07,$6F,$50	3	BrkService 16:07	B2B0	yes	-
1E	B2B0	brk	$C5,$2B	2	BrkSelector 2B	B2B3	yes	-
1E	B2B6	brk	$07,$6F,$FF	3	BrkService 16:07	B2BA	yes	-
1E	B2CF	brk	$07,$6F,$43	3	BrkService 16:07	B2D3	yes	-
1E	B2D3	brk	$61,$3B	2	BrkSelector 3B	B2D6	yes	-
1E	B2E9	brk	$07,$6F,$43	3	BrkService 16:07	B2ED	yes	-
1E	B2ED	brk	$60,$3B	2	BrkSelector 3B	B2F0	yes	-
1E	B2FB	brk	$07,$6F,$43	3	BrkService 16:07	B2FF	yes	causal-resume
1E	B308	brk	$5E,$3B	2	BrkSelector 3B	B30B	yes	causal-resume
1E	B30E	brk	$F2,$3B	2	BrkSelector 3B	B311	yes	-
1E	B31A	brk	$EC,$3B	2	BrkSelector 3B	B31D	yes	-
1E	B38A	brk	$63,$63,$03	3	BrkSelector 63	B38E	yes	-
1E	B3A5	brk	$07,$6F,$50	3	BrkService 16:07	B3A9	yes	-
1E	B3A9	brk	$A5,$3B	2	BrkSelector 3B	B3AC	yes	-
1E	B3BC	brk	$66,$73	2	BrkSelector 73	B3BF	yes	-
1E	B3FE	brk	$07,$6F,$43	3	BrkService 16:07	B402	yes	-
1E	B423	brk	$A7,$2B	2	BrkSelector 2B	B426	yes	-
1E	B42A	brk	$3A,$0F	2	BrkDefault	B42D	yes	-
1E	B43F	brk	$98,$2B	2	BrkSelector 2B	B442	yes	-
1E	B442	brk	$C6,$4B	2	BrkSelector 4B	B445	yes	-
1E	B452	brk	$C9,$1B	2	BrkSelector 1B	B455	yes	-
1E	B4A2	brk	$4B,$33	2	BrkSelector 33	B4A5	yes	-
1E	B4A5	brk	$62,$33	2	BrkSelector 33	B4A8	yes	-
1E	B4AC	brk	$B9,$3B	2	BrkSelector 3B	B4AF	yes	-
1E	B4B1	brk	$BA,$3B	2	BrkSelector 3B	B4B4	yes	-
1E	B4B6	brk	$A7,$2B	2	BrkSelector 2B	B4B9	yes	-
1E	B4CE	brk	$97,$2B	2	BrkSelector 2B	B4D1	yes	-
1E	B4D3	brk	$A7,$2B	2	BrkSelector 2B	B4D6	yes	-
1E	B4D6	brk	$A6,$2B	2	BrkSelector 2B	B4D9	yes	-
1E	B523	brk	$A7,$2B	2	BrkSelector 2B	B526	yes	-
1E	B529	brk	$A8,$2B	2	BrkSelector 2B	B52C	yes	-
1E	B578	brk	$A7,$2B	2	BrkSelector 2B	B57B	yes	-
1E	B59F	brk	$A7,$2B	2	BrkSelector 2B	B5A2	yes	-
1E	B5AF	brk	$98,$2B	2	BrkSelector 2B	B5B2	yes	-
1E	B5B2	brk	$65,$23,$09	3	BrkSelector 23	B5B6	yes	-
1E	B5BA	brk	$65,$23,$08	3	BrkSelector 23	B5BE	yes	-
1E	B5C4	brk	$2E,$0F	2	BrkDefault	B5C7	yes	-
1E	B5D3	brk	$2E,$73	2	BrkSelector 73	B5D6	yes	-
1E	B5D8	brk	$46,$73	2	BrkSelector 73	B5DB	yes	-
1E	B5DF	brk	$46,$73	2	BrkSelector 73	B5E2	yes	-
1E	B600	brk	$04,$6F	2	BrkService 16:04	B603	yes	-
1E	B603	brk	$02,$B7	2	BrkDefault	B606	yes	-
1E	B608	brk	$62,$33	2	BrkSelector 33	B60B	yes	-
1E	B613	brk	$9B,$2B	2	BrkSelector 2B	B616	yes	-
1E	B61E	brk	$9C,$2B	2	BrkSelector 2B	B621	yes	-
1E	B621	brk	$9D,$2B	2	BrkSelector 2B	B624	yes	-
1E	B624	brk	$07,$6F,$48	3	BrkService 16:07	B628	yes	-
1E	B62A	brk	$62,$23,$08	3	BrkSelector 23	B62E	yes	-
1E	B632	brk	$9E,$2B	2	BrkSelector 2B	B635	yes	-
1E	B635	brk	$07,$6F,$4F	3	BrkService 16:07	B639	yes	-
1E	B63F	brk	$2B,$33	2	BrkSelector 33	B642	yes	-
1E	B64A	brk	$AA,$2B	2	BrkSelector 2B	B64D	yes	-
1E	B650	brk	$D2,$2B	2	BrkSelector 2B	B653	yes	-
1E	B659	brk	$2D,$0F	2	BrkDefault	B65C	yes	-
1E	B662	brk	$9F,$2B	2	BrkSelector 2B	B665	yes	-
1E	B667	brk	$01,$6F,$4A	3	BrkService 16:01	B66B	yes	-
1E	B66F	brk	$62,$23,$08	3	BrkSelector 23	B673	yes	-
1E	B687	brk	$62,$33	2	BrkSelector 33	B68A	yes	-
1E	B692	brk	$A1,$2B	2	BrkSelector 2B	B695	yes	-
1E	B69C	brk	$A2,$2B	2	BrkSelector 2B	B69F	yes	-
1E	B6A3	brk	$2C,$33	2	BrkSelector 33	B6A6	yes	-
1E	B6A6	brk	$0E,$0F	2	BrkDefault	B6A9	yes	-
1E	B6AB	brk	$D2,$2B	2	BrkSelector 2B	B6AE	yes	-
1E	B6B1	brk	$0C,$0F	2	BrkDefault	B6B4	yes	-
1E	B6BA	brk	$12,$FB	2	BrkSelector FB	B6BD	yes	-
1E	B6BD	brk	$DC,$2B	2	BrkSelector 2B	B6C0	yes	-
1E	B6C0	brk	$07,$9F	2	BrkService 19:07	B6C3	yes	-
1E	B6C3	brk	$09,$9F	2	BrkService 19:09	B6C6	yes	-
1E	B6CD	brk	$30,$33	2	BrkSelector 33	B6D0	yes	-
1E	B6D5	brk	$2E,$33	2	BrkSelector 33	B6D8	yes	-
1E	B6DC	brk	$46,$33	2	BrkSelector 33	B6DF	yes	-
1E	B6F8	brk	$46,$33	2	BrkSelector 33	B6FB	yes	-
1E	B728	brk	$2D,$0F	2	BrkDefault	B72B	yes	causal-resume
1E	B72E	brk	$13,$87	2	BrkDefault	B731	yes	-
1E	B7D0	brk	$8F,$FB	2	BrkSelector FB	B7D3	yes	-
1E	B825	brk	$02,$CB,$08	3	BrkSelector CB	B829	yes	-
1E	B830	brk	$A7,$2B	2	BrkSelector 2B	B833	yes	-
1E	B833	brk	$96,$2B	2	BrkSelector 2B	B836	yes	-
1E	B836	brk	$07,$6F,$48	3	BrkService 16:07	B83A	yes	-
1E	B83C	brk	$02,$DB,$F7	3	BrkSelector DB	B840	yes	-
1E	B854	brk	$66,$33	2	BrkSelector 33	B857	yes	-
1E	B85B	brk	$31,$33	2	BrkSelector 33	B85E	yes	-
1E	B860	brk	$30,$33	2	BrkSelector 33	B863	yes	-
1E	B863	brk	$7B,$3B	2	BrkSelector 3B	B866	yes	-
1E	B868	brk	$99,$2B	2	BrkSelector 2B	B86B	yes	-
1E	B86F	brk	$9A,$2B	2	BrkSelector 2B	B872	yes	-
1E	B874	brk	$01,$8F	2	BrkDefault	B877	yes	-
1E	B880	brk	$02,$EB,$04	3	BrkSelector EB	B884	yes	-
1E	B893	brk	$95,$2B	2	BrkSelector 2B	B896	yes	-
1E	B896	brk	$07,$6F,$48	3	BrkService 16:07	B89A	yes	-
1E	B89C	brk	$7A,$3B	2	BrkSelector 3B	B89F	yes	-
1E	B8C0	brk	$08,$3B	2	BrkSelector 3B	B8C3	yes	-
1E	B8C3	brk	$07,$6F,$48	3	BrkService 16:07	B8C7	yes	-
1E	B8CC	brk	$04,$CB,$02	3	BrkSelector CB	B8D0	yes	-
1E	B8D0	brk	$90,$3B	2	BrkSelector 3B	B8D3	yes	-
1E	B8D5	brk	$A7,$2B	2	BrkSelector 2B	B8D8	yes	-
1E	B8D8	brk	$2C,$2F	2	BrkDefault	B8DB	yes	-
1E	B8DD	brk	$0B,$EB,$02	3	BrkSelector EB	B8E1	yes	-
1E	B8E5	brk	$66,$73	2	BrkSelector 73	B8E8	yes	-
1E	B8EA	brk	$08,$EB,$02	3	BrkSelector EB	B8EE	yes	-
1E	B8F7	brk	$18,$EB,$01	3	BrkSelector EB	B8FB	yes	-
1E	B904	brk	$18,$CB,$01	3	BrkSelector CB	B908	yes	-
1E	B911	brk	$18,$CB,$80	3	BrkSelector CB	B915	yes	-
1E	B91B	brk	$9E,$3B	2	BrkSelector 3B	B91E	yes	-
1E	B930	brk	$A7,$2B	2	BrkSelector 2B	B933	yes	-
1E	B94F	brk	$9E,$3B	2	BrkSelector 3B	B952	yes	-
1E	B968	brk	$9E,$3B	2	BrkSelector 3B	B96B	yes	-
1E	B981	brk	$9E,$3B	2	BrkSelector 3B	B984	yes	-
1E	B99B	brk	$4B,$33	2	BrkSelector 33	B99E	yes	-
1E	B99E	brk	$C3,$1B	2	BrkSelector 1B	B9A1	yes	-
1E	B9A4	brk	$13,$CB,$08	3	BrkSelector CB	B9A8	yes	-
1E	B9B1	brk	$A7,$2B	2	BrkSelector 2B	B9B4	yes	-
1E	B9B4	brk	$0F,$EB,$02	3	BrkSelector EB	B9B8	yes	-
1E	B9CC	brk	$9F,$3B	2	BrkSelector 3B	B9CF	yes	-
1E	B9D1	brk	$A7,$2B	2	BrkSelector 2B	B9D4	yes	-
1E	B9FE	brk	$EB,$3B	2	BrkSelector 3B	BA01	yes	-
1E	BA0E	brk	$EA,$3B	2	BrkSelector 3B	BA11	yes	-
1E	BA11	brk	$07,$6F,$48	3	BrkService 16:07	BA15	yes	-
1E	BA3C	brk	$8A,$FB	2	BrkSelector FB	BA3F	yes	-
1E	BA98	brk	$AD,$FB	2	BrkSelector FB	BA9B	yes	-
1E	BAFB	brk	$07,$6F,$43	3	BrkService 16:07	BAFF	yes	-
1E	BB2E	brk	$B5,$3B	2	BrkSelector 3B	BB31	yes	-
1E	BB3B	brk	$9E,$3B	2	BrkSelector 3B	BB3E	yes	-
1E	BB58	brk	$B8,$3B	2	BrkSelector 3B	BB5B	yes	-
1E	BB9D	brk	$04,$6F	2	BrkService 16:04	BBA0	yes	-
1E	BC20	brk	$06,$5F	2	BrkDefault	BC23	yes	-
1F	C96E	brk	$0B,$BF	2	BrkDefault	C971	yes	-
1F	C971	brk	$0D,$2F	2	BrkDefault	C974	yes	-
1F	C974	brk	$0C,$EF	2	BrkDefault	C977	yes	-
1F	C977	brk	$34,$EF	2	BrkDefault	C97A	yes	causal-resume
1F	C97A	brk	$22,$EF	2	BrkDefault	C97D	yes	causal-resume
1F	C9FC	brk	$00,$DF	2	BrkDefault	C9FF	yes	causal-resume
1F	CAAD	brk	$A4,$FB	2	BrkSelector FB	CAB0	yes	-
1F	CB8A	brk	$13,$1F	2	BrkDefault	CB8D	yes	causal-resume
1F	CB8F	brk	$07,$6F,$28	3	BrkService 16:07	CB93	yes	causal-resume
1F	CB93	brk	$07,$6F,$2A	3	BrkService 16:07	CB97	yes	causal-resume
1F	CC22	brk	$13,$EB,$02	3	BrkSelector EB	CC26	yes	-
1F	CC2F	brk	$08,$EF	2	BrkDefault	CC32	yes	-
1F	CC42	brk	$5B,$33	2	BrkSelector 33	CC45	yes	-
1F	CC4F	brk	$18,$EF	2	BrkDefault	CC52	yes	-
1F	CC52	brk	$0E,$EF	2	BrkDefault	CC55	yes	-
1F	CC58	brk	$09,$9F	2	BrkService 19:09	CC5B	yes	-
1F	CC74	brk	$07,$6F,$2A	3	BrkService 16:07	CC78	yes	causal-resume
1F	CC7D	brk	$14,$EF	2	BrkDefault	CC80	yes	causal-resume
1F	CD8A	brk	$07,$6F,$FF	3	BrkService 16:07	CD8E	yes	causal-resume
1F	CDA3	brk	$2B,$63,$41	3	BrkSelector 63	CDA7	yes	-
1F	CDB1	brk	$2E,$0F	2	BrkDefault	CDB4	yes	-
1F	CDC0	brk	$04,$6F	2	BrkService 16:04	CDC3	yes	-
1F	CE25	brk	$00,$EF	2	BrkDefault	CE28	yes	-
1F	CE28	brk	$04,$EF	2	BrkDefault	CE2B	yes	-
1F	CE34	brk	$00,$BF	2	BrkDefault	CE37	yes	causal-resume
1F	CE65	brk	$07,$EF	2	BrkDefault	CE68	yes	-
1F	CE8B	brk	$09,$FB	2	BrkSelector FB	CE8E	yes	-
1F	CE93	brk	$00,$EF	2	BrkDefault	CE96	yes	-
1F	CE96	brk	$04,$EF	2	BrkDefault	CE99	yes	-
1F	CEBA	brk	$00,$8F	2	BrkDefault	CEBD	yes	causal-resume
1F	CEE1	brk	$0D,$EF	2	BrkDefault	CEE4	yes	causal-resume
1F	CEE6	brk	$1B,$EF	2	BrkDefault	CEE9	yes	-
1F	CEEE	brk	$21,$EF	2	BrkDefault	CEF1	yes	-
1F	CEF3	brk	$09,$BF	2	BrkDefault	CEF6	yes	-
1F	CF34	brk	$01,$EF	2	BrkDefault	CF37	yes	-
1F	CF38	brk	$10,$87	2	BrkDefault	CF3B	yes	-
1F	CF3D	brk	$06,$EF	2	BrkDefault	CF40	yes	-
1F	CF5B	brk	$16,$EF	2	BrkDefault	CF5E	yes	causal-resume
1F	CF70	brk	$00,$87	2	BrkDefault	CF73	yes	causal-resume
1F	CF75	brk	$1C,$EF	2	BrkDefault	CF78	yes	-
1F	CF78	brk	$0A,$EF	2	BrkDefault	CF7B	yes	causal-resume
1F	CF8D	brk	$02,$EF	2	BrkDefault	CF90	yes	causal-resume
1F	D001	brk	$81,$FB	2	BrkSelector FB	D004	yes	-
1F	D010	brk	$A2,$FB	2	BrkSelector FB	D013	yes	causal-resume
1F	D02C	brk	$59,$33	2	BrkSelector 33	D02F	yes	-
1F	D03C	brk	$09,$9F	2	BrkService 19:09	D03F	yes	-
1F	D03F	brk	$0E,$EF	2	BrkDefault	D042	yes	-
1F	D0DC	brk	$3F,$EF	2	BrkDefault	D0DF	yes	-
1F	D0E2	brk	$07,$6F,$43	3	BrkService 16:07	D0E6	yes	-
1F	D0E6	brk	$C2,$4B	2	BrkSelector 4B	D0E9	yes	-
1F	D1F8	brk	$07,$6F,$FF	3	BrkService 16:07	D1FC	yes	causal-resume
1F	D1FE	brk	$07,$6F,$43	3	BrkService 16:07	D202	yes	causal-resume
1F	D203	brk	$04,$6F	2	BrkService 16:04	D206	yes	causal-resume
1F	D70F	brk	$0B,$6F	2	BrkDefault	D712	yes	causal-resume
1F	DA9E	brk	$01,$8F	2	BrkDefault	DAA1	yes	-
1F	DD14	brk	$09,$EF	2	BrkDefault	DD17	yes	-
1F	DDCF	brk	$03,$9F	2	BrkService 19:03	DDD2	yes	-
1F	DEEA	brk	$04,$DF	2	BrkDefault	DEED	yes	-
1F	F119	brk	$12,$DF	2	BrkDefault	F11C	yes	-
1F	F189	brk	$85,$FB	2	BrkSelector FB	F18C	yes	-
1F	F1C4	brk	$9D,$FB	2	BrkSelector FB	F1C7	yes	-
