Bank	Address	Name	CallingConvention	RegisterInputs	RegisterOutputs	DirectMemoryWrites	Calls
08	803C	ClearMapTileState	Direct call from $08:$84EF	A,X	A,P,X	$6F20+X,$6F40+X,$7600+X,$761F+X	
08	8055	ComputeTilesetEntryPointer	Direct call from $08:$8509; Direct call from $08:$879D	A,X	A,P,X,Y	$00,$01,$0E,$0F	
08	8082	ReadTilesetEntry	Direct call from $08:$8473	A,Y	A,P,Y	$000A+Y,$0A,$0B	
08	8097	ApplyChapterTileSubstitution	Pointer $08:$803A (30-entry map and tile service directory)	A	A,P	$0A,$0B	
08	80B7	LoadSupplementalTilesetPointer	Direct call from $08:$851E	A	A,P	$0E,$0F	
08	80C4	ReadTileDefinition	Direct call from $08:$8655	A,Y	A,P,Y	$0A,$0B,$0C	
08	80D5	ResolveTileGraphicsSources	Direct call from $08:$8481; Direct call from $08:$8658; Direct call from $08:$8733	A,X,Y	A,P,X,Y	$00,$01,$0100,$0100+Y,$0101,$0102,$0102+X,$0103,$0103+X,$0104,$0105,$0106,$0107,$02,$03,$08,$0C,$72,$73,$75,$76	$C813,$C81D
08	823D	DeduplicateTileGraphicsSources	Direct call from $08:$84AB	A,X,Y	A,P,X,Y	($00),Y,$00,$01,$0100+X,$0101+X,$02,$03,$04,$18,$75,$7700+Y,$7701+Y,$79	$C813
08	8254	DeduplicateTileGraphicsSourcePointer	Tail jump from $08:$835F	A,X,Y	A,P,X,Y	($00),Y,$0100+X,$0101+X,$02,$03,$18,$75,$7700+Y,$7701+Y,$79	
08	829D	FinalizeTileGraphicsSourceMapping	Tail jump from $08:$831C	A,X,Y	A,P,X,Y	($00),Y,$0100+X,$0101+X,$02,$03,$18,$75,$7700+Y,$7701+Y,$79	
08	8340	LoadCachedTileGraphicsSources	Direct call from $08:$865B	A,X,Y	A,P,X,Y	($00),Y,$00,$01,$0100+X,$0101+X,$02,$03,$18,$75,$7700+Y,$7701+Y,$79	$C81D
08	8362	ComputeTilePpuAddress	Direct call from $08:$8503; Direct call from $08:$864F; Direct call from $08:$8776	A,X	A,P,X,Y	$00,$01,$19,$1A	
08	838D	SetTilePpuWriteAddress	Direct call from $08:$8506; Direct call from $08:$8652; Direct call from $08:$8779	A	A,P	$2006	
08	839F	QueueTilePpuWriteAddress	Direct call from $08:$8406	A,X	A,P,X	$0300+X,$050A,$050B	
08	83BD	UploadResolvedTileGraphics	Direct call from $08:$84AE; Direct call from $08:$865E	A,X	A,P,X	$00,$01	$83F4,$89C9,$C7E1
08	83F4	UploadTilePatternBytes	Direct call from $08:$83E2; Direct call from $08:$878E	A,X,Y	A,P,X,Y	$0300+X,$050A,$2007	$839F
08	8433	CacheTilePaletteAttribute	Direct call from $08:$847E; Direct call from $08:$8730	A,X	A,P,X	($00,X),$00,$01	$C813
08	8452	CacheTileSmoothingAndBehavior	Direct call from $08:$8484; Direct call from $08:$8736	A,X	A,P,X	$6F20+X,$6F40+X	
08	8473	ReadAndProcessLogicalTileDefinition	Tail jump from $08:$84BF	A,X	A,P,X	$0E,$0F,$6E5E+X	$8082,$80D5,$823D,$83BD,$8433,$8452
08	8476	ProcessLogicalTileDefinition	Direct call from $08:$8581; Direct call from $08:$8596	A,X	A,P,X	$0E,$0F,$6E5E+X	$80D5,$823D,$83BD,$8433,$8452
08	84BD	LoadTilesetTile	Direct call from $08:$850F; Direct call from $08:$8524	A,X	A,P,X	$0E,$0F,$16,$6E5E+X	$8082,$80D5,$823D,$83BD,$8433,$8452
08	84C2	LoadTilesetGraphicsBuffered	Pointer $08:$802A (30-entry map and tile service directory)	A,X,Y	A,P,X,Y	$0D,$6E5E+X	
08	84C7	LoadTilesetGraphicsDirect	Pointer $08:$8004 (30-entry map and tile service directory)	A,X,Y	A,P,X,Y	$0D,$6E5E+X	
08	853E	LoadSupplementalTilesetTiles	Direct call from $08:$852F	A,X,Y	A,P,X,Y	$000A+Y,$16,$7684,$7685,$7686,$7687	$8476
08	859B	NormalizeCharacterSpriteSetId	Direct call from $08:$85D3	A	A,P	$0E,$7A	
08	85D3	LoadCharacterSpriteGraphics	Pointer $08:$8008 (30-entry map and tile service directory)	A,X,Y	A,P,X,Y	$00+X,$04,$05,$07,$09,$0D,$0E,$0F,$74,$79	$859B,$864B,$C813,$C81D
08	85E2	LoadPreparedCharacterSpriteGraphics	Tail jump from $08:$86E2	A,X,Y	A,P,X,Y	$00+X,$04,$07,$09,$0E,$0F,$74,$79	$864B,$C813,$C81D
08	864B	LoadCharacterSpriteTileGroup	Direct call from $08:$8623	A,X,Y	A,P,X,Y	$16	$80C4,$80D5,$8340,$8362,$838D,$83BD
08	8668	LoadCharacterSpriteGraphicsBuffered	Pointer $08:$801A (30-entry map and tile service directory)	A,X,Y	A,P,X,Y	$00+X,$04,$05,$07,$09,$0D,$0E,$0F,$16,$18,$6BDD,$72,$73,$74,$79,$7A	$864B,$C62D,$C813,$C81D
08	8676	LoadCharacterSpriteGraphicsDirect	Pointer $08:$8016 (30-entry map and tile service directory)	A,X,Y	A,P,X,Y	$00+X,$04,$05,$07,$09,$0D,$0E,$0F,$16,$18,$6BDD,$72,$73,$74,$79,$7A	$864B,$C813,$C81D
08	86E5	InitializeDefaultPaletteBuffer	Pointer $08:$8006 (30-entry map and tile service directory)	A,X	A,P,X	$0609+X,$16,$18,$6BDD	
08	86F2	CopyDefaultPaletteColors	Pointer $08:$800E (30-entry map and tile service directory)	A,X	A,P,X	$0609+X	
08	8710	LoadSpecialMapTileGraphics	Pointer $08:$8022 (30-entry map and tile service directory)	A,Y	A,P,X,Y	($00),Y,$00,$01,$05,$09,$0A,$0B,$0C,$0D,$16,$18,$79	$80D5,$8433,$8452,$8774,$C813
08	8774	UploadTilePatternPointer	Direct call from $08:$8765; Direct call from $08:$876C	A,X	A,P,X	$00,$01	$8362,$838D,$83F4,$C7E1
08	8796	ResolvePlayerMovementTarget	Pointer $08:$8024 (30-entry map and tile service directory)	A,X,Y	A,P,X,Y	$02,$03,$04,$05,$053E,$053F,$0540,$0541,$06,$07,$08,$09,$0A,$0B,$0C,$51,$52,$53	$8055,$8800,$880E,$893D,$8957,$896F,$D3E6
08	8800	ReadTilesetPhysicalTileNumber	Direct call from $08:$87AE; Direct call from $08:$87EB	A,Y	A,P,Y	$00,$01	
08	880E	FindSpecialPhysicalTile	Direct call from $08:$87B1; Direct call from $08:$87EE	A,X	A,P,X		
08	893D	AdvanceCoordinatesByFacing	Direct call from $08:$8915; Direct call from $08:$8926	A,X,Y	A,P,X,Y		
08	8957	GetTileBehaviorAtCoordinates	Direct call from $08:$886A; Direct call from $08:$8871; Direct call from $08:$8894; Direct call from $08:$889B; Direct call from $08:$88B2; Direct call from $08:$88B8; Direct call from $08:$88D1; Direct call from $08:$88D7; Direct call from $08:$8919	A,X,Y	A,P,X,Y	$03	$D3E6
08	896F	FindLogicalTileByBehavior	Direct call from $08:$8847; Direct call from $08:$8902; Direct call from $08:$8908; Direct call from $08:$890B	A,Y	A,P,Y		
08	8981	RotateSpriteTileQuadrants	Tail jump from $08:$81C3	A	A,P	$0100,$0101,$0102,$0103,$0104,$0105,$0106,$0107,$75	
08	89C9	RotateTileClockwise	Direct call from $08:$83DF	A,X	A,P,X	$0108+X,$02,$75	$8A00,$8A15
08	8A00	ExtractFirstTileBitplaneColumn	Direct call from $08:$89DC	A,X	A,P,X	$03	
08	8A15	ExtractSecondTileBitplaneColumn	Direct call from $08:$89E8	A,X	A,P,X	$03	
08	8A2A	ApplyMapTileBehaviorOverrides	Direct call from $08:$8535	A,X,Y	A,P,X,Y	$6F40+Y,$6F41,$6F54	
08	8A85	UpdateOutOfBoundsMapTile	Direct call from $08:$8538	A,X	A,P,X	$058C	
08	AEE3	EnterMapAtWorldCoordinates	Direct call from $08:$B639; Pointer $08:$8010 (30-entry map and tile service directory)		P,X		
08	AF13	InitializeEnteredMapState	Direct call from $08:$B2DA	A,Y	A,P,X,Y	$44,$45,$62AA,$63,$64	$AF82,$AF89,$AF99,$B5F1
08	AF51	ApplyMapArrivalOverrides	Tail jump from $08:$B243; Tail jump from $08:$B373	A	A,P,X,Y		$AF82
08	AF82	SetSubmapAndLocalPosition	Direct call from $08:$AF64; Direct call from $08:$AF79; Direct call from $08:$AFB1; Direct call from $08:$AFDB; Direct call from $08:$B001; Direct call from $08:$B02C; Direct call from $08:$B229	A,X,Y	P	$44,$45,$64	
08	AF89	LoadCurrentMapRouting	Direct call from $08:$AF32; Direct call from $08:$B08D	A,Y	A,P,Y	$65	$B037
08	AF99	ApplyMapEntryCoordinateOverrides	Direct call from $08:$AF35	A,X,Y	A,P,X,Y	$44,$45,$64	$AF82,$B5E2,$B5F1
08	B037	FindCurrentMapRoutingRecord	Direct call from $08:$AF89; Direct call from $08:$B5F2	A,Y	A,P,Y	$DA,$DB	
08	B05C	ReadMapRoutingByte	Direct call from $08:$AEEA; Direct call from $08:$AEEE; Direct call from $08:$AEF6; Direct call from $08:$AEFF; Direct call from $08:$B071; Direct call from $08:$B090; Direct call from $08:$B096	A,X	A,P,X	$E9	$C3EA
08	B06A	RestoreWorldPositionFromMapRouting	Direct call from $08:$B2E7; Pointer $08:$8012 (30-entry map and tile service directory)		P,X		
08	B135	PersistWorldPosition	Direct call from $08:$B0A7; Direct call from $08:$B0B4; Direct call from $08:$B0C1; Direct call from $08:$B0CA; Direct call from $08:$B0DF; Direct call from $08:$B0F8; Direct call from $08:$B10A; Direct call from $08:$B114; Direct call from $08:$B126; Direct call from $08:$B12E; Direct call from $08:$B318		P		
08	B188	HandleSpecialMapCoordinateTransition	Pointer $08:$8000 (30-entry map and tile service directory)	A,X,Y	A,P,X,Y		$AF82
08	B22E	InitializeCurrentMapState	Pointer $08:$8014 (30-entry map and tile service directory)	A	A,P,X,Y		$AF82,$B246,$B323,$B397,$B48E,$B554,$B59F,$B5E8
08	B246	ResolveMapSubmapData	Direct call from $08:$B231	A,X,Y	A,P,X,Y	$00,$01,$42,$43,$63,$64,$DE,$DF,$E4,$E5,$E6,$E7	$AF13,$B06A,$B135,$B4C1,$B4ED
08	B304	ApplySpecialWorldEntryCoordinates	Pointer $08:$8034 (30-entry map and tile service directory)	A,X,Y	A,P,X,Y	$00,$42,$43	$B135
08	B323	ApplyCoordinateMapTransition	Direct call from $08:$B22E	A,Y	A,P,X,Y	$00,$44,$45,$63,$64	$AF82,$B376,$B5E8
08	B376	ApplyMapTransitionSideEffects	Direct call from $08:$B368	A,Y	A,P	$7928,$79F1,$7A5F,$7A6A	
08	B397	ApplyStoryDependentSubmapOverride	Direct call from $08:$B234	A,Y	A,P,Y	$00,$64	$B5E2
08	B48E	ComputeMapChangeFlags	Direct call from $08:$B23D; Direct call from $08:$B2E0	A	A,P	$00	
08	B4C1	AdvanceMapSubmapRecordPointer	Direct call from $08:$B28E; Direct call from $08:$B2A0	A	A,P	$DE,$DF	
08	B4E5	CountAlternateBehaviorTilesBeforePlayer	Pointer $08:$8026 (30-entry map and tile service directory)	A,X,Y	A,P,X,Y	$00,$01,$04,$05,$08,$09,$DC,$DD	$C827
08	B4ED	CountBehaviorTilesBeforePlayer	Direct call from $08:$B256	A,X,Y	A,P,X,Y	$00,$01,$04,$05,$08,$09,$DC,$DD	$C827
08	B554	RestorePlayerPositionByBehaviorOrdinal	Direct call from $08:$B23A	A,X,Y	A,P,X,Y	$04,$05,$08,$09,$44,$45,$DC,$DD	$C851
08	B59F	DecodeMapExitBehavior	Direct call from $08:$B240	A	A,P	$62AA	
08	B5E2	IsNighttime	Direct call from $08:$AFE5; Direct call from $08:$B442; Direct call from $08:$B457	A	A,P		
08	B5E8	RefreshMapRoutingState	Direct call from $08:$B183; Direct call from $08:$B237; Direct call from $08:$B364	A	P		$B5F1
08	B5F1	UpdateMapRoutingState	Direct call from $08:$AF4E; Direct call from $08:$B5E9; Pointer $08:$8002 (30-entry map and tile service directory)	A,Y	A,P,Y	$07BA	$B037
08	B60E	CheckWorldMapCoordinateTriggers	Pointer $08:$8020 (30-entry map and tile service directory)	A,X	A,P,X		$AEE3,$B644
08	B61B	ScanWorldMapCoordinateTriggers	Tail jump from $08:$B641	A,X	A,P,X		$AEE3,$B644
08	B644	AllowWorldMapCoordinateTrigger	Direct call from $08:$B634	A	A,P		
08	B6B8	LoadCurrentMapDataPointer	Pointer $08:$800A (30-entry map and tile service directory)	A	A,P	$6289	
08	B70E	IsMapRoutingModeTwo	Pointer $08:$801C (30-entry map and tile service directory)	A	A,P		
08	B71C	IsMapHeaderBit6Clear	Pointer $08:$801E (30-entry map and tile service directory)		P		
08	B725	RunSoldierIntruderAlert	Pointer $08:$8038 (30-entry map and tile service directory)	A	A,P,X	$DE,$DF	$C851,$C891
08	B75D	CheckZenithianEquipmentAtCastleGate	Pointer $08:$800C (30-entry map and tile service directory)	A	A,P		
08	B777	ContinueZenithianGateAfterArmorCheck	Guarded flow recovery: Coherent routine block immediately after RTI $B776; 4 instructions, 1 BRK service calls, returns from interrupt and merges into existing code		A,P		
08	B77F	ContinueZenithianGateAfterShieldCheck	Guarded flow recovery: Coherent routine block immediately after RTI $B77E; 4 instructions, 1 BRK service calls, returns from interrupt and merges into existing code		A,P		
08	B787	ContinueZenithianGateAfterHelmCheck	Guarded flow recovery: Coherent routine block immediately after RTI $B786; 4 instructions, 1 BRK service calls, returns from interrupt and merges into existing code		A,P		
08	B78F	FinishZenithianGateAfterSwordCheck	Guarded flow recovery: Coherent routine block immediately after RTI $B78E; 4 instructions, 1 BRK service calls, returns from interrupt and merges into existing code		A,P		
0B	AF61	DecodeIndexedNameToTextScratch	Pointer $0B:$8008 (Eight-entry mixed service directory selected by BRK selector $B7; data targets are excluded)	A,X,Y	A,P,X,Y	$00,$01,$03DA,$03E3,$03E3+X,$03E3+Y,$03FF	$AFB1
0B	AFB1	DecodeNameRecord	Direct call from $0B:$AFA4	A,X,Y	A,P,X,Y	$03DA	$AFED
0B	AFED	AppendDecodedNameSymbol	Direct call from $0B:$AFCD; Direct call from $0B:$AFDB; Direct call from $0B:$AFE1	A,X,Y	A,P,X,Y	$03E3+X,$03FF	
0B	BE1F	RunOamRectangleAnimation	Pointer $0B:$800C (Eight-entry mixed service directory selected by BRK selector $B7; data targets are excluded)	A,X,Y	A,P,X,Y	$00,$01,$02,$0200+Y,$0201+Y,$0203+Y,$03,$04,$05,$06,$0B,$0C	$BECE,$BEE0,$BEE8,$BF36,$C8EC,$C90C,$FF74
0B	BECE	StepAnimationAxisTowardTarget	Direct call from $0B:$BE68; Direct call from $0B:$BE6C	A,X	A,P	$03,$04+X	
0B	BEE0	StepAnimationAxis	Direct call from $0B:$BE79; Direct call from $0B:$BE80	A,X	A,P	$04+X	
0B	BEE8	LoadAnimationRectangleRecord	Direct call from $0B:$BE21; Direct call from $0B:$BE29; Direct call from $0B:$BE9E	A,X,Y	A,P,X,Y	$0A+X	
0B	BF36	FillOamRectangle	Direct call from $0B:$BE24; Direct call from $0B:$BE2C; Direct call from $0B:$BEB7; Pointer $0B:$800E (Eight-entry mixed service directory selected by BRK selector $B7; data targets are excluded)	A,X,Y	A,P,X,Y	$0200+Y,$06,$07,$08,$09,$0C,$0D,$0F	
0B	BF7C	EnterFixedSubmapAfterSelection	Pointer $0B:$800A (Eight-entry mixed service directory selected by BRK selector $B7; data targets are excluded)	A	A,P,X	$62A6,$62A7	
0B	BFA6	HandleSpecialTextSymbol	Pointer $0B:$8004 (Eight-entry mixed service directory selected by BRK selector $B7; data targets are excluded)	A,X	A,P,X		
0E	8008	ResolveCurrentMapPalette	Direct call from $0E:$802D; Supplied ROM map: Documented code region $8008-$8090	A	P	$06,$07	$BAF7
0E	8010	RefreshCurrentMapPalette	Pointer $0E:$8000 (Four-entry graphics and palette service directory)	A	A,P		$802D
0E	802D	LoadCurrentMapPaletteColors	Direct call from $0E:$8017; Pointer $0E:$8002 (Four-entry graphics and palette service directory)	A,Y	A,P,X,Y	($1A),Y,$05FC,$16,$17,$18,$19,$1A,$1B	$8008,$C813,$C81D
0E	BAF7	SelectMapPaletteNumber	Direct call from $0E:$800A; Supplied ROM map: Documented map-palette code region $BAF7-$BB52	A,X,Y	A,P,X,Y		
0E	BEEA	ParseSixDigitDecimalValue	Pointer $0E:$8006 (Four-entry graphics and palette service directory)	A,X,Y	A,P,X,Y	$00+X,$01+X,$02+X,$72,$73,$74	$BF41
0E	BF41	Shift24BitValueLeft	Direct call from $0E:$BF02; Direct call from $0E:$BF11; Direct call from $0E:$BF14	A,X	A,P	$00+X,$01+X,$02+X	
0F	C001	LowerFixed_TickDirectionalScrollTransition	Direct ROM analysis: Lower-half fixed-bank JMP trampoline 00; Direct call from $0F:$C9FF	A,Y	A,P,Y	$052F,$3E	$EA03
0F	C004	LowerFixed_LoadCurrentMapDataTrampoline	Direct ROM analysis: Lower-half fixed-bank JMP trampoline 01	A	A,P	$0507	$E584,$E5A5,$FF91
0F	C007	LowerFixed_PropagateLinkedEntityOffsetsAndRender	Direct ROM analysis: Lower-half fixed-bank JMP trampoline 02; Direct call from $0F:$CDD5	A,X	A,P,X	$0201+X,$0202+X,$0205+X,$0206+X,$0209+X,$020A+X,$020D+X,$020E+X	$C78C,$D864,$D876,$F1B7,$F1C1
0F	C00A	LowerFixed_RefreshMapViewportDirect	Direct ROM analysis: Lower-half fixed-bank JMP trampoline 03	A	A,P	$29	$C58F,$C5AF,$EFF5,$F15B,$F194
0F	C00D	LowerFixed_RefreshMapViewportQueued	Direct ROM analysis: Lower-half fixed-bank JMP trampoline 04	A	A,P	$29	$C58F,$C5AF,$EFF5,$F15B,$F194
0F	C010	LowerFixed_SynchronizeLinkedEntityFacingFlags	Direct ROM analysis: Lower-half fixed-bank JMP trampoline 05	A,X	A,P,X	$7001+X,$7021+X	
0F	C013	LowerFixed_ReconcilePartyEntityMatchSlots	Direct ROM analysis: Lower-half fixed-bank JMP trampoline 06; Tail jump from $0F:$D57C	A,X,Y	A,P,X,Y	$052A,$052B,$052C,$052D,$51,$52,$58,$7004+X,$7024+X,$7144+Y	$D251,$D3E6,$F243,$F2D7,$F372,$F38D,$F3A5,$F3AE,$F3B9,$F3C4,$F3F3,$F40C,$F433,$F467,$F489
0F	C016	LowerFixed_PrepareCurrentMapLayoutDecodeState	Direct ROM analysis: Lower-half fixed-bank JMP trampoline 07	A	A,P	$0507	
0F	C02E	LowerFixed_RenderWorldMapTileClassView	Direct ROM analysis: Lower-half fixed-bank JMP trampoline 0F	A	A,P	$0300,$0302,$050B,$1F,$7E,$7F,$82	$C62D,$F4FD,$F510,$FF91
0F	C031	LowerFixed_RunPreResetSceneHook	Direct ROM analysis: Lower-half fixed-bank JMP trampoline 10		P		
0F	C034	LowerFixed_LoadScrollingTextTileStream	Direct ROM analysis: Lower-half fixed-bank JMP trampoline 11	A,X,Y	A,P,X,Y	($00),Y,$00,$00+X,$01,$02,$03	
0F	C037	LowerFixed_UploadMaskedSceneArt	Direct ROM analysis: Lower-half fixed-bank JMP trampoline 12	A,X,Y	A,P,X,Y	$00,$01,$02,$2006,$2007	$C58F,$C5AF
0F	C03A	LowerFixed_UploadMaskedSceneArtAlias	Direct ROM analysis: Lower-half fixed-bank JMP trampoline 13	A,X,Y	A,P,X,Y	$00,$01,$02,$2006,$2007	$C58F,$C5AF
0F	C03D	LowerFixed_ResetMain	Tail jump from $0F:$FF8E	A,X	A,P,X	$00+X,$0300+X,$0400+X,$0500,$0501,$0502,$0503,$0504,$0505,$0505+X,$0506,$0600+X,$0700+X,$2000,$2001,$2006,$2007,$39,$FFFF	$C104,$C52F,$C543,$C569,$C983,$FF74
0F	C0D4	LowerFixed_WaitForPpuStatusTransitions	Direct ROM analysis: Byte-identical to the upper fixed-bank PPU-status wait helper: four alternating BIT7 wait loops ending in RTS		A,P		
0F	C0E9	LowerFixed_HaltGame	Direct ROM analysis: Byte-identical to decoded bank $1F:$C0E9-$C103 mapper initialization and terminal self-loop	A	A,P	$0502,$FFFF	
0F	C101	LowerFixed_HaltAfterMapperDisable	Tail jump from $0F:$C101		P		
0F	C104	LowerFixed_InitializeMmc1	Direct call from $0F:$C09E; Direct call from $0F:$C198	A	A,P	$DFFF,$FFDF	$C118,$C12F
0F	C118	LowerFixed_WriteMmc1Control	Direct call from $0F:$C10A	A	A,P	$0500,$9FFF	
0F	C12F	LowerFixed_WriteMmc1ChrBank0	Direct call from $0F:$C110; Direct call from $0F:$C1A5; Direct call from $0F:$C1AA; Direct call from $0F:$C1D7; Direct call from $0F:$C1EC	A	A,P	$0501,$BFFF	
0F	C146	LowerFixed_WriteMmc1ChrBank1	Tail jump from $0F:$C115	A	A,P	$DFFF	
0F	C15A	LowerFixed_NmiHandler	Direct ROM analysis: Lower-half NMI body installed at RAM $0502	A,X,Y	A,P,X,Y	$00+X,$01+X,$0103+X,$0104+X,$0105+X,$0508,$0509,$050A,$050B,$050C,$0513,$0517,$10,$11,$1F,$20,$21,$22,$23,$24,$26,$27,$627B+X,$76,$77,$78,$C221	$0023,$C019,$C104,$C12F,$C222,$C2EA,$C303,$C3BA,$FF91
0F	C222	LowerFixed_ProcessNmiPpuUpdates	Direct call from $0F:$C178	A,X,Y	A,P,X,Y	$050A,$050B,$1F,$2000,$2006,$2007	
0F	C2EA	LowerFixed_RestorePpuControlMaskAndScroll	Direct call from $0F:$C17E	A	A,P	$2000,$2001,$2005	
0F	C303	LowerFixed_TransferOamUnlessSuppressed	Direct call from $0F:$C17B	A	A,P	$2001,$4014	
0F	C3BA	LowerFixed_LoadBankServicePointer	Direct call from $0F:$C39A; Direct call from $0F:$C3D6	A,X	A,P,X	$24,$25	$FF91
0F	C3EA	LowerFixed_ReadBankedByteThroughPointer	Direct call from $08:$B062; Direct call from $08:$B6DC; Direct call from $08:$B6E4; Direct call from $08:$B6F4; Direct call from $08:$B6FC; Direct call from $08:$B705; Direct call from $0F:$DAE0; Direct call from $0F:$DB56; Direct call from $0F:$DB7F	A,X,Y	A,P	$20,$23,$24	$FF91
0F	C408	LowerFixed_IrqHandler	CPU vector: Lower-half IRQ/BRK vector target	A,X,Y	A,P,X,Y	$00+X,$01+X,$0103+X,$0104+X,$0508,$0509,$050A,$050B,$0513,$0517,$1F,$20,$21,$22,$23,$24,$26,$27,$627B+X,$76,$77,$78	$0023,$C3BA,$FF91
0F	C52F	LowerFixed_ClearPpuUpdateState	Direct call from $0F:$C96B	A	A,P	$0508,$0509,$050A,$050B,$0513,$1F	
0F	C543	LowerFixed_InitializeOamShadow	Direct call from $0F:$C0C1; Direct call from $0F:$C554	A,X	A,P,X	$0200+X	
0F	C54E	LowerFixed_ResetDisplayState	Guarded flow recovery: Coherent routine block immediately after RTS $C54D; 11 instructions, jumps and merges into existing code	A,Y	A,P,Y	$0506,$1F,$2001	$C543,$C569,$C5AF,$FF74
0F	C569	LowerFixed_ClearNametablesAndAttributeBuffer	Direct call from $0F:$C0BE; Direct call from $0F:$C551	A,X	P,X	$0400+X	$C575
0F	C575	LowerFixed_ClearNametables	Direct call from $0F:$C569	A,X,Y	A,P,X,Y	$2006,$2007	
0F	C58F	LowerFixed_ResumeRenderingAfterPpuWork	Direct call from $0F:$EFF1; Direct call from $0F:$FB68	A,Y	A,P,Y	$0506,$2001	$C5A8
0F	C592	LowerFixed_EnableRenderingAfterVBlank	Tail jump from $0F:$C566	A,Y	A,P,Y	$0506,$2001	
0F	C596	LowerFixed_DisableRenderingAfterVBlank	Direct call from $0F:$C5AF	A,Y	A,P,Y	$0506,$2001	
0F	C5A8	LowerFixed_ClearDisplaySuspensionFlag	Direct call from $0F:$C58F	A	A,P	$1F	
0F	C5AF	LowerFixed_SuspendRenderingUpdates	Direct call from $0F:$C54E; Direct call from $0F:$EFE1; Direct call from $0F:$FABE	A	A,P	$1F	$C596
0F	C5B9	LowerFixed_QueuePaletteUpdate	Guarded flow recovery: Coherent routine block immediately after RTS $C5B8; 53 instructions, returns and merges into existing code	A,X,Y	A,P,X,Y	$0300+Y,$050A,$050B,$16,$17,$18,$1F	$C5DE,$C90C
0F	C5C5	LowerFixed_FadePaletteToBlack	Fixed-bank mirror: Byte-identical to decoded upper fixed-bank entry $1F:$C5C5-$C5C7, which loads $10 into A and X before joining shared code at $C5C8	A,X	A,P,X	$16,$17	$C5DE,$C90C
0F	C5DE	LowerFixed_BuildPaletteUpdateCommand	Direct call from $0F:$C5CC	A,X,Y	A,P,X,Y	$0300+Y,$050A,$050B,$18,$1F	
0F	C626	LowerFixed_RequestPpuUpdate	Tail jump from $0F:$EEEA; Tail jump from $0F:$EF75	A	A,P	$1F	
0F	C62D	LowerFixed_RequestPpuUpdateAndWait	Direct call from $08:$866F; Direct call from $0F:$F4CB; Direct call from $0F:$F4F3; Tail jump from $08:$83F1	A	A,P	$12,$1F	$C913
0F	C636	LowerFixed_QueuePpuWriteByte	Tail jump from $0F:$C65F; Tail jump from $0F:$C73B	A,X	A,P,X	$0300+X,$050A,$050B,$1C,$1D	
0F	C65A	LowerFixed_QueueNametableTileUpdate	Guarded flow recovery: Coherent routine block immediately after RTS $C659; 3 instructions, jumps and merges into existing code	A,X	A,P,X	$0300+X,$050A,$050B,$1C,$1D,$1E	$C662
0F	C662	LowerFixed_ComputeNametableTileAddress	Direct call from $0F:$C65C; Direct call from $0F:$C72B; Direct call from $0F:$EDCF; Direct call from $0F:$EE0C	A	A,P	$1C,$1D	
0F	C6BF	LowerFixed_SetNametableAttributePalette	Direct call from $0F:$F0B5; Direct call from $0F:$F0E9	A,X	A,P,X	$0400+X,$0B,$0C,$0D,$0E,$0F,$1C,$1D	
0F	C6C3	LowerFixed_ApplyNametableAttributeBits	Direct call from $0F:$C72E	A,X	A,P,X	$0400+X,$0B,$0C,$0D,$0E,$0F,$1C,$1D	
0F	C727	LowerFixed_QueueNametableAttributeUpdate	Direct call from $0F:$EF8C; Direct call from $0F:$EFAE	A,X	A,P,X	$0300+X,$050A,$050B,$0D,$1C,$1D,$1E	$C662,$C6C3
0F	C73E	LowerFixed_CopySpriteRecordToOam	Guarded flow recovery: Coherent routine block immediately after JMP $C73B; 18 instructions, returns and merges into existing code	A,X,Y	A,P,X,Y	$0200+Y,$0201+Y,$0202+Y,$0203+Y	$C78C
0F	C757	LowerFixed_AdvanceSpriteRecordPointer	Tail jump from $0F:$C76D; Tail jump from $0F:$C789	A,X	A,P,X,Y		
0F	C75E	LowerFixed_CopySpriteTileAttributesToOam	Guarded flow recovery: Coherent routine block immediately after RTS $C75D; 8 instructions, jumps and merges into existing code	A,X,Y	A,P,X,Y	$0201+Y,$0202+Y	$C78C
0F	C770	LowerFixed_CopyOamSpriteRecord	Guarded flow recovery: Coherent routine block immediately after JMP $C76D; 12 instructions, jumps and merges into existing code	A,X,Y	A,P,X,Y	$00+X,$01+X,$02+X,$03+X	$C78C
0F	C78C	LowerFixed_ConvertSpriteIndexToOamOffset	Direct call from $0F:$C740; Direct call from $0F:$C760; Direct call from $0F:$C772; Direct call from $0F:$D812; Direct call from $0F:$E1A9; Direct call from $0F:$E205; Direct call from $0F:$E20E; Direct call from $0F:$E260; Direct call from $0F:$E269; Direct call from $0F:$E336	A,X,Y	A,P,X,Y	$16	
0F	C7E1	LowerFixed_LoadBankedTilePattern	Direct call from $08:$83DC; Direct call from $08:$878B	A,X,Y	A,P,X,Y	$0108+Y,$0501,$0507,$BFFF,$FFFF	$FF91
0F	C7FA	LowerFixed_SubtractByteFromPointerEntry	Guarded flow recovery: Coherent routine block immediately after JMP $C7F7; 8 instructions, returns	A,X	A,P	$00+X,$01+X	
0F	C7FB	LowerFixed_SubtractByteFromPointer	Direct call from $0F:$C807	A,X	A,P	$00+X,$01+X	
0F	C807	LowerFixed_SubtractWordFromPointer	Guarded flow recovery: Coherent routine block immediately after RTS $C806; 7 instructions, returns and merges into existing code	A,X,Y	A,P	$01+X	$C7FB
0F	C813	LowerFixed_AddByteToPointer	Direct call from $08:$8178; Direct call from $08:$8251; Direct call from $08:$8441; Direct call from $08:$861A; Direct call from $08:$862C; Direct call from $08:$8749; Direct call from $0E:$8086; Direct call from $0F:$C81D; Tail jump from $08:$8430	A,X	A,P	$00+X,$01+X	
0F	C81D	LowerFixed_AddWordToPointer	Direct call from $08:$80F1; Direct call from $08:$80FC; Direct call from $08:$8162; Direct call from $08:$81AD; Direct call from $08:$81DA; Direct call from $08:$81F8; Direct call from $08:$835C; Direct call from $08:$8611; Direct call from $08:$86B9; Direct call from $0E:$8057; Direct call from $0E:$8075; Direct call from $0F:$D401; Direct call from $0F:$D408; Direct call from $0F:$E5F4; Direct call from $0F:$E6D1; Direct call from $0F:$E934; Direct call from $0F:$E93C; Tail jump from $08:$807F	A,X,Y	A,P	$01+X	$C813
0F	C827	LowerFixed_MultiplyPointerWord	Direct call from $08:$B50D; Direct call from $0F:$D3FB; Direct call from $0F:$E92B; Direct call from $0F:$E96C	A,X	A,P	$00+X,$01+X,$16,$17,$18	
0F	C851	LowerFixed_DividePointerWord	Direct call from $08:$B595; Direct call from $08:$B732; Direct call from $0F:$E6B2; Direct call from $0F:$E6C2	A,X,Y	A,P,Y	$00+X,$01+X,$16,$17,$18,$19	
0F	C888	LowerFixed_ReadByteAndAdvancePointer	Guarded flow recovery: Coherent routine block immediately after RTS $C887; 5 instructions, returns	X	A,P	$00+X,$01+X	
0F	C891	LowerFixed_NextRandomByte	Direct call from $08:$B725; Direct call from $0F:$D49A; Direct call from $0F:$D8ED; Direct call from $0F:$DCF3; Direct call from $0F:$DD90; Direct call from $0F:$EBE1; Direct call from $0F:$ED64	A,Y	A,P,Y	$050D,$16	$C8AD
0F	C8AD	LowerFixed_AdvanceRandomStateByte	Direct call from $0F:$C897; Direct call from $0F:$C89E	A,Y	A,P,Y	$12,$13,$16	
0F	C8CC	LowerFixed_WaitForFreshButtonPress	Direct call from $0F:$D1F0	A,X	A,P,X		$C8EC,$FF74
0F	C8EC	LowerFixed_ReadControllers	Direct call from $0B:$BE89; Direct call from $0B:$BEBF; Direct call from $0F:$C8D0; Direct call from $0F:$C8E4; Direct call from $0F:$D233	A,X,Y	A,P,X,Y	$14+X,$4016	$C8F3
0F	C8F3	LowerFixed_ReadController	Direct call from $0F:$C8EE	A,X,Y	A,P,Y	$14+X,$4016	
0F	C90C	LowerFixed_WaitFrames	Direct call from $0B:$BEBC; Direct call from $0F:$C5D1; Direct call from $0F:$CA0B	X	P,X		$FF74
0F	C913	LowerFixed_PreserveRegistersAndRotateOam	Direct call from $0F:$FF82	A,X,Y	A,P,X,Y		$C91F
0F	C91F	LowerFixed_RotateAnimatedOamBlocks	Direct call from $0F:$C917	A,X	A,P,X	$0513	$C94E
0F	C94E	LowerFixed_SwapOamBlocks	Direct call from $0F:$C934; Direct call from $0F:$C93A	A,X,Y	A,P,X,Y	$0200+X,$0200+Y,$10	
0F	C983	LowerFixed_InstallRamBankSwitchCode	Direct call from $0F:$C968	A,X	A,P,X	$6CAD+X	
0F	C9ED	LowerFixed_RunFieldFrame	Direct call from $0F:$C97D		P		$CA21,$CB98,$CBB4,$D542,$E06E
0F	CA17	LowerFixed_WaitForSelectRelease	Direct call from $0F:$CA0E	A	A,P		$D241
0F	CA21	LowerFixed_ProcessScheduledFieldInput	Direct call from $0F:$C9F3	A,X	A,P,X	$052F	$CA41,$CB1E,$CB71,$CBF8
0F	CA41	LowerFixed_ResolveMapMovementInput	Direct call from $0F:$CA30	A,X,Y	A,P,X,Y	$0529,$058E,$058F,$0597,$14,$14+X,$4016,$56,$70E0+X	$C8F3,$D241,$DB18
0F	CABE	LowerFixed_ResetPartyFollowerMotionSlot	Direct call from $0F:$CABA	A,X	A,P	$052A+X,$6FA4+X,$6FC4+X,$7004+X	
0F	CADF	LowerFixed_SetInputModeAndReadControllers	Guarded flow recovery: Coherent routine block immediately after JMP $CADC; 4 instructions, jumps and merges into existing code	A,X,Y	A,P,X,Y	$0529,$058E,$058F,$14,$14+X,$4016	$C8F3
0F	CB1E	LowerFixed_ApplyDirectionalMapInput	Direct call from $0F:$CA33	A,X	A,P,X		$CBBE,$CBCA,$CBD6,$CBE4
0F	CB71	LowerFixed_UpdateMapInteractionTimer	Direct call from $0F:$CA39	A	A,P	$0539	
0F	CB98	LowerFixed_PollPrimaryButtonWithDelay	Direct call from $0F:$C9F0	A,X	A,P,X	$0529,$052E,$4016	
0F	CBB4	LowerFixed_AdvancePlayerAnimationCounter	Direct call from $0F:$C9ED	A	A,P	$0526	
0F	CBBE	LowerFixed_HandleRightMovementInput	Direct call from $0F:$CB46; Direct call from $0F:$CB4D; Direct call from $0F:$CB5D; Direct call from $0F:$CB64	A	A,P	$3D	$CC88,$CD85
0F	CBCA	LowerFixed_HandleLeftMovementInput	Direct call from $0F:$CB3D; Direct call from $0F:$CB50; Direct call from $0F:$CB5A; Direct call from $0F:$CB6D	A	A,P	$3D	$CC88,$CD85
0F	CBD6	LowerFixed_HandleUpMovementInput	Direct call from $0F:$CB40; Direct call from $0F:$CB4A; Direct call from $0F:$CB60; Direct call from $0F:$CB6A	A	A,P	$3D	$CC88,$CD85
0F	CBE4	LowerFixed_HandleDownMovementInput	Direct call from $0F:$CB43; Direct call from $0F:$CB53; Direct call from $0F:$CB57; Direct call from $0F:$CB67	A	A,P	$3D	$CC88,$CD85
0F	CBEF	LowerFixed_CommitPlayerFacingDirection	Tail jump from $0F:$CBC7; Tail jump from $0F:$CBD3; Tail jump from $0F:$CBE1	A	A,P	$3D	$CC88
0F	CBF8	LowerFixed_HandlePlayerActionInput	Direct call from $0F:$CA36	A,X	A,P,X,Y	$0529,$0539	$C8CC,$D1FD,$D251
0F	CC88	LowerFixed_BeginPlayerMovement	Direct call from $0F:$CBF1	A	A,P	$0528,$3E	$C007,$CC91,$CDDC,$CF91
0F	CC91	LowerFixed_UpdatePlayerAndPartyCoordinates	Direct call from $0F:$CC8B	A,X,Y	A,P,X,Y	$0201+X,$0202+X,$0205+X,$0206+X,$0209+X,$020A+X,$020D+X,$020E+X,$054E,$054F,$42+X,$43+X,$6195+X,$6196+X,$6F60,$6F60+X,$6F66+Y,$6F67+Y,$6F68+Y,$6F80,$6F80+X,$6F86+Y,$6F87+Y,$6F88+Y,$7000+X	$C78C,$CD0F,$CD52,$CD78,$D16F,$D7FC,$D864,$D876
0F	CD0F	LowerFixed_OffsetFollowerSpriteFormation	Direct call from $0F:$CCE6	A,X,Y	A,P,X,Y	$6FA7+X,$EC+X	$CD52,$D7FC
0F	CD52	LowerFixed_SelectVehicleSpriteSlot	Direct call from $0F:$CD4E	A,X	A,P,X	$6FE9	
0F	CD78	LowerFixed_ApplyFacingToFollowerEntity	Direct call from $0F:$CCD5; Direct call from $0F:$CCDD; Direct call from $0F:$CCE1	A,Y	A,P	$7006+Y	
0F	CD85	LowerFixed_ShowBlockedMovementMessagesAndCancelStep	Direct call from $0F:$CBC2; Direct call from $0F:$CBCE; Direct call from $0F:$CBDC; Direct call from $0F:$CBEA	A,Y	A,P,X,Y	$0539	$D1FD
0F	CDC9	LowerFixed_FinalizePlayerMovement	Tail jump from $0F:$CC8E	A	A,P	$0528,$3E	$C007,$CDDC
0F	CDDC	LowerFixed_AdvanceTimeOfDayClock	Direct call from $0F:$CDD8	A	A,P	$0516,$628C,$628D,$62ED	
0F	CE09	LowerFixed_ProcessMapInputAndEvents	Direct call from $0F:$CA02	A,X	A,P,X	$0515,$0527,$0539,$6FA0,$6FC0,$7001+X,$7021+X	$CE72,$CEA9,$CF03,$CF38,$CF41,$CF56,$D1FD,$D218
0F	CE72	LowerFixed_FinishScriptedMovement	Direct call from $0F:$CE2E	A	A,P,X	$0527,$0539	$D1FD,$D218
0F	CEA9	LowerFixed_TryRandomEncounterAfterStep	Direct call from $0F:$CE4A; Direct call from $0F:$CEA3	A,X	A,P,X	$051B	
0F	CEBE	LowerFixed_DispatchTerrainEvent	Direct call from $0F:$CE3C; Direct call from $0F:$CEE9	A,X	A,P,X		
0F	CF03	LowerFixed_HandleSpecialWorldTerrainPair	Direct call from $0F:$CE9A	A,X,Y	A,P,X,Y	$42	
0F	CF38	LowerFixed_EnterMapAtWorldTriggerIfAny	Direct call from $0F:$CE9D		P		
0F	CF41	LowerFixed_HandleChapterFourWorldCoordinate	Direct call from $0F:$CEA0	A	A,P,X		$D207
0F	CF56	LowerFixed_InvokeStepEventWhenOnWorldMap	Direct call from $0F:$CE31; Direct call from $0F:$CE47; Direct call from $0F:$CE80		A,P		
0F	CF5F	LowerFixed_UpdateWorldTerrainStateFlag	Direct call from $0F:$CE39	A,X	A,P,X	$46,$47,$627D	
0F	CF8D	LowerFixed_InvokeTerrainEffectService	Direct call from $0F:$CE41		P		
0F	CF91	LowerFixed_ResolvePlayerMovementDestination	Direct call from $0F:$CC88	A,X,Y	A,P,X,Y	$0515,$0527,$052F,$0534,$059E,$51,$54,$7000,$7000+X,$70E0+X,$7D,$7E	$D16F,$D1C9,$D251,$D3E6,$D53B,$D724,$D7FC
0F	D00A	LowerFixed_RecordPlayerTerrainStep	Tail jump from $0F:$D04D		A,P		$D1C9
0F	D04A	LowerFixed_StorePlayerEntityStateAndResolveTile	Guarded flow recovery: Coherent routine block immediately after RTI $D049; 2 instructions, jumps and merges into existing code	A	A,P	$7000	$D1C9
0F	D16F	LowerFixed_GetPlayerFacingDestination	Direct call from $0F:$CC91; Direct call from $0F:$CFA5	A,X,Y	A,P,X,Y	$52,$52+X,$53,$57,$58	
0F	D1C9	LowerFixed_PushRecentMapTile	Direct call from $0F:$D00C; Direct call from $0F:$D0B9	A	A,P	$7140,$7141,$7142,$7143	
0F	D1E1	LowerFixed_WaitForMapTransitionCompletion	Direct call from $0F:$CA11		A,P		$E3E2,$FF74
0F	D1ED	LowerFixed_ShowFieldMessageAndWaitForInput	Tail jump from $0F:$CC85	A	A,P	$0539	$C8CC,$D1FD
0F	D1F0	LowerFixed_WaitForInputAndCloseFieldMessage	Direct call from $0F:$CDC3	A	A,P	$0539	$C8CC
0F	D1F3	LowerFixed_CloseFieldMessageWindow	Direct call from $08:$B7A9; Tail jump from $0F:$D20D	A	A,P	$0539	
0F	D1FD	LowerFixed_OpenFieldMessageWindowAndPrint	Direct call from $0F:$CDB9; Direct call from $0F:$D1ED; Direct call from $0F:$D207	A	P		
0F	D207	LowerFixed_ShowTimedFieldMessage	Direct call from $0F:$CF52	A	A,P	$0539	$D1FD,$D218
0F	D20A	LowerFixed_WaitThenCloseFieldMessage	Direct call from $0F:$D0E9	A	A,P	$0539	$D218
0F	D210	LowerFixed_WaitForButtonStateSixtyFrames	Guarded flow recovery: Coherent routine block immediately after JMP $D20D; 4 instructions, merges into existing code	A	A,P	$00	$D230
0F	D214	LowerFixed_WaitForButtonStateOneTwentyFrames	Fixed-bank mirror: Byte-identical to decoded upper fixed-bank entry $1F:$D214-$D217, which loads delay $78 and branches into shared code at $D21A	A	A,P	$00	$D230
0F	D218	LowerFixed_WaitForButtonStateOneEightyFrames	Direct call from $08:$B7A6; Direct call from $0F:$D20A	A	A,P	$00	$D230
0F	D230	LowerFixed_ReadButtonsAfterNmi	Direct call from $0F:$D21C; Direct call from $0F:$D226		A,P		$C8EC,$FF74
0F	D241	LowerFixed_ReadButtonsUnlessInputSuppressed	Direct call from $0F:$CA17; Direct call from $0F:$CA5C; Tail jump from $0F:$CAE7	A,X,Y	A,P,X,Y	$0529,$14,$14+X,$4016	$C8F3
0F	D251	LowerFixed_ReadWorldMapTile	Direct call from $0F:$CC39; Direct call from $0F:$CFB3; Direct call from $0F:$D4DD; Direct call from $0F:$F14F; Direct call from $0F:$F286	A	A,P	$04	$D266,$FF91
0F	D266	LowerFixed_ReadWorldMapTileBanked	Direct call from $0F:$D25B; Direct call from $0F:$ED27; Direct call from $0F:$ED42	X,Y	P	$00,$01	$D2B7,$D2E9,$D333,$D523
0F	D277	LowerFixed_ReadWorldMapTileTriplet	Guarded flow recovery: Coherent routine block immediately after RTS $D276; 10 instructions, returns and merges into existing code	A	A,P	$04	$D28C,$FF91
0F	D28C	LowerFixed_ReadWorldMapTileTripletBanked	Direct call from $0F:$D281; Direct call from $0F:$EBB1; Direct call from $0F:$F51C	A,X,Y	A,P,X,Y	$00,$01	$D2B7,$D2E9,$D333,$D35F,$D523
0F	D2B7	LowerFixed_NormalizeWorldMapCoordinates	Direct call from $0F:$D26A; Direct call from $0F:$D290	A,X,Y	A,P,X,Y	$49,$4A	
0F	D2E9	LowerFixed_SelectWorldMapRowData	Direct call from $0F:$D26D; Direct call from $0F:$D293	A,X,Y	A,P,X,Y	$02,$49,$4A	
0F	D333	LowerFixed_DecodeWorldMapTileRun	Direct call from $0F:$D270; Direct call from $0F:$D296	A,Y	A,P,Y	$02,$03	$D38B
0F	D35F	LowerFixed_FinishForwardWorldMapRunDecode	Direct call from $0F:$D2A1; Direct call from $0F:$D2AC	A,Y	A,P,Y	$02,$03	
0F	D38B	LowerFixed_DecodeWorldMapTileRunReverse	Direct call from $0F:$D386	A,X,Y	A,P,X,Y	$02,$03	
0F	D3E6	LowerFixed_GetMapTileAtCoordinates	Direct call from $08:$87A9; Direct call from $08:$87E6; Direct call from $08:$88F5; Direct call from $08:$895B; Direct call from $0F:$D084; Direct call from $0F:$D699; Direct call from $0F:$DBEA; Direct call from $0F:$EAE5; Direct call from $0F:$EB00; Direct call from $0F:$EC79; Direct call from $0F:$EC94; Direct call from $0F:$F155; Direct call from $0F:$F28D	A,X,Y	A,P,X,Y	$00,$01	$C81D,$C827,$D459
0F	D41A	LowerFixed_ReadMapTileAndAdvanceColumn	Direct call from $0F:$EB0F	A,X,Y	A,P,Y	$00,$01	$D459
0F	D426	LowerFixed_AdvanceMapPointerOneByte	Direct call from $0F:$EAEE; Direct call from $0F:$EB09	A	A,P	$00,$01	
0F	D437	LowerFixed_ReadMapTileAndAdvanceRow	Direct call from $0F:$ECA3; Direct call from $0F:$F03B	A,X,Y	A,P,Y	$00,$01	$D459
0F	D443	LowerFixed_AdvanceMapPointerOneRow	Direct call from $0F:$EC82; Direct call from $0F:$EC9D; Direct call from $0F:$F01D; Direct call from $0F:$F031	A	A,P	$00,$01	
0F	D459	LowerFixed_SelectOutOfBoundsMapTile	Direct call from $0F:$D416	A,X,Y	A,P,X,Y		
0F	D4B5	LowerFixed_ComputeWorldMapNeighborMask	Direct call from $0F:$D48A	A	A,P	$53,$54,$59	$D4D9
0F	D4D9	LowerFixed_AccumulateWorldMapNeighborBit	Direct call from $0F:$D4B9; Direct call from $0F:$D4C0; Direct call from $0F:$D4C7; Direct call from $0F:$D4CE	A	A,P,X,Y	$59	$D251
0F	D4F3	LowerFixed_ResolveMapTileGraphicsRecord	Direct call from $0F:$EAE8; Direct call from $0F:$EB03; Direct call from $0F:$EB12; Direct call from $0F:$EC7C; Direct call from $0F:$EC97; Direct call from $0F:$ECA6; Direct call from $0F:$F03E; Tail jump from $0F:$F158	A,X	A,P,X		
0F	D523	LowerFixed_ApplyWorldMapTileOverride	Direct call from $0F:$D273; Direct call from $0F:$D299; Direct call from $0F:$D2A4; Direct call from $0F:$D2AF	A	A,P		
0F	D53B	LowerFixed_UpdateMapObjectsForced	Direct call from $0F:$D112	A,X,Y	A,P,X,Y	$052A,$052B,$052C,$052D,$51,$52,$56,$58,$7004+X,$7024+X,$7144+Y,$7B,$7C	$D251,$D3E6,$D57F,$D59D,$D5AD,$D5C0,$F243,$F2D7,$F372,$F38D,$F3A5,$F3AE,$F3B9,$F3C4,$F3F3,$F40C,$F433,$F467,$F489,$FF91
0F	D542	LowerFixed_UpdateMapObjects	Direct call from $0F:$C9F6	A,X,Y	A,P,X,Y	$052A,$052B,$052C,$052D,$51,$52,$56,$58,$7004+X,$7024+X,$7144+Y,$7B,$7C	$D251,$D3E6,$D57F,$D59D,$D5AD,$D5C0,$F243,$F2D7,$F372,$F38D,$F3A5,$F3AE,$F3B9,$F3C4,$F3F3,$F40C,$F433,$F467,$F489,$FF91
0F	D546	LowerFixed_UpdateMapObjectsCore	Tail jump from $0F:$D53F	A,X,Y	A,P,X,Y	$052A,$052B,$052C,$052D,$51,$52,$58,$7004+X,$7024+X,$7144+Y,$7B,$7C	$D251,$D3E6,$D57F,$D59D,$D5AD,$D5C0,$F243,$F2D7,$F372,$F38D,$F3A5,$F3AE,$F3B9,$F3C4,$F3F3,$F40C,$F433,$F467,$F489,$FF91
0F	D57F	LowerFixed_RunForcedMapObjectUpdateLoop	Direct call from $0F:$D571		P		$D5EE,$D607
0F	D59D	LowerFixed_ApplyMapObjectMotionFlag	Direct call from $0F:$D59A	A,X	A,P,X	$7004+X	
0F	D5AD	LowerFixed_RunMapObjectAnimationLoop	Direct call from $0F:$D595		A,P		$D5EE,$D5FE,$FF91
0F	D5B2	LowerFixed_RunMapObjectAnimationPass	Tail jump from $0F:$D5B8		P		$D5EE,$D5FE
0F	D5BB	LowerFixed_RestoreMapObjectCallerBank	Direct ROM analysis: Dormant LDA $58 / JMP $FF91 bank-selection helper, byte-identical in both fixed banks	A	A,P	$0501,$0507,$BFFF,$FFFF	
0F	D5C0	LowerFixed_ProcessNextAnimatedMapObject	Direct call from $0F:$D589	A,X	A,P,X	$51,$57	$D5EA,$D9CB
0F	D5EA	LowerFixed_UpdateCurrentMapObjectAnimation	Direct call from $0F:$D5D4		P		$D94B
0F	D5EE	LowerFixed_AdvanceMapObjectIndexOrExit	Direct call from $0F:$D582; Direct call from $0F:$D5B5	A	A,P	$51	$FF91
0F	D5FE	LowerFixed_ProcessNextForcedMapObject	Direct call from $0F:$D5B2	A,X,Y	A,P,X,Y	$0201+X,$0202+X,$0205+X,$0206+X,$0209+X,$020A+X,$020D+X,$020E+X,$54,$6F60+X,$6F80+X,$6FA0+X,$6FC0+X,$7000+X,$71E0+X	$C78C,$D621,$D63B,$D684,$D864,$D876,$D891,$FF91
0F	D607	LowerFixed_ProcessCurrentMapObjectSlot	Direct call from $0F:$D57F	A,X,Y	A,P,X,Y	$0201+X,$0202+X,$0205+X,$0206+X,$0209+X,$020A+X,$020D+X,$020E+X,$54,$6F60+X,$6F80+X,$6FA0+X,$6FC0+X,$7000+X,$71E0+X	$C78C,$D621,$D63B,$D684,$D864,$D876,$D891,$FF91
0F	D621	LowerFixed_RefreshMapObjectViewportFlag	Direct call from $0F:$D615	A,X	A,P,X	$52,$53,$7020+X	$D6F4
0F	D63B	LowerFixed_TestMapObjectCommandReady	Direct call from $0F:$D610	A,X	A,P	$7040+X,$70E0+X	
0F	D684	LowerFixed_UpdateMapObjectTerrainAndCollision	Direct call from $0F:$D61B	A,X	A,P,X,Y	$54,$55,$7140+X	$D3E6,$D6B6,$D6DB,$D6E8,$D6F4,$D722,$D752
0F	D6B6	LowerFixed_ValidateMapObjectTerrainType	Direct call from $0F:$D6A2	A,X,Y	A,P,X,Y		
0F	D6DB	LowerFixed_ValidateMapObjectCoordinates	Direct call from $0F:$D6A5	A	A,P		
0F	D6E8	LowerFixed_ValidateMapObjectTerrainClass	Direct call from $0F:$D6A8	A,X	A,P,X		
0F	D6F4	LowerFixed_UpdateMapObjectViewportInteraction	Direct call from $0F:$D62B; Direct call from $0F:$D6AB	A	A,P	$5F,$60	
0F	D722	LowerFixed_FindMapEntityAtCoordinates	Direct call from $0F:$D690	A,X	A,P,X		
0F	D724	LowerFixed_FindEntityAtCoordinatesFromIndex	Direct call from $0F:$D07B	A,X	A,P,X		
0F	D752	LowerFixed_GetEntityFacingCoordinates	Direct call from $0F:$D685	A,X,Y	A,P,X,Y	$52,$53	
0F	D76E	LowerFixed_MoveAndRenderMapObject	Tail jump from $0F:$D61E	A,X,Y	A,P,X,Y	$0201+X,$0202+X,$0205+X,$0206+X,$0209+X,$020A+X,$020D+X,$020E+X,$54,$6F60+X,$6F80+X,$6FA0+X,$6FC0+X,$7000+X,$71E0+X	$C78C,$D864,$D876
0F	D7D5	LowerFixed_RenderPartyMapEntities	Direct call from $0F:$CA05	A	A,P,X		$D7F1
0F	D7F1	LowerFixed_RenderActiveMapEntity	Direct call from $0F:$D7E1; Direct call from $0F:$D7E4; Direct call from $0F:$D7E7; Direct call from $0F:$D7EA; Direct call from $0F:$D7ED	A,X	A,P,X	$0201+X,$0202+X,$0205+X,$0206+X,$0209+X,$020A+X,$020D+X,$020E+X	$C78C,$D864,$D876
0F	D7FC	LowerFixed_RenderVisibleMapEntity	Direct call from $0F:$CD42; Direct call from $0F:$CD4B; Direct call from $0F:$CFA2; Tail jump from $0F:$CD0C; Tail jump from $0F:$F1BE; Tail jump from $0F:$F3AB	A,X	A,P,X	$0201+X,$0202+X,$0205+X,$0206+X,$0209+X,$020A+X,$020D+X,$020E+X	$C78C,$D864,$D876
0F	D864	LowerFixed_SelectEntitySpriteDefinition	Direct call from $0F:$D81A	A	A,P	$4F,$50	
0F	D876	LowerFixed_LoadEntitySpriteFrame	Direct call from $0F:$D822	A,X,Y	A,P,X,Y	$00+X	
0F	D891	LowerFixed_DispatchMapObjectCommand	Direct call from $0F:$D618; Tail jump from $0F:$DA44; Tail jump from $0F:$DA56; Tail jump from $0F:$DA72; Tail jump from $0F:$DA94; Tail jump from $0F:$DBAA; Tail jump from $0F:$DBCD; Tail jump from $0F:$DBF2; Tail jump from $0F:$DC20; Tail jump from $0F:$DC2D; Tail jump from $0F:$DC38; Tail jump from $0F:$DCFC; Tail jump from $0F:$DE24; Tail jump from $0F:$DE3F; Tail jump from $0F:$DE5A; Tail jump from $0F:$DE6A; Tail jump from $0F:$DE8F	A,X,Y	A,P,X,Y	$4D,$4E,$52,$53,$57	
0F	D8AB	LowerFixed_DispatchStandardMapObjectCommand	Tail jump from $0F:$DDC8	A,Y	A,P,Y	$52,$53	
0F	D8CB	LowerFixed_HideMapEntityCommand	Pointer $0F:$DF02 (49-entry map-object command table selected at $D8A3-$D8B7; out-of-range values use entry zero)		A,P		$DA59,$DDE3
0F	D8CE	LowerFixed_HideMapEntityWithoutAdvance	Pointer $0F:$DF60 (49-entry map-object command table selected at $D8A3-$D8B7; out-of-range values use entry zero)		A,P		$DA59
0F	D8D4	LowerFixed_ShowMapEntityCommand	Pointer $0F:$DF04 (49-entry map-object command table selected at $D8A3-$D8B7; out-of-range values use entry zero)		A,P		$DA47,$DDE3
0F	D8D7	LowerFixed_ShowMapEntityWithoutAdvance	Pointer $0F:$DF56 (49-entry map-object command table selected at $D8A3-$D8B7; out-of-range values use entry zero)		A,P		$DA47
0F	D8DD	LowerFixed_RandomizeEntityFacingCommand	Pointer $0F:$DF06 (49-entry map-object command table selected at $D8A3-$D8B7; out-of-range values use entry zero)	A,X	A,P	$68,$7000+X	$C891,$DDE3
0F	D8E0	LowerFixed_RandomizeEntityFacingWithoutAdvance	Pointer $0F:$DF58 (49-entry map-object command table selected at $D8A3-$D8B7; out-of-range values use entry zero)	A,X	A,P	$68,$7000+X	$C891
0F	D90A	LowerFixed_TurnEntityClockwiseCommand	Pointer $0F:$DF0C (49-entry map-object command table selected at $D8A3-$D8B7; out-of-range values use entry zero)	A,X	A,P	$7000+X	$DDE3
0F	D910	LowerFixed_SetRotatedEntityFacing	Tail jump from $0F:$D92E	A,X	A,P	$7000+X	$DDE3
0F	D928	LowerFixed_TurnEntityCounterclockwiseCommand	Pointer $0F:$DF0E (49-entry map-object command table selected at $D8A3-$D8B7; out-of-range values use entry zero)	A,X	A,P	$7000+X	$DDE3
0F	D931	LowerFixed_SetMapObjectInactiveCommand	Pointer $0F:$DF10 (49-entry map-object command table selected at $D8A3-$D8B7; out-of-range values use entry zero)		A,P		$D9AB
0F	D937	LowerFixed_RemoveMapObjectCommand	Pointer $0F:$DF12 (49-entry map-object command table selected at $D8A3-$D8B7; out-of-range values use entry zero)	A,X	A,P	$6F60+X,$6F80+X,$6FA0+X,$6FC0+X	$D9AB
0F	D94B	LowerFixed_AnimateMapObjectRemoval	Direct call from $0F:$D5EA; Pointer $0F:$DF14 (49-entry map-object command table selected at $D8A3-$D8B7; out-of-range values use entry zero); Pointer $0F:$DF16 (49-entry map-object command table selected at $D8A3-$D8B7; out-of-range values use entry zero)	A,X	A,P,X	$6F60+X,$6F80+X,$6FA0+X,$6FC0+X,$7020+X,$7160+X	$DDE3
0F	D974	LowerFixed_ActivateMapObjectAndYield	Tail jump from $0F:$DA0E	A,X	A,P	$7020+X	
0F	D99D	LowerFixed_StoreEntityMotionTimerAndHide	Tail jump from $0F:$D971	A,X	A,P	$7020+X,$7160+X	
0F	D9AB	LowerFixed_SetMapObjectInactiveAndAdvanceScript	Direct call from $0F:$D931; Direct call from $0F:$D937	A,X	A,P,X	$7020+X	$DDE7
0F	D9B8	LowerFixed_ActivateMapObjectCommand	Pointer $0F:$DF18 (49-entry map-object command table selected at $D8A3-$D8B7; out-of-range values use entry zero)	A,X	A,P,X	$7020+X	$DA11,$DDE3
0F	D9CB	LowerFixed_AnimateMapObjectAppearance	Direct call from $0F:$D5DA; Pointer $0F:$DF1A (49-entry map-object command table selected at $D8A3-$D8B7; out-of-range values use entry zero)	A,X	A,P,X	$7020+X,$7160+X	$DA11,$DDE3
0F	DA11	LowerFixed_SaveEntityCoordinates	Direct call from $0F:$D9C2; Direct call from $0F:$DA0B	A,X	A,P	$6FA0+X,$6FC0+X	
0F	DA1E	LowerFixed_ApplyPlayerFacingToMovingEntity	Pointer $0F:$DF1C (49-entry map-object command table selected at $D8A3-$D8B7; out-of-range values use entry zero)		A,P,X		$DDF3
0F	DA2E	LowerFixed_SetEntityStateFlag08Command	Pointer $0F:$DF1E (49-entry map-object command table selected at $D8A3-$D8B7; out-of-range values use entry zero)	A,X	A,P,X	$70E0+X	$DDE3
0F	DA3E	LowerFixed_ShowMapEntityAndContinueCommand	Pointer $0F:$DF20 (49-entry map-object command table selected at $D8A3-$D8B7; out-of-range values use entry zero)	A,X,Y	A,P,X,Y	$4D,$4E,$52,$53,$57	$DA47,$DDE3
0F	DA47	LowerFixed_ShowMapEntity	Direct call from $0F:$D8D7; Direct call from $0F:$DA3E	A,X	A,P	$70E0+X	
0F	DA50	LowerFixed_HideMapEntityAndContinueCommand	Pointer $0F:$DF22 (49-entry map-object command table selected at $D8A3-$D8B7; out-of-range values use entry zero)	A,X,Y	A,P,X,Y	$4D,$4E,$52,$53,$57	$DA59,$DDE3
0F	DA59	LowerFixed_HideMapEntity	Direct call from $0F:$D8CE; Direct call from $0F:$DA50	A,X	A,P	$70E0+X	
0F	DA62	LowerFixed_SetEntityAnimationStateCommand	Pointer $0F:$DF24 (49-entry map-object command table selected at $D8A3-$D8B7; out-of-range values use entry zero)	A,X,Y	A,P,X,Y	$4D,$4E,$52,$53,$57,$7040+X,$70E0+X	$DDE3
0F	DA75	LowerFixed_SelectEntityAnimationCommand	Pointer $0F:$DF26 (49-entry map-object command table selected at $D8A3-$D8B7; out-of-range values use entry zero); Pointer $0F:$DF28 (49-entry map-object command table selected at $D8A3-$D8B7; out-of-range values use entry zero); Pointer $0F:$DF2A (49-entry map-object command table selected at $D8A3-$D8B7; out-of-range values use entry zero); Pointer $0F:$DF2C (49-entry map-object command table selected at $D8A3-$D8B7; out-of-range values use entry zero); Pointer $0F:$DF2E (49-entry map-object command table selected at $D8A3-$D8B7; out-of-range values use entry zero); Pointer $0F:$DF30 (49-entry map-object command table selected at $D8A3-$D8B7; out-of-range values use entry zero); Pointer $0F:$DF32 (49-entry map-object command table selected at $D8A3-$D8B7; out-of-range values use entry zero); Pointer $0F:$DF34 (49-entry map-object command table selected at $D8A3-$D8B7; out-of-range values use entry zero); Pointer $0F:$DF36 (49-entry map-object command table selected at $D8A3-$D8B7; out-of-range values use entry zero); Pointer $0F:$DF38 (49-entry map-object command table selected at $D8A3-$D8B7; out-of-range values use entry zero); Pointer $0F:$DF3A (49-entry map-object command table selected at $D8A3-$D8B7; out-of-range values use entry zero); Pointer $0F:$DF3C (49-entry map-object command table selected at $D8A3-$D8B7; out-of-range values use entry zero); Pointer $0F:$DF3E (49-entry map-object command table selected at $D8A3-$D8B7; out-of-range values use entry zero); Pointer $0F:$DF40 (49-entry map-object command table selected at $D8A3-$D8B7; out-of-range values use entry zero); Pointer $0F:$DF42 (49-entry map-object command table selected at $D8A3-$D8B7; out-of-range values use entry zero)	A,X,Y	A,P,X,Y	$4D,$4E,$52,$53,$57,$7040+X,$70E0+X	$DDE3
0F	DA97	LowerFixed_StartScriptedBattleCommand	Pointer $0F:$DF44 (49-entry map-object command table selected at $D8A3-$D8B7; out-of-range values use entry zero)	Y	A,P,Y		$DDE0
0F	DAA4	LowerFixed_RunBank1CMapObjectPresentationCommand	Pointer $0F:$DF46 (49-entry map-object command table selected at $D8A3-$D8B7; out-of-range values use entry zero)	A	A,P,X		$DAC6,$DDE0,$FF91
0F	DAC6	LowerFixed_InitializeBank1CMapObjectPresentation	Direct call from $0F:$DAB4	A,X,Y	A,P,X,Y	$00,$01,$0530,$0531,$0532,$0533,$55,$56	$C3EA,$DB6A
0F	DB18	LowerFixed_AdvanceBank1CMapObjectPresentation	Direct call from $0F:$CA4A	A	A,P,X,Y	$00,$01,$0530,$0531,$0532,$0533	$C3EA,$DB6A
0F	DB6A	LowerFixed_ReadBank1CMapObjectPresentationByte	Direct call from $0F:$DB0D; Direct call from $0F:$DB18	A	A,P,X,Y	$00,$01	$C3EA
0F	DB83	LowerFixed_SetEntityFacingAndSpriteCommand	Pointer $0F:$DF48 (49-entry map-object command table selected at $D8A3-$D8B7; out-of-range values use entry zero)	A,X,Y	A,P,X,Y	$4D,$4E,$52,$53,$57,$6FE0+X	$DDE0,$DDF3
0F	DBAD	LowerFixed_SetEntityTargetCoordinatesCommand	Pointer $0F:$DF4A (49-entry map-object command table selected at $D8A3-$D8B7; out-of-range values use entry zero)	A,X,Y	A,P,X,Y	$4D,$4E,$52,$53,$57,$71A0+X,$71C0+X	$DDDD
0F	DBD0	LowerFixed_SetEntityPositionCommand	Pointer $0F:$DF4C (49-entry map-object command table selected at $D8A3-$D8B7; out-of-range values use entry zero)	A,X,Y	A,P,X,Y	$4D,$4E,$52,$53,$57,$6F60+X,$6F80+X,$6FA0+X,$6FC0+X,$7140+X	$D3E6,$DDDD
0F	DBF5	LowerFixed_StartEntityPathCommand	Pointer $0F:$DF4E (49-entry map-object command table selected at $D8A3-$D8B7; out-of-range values use entry zero)	A,X,Y	A,P,X,Y	$0527,$0593,$0594,$059C	$DDDD
0F	DC16	LowerFixed_SetMapFlagBitsCommand	Pointer $0F:$DF50 (49-entry map-object command table selected at $D8A3-$D8B7; out-of-range values use entry zero)	A,X,Y	A,P,X,Y	($52),Y,$4D,$4E,$52,$53,$57	$DC3B,$DDDA
0F	DC23	LowerFixed_ClearMapFlagBitsCommand	Pointer $0F:$DF52 (49-entry map-object command table selected at $D8A3-$D8B7; out-of-range values use entry zero)	A,X,Y	A,P,X,Y	($52),Y,$4D,$4E,$52,$53,$57	$DC3B,$DDDA
0F	DC30	LowerFixed_WriteMapFlagByteCommand	Pointer $0F:$DF54 (49-entry map-object command table selected at $D8A3-$D8B7; out-of-range values use entry zero)	A,X,Y	A,P,X,Y	($52),Y,$4D,$4E,$52,$53,$57	$DC3B,$DDDA
0F	DC3B	LowerFixed_DecodeMapFlagOperand	Direct call from $0F:$DC16; Direct call from $0F:$DC23; Direct call from $0F:$DC30	A,Y	A,P,Y	$52,$53	
0F	DC4B	LowerFixed_FaceMapObjectTowardTargetCommand	Pointer $0F:$DF08 (49-entry map-object command table selected at $D8A3-$D8B7; out-of-range values use entry zero)	A,X,Y	A,P,X,Y	$4D,$4E,$52,$53,$54,$57	$C891,$DDE3,$DDF3
0F	DC9F	LowerFixed_MoveEntityTowardExplicitTarget	Tail jump from $0F:$DD03	A,X,Y	A,P,X,Y	$4D,$4E,$52,$53,$57	$C891,$DDE3,$DDF3
0F	DCFF	LowerFixed_FaceMapObjectAwayFromTargetCommand	Pointer $0F:$DF0A (49-entry map-object command table selected at $D8A3-$D8B7; out-of-range values use entry zero)	A,X,Y	A,P,X,Y	$4D,$4E,$52,$53,$54,$57	$C891,$DDE3,$DDF3
0F	DD06	LowerFixed_SetMapTileCommand	Pointer $0F:$DF5A (49-entry map-object command table selected at $D8A3-$D8B7; out-of-range values use entry zero)	A,Y	A,P,X,Y		
0F	DD1F	LowerFixed_SelectRandomAllowedEntityDirection	Pointer $0F:$DF5C (49-entry map-object command table selected at $D8A3-$D8B7; out-of-range values use entry zero)	A,X,Y	A,P,X,Y	$53,$54	$C891,$DDF3
0F	DDAF	LowerFixed_BranchOnPlayerLocalCoordinates	Pointer $0F:$DF5E (49-entry map-object command table selected at $D8A3-$D8B7; out-of-range values use entry zero)	A,X,Y	A,P,X,Y	$4D,$4E,$52,$53,$57	$DDDA
0F	DDCB	LowerFixed_PlayScriptedMapAudioTrack	Pointer $0F:$DF62 (49-entry map-object command table selected at $D8A3-$D8B7; out-of-range values use entry zero)	Y	A,P,Y		
0F	DDDA	LowerFixed_AdvanceMapObjectScriptFourBytes	Direct call from $0F:$DC1D; Direct call from $0F:$DC2A; Direct call from $0F:$DC35; Direct call from $0F:$DD19; Direct call from $0F:$DDBE		P		$DDE7
0F	DDDD	LowerFixed_AdvanceMapObjectScriptThreeBytes	Direct call from $0F:$DBBB; Direct call from $0F:$DBCA; Direct call from $0F:$DBE5; Direct call from $0F:$DBFE; Direct call from $0F:$DE78; Direct call from $0F:$DECF		P		$DDE7
0F	DDE0	LowerFixed_AdvanceMapObjectScriptTwoBytes	Direct call from $0F:$DA9B; Direct call from $0F:$DAB9; Direct call from $0F:$DBA7; Direct call from $0F:$DDD4; Direct call from $0F:$DE30; Direct call from $0F:$DEFC		P		$DDE7
0F	DDE3	LowerFixed_AdvanceMapObjectScriptOneByte	Direct call from $0F:$D8CB; Direct call from $0F:$D8D4; Direct call from $0F:$D8DD; Direct call from $0F:$D922; Direct call from $0F:$D97F; Direct call from $0F:$D9C5; Direct call from $0F:$D9FB; Direct call from $0F:$DA38; Direct call from $0F:$DA41; Direct call from $0F:$DA53; Direct call from $0F:$DA6F; Direct call from $0F:$DA91; Direct call from $0F:$DCF9; Direct call from $0F:$DE21; Tail jump from $0F:$D9B5		P		$DDE7
0F	DDE7	LowerFixed_AdvanceMapObjectScriptPointer	Direct call from $0F:$DDDA; Direct call from $0F:$DDDD; Direct call from $0F:$DDE0; Direct call from $0F:$DDE3	X	P	$7060+X,$7080+X	
0F	DDF0	LowerFixed_ReturnFromMapObjectCommand	Tail jump from $0F:$D8D1; Tail jump from $0F:$D8DA; Tail jump from $0F:$D925; Tail jump from $0F:$D934; Tail jump from $0F:$D948; Tail jump from $0F:$D9A8; Tail jump from $0F:$D9C8; Tail jump from $0F:$DA2B; Tail jump from $0F:$DA3B; Tail jump from $0F:$DAC3; Tail jump from $0F:$DC13; Tail jump from $0F:$DECB		A,P		
0F	DDF3	LowerFixed_SetEntityFacingDirection	Direct call from $0F:$DA26; Direct call from $0F:$DB8A; Direct call from $0F:$DCEA; Direct call from $0F:$DDAA; Direct call from $0F:$DEE0	A,X	A,P	$7000+X	
0F	DE06	LowerFixed_RestoreMapObjectLoopPointer	Pointer $0F:$DF64 (Eleven-entry high-bit map-object command table selected and dispatched at $D8BA-$D8C8)	A,X,Y	A,P,X,Y	$4D,$4E,$52,$53,$57,$7060+X,$7080+X	
0F	DE0B	LowerFixed_RepeatMapObjectLoopCommand	Pointer $0F:$DF66 (Eleven-entry high-bit map-object command table selected and dispatched at $D8BA-$D8C8)	A,X,Y	A,P,X,Y	$4D,$4E,$52,$53,$57,$7060+X,$7080+X,$7180+X	$DDE3
0F	DE12	LowerFixed_RestoreMapObjectLoopPointerBody	Tail jump from $0F:$DE08	A,X,Y	A,P,X,Y	$4D,$4E,$52,$53,$57,$7060+X,$7080+X	
0F	DE27	LowerFixed_BeginMapObjectLoopCommand	Pointer $0F:$DF68 (Eleven-entry high-bit map-object command table selected and dispatched at $D8BA-$D8C8)	A,X,Y	A,P,X,Y	$4D,$4E,$52,$53,$57,$70A0+X,$70C0+X,$7180+X	$DDE0
0F	DE42	LowerFixed_BranchMapObjectScriptRelativeCommand	Pointer $0F:$DF6A (Eleven-entry high-bit map-object command table selected and dispatched at $D8BA-$D8C8)	A,X,Y	A,P,X,Y	$4D,$4E,$52,$53,$57,$7060+X,$7080+X	
0F	DE5D	LowerFixed_JumpMapObjectScriptCommand	Pointer $0F:$DF6C (Eleven-entry high-bit map-object command table selected and dispatched at $D8BA-$D8C8)	A,X,Y	A,P,X,Y	$4D,$4E,$52,$53,$57,$7060+X,$7080+X	
0F	DE6D	LowerFixed_CallMapObjectScriptCommand	Pointer $0F:$DF6E (Eleven-entry high-bit map-object command table selected and dispatched at $D8BA-$D8C8)	A,X,Y	A,P,X,Y	$4D,$4E,$52,$53,$57,$7060+X,$7080+X,$70A0+X,$70C0+X	$DDDD
0F	DE92	LowerFixed_DispatchMapObjectOperationCommand	Pointer $0F:$DF70 (Eleven-entry high-bit map-object command table selected and dispatched at $D8BA-$D8C8)	A,Y	A,P,Y	$52,$53	
0F	DEA9	LowerFixed_AdvanceScriptPointerAtLocalCoordinate	Pointer $0F:$DEA5 (Two-entry map-object operation table selected and dispatched at $DE92-$DEA2)	A,X,Y	A,P,X,Y	$4D,$4E,$52,$53,$57,$7060+X,$7080+X	
0F	DECE	LowerFixed_NoOpMapObjectOperation	Pointer $0F:$DEA7 (Two-entry map-object operation table selected and dispatched at $DE92-$DEA2)		P		
0F	DECF	LowerFixed_SetEntityFacingFromPlayerCommand	Pointer $0F:$DF72 (Eleven-entry high-bit map-object command table selected and dispatched at $D8BA-$D8C8)	A	A,P		$DDDD,$DDF3
0F	DEE5	LowerFixed_InvokeMapEventCommand	Pointer $0F:$DF74 (Eleven-entry high-bit map-object command table selected and dispatched at $D8BA-$D8C8); Pointer $0F:$DF76 (Eleven-entry high-bit map-object command table selected and dispatched at $D8BA-$D8C8); Pointer $0F:$DF78 (Eleven-entry high-bit map-object command table selected and dispatched at $D8BA-$D8C8)	A,Y	A,P,Y		
0F	DF7A	LowerFixed_ReadThreeBankedMapDataBytes	Fixed-bank mirror: Byte-identical to decoded upper fixed-bank entry $1F:$DF7A, which switches to bank $51 and decodes a three-byte object record before merging into shared code	A,Y	A,P,Y	$98,$99,$9A	$DF9F,$FF91
0F	DF9F	LowerFixed_AdvanceBankedMapDataPointer	Direct call from $0F:$DF89; Direct call from $0F:$DF90; Direct call from $0F:$DF97	A,X	A,P,X	$0507,$49,$4A,$51	$FF91
0F	DFF1	LowerFixed_InitializeMapEntityRendering	Direct call from $0F:$CC55; Direct call from $0F:$D042	A,X	A,P,X	$07BB,$16,$61,$7000+X,$7100+X,$7120+X,$E4,$EA,$EB,$EC,$ED	$E147,$E160,$E169,$E368,$E402,$E4F6
0F	E06E	LowerFixed_UpdateMapEntityRendering	Direct call from $0F:$C9F9	A,X,Y	A,P,X,Y	$00ED,$7000+X,$E2,$E3,$E4,$E5,$EA,$EB,$EC,$ED	$E147,$E160,$E169,$E2EE
0F	E147	LowerFixed_InitializePlayerOamPosition	Direct call from $0F:$E029; Direct call from $0F:$E06E	A,Y	A,P,X,Y	$00,$01,$0200+Y,$0203+Y,$0204+Y,$0207+Y,$0208+Y,$020B+Y,$020C+Y,$020F+Y	$C78C
0F	E160	LowerFixed_HideEntityWithoutSpriteDefinition	Direct call from $0F:$E060; Direct call from $0F:$E0D6; Direct call from $0F:$E106	A,Y	A,P	$0200+Y,$0203+Y,$0204+Y,$0207+Y,$0208+Y,$020B+Y,$020C+Y,$020F+Y,$E2,$E4	$C78C,$E4BB
0F	E169	LowerFixed_RenderEntityWithinViewport	Direct call from $0F:$E050; Direct call from $0F:$E0DC; Direct call from $0F:$E128	A,X,Y	A,P	$0200+Y,$0203+Y,$0204+Y,$0207+Y,$0208+Y,$020B+Y,$020C+Y,$020F+Y,$DE,$DF,$E0,$E1,$E2,$E4,$E6	$C78C,$E368,$E45C,$E4BB
0F	E178	LowerFixed_ComputeAndClipEntityScreenPosition	Direct call from $0F:$E44E	A,X,Y	A,P	$0200+Y,$0203+Y,$0204+Y,$0207+Y,$0208+Y,$020B+Y,$020C+Y,$020F+Y,$DE,$DF,$E0,$E1,$E2,$E4,$E6	$C78C,$E368,$E45C,$E4BB
0F	E2EE	LowerFixed_AdvanceEntitySubtilePosition	Direct call from $0F:$E10E; Direct call from $0F:$E125	A,X	A,P	$6FA0+X,$6FC0+X,$7100+X,$7120+X	
0F	E336	LowerFixed_InitializePlayerOamCoordinates	Tail jump from $0F:$E15D	A,Y	A,P	$0200+Y,$0203+Y,$0204+Y,$0207+Y,$0208+Y,$020B+Y,$020C+Y,$020F+Y	$C78C
0F	E368	LowerFixed_RenderMapEntityFromCachedSprites	Direct call from $0F:$E030; Direct call from $0F:$E05A; Direct call from $0F:$E208; Direct call from $0F:$E263; Direct call from $0F:$E453	A,X,Y	A,P,X,Y	$00,$01,$02,$0201+X,$0202+X,$0205+X,$0206+X,$0209+X,$020A+X,$020D+X,$020E+X,$03	
0F	E3E2	LowerFixed_ResolveEntitySpriteConflicts	Direct call from $0F:$D1E6	A,X	A,P,X	$07BB,$70E0+X	$E419
0F	E402	LowerFixed_ClearEntitySpriteConflictFlags	Direct call from $0F:$DFFD	A,X	A,P,X	$70E0+X	
0F	E419	LowerFixed_ResolveOneEntitySpriteConflict	Direct call from $0F:$E3FA	A,X,Y	A,P,X,Y	$7000+X,$7000+Y,$70E0+X,$E2,$E4	$E178,$E368,$E4BB
0F	E45C	LowerFixed_AllocateEntityOamBlock	Direct call from $0F:$E1F6; Direct call from $0F:$E251	A,X	A,P	$00,$01,$07BB,$61,$62,$70E0+X	
0F	E4BB	LowerFixed_ReleaseEntityOamBlock	Direct call from $0F:$E1AE; Direct call from $0F:$E43A	A	A,P	$00,$01,$61,$62	
0F	E4F6	LowerFixed_HideAllOamSprites	Direct call from $0F:$DFFA; Guarded flow recovery: Coherent routine block immediately after RTS $E4F5; 6 instructions, returns	A,X	A,P,X	$0200+X	
0F	E501	LowerFixed_ResetMapEntityMotionState	Guarded flow recovery: Coherent routine block immediately after RTS $E500; 20 instructions, returns and jumps	A,X	A,P,X	$07BC,$61,$62,$7000+X	
0F	E52C	LowerFixed_ClampCoinSellerPriceTo9999999	Guarded flow recovery: Coherent routine block immediately after RTS $E52B; 16 instructions, returns	A	A,P	$FD,$FE,$FF	
0F	E54B	LowerFixed_LoadCurrentMapData	Tail jump from $0F:$C004	A	A,P	$0507	$E584,$E5A5,$FF91
0F	E584	LowerFixed_ResetPackedDecodeStateAndDispatch	Direct call from $0F:$E55C	A,X,Y	A,P,X,Y	($07),Y,$03,$04,$05,$06,$07,$08,$09,$54,$56,$57,$58,$59,$5A,$5B	$C81D,$C851,$E5B8,$E5C1,$E5E6,$E5EB,$E600,$E604,$E606,$E61A,$E76D,$E774,$E780,$E782,$E80B,$E867,$E86F,$E8AA,$E8E1
0F	E58A	LowerFixed_DispatchPackedDecodeMode	Direct call from $0F:$E5B4	A,X,Y	A,P,X,Y	($07),Y,$03,$04,$05,$06,$07,$08,$09,$54,$56,$57,$58,$59,$5A,$5B	$C81D,$C851,$E5E6,$E5EB,$E600,$E604,$E606,$E61A,$E76D,$E774,$E780,$E782,$E80B,$E867,$E86F,$E8AA,$E8E1
0F	E5A5	LowerFixed_PrimePackedDecodeState	Direct call from $0F:$E55F	A	A,P	$53,$66	$E58A,$E606
0F	E5B8	LowerFixed_ClearPackedDecodeState	Direct call from $0F:$E584	A	A,P	$52,$53,$5B	
0F	E5C1	LowerFixed_FillScratchRegionWithDecodedByte	Direct call from $0F:$E587	A,X,Y	A,P,X,Y	($4F),Y,$00,$4F,$50	$E5E6
0F	E5E6	LowerFixed_ReadCachedBitCount	Direct call from $0F:$E5C1; Direct call from $0F:$E678; Direct call from $0F:$E68E; Direct call from $0F:$E693; Direct call from $0F:$E698	A,X	A,P,X	$00,$01	$E61A
0F	E5EB	LowerFixed_ResolvePackedDecodeScratchPointer	Direct call from $0F:$E78C; Direct call from $0F:$E795	A	A,P,X,Y	$08,$09	$C81D,$E604
0F	E600	LowerFixed_ReturnPackedDecodeModeTwo	Direct call from $0F:$E58A; Direct call from $0F:$E67D	A,X	A,P,X	$00,$01	$E61A
0F	E604	LowerFixed_LoadPackedDecodeMode	Direct call from $0F:$E5EB; Direct call from $0F:$E6A3; Direct call from $0F:$E6BB	A,X	A,P,X	$00,$01	$E61A
0F	E606	LowerFixed_ReadBitstreamWord	Direct call from $0F:$E5AB; Direct call from $0F:$E7A8; Direct call from $0F:$E869; Tail jump from $0F:$E5E8	A,X	A,P,X	$00,$01	$E61A
0F	E61A	LowerFixed_ReadNextBitFromStream	Direct call from $0F:$E60D; Direct call from $0F:$E684; Direct call from $0F:$E79E; Direct call from $0F:$E7B7; Direct call from $0F:$E7DC	A,Y	A,P,Y	$0F,$52	$E642
0F	E642	LowerFixed_AdvanceBitstreamPointerAndBank	Direct call from $0F:$E637; Direct call from $0F:$E963; Direct call from $0F:$E98A; Direct call from $0F:$E9A0	A,X	A,P,X	$0507,$49,$4A	$FF91
0F	E76D	LowerFixed_IncrementDecodePointer	Direct call from $0F:$E717; Direct call from $0F:$E738; Direct call from $0F:$E752		P	$07,$08	
0F	E774	LowerFixed_DecrementDecodePointer	Direct call from $0F:$E72B	A	A,P	$07,$08	
0F	E780	LowerFixed_AddRowStrideToDecodePointer	Direct call from $0F:$E724; Direct call from $0F:$E749	A	A,P	$07,$08	
0F	E782	LowerFixed_AddAccumulatorToDecodePointer	Direct call from $0F:$E746	A	A,P	$07,$08	
0F	E795	LowerFixed_DecodePackedMapBlock	Tail jump from $0F:$E5A2	A,X,Y	A,P,X,Y	($07),Y,$03,$04,$05,$06,$07,$08,$09,$54,$56,$57,$58,$59,$5A,$5B	$C81D,$C851,$E5E6,$E5EB,$E600,$E604,$E606,$E61A,$E76D,$E774,$E780,$E782,$E80B,$E867,$E86F,$E8AA,$E8E1
0F	E80B	LowerFixed_DispatchDecodeCursorStepByMode	Direct call from $0F:$E802	A,X	A,P,X	$08,$09	$E83C,$E848,$E84F,$E85B
0F	E83C	LowerFixed_SubtractRowStrideFromDecodeCursor	Direct call from $0F:$E817	A	A,P	$08,$09	
0F	E848	LowerFixed_IncrementDecodeCursorByteOffset	Direct call from $0F:$E821		P	$08,$09	
0F	E84F	LowerFixed_AddRowStrideToDecodeCursor	Direct call from $0F:$E82A	A	A,P	$08,$09	
0F	E85B	LowerFixed_DecrementDecodeCursorByteOffset	Direct call from $0F:$E833	A	A,P	$08,$09	
0F	E867	LowerFixed_LoadDecodeStepModeFromBitstream	Direct call from $0F:$E79B	A	A,P	$56	$E606
0F	E86F	LowerFixed_EmitPackedValueBlockToPrimaryPointer	Direct call from $0F:$E78F; Direct call from $0F:$E798	A,Y	A,P,Y	($00),Y	$E88E
0F	E88E	LowerFixed_StorePackedValueAtPrimaryPointer	Direct call from $0F:$E873; Direct call from $0F:$E87D; Direct call from $0F:$E884	A,Y	A,P	($00),Y	
0F	E8AA	LowerFixed_EmitPackedValueBlockToSecondaryPointer	Direct call from $0F:$E805	A,Y	A,P,Y	($08),Y	$E8C5
0F	E8C5	LowerFixed_StorePackedValueAtSecondaryPointer	Direct call from $0F:$E8AE; Direct call from $0F:$E8B8; Direct call from $0F:$E8BF	A,Y	A,P	($08),Y	
0F	E8E1	LowerFixed_PushDecodeCursorState	Direct call from $0F:$E7E1; Direct call from $0F:$E7E7	A,X	A,P,X	$5B,$6E8A+X	
0F	E8F8	LowerFixed_AddRowStrideToWorkPointer	Guarded flow recovery: Coherent routine block immediately after RTS $E8F7; 7 instructions, returns	A	A,P	$49,$4A	
0F	E904	LowerFixed_SubtractRowStrideFromWorkPointer	Guarded flow recovery: Coherent routine block immediately after RTS $E903; 7 instructions, returns and merges into existing code	A	A,P	$49,$4A	
0F	E910	LowerFixed_MergeTileClassIntoAttributeByte	Guarded flow recovery: Coherent routine block immediately after RTS $E90F; 22 instructions, returns and merges into existing code	A,Y	A,P	($02),Y	$E91E
0F	E91E	LowerFixed_FetchAttributeByteAtTileCoordinates	Direct call from $0F:$E911	A,X,Y	A,P,X,Y	$02,$03	$C81D,$C827
0F	E944	LowerFixed_InitializeCurrentMapDecoder	Tail jump from $0F:$C016	A	A,P	$0507	
0F	E9AD	SelectMapDataBankForCurrentMap	Direct call from $0F:$E952; Supplied ROM map: Map-data bank selection routine at headerless ROM offset $3E9AD	X,Y	P,X,Y		
0F	E9CE	LowerFixed_AdvanceMapScrollStep	Tail jump from $0F:$C001	A,Y	A,P,Y	$052F,$3E	$EA03
0F	EA03	LowerFixed_UpdateDirectionalScrollOffsets	Direct call from $0F:$E9D5	A,X	A,P,X	$0505,$0508,$0509	$EA5A
0F	EA5A	LowerFixed_DispatchScrollTransitionPhase	Direct call from $0F:$EA03	A,X,Y	A,P,X,Y	$00,$01,$02,$03,$0300+Y,$0301+Y,$04,$05,$0501,$0507,$050A,$050B,$0522,$1F,$51,$53,$54,$55,$56,$6EB1+X,$6EC3+X,$6EC6+X,$6ED5+X,$6ED8+X,$6EE7+X,$6EEA+X,$6EF9+X,$6EFC+X,$6F0E+X,$BFFF,$FFFF	$C727,$C891,$D3E6,$D41A,$D426,$D437,$D443,$D4F3,$EB20,$EB25,$EB9B,$EC1A,$ECB4,$ED23,$ED32,$ED3E,$EDA7,$EDC7,$EE05,$EEB7,$EF42,$EFBF,$EFCA,$FF91
0F	EB20	LowerFixed_AdvanceDecodedTileOutputCoordinates	Direct call from $0F:$EAF1; Direct call from $0F:$EB18		P	$02,$03	
0F	EB25	LowerFixed_StoreTilePatternQuadIntoOutputBuffers	Direct call from $0F:$EAEB; Direct call from $0F:$EB06; Direct call from $0F:$EB15; Direct call from $0F:$EC7F; Direct call from $0F:$EC9A; Direct call from $0F:$ECA9	A,X,Y	A,P,Y	$6EC6+Y,$6ED8+Y,$6EEA+Y,$6EFC+Y,$6F0E+Y	
0F	EB9B	LowerFixed_BuildWorldMapTripletRunCache	Direct call from $0F:$EB8C	A,X	P	$53,$54,$56	$EBAD
0F	EBAD	LowerFixed_StoreBankedWorldMapTripletRecord	Direct call from $0F:$EB9F; Direct call from $0F:$ED32	A,X,Y	A,P,X,Y	$51,$53,$6E8A+X	$D28C
0F	EC1A	LowerFixed_CombineFourTileClassSamples	Direct call from $0F:$EBD1	A,X	A,P	$53	$EC3A
0F	EC3A	LowerFixed_AccumulateTileClassBit	Direct call from $0F:$EC1F; Direct call from $0F:$EC25; Direct call from $0F:$EC2B; Direct call from $0F:$EC31; Direct call from $0F:$EDAC; Direct call from $0F:$EDB2; Direct call from $0F:$EDB8; Direct call from $0F:$EDBE	A	A,P	$53	
0F	ECB4	LowerFixed_AdvanceTileMaskCoordinates	Direct call from $0F:$EC85; Direct call from $0F:$ECAC		P	$02,$04	
0F	ED23	LowerFixed_CacheWorldMapTileAt6E8B	Direct call from $0F:$ECFC	A	P,X,Y	$54,$55,$6E8B	$D266
0F	ED32	LowerFixed_CaptureFiveWorldTileTripletsDownColumn	Direct call from $0F:$ED10		P	$54,$55,$56	$EBAD
0F	ED3E	LowerFixed_CacheWorldMapTileAt6EBB	Direct call from $0F:$ED18	A	P,X,Y	$6EBB	$D266
0F	EDA7	LowerFixed_CombineAlternateTileClassSamples	Direct call from $0F:$ED54	A,X	A,P	$53	$EC3A
0F	EDC7	LowerFixed_ComputeHorizontalAttributeWindowBounds	Direct call from $0F:$EA9F	A,X	A,P,X	$00,$01,$0521,$0522,$0523,$0524,$0525	$C662
0F	EE05	LowerFixed_ComputeVerticalAttributeWindowBounds	Direct call from $0F:$EA8D	A	A,P	$01,$0521,$0522,$0523,$0525	$C662,$EE2F
0F	EE2F	LowerFixed_SelectNametableOriginXByMode	Direct call from $0F:$EE09	A,X	A,P,X	$00	
0F	EEB7	LowerFixed_CopyPackedColumnPairToRenderBuffer	Direct call from $0F:$EE71; Direct call from $0F:$EE93	A,X,Y	A,P,X,Y	$00,$0300+Y,$050A,$1F	
0F	EF42	LowerFixed_CopyAlternateColumnPairToRenderBuffer	Direct call from $0F:$EF1C	A,X,Y	A,P,X,Y	$00,$0300+Y,$050A,$1F	
0F	EFBF	LowerFixed_SelectRenderBufferRowOffset	Direct call from $0F:$EF78	X	A,P,X	$01	
0F	EFCA	LowerFixed_SelectRenderBufferColumnOffset	Direct call from $0F:$EF9C	A,X	A,P,X	$00	
0F	EFD7	LowerFixed_RebuildViewportWithoutSuspendingRendering	Tail jump from $0F:$C00D	A	A,P	$29	$C58F,$C5AF,$EFF5,$F15B,$F194
0F	EFDB	LowerFixed_RebuildViewportWithRenderingSuspended	Tail jump from $0F:$C00A	A	A,P	$29	$C58F,$C5AF,$EFF5,$F15B,$F194
0F	EFF5	LowerFixed_StreamViewportTileRows	Direct call from $0F:$EFE7	A	A,P,X,Y	$1F,$55,$58	$D437,$D443,$D4F3,$F06D,$F09E,$F147,$F17A,$F18D,$FF74
0F	F06D	LowerFixed_AdvanceViewportTileStreamCursor	Direct call from $0F:$F006; Direct call from $0F:$F020; Direct call from $0F:$F044	A	A,P	$53,$54,$56,$57,$58	
0F	F09E	LowerFixed_StreamMetatileToPpuOrQueue	Direct call from $0F:$F003; Direct call from $0F:$F01A; Direct call from $0F:$F02E; Direct call from $0F:$F041	A,Y	A,P,Y	$0300+Y,$0301+Y,$0302+Y,$050A,$050B,$1C,$1D,$2006,$2007,$56,$57	$C6BF,$F0CA,$F108,$F117,$F12B
0F	F0CA	LowerFixed_AdvancePpuAddressOneTileRow	Direct call from $0F:$F0A6; Direct call from $0F:$F0DA	A	A,P	$56,$57	
0F	F108	LowerFixed_QueueMetatileHeaderAndFirstPair	Direct call from $0F:$F0D7	A,X,Y	A,P,X,Y	$0300+Y,$050A	
0F	F117	LowerFixed_QueueMetatileContinuationPair	Direct call from $0F:$F0DD	A,X,Y	A,P,X,Y	$0300+Y,$050A	
0F	F12B	LowerFixed_WriteMetatilePairToPpu	Direct call from $0F:$F0A3; Direct call from $0F:$F0A9	A,X	A,P,X	$2006,$2007	
0F	F147	LowerFixed_ReadCurrentMapTileAndAttributes	Direct call from $0F:$F000; Direct call from $0F:$F017; Direct call from $0F:$F02B	A,X	A,P,X,Y		$C891,$D251,$D3E6,$D4B5
0F	F15B	LowerFixed_ResetViewportStreamState	Direct call from $0F:$EFE4	A	A,P	$0505,$0508,$0509,$55,$56,$57	
0F	F17A	LowerFixed_SeedViewportOriginFromPlayerLocal	Direct call from $0F:$F010	A,X,Y	A,P,X,Y	$53,$54	
0F	F17E	LowerFixed_SetViewportOriginAroundCoordinates	Tail jump from $0F:$F191	A,X,Y	A,P,X,Y	$53,$54	
0F	F18D	LowerFixed_SeedViewportOriginFromPlayerWorld	Direct call from $0F:$EFF9	A,X,Y	A,P,X,Y	$53,$54	
0F	F194	LowerFixed_ClearMapObjectScratchFlags	Direct call from $0F:$EFEA	A,X	A,P,X	$076A+X,$7020+X	
0F	F1AB	LowerFixed_PropagatePartyFollowerOffsets	Tail jump from $0F:$C007	A,X	A,P,X	$0201+X,$0202+X,$0205+X,$0206+X,$0209+X,$020A+X,$020D+X,$020E+X	$C78C,$D864,$D876,$F1B7,$F1C1
0F	F1B7	LowerFixed_PropagateLinkedEntityOffsetAndRenderNext	Direct call from $0F:$F1AD; Direct call from $0F:$F1B2	A,X	A,P,X	$0201+X,$0202+X,$0205+X,$0206+X,$0209+X,$020A+X,$020D+X,$020E+X	$C78C,$D864,$D876,$F1C1
0F	F1C1	LowerFixed_PropagateEntityLinkDeltaToNextSlot	Direct call from $0F:$F1B8	A,X,Y	A,P,X,Y	$6F60+Y,$6F80+Y,$7000+Y	
0F	F1FA	LowerFixed_SynchronizeFollowerFacingState	Tail jump from $0F:$C010	A,X	A,P,X	$7001+X,$7021+X	
0F	F223	LowerFixed_ReconcilePartyEntitySlots	Tail jump from $0F:$C013	A,X,Y	A,P,X,Y	$052A,$052B,$052C,$052D,$51,$52,$58,$7004+X,$7024+X,$7144+Y	$D251,$D3E6,$F243,$F2D7,$F372,$F38D,$F3A5,$F3AE,$F3B9,$F3C4,$F3F3,$F40C,$F433,$F467,$F489
0F	F243	LowerFixed_StampMatchedMapEntitySlotState	Direct call from $0F:$F23B	A,X,Y	A,P,X,Y	$51,$52,$7004+X,$7024+X,$7144+Y	$D251,$D3E6,$F372,$F38D,$F3A5,$F3AE,$F3B9,$F3C4,$F3F3,$F40C,$F433
0F	F2A1	LowerFixed_ResolvePartyEntitySlotMatch	Tail jump from $0F:$F2D4	A,X,Y	A,P,X,Y	$7004+X,$7024+X,$7144+Y	$F372,$F38D,$F3A5,$F3AE,$F3B9,$F3C4,$F3F3,$F40C,$F433
0F	F2D7	LowerFixed_SeedEntityMatchScanFromPrimarySlot	Direct call from $0F:$F276	A,X,Y	A,P,X,Y	$51,$52,$7004+X,$7024+X,$7144+Y	$F372,$F38D,$F3A5,$F3AE,$F3B9,$F3C4,$F3F3,$F40C,$F433
0F	F372	LowerFixed_ApplyPrimarySlotOrientationAndOffset	Direct call from $0F:$F2EC; Direct call from $0F:$F302; Direct call from $0F:$F311; Direct call from $0F:$F329; Direct call from $0F:$F346; Direct call from $0F:$F357	A,X,Y	A,P,X,Y	$052C+X,$7004+X	$F3D8
0F	F38D	LowerFixed_ApplySecondarySlotOrientationAndOffset	Direct call from $0F:$F319; Direct call from $0F:$F331; Direct call from $0F:$F34E; Direct call from $0F:$F35F	A,X,Y	A,P,X,Y	$7024+X	$F3D8
0F	F3A5	LowerFixed_RenderFollowingMapEntitySlot	Direct call from $0F:$F2F5; Direct call from $0F:$F30B; Direct call from $0F:$F31C; Direct call from $0F:$F334; Direct call from $0F:$F351; Direct call from $0F:$F362	A,X	A,P,X	$0201+X,$0202+X,$0205+X,$0206+X,$0209+X,$020A+X,$020D+X,$020E+X	$C78C,$D864,$D876
0F	F3AE	LowerFixed_ClearSecondarySlotActiveFlag	Direct call from $0F:$F2EF; Direct call from $0F:$F308	A,X	A,P,X	$7024+X	
0F	F3B9	LowerFixed_ClearLinkedEntityStateFlag	Direct call from $0F:$F2F2; Direct call from $0F:$F314	A,X	A,P,X	$70E4+X	
0F	F3C4	LowerFixed_SetLinkedEntityStateFlagAndCache	Direct call from $0F:$F305; Direct call from $0F:$F32C; Direct call from $0F:$F349; Direct call from $0F:$F35A	A,X	A,P,X	$052A+X,$70E4+X	$F3D8
0F	F3D8	LowerFixed_ApplyDirectionOffsetToMapCoordinates	Direct call from $0F:$F389; Direct call from $0F:$F3A1; Direct call from $0F:$F3D4	A,X,Y	A,P,X,Y	$6F64+X,$6F84+X	
0F	F3F3	LowerFixed_DecodeSetBitsFromEntityMask	Direct call from $0F:$F2E7; Direct call from $0F:$F2F9; Direct call from $0F:$F320	X,Y	A,P,X,Y	$5A,$5B,$5C	
0F	F40C	LowerFixed_BuildEntityCoordinateComparisonMask	Direct call from $0F:$F2AE	A,X	A,P,X	$5A	
0F	F433	LowerFixed_StoreSignedMapDeltaPerRow	Direct call from $0F:$F2A8; Direct call from $0F:$F2AB	A,X,Y	A,P,X,Y	$5D+X	
0F	F467	LowerFixed_SeedMatchCoordinatesFromPrimaryFacing	Direct call from $0F:$F238	A,X	A,P,X	$51,$52	
0F	F489	LowerFixed_SeedMatchCoordinatesFromSecondaryFacing	Direct call from $0F:$F23E	A,X	A,P,X	$51,$52	
0F	F4AB	LowerFixed_RedrawWorldMapTileClasses	Tail jump from $0F:$C02E	A	A,P	$0300,$0302,$050B,$1F,$7E,$7F,$82	$C62D,$F4FD,$F510,$FF91
0F	F4FD	LowerFixed_CopyTileClassBufferToPpuQueue	Direct call from $0F:$F4B9	A,X,Y	A,P,X,Y	$0303+Y,$82	
0F	F510	LowerFixed_RebuildWorldMapTileClassBuffer	Direct call from $0F:$F4B6	A,X,Y	A,P,X,Y	$7B,$7C,$7D,$7E,$80,$81	$D28C,$F566
0F	F566	LowerFixed_PackTileClassCodeIntoBitplanes	Direct call from $0F:$F525; Direct call from $0F:$F52A; Direct call from $0F:$F535	A,X,Y	A,P,Y	$053E+X,$0546+X	
0F	F58A	LowerFixed_NoOpTrampoline10	Tail jump from $0F:$C031		P		
0F	F58B	LoadEndingCreditsText	Tail jump from $0F:$C034	A,X,Y	A,P,X,Y	($00),Y,$00,$00+X,$01,$02,$03	
0F	FABE	UploadTitleSceneArtwork	Tail jump from $0F:$C037; Tail jump from $0F:$C03A	A,X,Y	A,P,X,Y	$00,$01,$02,$2006,$2007	$C58F,$C5AF
0F	FF74	LowerFixed_WaitForNmi	Direct call from $0B:$BE86; Direct call from $0F:$C0C4; Direct call from $0F:$C563; Direct call from $0F:$C8D3; Direct call from $0F:$C8E1; Direct call from $0F:$C90C; Direct call from $0F:$D1E9; Direct call from $0F:$D230; Direct call from $0F:$F059; Tail jump from $0F:$C633	A	A,P	$12	$C913
0F	FF8E	LowerFixed_RunColdStartupInitialization	Fixed-bank mirror: Byte-identical to the upper fixed-bank JMP $C03D reset trampoline immediately after shared padding	A,X	A,P,X	$00+X,$0300+X,$0400+X,$0500,$0501,$0502,$0503,$0504,$0505,$0505+X,$0506,$0600+X,$0700+X,$2000,$2001,$2006,$2007,$39,$FFFF	$C104,$C52F,$C543,$C569,$C983,$FF74
0F	FF91	LowerFixed_SelectPrgBank	Direct call from $0F:$C1B3; Direct call from $0F:$C3B0; Direct call from $0F:$C3BC; Direct call from $0F:$C3DA; Direct call from $0F:$C3F2; Direct call from $0F:$C402; Direct call from $0F:$C7E7; Direct call from $0F:$D258; Direct call from $0F:$D261; Direct call from $0F:$D27E; Direct call from $0F:$D287; Direct call from $0F:$D56E; Direct call from $0F:$D5AF; Direct call from $0F:$D5F8; Direct call from $0F:$DAAF; Direct call from $0F:$DAC0; Direct call from $0F:$DF80; Direct call from $0F:$DF9B; Direct call from $0F:$DFBB; Direct call from $0F:$DFC9; Direct call from $0F:$DFE2; Direct call from $0F:$E559; Direct call from $0F:$E57B; Direct call from $0F:$E65E; Direct call from $0F:$E956; Direct call from $0F:$EB7E; Direct call from $0F:$ECF1; Direct call from $0F:$F4AD; Tail jump from $0F:$C7F7; Tail jump from $0F:$D5BD	A	A,P	$0501,$0507,$BFFF,$FFFF	
0F	FFD8	LowerFixed_Reset	CPU vector: Lower-half RESET vector target	A,X	A,P,X	$00+X,$0300+X,$0400+X,$0500,$0501,$0502,$0503,$0504,$0505,$0505+X,$0506,$0600+X,$0700+X,$2000,$2001,$2006,$2007,$39,$FFDF,$FFFF	$C104,$C52F,$C543,$C569,$C983,$FF74
10	8080	Bank10_BattlePartyServices	Direct ROM analysis: Wrapper immediately following the 64-entry bank service directory	A,X,Y	A,P,X,Y	$00+X,$6E0A,$6E0B	$8196,$8214,$8221,$8301,$8313,$831E,$A077
10	808A	DispatchBattleServiceWithInlineOperands	Pointer $10:$8000 (64-entry code dispatch table followed by code at $8080)	A,X,Y	A,P,X,Y	$00+X,$0106+X,$0107+X,$6E0A,$6E0B	$809D,$8196,$8214,$8221,$8301,$8313,$831E,$A077
10	8091	InitializeInlineBattleServiceDispatch	Tail jump from $10:$80CE	A,X,Y	A,P,X,Y	$00+X,$0106+X,$0107+X,$6E0A	$809D,$8196,$8214,$8221,$8301,$8313,$831E,$A077
10	809D	InitializeInlineBattleOperandPointer	Direct call from $10:$8091; Direct call from $10:$80D5; Direct call from $10:$80F3; Direct call from $10:$8113; Direct call from $10:$8131	A,X,Y	A,P,X,Y	$6E0A,$79,$7A	
10	80B3	AdvanceInlineBattleReturnAddress	Tail jump from $10:$809A; Tail jump from $10:$80EA; Tail jump from $10:$8108; Tail jump from $10:$8128; Tail jump from $10:$8154	A,X,Y	A,P,X,Y	$00+X,$0106+X,$0107+X,$6E0A	$8196,$8214,$8221,$8301,$8313,$831E,$A077
10	80C5	DispatchBattleServiceForPartyIndex	Pointer $10:$8002 (64-entry code dispatch table followed by code at $8080)	A,X,Y	A,P,X,Y	$00+X,$0106+X,$0107+X,$6E,$6E0A,$6E0B	$809D,$8196,$8214,$8221,$8301,$8313,$831E,$A077
10	80D1	DispatchBattleServiceFrom33Operand	Pointer $10:$8004 (64-entry code dispatch table followed by code at $8080); Pointer $10:$8006 (64-entry code dispatch table followed by code at $8080)	A,X,Y	A,P,X,Y	$00+X,$0106+X,$0107+X,$6E0A,$6E0B	$809D,$8196,$8214,$8221,$8301,$8313,$831E,$A077
10	80ED	DispatchBattleServiceFrom53Operand	Pointer $10:$8008 (64-entry code dispatch table followed by code at $8080); Pointer $10:$800A (64-entry code dispatch table followed by code at $8080)	A,X,Y	A,P,X,Y	$00+X,$0106+X,$0107+X,$6E,$6E0A,$6E0B	$809D,$8196,$8214,$8221,$8301,$8313,$831E,$A077
10	810B	DispatchBattleServiceFrom73Operand	Pointer $10:$800C (64-entry code dispatch table followed by code at $8080); Pointer $10:$800E (64-entry code dispatch table followed by code at $8080)	A,X,Y	A,P,X,Y	$00+X,$0106+X,$0107+X,$6E,$6E0A,$6E0B,$6F	$809D,$8196,$8214,$8221,$8301,$8313,$831E,$A077
10	812B	DispatchBattleServiceFrom93Operand	Pointer $10:$8010 (64-entry code dispatch table followed by code at $8080); Pointer $10:$8012 (64-entry code dispatch table followed by code at $8080)	A,X,Y	A,P,X,Y	$00+X,$0106+X,$0107+X,$6E,$6E0A,$6E0B,$6F	$809D,$8157,$8196,$8214,$8221,$8301,$8313,$831E,$A077
10	8157	ReadInlineBattleOperandFromBank	Direct call from $10:$8146		A,P,X		
10	815F	ExecuteBattlePartyRecordOperation	Tail jump from $10:$8087	A,X,Y	A,P,X,Y	$00+X,$6E0A	$8196,$8214,$8221,$8301,$8313,$831E,$A077
10	8196	ResolveBattlePartyTargetFromIndex	Direct call from $10:$816B; Direct call from $10:$9CEE; Direct call from $10:$9DAE	A,X,Y	A,P,X	$6BDD,$6E0C	$8241,$825F,$8278,$82F0
10	8198	ResolveNextEligibleBattlePartyTarget	Direct call from $10:$9911; Direct call from $10:$994C; Direct call from $10:$9987	A,X,Y	A,P,X	$6BDD,$6E0C	$8241,$825F,$8278,$82F0
10	81B9	ShowInvalidBattleTargetDebugScreen	Direct call from $10:$854D; Tail jump from $10:$823E; Tail jump from $10:$8400; Tail jump from $10:$904F; Tail jump from $10:$94CD; Tail jump from $10:$953D	A	A,P	$6BDD	
10	8214	CopyBattleServiceInputsToWorkValues	Direct call from $10:$8171	A	A,P	$76,$77,$78	
10	8221	DispatchResolvedBattleAction	Direct call from $10:$817A	A,X	A,P,X,Y	$00,$01,$6BDD	$8392
10	8241	SelectPrimaryBattlePartyRoster	Direct call from $10:$81A1; Direct call from $10:$92EC; Direct call from $10:$932A; Direct call from $10:$9830; Direct call from $10:$986F; Direct call from $10:$9A22; Direct call from $10:$9AEA; Direct call from $10:$9C14; Direct call from $10:$9C7F; Direct call from $10:$9CFD; Direct call from $10:$9D51; Direct call from $10:$A0D6; Direct call from $10:$A14E	A,Y	A,P,Y		
10	825F	SelectSecondaryBattlePartyRoster	Direct call from $10:$81AB; Direct call from $10:$9838; Direct call from $10:$9879; Direct call from $10:$9A93; Direct call from $10:$9AD7; Direct call from $10:$9AFF; Direct call from $10:$9D11; Direct call from $10:$9D5B	A	A,P,Y		$8498
10	8278	FindOrdinalEligiblePartyMember	Direct call from $10:$81A6; Direct call from $10:$81B0; Direct call from $10:$92EF; Direct call from $10:$9835; Direct call from $10:$983D; Direct call from $10:$9874; Direct call from $10:$987E; Direct call from $10:$9AEF; Direct call from $10:$9B04	A,X,Y	A,P,X,Y	$00,$01,$02,$6E0C	$8301
10	82F0	LoadBattleActionClass	Direct call from $10:$819C; Direct call from $10:$831E; Direct call from $10:$8394; Direct call from $10:$986A	A,X	A,P,X		
10	8301	LoadCharacterRecordPointerByPartyMemberId	Direct call from $10:$816E; Direct call from $10:$828F; Direct call from $10:$9399; Direct call from $10:$93E9; Direct call from $10:$97ED; Direct call from $10:$9886; Direct call from $10:$98E0; Direct call from $10:$A08C; Direct call from $10:$A0EB	A,X,Y	A,P,X	$79,$7A	
10	8306	LoadCharacterRecordPointerByCharacterId	Direct call from $10:$A2FA	A,X	A,P,X	$79,$7A	
10	8313	ClearBattleServiceResult	Direct call from $10:$8174	A	A,P	$72,$73,$74,$75	
10	831E	ResolveBattleActionRecordDescriptor	Direct call from $10:$8177; Direct call from $10:$9889	A,X,Y	A,P,X,Y	$6E0D,$6E0E,$79,$7A	$82F0,$835C
10	835C	ResolveCurrentBattlePartyRecordPointer	Direct call from $10:$8337; Direct call from $10:$9806; Direct call from $10:$9D92	A,X	A,P,X	$79,$7A	
10	8387	CheckCurrentIndexedPartyMemberClassAtLeastNine	Direct call from $10:$87E8; Direct call from $10:$8815; Direct call from $10:$8831; Direct call from $10:$8934	A,X	A,P,X		
10	8392	CopyInlineBattleOperandsToWorkValues	Direct call from $10:$8226	A,X,Y	A,P,X,Y	$72+X	$82F0
10	83BA	PrimeBattleWorkSpanForAddition	Direct call from $10:$8449	X	P,X	$06	
10	83BD	PrimeBattleWorkSpanForSubtraction	Direct call from $10:$8421; Direct call from $10:$842F; Direct call from $10:$8463; Direct call from $10:$86B4	X	P,X	$06	
10	83C6	PointBattleOperandToComparisonBuffer	Direct call from $10:$871B; Direct call from $10:$9602	A	A,P	$03,$04	
10	83CF	LoadPrimaryBattleSpanFromInlineOrSpecialSource	Direct call from $10:$841E	A,X,Y	A,P,X,Y	$03+X,$6BDD,$72,$73,$74	$8403,$86D5,$86F6,$87D7
10	8403	CopyBattleResultTripletToPrimaryBuffer	Direct call from $10:$83E9; Direct call from $10:$83F8	A	A,P	$03,$04,$05	
10	841E	LoadCapAndAddToPartyRecordValue	Tail jump from $10:$865D; Tail jump from $10:$8666	A,X,Y	A,P,X,Y	($79),Y,$00+X,$0075+X,$06,$72+X	$83BA,$83BD,$83CF
10	8421	AddToPartyRecordValueCapped	Tail jump from $10:$8678; Tail jump from $10:$868A; Tail jump from $10:$86AA; Tail jump from $10:$871E; Tail jump from $10:$9605; Tail jump from $10:$9610	A,X,Y	A,P,X,Y	($79),Y,$00+X,$0075+X,$06,$72+X	$83BA,$83BD
10	8460	SubtractBattleWorkSpanIntoInlineRecord	Direct call from $10:$9608; Tail jump from $10:$86B1	A,X,Y	A,P,X,Y	($79),Y,$0071+X,$06	$83BD
10	8490	BuildLowBitMaskFromX	Direct call from $10:$8B47; Direct call from $10:$8C3E; Direct call from $10:$906A; Direct call from $10:$910D; Direct call from $10:$97F7; Direct call from $10:$9817; Pointer $10:$8052 (64-entry code dispatch table followed by code at $8080)	A,X	A,P,X		
10	8498	CheckCurrentMapBattleRestrictionGate	Direct call from $10:$8268; Direct call from $10:$93A0; Direct call from $10:$99E2; Direct call from $10:$9A5D; Direct call from $10:$9B75; Direct call from $10:$9BF8; Direct call from $10:$9CC2; Tail jump from $10:$92DF	A,X,Y	A,P,X,Y		
10	84E9	ReturnNoBattleEffect	Pointer $10:$9E30 (113-entry battle-action handler table selected by $6E0B and dispatched at $822E-$823B); Pointer $10:$9E3E (113-entry battle-action handler table selected by $6E0B and dispatched at $822E-$823B); Pointer $10:$9EC4 (113-entry battle-action handler table selected by $6E0B and dispatched at $822E-$823B); Pointer $10:$9ECA (113-entry battle-action handler table selected by $6E0B and dispatched at $822E-$823B); Pointer $10:$9ECE (113-entry battle-action handler table selected by $6E0B and dispatched at $822E-$823B)		P		
10	84EA	LoadClassGatedRecordField0F	Direct call from $10:$850C; Pointer $10:$9F10 (113-entry battle-action handler table selected by $6E0B and dispatched at $822E-$823B)	A	A,P	$72	$870C,$87D7
10	84F7	FindPartyRecordValueForSelector	Direct call from $10:$8516; Direct call from $10:$8632	A,X	A,P,X	$72,$73,$76	$88BF
10	850C	AdjustBattleValue50ForEligibleTarget	Pointer $10:$9E54 (113-entry battle-action handler table selected by $6E0B and dispatched at $822E-$823B)	A	A,P	$72,$73	$84EA,$84F7,$87D7
10	852D	MapPartyRecordClassByte	Pointer $10:$9E50 (113-entry battle-action handler table selected by $6E0B and dispatched at $822E-$823B)	A,X,Y	A,P,X,Y	$72	$87D7
10	853F	ReturnFromRecordByteMapping	Pointer $10:$9E76 (113-entry battle-action handler table selected by $6E0B and dispatched at $822E-$823B)		P		
10	8548	ValidateBattleTargetOrAbort	Pointer $10:$9E6E (113-entry battle-action handler table selected by $6E0B and dispatched at $822E-$823B); Pointer $10:$9E72 (113-entry battle-action handler table selected by $6E0B and dispatched at $822E-$823B); Pointer $10:$9E7A (113-entry battle-action handler table selected by $6E0B and dispatched at $822E-$823B)		P		$81B9,$87D7
10	8551	ForceBattleValue80WhenTargetEligible	Pointer $10:$9E4E (113-entry battle-action handler table selected by $6E0B and dispatched at $822E-$823B)	A	A,P	$72,$75	$87D7,$9613
10	856A	BuildBattleNameScratchFromHeroOrRecord	Pointer $10:$9E84 (113-entry battle-action handler table selected by $6E0B and dispatched at $822E-$823B)	A,X,Y	A,P,X,Y	$03E3+X,$72+X	$87D7
10	85BB	AccumulateBattleValueWithFallbackScan	Pointer $10:$9E5E (113-entry battle-action handler table selected by $6E0B and dispatched at $822E-$823B)	A	A,P,X,Y	$00,$72,$73,$74,$75,$76	$870C,$87D7,$8A25,$8C04,$C3EA
10	85FE	AccumulateFourBattleValuesWithFallbackScan	Pointer $10:$9E66 (113-entry battle-action handler table selected by $6E0B and dispatched at $822E-$823B)	A,X	A,P,X,Y	$00,$01,$72,$73,$74,$75,$76	$84F7,$870C,$87D7,$8A25,$8C04,$C3EA
10	8632	LoadInventoryItemOrZero	Tail jump from $10:$852A	A	A,P	$72,$73	$84F7
10	865B	AddToPartyRecordValueCappedAtCurrentLimit	Pointer $10:$9E34 (113-entry battle-action handler table selected by $6E0B and dispatched at $822E-$823B)	A,X,Y	A,P,X,Y	($79),Y,$00+X,$0075+X,$06,$72+X	$83BA,$83BD,$83CF
10	8660	AddToPartyRecordValueCappedAtMaximum	Pointer $10:$9E42 (113-entry battle-action handler table selected by $6E0B and dispatched at $822E-$823B)	A,X,Y	A,P,X,Y	($79),Y,$00+X,$0075+X,$06,$72+X,$77	$83BA,$83BD,$83CF
10	8669	AddToBattleValueCappedAt255	Pointer $10:$9E52 (113-entry battle-action handler table selected by $6E0B and dispatched at $822E-$823B); Pointer $10:$9E56 (113-entry battle-action handler table selected by $6E0B and dispatched at $822E-$823B); Pointer $10:$9E70 (113-entry battle-action handler table selected by $6E0B and dispatched at $822E-$823B); Pointer $10:$9E74 (113-entry battle-action handler table selected by $6E0B and dispatched at $822E-$823B); Pointer $10:$9E78 (113-entry battle-action handler table selected by $6E0B and dispatched at $822E-$823B)	A,X,Y	A,P,X,Y	($79),Y,$00+X,$0075+X,$03,$06,$72+X,$76	$83BA,$83BD
10	866D	AddToBattleValueCappedAt99	Pointer $10:$9F08 (113-entry battle-action handler table selected by $6E0B and dispatched at $822E-$823B)	A,X,Y	A,P,X,Y	($79),Y,$00+X,$0075+X,$03,$06,$72+X,$76	$83BA,$83BD
10	867B	AddExperienceCappedBelowTenMillion	Pointer $10:$9E7E (113-entry battle-action handler table selected by $6E0B and dispatched at $822E-$823B)	A,X,Y	A,P,X,Y	($79),Y,$00+X,$0075+X,$03,$04,$05,$06,$72+X	$83BA,$83BD
10	868D	AddGoldCappedAt99999	Pointer $10:$9EC6 (113-entry battle-action handler table selected by $6E0B and dispatched at $822E-$823B)	A,X,Y	A,P,X,Y	($79),Y,$00+X,$0075+X,$03,$04,$05,$06,$72,$72+X,$73,$74	$83BA,$83BD
10	86AD	SubtractBattleValueWithoutBorrowMode	Pointer $10:$9E46 (113-entry battle-action handler table selected by $6E0B and dispatched at $822E-$823B)	A,X,Y	A,P,X,Y	($79),Y,$0071+X,$06,$77	$83BD
10	86B1	SubtractBattleSpanFromRecord	Pointer $10:$9E38 (113-entry battle-action handler table selected by $6E0B and dispatched at $822E-$823B)	A,X,Y	A,P,X,Y	($79),Y,$0071+X,$06	$83BD
10	86B4	SubtractBattleValueSpanIntoInlineRecord	Pointer $10:$9EC8 (113-entry battle-action handler table selected by $6E0B and dispatched at $822E-$823B)	A,X,Y	A,P,X,Y	($79),Y,$00+X,$06	$83BD
10	86D5	LoadTwoBitBattleValueFromBankedTable	Direct call from $10:$83E6; Direct call from $10:$87BE; Pointer $10:$9E32 (113-entry battle-action handler table selected by $6E0B and dispatched at $822E-$823B)	A	A,P,X,Y	$72,$73,$74,$75	$870C,$87D7,$C3EA
10	86F6	LoadBattleValueZeroExtendedFromBankedTable	Direct call from $10:$83F5; Pointer $10:$9E40 (113-entry battle-action handler table selected by $6E0B and dispatched at $822E-$823B)	A	A,P	$72,$73,$74,$75	$870C,$87D7
10	870C	DispatchPartyRecordByteThroughSelector	Direct call from $10:$84F1; Direct call from $10:$85E5; Direct call from $10:$8642; Direct call from $10:$86DD; Direct call from $10:$86FE; Direct call from $10:$8750; Direct call from $10:$8781	A,Y	A,P,Y	$6E59	$A6A2
10	8717	CompareBattleValueAgainstScratchRecord	Pointer $10:$9E36 (113-entry battle-action handler table selected by $6E0B and dispatched at $822E-$823B)	A,X,Y	A,P,X,Y	($79),Y,$00+X,$0075+X,$06,$72+X,$77	$83BA,$83BD,$83C6
10	8721	CompareHeroBattleValueAgainstScratch	Pointer $10:$9E44 (113-entry battle-action handler table selected by $6E0B and dispatched at $822E-$823B)	A,X,Y	A,P,X,Y	($79),Y,$00+X,$0075+X,$06,$72+X,$77	$83BA,$83BD,$83C6
10	872E	LoadOrDerivePartyRecordPair	Direct call from $10:$8788; Direct call from $10:$93F9; Pointer $10:$9E3A (113-entry battle-action handler table selected by $6E0B and dispatched at $822E-$823B)	A,X,Y	A,P,X,Y	($79),Y,$00,$01	$874E,$87D7
10	874E	LoadSelector1RecordByteAndTwoBitFlag	Direct call from $10:$8733	A	A,P,X,Y	$72	$870C,$C3EA
10	8763	LoadPartyRecordTailPairWithFallback	Direct call from $10:$93FC; Pointer $10:$9E4C (113-entry battle-action handler table selected by $6E0B and dispatched at $822E-$823B)	A,X,Y	A,P,X,Y	($79),Y	$877F,$87D7
10	877F	LoadSelector8RecordByteIntoX	Direct call from $10:$8768	A	A,P,X		$870C
10	8788	HalveLoadedPartyRecordPair	Pointer $10:$9E3C (113-entry battle-action handler table selected by $6E0B and dispatched at $822E-$823B)	A,Y	A,P,Y	($79),Y,$00,$01	$872E
10	879B	CacheBattleSelectionByte	Pointer $10:$9ECC (113-entry battle-action handler table selected by $6E0B and dispatched at $822E-$823B)	A	A,P	$615B	
10	87A1	SubtractPartyRecordWordFromWorkByte	Pointer $10:$9E48 (113-entry battle-action handler table selected by $6E0B and dispatched at $822E-$823B)	A,Y	A,P,Y		
10	87AE	ClearPartyRecordPairAtSelection	Pointer $10:$9E4A (113-entry battle-action handler table selected by $6E0B and dispatched at $822E-$823B)	A,Y	A,P,Y	($79),Y	
10	87B9	SubtractDividedBattleValueFromInlinePair	Pointer $10:$9F06 (113-entry battle-action handler table selected by $6E0B and dispatched at $822E-$823B)	A,Y	A,P,X,Y		$86D5,$87D7,$C851
10	87D7	CheckPartyMemberClassAtLeastNine	Direct call from $10:$83CF; Direct call from $10:$84EA; Direct call from $10:$850F; Direct call from $10:$852D; Direct call from $10:$8548; Direct call from $10:$855B; Direct call from $10:$8574; Direct call from $10:$85BB; Direct call from $10:$85FE; Direct call from $10:$86D5; Direct call from $10:$86F6; Direct call from $10:$872E; Direct call from $10:$8763; Direct call from $10:$87B9; Direct call from $10:$885B; Direct call from $10:$89E1; Direct call from $10:$8A25	A,Y	A,P,Y		
10	87E8	ResolvePartyMemberClassBitOrHeroGender	Pointer $10:$9E82 (113-entry battle-action handler table selected by $6E0B and dispatched at $822E-$823B)	A,X,Y	A,P,X,Y	$72	$8387
10	8815	ResolveCurrentMemberClassCodeIntoResult	Direct call from $10:$8EE0; Direct call from $10:$8F30; Direct call from $10:$8F5C; Direct call from $10:$8F79; Direct call from $10:$8FF5; Direct call from $10:$9031; Direct call from $10:$90D3; Direct call from $10:$90E9; Direct call from $10:$988C; Pointer $10:$9E86 (113-entry battle-action handler table selected by $6E0B and dispatched at $822E-$823B)	A,Y	A,P,Y	$72	$8387
10	8831	ResolveCurrentMemberClassNibbleIntoResult	Guarded flow recovery: Coherent routine block immediately after RTS $8830; 5 instructions, returns and merges into existing code	A,Y	A,P,Y	$72	$8387
10	883B	ResolveNthActiveBattleRosterEntryValue	Direct call from $10:$888D; Direct call from $10:$88B9; Direct call from $10:$890C; Pointer $10:$9E88 (113-entry battle-action handler table selected by $6E0B and dispatched at $822E-$823B)	A,X,Y	A,P,X,Y	$6BDD,$72,$73,$75	$87D7,$8A97,$8AA6,$8AD7
10	8862	StoreResolvedInventoryItem	Tail jump from $10:$8870	A	A,P	$72,$73	
10	8873	CountInventoryItems	Pointer $10:$9E8A (113-entry battle-action handler table selected by $6E0B and dispatched at $822E-$823B)	X	P	$72	$8AD7
10	8879	StoreItemInFirstEmptyInventorySlot	Pointer $10:$9E8C (113-entry battle-action handler table selected by $6E0B and dispatched at $822E-$823B)	A,Y	A,P,Y	($79),Y	$8A97
10	888D	RemoveInventoryItemIfEquipmentChecksPass	Pointer $10:$9E8E (113-entry battle-action handler table selected by $6E0B and dispatched at $822E-$823B)	A,Y	A,P,Y	($79),Y	$883B,$8B63,$8B68
10	88A4	CompactInventoryFromCurrentSlot	Direct call from $10:$972C	A,Y	A,P,Y	($79),Y	
10	88B9	RemoveInventoryItemAndCompact	Pointer $10:$9E90 (113-entry battle-action handler table selected by $6E0B and dispatched at $822E-$823B)	A,Y	A,P,Y	($79),Y	$883B
10	88BF	FindInventoryOrdinalForMatchingItem	Direct call from $10:$84FF; Pointer $10:$9E92 (113-entry battle-action handler table selected by $6E0B and dispatched at $822E-$823B)	A,X,Y	A,P,X,Y	$07,$08,$09,$72,$73	$8A97
10	890C	ReconcileInventoryItemEquippedBitByType	Pointer $10:$9E94 (113-entry battle-action handler table selected by $6E0B and dispatched at $822E-$823B)	A,X,Y	A,P,X,Y	($79),Y,$07,$6BDD,$72,$76	$8387,$883B,$89AA,$8A25,$8AE7,$8B04,$8B59
10	8966	ReconcileEquippedWeapon	Pointer $10:$9E96 (113-entry battle-action handler table selected by $6E0B and dispatched at $822E-$823B)	A,Y	A,P,X	($79),Y,$07,$72,$76	$8387,$89AA,$8A25,$8A5D,$8A97,$8AE7,$8B04,$8B59
10	896A	ReconcileEquippedArmor	Pointer $10:$9E98 (113-entry battle-action handler table selected by $6E0B and dispatched at $822E-$823B)	A,Y	A,P,X	($79),Y,$07,$72,$76	$8387,$89AA,$8A25,$8A5D,$8A97,$8AE7,$8B04,$8B59
10	896E	ReconcileEquippedShield	Pointer $10:$9E9A (113-entry battle-action handler table selected by $6E0B and dispatched at $822E-$823B)	A,Y	A,P,X	($79),Y,$07,$72,$76	$8387,$89AA,$8A25,$8A5D,$8A97,$8AE7,$8B04,$8B59
10	8972	ReconcileEquippedHelmet	Pointer $10:$9E9C (113-entry battle-action handler table selected by $6E0B and dispatched at $822E-$823B)	A,Y	A,P,X	($79),Y,$07,$72,$76	$8387,$89AA,$8A25,$8A5D,$8A97,$8AE7,$8B04,$8B59
10	89AA	ClearEquippedBitForMatchingItemType	Direct call from $10:$8944; Direct call from $10:$8993	A,X,Y	A,P,X,Y	($79),Y,$07	$8AE7
10	89CD	CountEquippedWeapons	Pointer $10:$9E9E (113-entry battle-action handler table selected by $6E0B and dispatched at $822E-$823B)	A,X,Y	A,P,Y	$07,$08,$72,$75	$87D7,$8A5D,$8A7A,$8A97,$8A9E,$8AA6,$8AE7
10	89D1	CountEquippedArmor	Pointer $10:$9EA0 (113-entry battle-action handler table selected by $6E0B and dispatched at $822E-$823B)	A,X,Y	A,P,Y	$07,$08,$72,$75	$87D7,$8A5D,$8A7A,$8A97,$8A9E,$8AA6,$8AE7
10	89D5	CountEquippedShields	Pointer $10:$9EA2 (113-entry battle-action handler table selected by $6E0B and dispatched at $822E-$823B)	A,X,Y	A,P,Y	$07,$08,$72,$75	$87D7,$8A5D,$8A7A,$8A97,$8A9E,$8AA6,$8AE7
10	89D9	CountEquippedHelmets	Pointer $10:$9EA4 (113-entry battle-action handler table selected by $6E0B and dispatched at $822E-$823B)	A,X,Y	A,P,Y	$07,$08,$72,$75	$87D7,$8A5D,$8A7A,$8A97,$8A9E,$8AA6,$8AE7
10	8A25	FindInventoryItemByEquipmentType	Direct call from $10:$85CA; Direct call from $10:$860F; Direct call from $10:$8923; Direct call from $10:$897D; Pointer $10:$9EA6 (113-entry battle-action handler table selected by $6E0B and dispatched at $822E-$823B)	A,X,Y	A,P,Y	$72	$87D7,$8AA6,$8AE7
10	8A5D	FindNthRawInventoryItemByEquipmentType	Direct call from $10:$898C; Direct call from $10:$89FD	X,Y	P,X,Y	$76	$8A97,$8AE7
10	8A7A	FindNthResolvedInventoryItemByEquipmentType	Direct call from $10:$8A1C	X,Y	P,X,Y	$76	$8A9E,$8AE7
10	8A97	IsRawInventorySlotEmpty	Direct call from $10:$884C; Direct call from $10:$887B; Direct call from $10:$88F4; Direct call from $10:$899C; Direct call from $10:$89E8; Direct call from $10:$8A61; Direct call from $10:$8ADB	A,Y	A,P		
10	8A9E	IsResolvedInventorySlotEmpty	Direct call from $10:$8A07; Direct call from $10:$8A7E	A	A,P		$8AA6
10	8AA6	LookupItemClassByteFromCharacterClass	Direct call from $10:$886D; Direct call from $10:$8A1F; Direct call from $10:$8A44; Direct call from $10:$8A9E	A,X,Y	A,P,X,Y	$17,$18	$C81D
10	8AD7	CountNonemptyInventorySlots	Direct call from $10:$883B; Direct call from $10:$8873; Direct call from $10:$994F	X,Y	P,X,Y		$8A97
10	8AE7	ClassifyItemEquipmentType	Direct call from $10:$8911; Direct call from $10:$8941; Direct call from $10:$89B7; Direct call from $10:$89EB; Direct call from $10:$8A0A; Direct call from $10:$8A30; Direct call from $10:$8A4B; Direct call from $10:$8A66; Direct call from $10:$8A83; Pointer $10:$8016 (64-entry code dispatch table followed by code at $8080)	A,X	A,P,X		
10	8B04	TestBattleClassMaskAgainstRosterByte	Direct call from $10:$893C; Pointer $10:$8014 (64-entry code dispatch table followed by code at $8080)	A,X	A,P,X	$6E0F	$8490,$8C58
10	8B59	TestPartyRecordField1ByClassMask	Direct call from $10:$892F; Direct call from $10:$894B; Direct call from $10:$8987; Direct call from $10:$976F; Pointer $10:$8018 (64-entry code dispatch table followed by code at $8080)		P		$8C18
10	8B5E	TestPartyRecordField0ByClassMask	Pointer $10:$801A (64-entry code dispatch table followed by code at $8080)		P		$8C18
10	8B63	TestPartyRecordField2ByClassMask	Direct call from $10:$8894; Pointer $10:$801C (64-entry code dispatch table followed by code at $8080)		P		$8C18
10	8B68	TestPartyRecordField3ByClassMask	Direct call from $10:$8899; Pointer $10:$801E (64-entry code dispatch table followed by code at $8080)		P		$8C18
10	8B6D	TestPartyRecordField4ByClassMask	Pointer $10:$8020 (64-entry code dispatch table followed by code at $8080)		P		$8C18
10	8B72	TestPartyRecordField5ByClassMask	Pointer $10:$806A (64-entry code dispatch table followed by code at $8080)		P		$8C18
10	8B77	TestBattleClassFlag40	Pointer $10:$8028 (64-entry code dispatch table followed by code at $8080)	A,X	A,P,X	$6E0F	$8C58,$8C5E
10	8B8C	TestBattleClassFlag80	Pointer $10:$802A (64-entry code dispatch table followed by code at $8080)	A,X	A,P,X	$6E0F	$8C58,$8C5E
10	8BA1	TestAlternateBattleClassFlag80	Pointer $10:$802C (64-entry code dispatch table followed by code at $8080)	A,X	A,P,X	$6E0F	$8C58,$8C5E
10	8BB6	ComputeBattleClassScaledValue	Pointer $10:$8022 (64-entry code dispatch table followed by code at $8080)	A,X,Y	A,P,X,Y	$00+X,$01+X,$02+X,$6E0F	$A035,$C827
10	8BEE	LoadBattleClassCodeMaskedToSixBits	Pointer $10:$8024 (64-entry code dispatch table followed by code at $8080)	A,X	A,P,X	$6E0F	$8C5E
10	8C04	LoadBattleClassAdjustmentByte	Direct call from $10:$85D1; Direct call from $10:$8614; Pointer $10:$8026 (64-entry code dispatch table followed by code at $8080)	A,X	A,P,X	$6E0F	$8C5E
10	8C18	TestPartyRecordFieldMaskByInlineOffset	Direct call from $10:$8B59; Direct call from $10:$8B5E; Direct call from $10:$8B63; Direct call from $10:$8B68; Direct call from $10:$8B6D; Direct call from $10:$8B72	A,X	A,P,X	$00,$01,$0104+X,$0105+X,$6E0F	$8490,$8C58,$8C5E
10	8C58	ReturnCarryIfAccumulatorNonzero	Direct call from $10:$8B4D; Direct call from $10:$8B85; Direct call from $10:$8B9A; Direct call from $10:$8BAF; Direct call from $10:$8C49; Direct call from $10:$9800; Direct call from $10:$9825		P		
10	8C5E	LoadMaskedBattleClassIndexToX	Direct call from $10:$8B7D; Direct call from $10:$8B92; Direct call from $10:$8BA7; Direct call from $10:$8BF3; Direct call from $10:$8C09; Direct call from $10:$8C42	A	A,P,X		
10	8EE0	CountMatchingRosterSlotsInSixSlotWindow	Direct call from $10:$8FB5; Pointer $10:$9EA8 (113-entry battle-action handler table selected by $6E0B and dispatched at $822E-$823B)	A,X,Y	A,P,X,Y	$07,$6BDD,$72	$8815,$905A
10	8F30	CountRosterMatchesAndClampToClassCap	Pointer $10:$9EAA (113-entry battle-action handler table selected by $6E0B and dispatched at $822E-$823B)	A,X,Y	A,P,X,Y	$72	$8815,$9052,$905A
10	8F5C	LookupRosterMatchCapFromClassCode	Pointer $10:$9EAC (113-entry battle-action handler table selected by $6E0B and dispatched at $822E-$823B)	A,X	A,P,X	$72	$8815
10	8F79	ResolveBattleClassValueForSelectedSlot	Pointer $10:$9EAE (113-entry battle-action handler table selected by $6E0B and dispatched at $822E-$823B)	A,X	A,P,X	$07,$08,$6BDD,$72	$8815,$8EE0,$905A
10	8FF5	ResolveBattleClassValueByNthMatchingSlot	Pointer $10:$9EB0 (113-entry battle-action handler table selected by $6E0B and dispatched at $822E-$823B)	A,X,Y	A,P,X,Y	$07,$72	$8815,$9052,$905A
10	902B	ResolveBattleClassValueFromRosterBitWindow	Pointer $10:$9EB2 (113-entry battle-action handler table selected by $6E0B and dispatched at $822E-$823B)	A,X	A,P,X	$07,$6BDD,$72	$8815,$9052,$905A
10	9052	SelectRosterBitWindowBase	Direct call from $10:$8F3D; Direct call from $10:$9002; Direct call from $10:$9040	A	P,X,Y		
10	905A	TestRosterBitAtIndex	Direct call from $10:$8F08; Direct call from $10:$8F42; Direct call from $10:$8F92; Direct call from $10:$9007; Direct call from $10:$9048; Direct call from $10:$90DB; Direct call from $10:$90E5	A,X,Y	A,P,X,Y		$8490
10	9078	CountMatchingClassBitsInTwelveEntryWindow	Direct call from $10:$90D6; Direct call from $10:$90EC	A,X,Y	A,P,X,Y		
10	90A4	CountMatchingClassBitsInEightEntryWindow	Direct call from $10:$90E0; Direct call from $10:$90F4	A,X,Y	A,P,X,Y		
10	90D3	TestCurrentMemberClassRosterBits	Pointer $10:$9F0A (113-entry battle-action handler table selected by $6E0B and dispatched at $822E-$823B)		P		$8815,$905A,$9078,$90A4
10	90E9	SetCurrentMemberClassRosterBits	Pointer $10:$9F0C (113-entry battle-action handler table selected by $6E0B and dispatched at $822E-$823B)		P		$8815,$9078,$90A4,$90FD
10	90EC	SetResolvedClassRosterBits	Pointer $10:$8070 (64-entry code dispatch table followed by code at $8080)		P		$9078,$90A4,$90FD
10	90FD	SetRosterBitAtIndex	Direct call from $10:$90F1; Direct call from $10:$90F9	A,X,Y	A,P,X,Y	($79),Y	$8490
10	9183	RecordCurrentWorldPositionForSaveResume	Pointer $10:$9EDC (113-entry battle-action handler table selected by $6E0B and dispatched at $822E-$823B)	A	A,P	$618E,$618F,$6191,$6192	$91B8,$958A
10	91B8	ShiftSaveGameStateFlagsIntoCarry	Direct call from $10:$9183; Direct call from $10:$91C4; Direct call from $10:$9207; Direct call from $10:$921A; Direct call from $10:$924A; Direct call from $10:$9289; Direct call from $10:$92AC	A	A,P		
10	91BF	ClearSaveResumeFlagWhenWorldPositionMatches	Pointer $10:$9EDE (113-entry battle-action handler table selected by $6E0B and dispatched at $822E-$823B)	A,X	A,P,X	$618E	$91B8
10	91F8	ClearSaveGameStateProgressBits	Direct call from $10:$9216	A	A,P	$618E	
10	9207	UpdateSavedWorldPositionFromCurrentPlayer	Pointer $10:$9F0E (113-entry battle-action handler table selected by $6E0B and dispatched at $822E-$823B)	A	A,P	$6191,$6192	$91B8,$91F8
10	921A	ClearSaveStateOnFieldCondition	Pointer $10:$9EE0 (113-entry battle-action handler table selected by $6E0B and dispatched at $822E-$823B)	A	A,P	$618E	$91B8
10	924A	SaveCurrentMapAndWorldLocationSnapshot	Pointer $10:$9EE2 (113-entry battle-action handler table selected by $6E0B and dispatched at $822E-$823B)	A	A,P	$618E,$6191,$6192,$6193,$6194	$91B8
10	9289	ClearSaveStateWhenStoredMapMatches	Pointer $10:$9EE4 (113-entry battle-action handler table selected by $6E0B and dispatched at $822E-$823B)	A	A,P	$618E	$91B8
10	92AC	SeedSaveStateFromFieldMode	Pointer $10:$9EE6 (113-entry battle-action handler table selected by $6E0B and dispatched at $822E-$823B)	A	A,P	$618E	$91B8
10	92C5	ForceSaveStateAndStoreCurrentLocation	Pointer $10:$9EE8 (113-entry battle-action handler table selected by $6E0B and dispatched at $822E-$823B)	A	A,P	$618E,$618F,$6191,$6192	
10	92DF	CheckCurrentMapBattleRestrictionGateEntry	Pointer $10:$9EEA (113-entry battle-action handler table selected by $6E0B and dispatched at $822E-$823B)	A,X,Y	A,P,X,Y		
10	92E2	TestNextPrimaryRosterMemberExists	Pointer $10:$9F04 (113-entry battle-action handler table selected by $6E0B and dispatched at $822E-$823B)	A,X	A,P,X	$6E0C,$72	$8241,$8278
10	92F7	RemoveSavePartySlotAndCopyPartyRecord	Pointer $10:$9ED2 (113-entry battle-action handler table selected by $6E0B and dispatched at $822E-$823B)	A,Y	A,P,Y	($79),Y,$616A+Y	$9A90,$9C7C
10	931C	InsertSavePartyMemberIntoRoster	Pointer $10:$9ED4 (113-entry battle-action handler table selected by $6E0B and dispatched at $822E-$823B)	A,X,Y	A,P,X,Y	($79),Y,$00,$01,$08,$09,$0F,$616A+Y,$6BDD,$6E0A,$6E0C,$76	$8241,$8301,$8498,$872E,$8763,$9660,$9849,$9A90,$9AC3,$9ACD,$9AE0,$9B15,$9B58
10	939C	InitializeJoinedPartyMemberBattleState	Tail jump from $10:$9406	A,X	A,P,X	$08,$09,$6E0A,$6E0C	$8498,$9A90,$9AC3,$9ACD,$9AE0,$9B15,$9B58
10	9409	StashRemovedPartyMemberAndMarkSaveState	Pointer $10:$9ED6 (113-entry battle-action handler table selected by $6E0B and dispatched at $822E-$823B)	A,Y	A,P,Y	$616A+Y,$616E,$618E,$6BDD	
10	9426	RestoreStashedPartyMemberIntoRoster	Pointer $10:$9ED8 (113-entry battle-action handler table selected by $6E0B and dispatched at $822E-$823B)	A,X,Y	A,P,X,Y	($08),Y,$08,$09,$0F,$616A+Y,$616E+Y,$618E,$6BDD,$6E0A	$982B,$9A90,$9AC3,$9ACD,$9AE0,$9B15,$9B58,$C7FB,$C813
10	94D0	SelectSaveRosterParityBit	Pointer $10:$9EDA (113-entry battle-action handler table selected by $6E0B and dispatched at $822E-$823B)	A	A,P	$72	
10	94DC	ResolveChapterRosterMemberByOrdinal	Pointer $10:$9EBE (113-entry battle-action handler table selected by $6E0B and dispatched at $822E-$823B)	A,X,Y	A,P,X,Y	$07,$09,$6BDD,$72,$75	
10	9540	TestChapterRosterBitWindow	Pointer $10:$9EC2 (113-entry battle-action handler table selected by $6E0B and dispatched at $822E-$823B)	A,X,Y	A,P,X,Y	$6BDD	$9572
10	9572	DecodeRosterBitMaskFromIndex	Direct call from $10:$955E; Direct call from $10:$95A6	A,X	A,P,X	$07,$08	
10	958A	SetChapterRosterBitWindow	Direct call from $10:$91B4; Pointer $10:$9EC0 (113-entry battle-action handler table selected by $6E0B and dispatched at $822E-$823B)	A,X,Y	A,P,X,Y	$6165+Y	$9572
10	9601	ReturnNoBattleAction	Pointer $10:$9E58 (113-entry battle-action handler table selected by $6E0B and dispatched at $822E-$823B); Pointer $10:$9E60 (113-entry battle-action handler table selected by $6E0B and dispatched at $822E-$823B); Pointer $10:$9E68 (113-entry battle-action handler table selected by $6E0B and dispatched at $822E-$823B)		P		
10	9602	CompareBattleValueAgainstScratch	Pointer $10:$9E62 (113-entry battle-action handler table selected by $6E0B and dispatched at $822E-$823B); Pointer $10:$9E6A (113-entry battle-action handler table selected by $6E0B and dispatched at $822E-$823B)	A,X,Y	A,P,X,Y	($79),Y,$00+X,$0075+X,$06,$72+X	$83BA,$83BD,$83C6
10	9608	SubtractBattleWorkSpanIntoInlineRecordEntry	Pointer $10:$9E5C (113-entry battle-action handler table selected by $6E0B and dispatched at $822E-$823B); Pointer $10:$9E64 (113-entry battle-action handler table selected by $6E0B and dispatched at $822E-$823B); Pointer $10:$9E6C (113-entry battle-action handler table selected by $6E0B and dispatched at $822E-$823B)		P		$8460
10	960C	CompareBattleSpanAgainstFFThresholdEntry	Pointer $10:$9E5A (113-entry battle-action handler table selected by $6E0B and dispatched at $822E-$823B)	A,X,Y	A,P,X,Y	($79),Y,$00+X,$0075+X,$03,$06,$72+X	$83BA,$83BD
10	9613	CountMatchingBattleValuesAcrossSixSlots	Direct call from $10:$8554; Pointer $10:$9EB4 (113-entry battle-action handler table selected by $6E0B and dispatched at $822E-$823B)	A,X	A,P,X	$72,$76	$9731
10	964A	ClearBattleSpanIfEligibleAndZeroed	Pointer $10:$9EB6 (113-entry battle-action handler table selected by $6E0B and dispatched at $822E-$823B)	A	A,P	$76	$96E4,$9731
10	9660	WritePartyRecordPackedBits	Direct call from $10:$9403; Pointer $10:$9EB8 (113-entry battle-action handler table selected by $6E0B and dispatched at $822E-$823B)	A,Y	A,P,Y	($79),Y,$72E6,$77	$97EA
10	96E4	ClearPartyRecordPackedBits	Direct call from $10:$9659; Pointer $10:$9EBA (113-entry battle-action handler table selected by $6E0B and dispatched at $822E-$823B)	A,Y	A,P,Y	($79),Y,$76	$88A4,$9765,$97EA
10	9731	ResolvePartyRecordPackedSelector	Direct call from $10:$9617; Direct call from $10:$9632; Direct call from $10:$9654; Pointer $10:$9EBC (113-entry battle-action handler table selected by $6E0B and dispatched at $822E-$823B)	A,Y	A,P,Y	$73	$8B59,$97BC,$97EA
10	9765	FindFirstEligiblePartyRecordSlot	Direct call from $10:$9721	A,Y	A,P,Y	$73	$8B59
10	97BC	ReadPartyRecordField8Value	Direct call from $10:$9783; Direct call from $10:$9799; Direct call from $10:$97D0	Y	A,P,Y		
10	97C1	AdvancePartyRecordPackedSelector	Pointer $10:$9F02 (113-entry battle-action handler table selected by $6E0B and dispatched at $822E-$823B)	A,Y	A,P	($79),Y,$00	$97BC,$97EA
10	97EA	TestPartyRecordBitBySelector	Direct call from $10:$966A; Direct call from $10:$96EA; Direct call from $10:$9710; Direct call from $10:$9737; Direct call from $10:$975C; Direct call from $10:$97C1	A,Y	A,P,X,Y	$00	$8301,$835C,$8490,$8C58
10	982B	CountEligibleBattleRosterMembers	Direct call from $10:$9445; Direct call from $10:$946A; Direct call from $10:$9857; Direct call from $10:$9900; Direct call from $10:$993F; Direct call from $10:$9975; Direct call from $10:$99E7; Direct call from $10:$99FD; Direct call from $10:$9B82; Direct call from $10:$9BEF; Direct call from $10:$9CBF; Pointer $10:$9EF4 (113-entry battle-action handler table selected by $6E0B and dispatched at $822E-$823B)	A	A,P	$6E0C,$72	$8241,$825F,$8278
10	9849	FindEligibleMemberMatchingCurrentClassCode	Direct call from $10:$9325; Pointer $10:$9EF6 (113-entry battle-action handler table selected by $6E0B and dispatched at $822E-$823B)	A,X,Y	A,P,X,Y	$07,$08,$0A,$0B,$0C,$0D,$6E,$6E0B,$6E0C,$72,$75,$76	$8198,$8241,$825F,$8278,$82F0,$8301,$831E,$8815,$982B
10	98F7	SelectHighestEligibleMemberByRecordByte5	Pointer $10:$9EF8 (113-entry battle-action handler table selected by $6E0B and dispatched at $822E-$823B)	A,Y	A,P,X,Y	$0A,$0B,$0C,$0D,$6E0B,$72,$75	$8198,$982B
10	9936	FindFirstEligibleMemberWithFreeRosterSpace	Pointer $10:$9EFA (113-entry battle-action handler table selected by $6E0B and dispatched at $822E-$823B)	A,X	A,P,X	$0A,$0C,$6E0B,$72	$8198,$8AD7,$982B
10	996C	FindPartyMemberHoldingItem	Pointer $10:$9EFC (113-entry battle-action handler table selected by $6E0B and dispatched at $822E-$823B)	A,Y	A,P,X,Y	$0A,$0C,$6E0B,$72,$73	$8198,$982B
10	99B5	ValidateUniqueSelectionStateAndRepackRoster	Pointer $10:$9EEC (113-entry battle-action handler table selected by $6E0B and dispatched at $822E-$823B)	A,X,Y	A,P,X,Y	($0C),Y,$08,$09,$0A,$0C,$0D,$6BDD,$6E0A	$8241,$8498,$982B,$9A87,$9A90,$9AC3,$9ACD,$9AE0,$9B15,$9B58,$9C7C,$C813
10	9A87	ClearIndexedSelectionByteIfValid	Direct call from $10:$9A4B; Direct call from $10:$9A50; Direct call from $10:$9A55; Direct call from $10:$9A5A	A,Y	A,P	($08),Y	
10	9A90	CopySecondaryRosterSpanToPrimaryMirror	Direct call from $10:$9303; Direct call from $10:$93C7; Direct call from $10:$94A1; Direct call from $10:$9A6B; Direct call from $10:$9BCA; Direct call from $10:$9C6A	A,X,Y	A,P,X,Y	$0F,$616A+Y	$825F
10	9AC3	ClearTenByteBattleBuffer	Direct call from $10:$93C1; Direct call from $10:$9483; Direct call from $10:$9A65; Direct call from $10:$9BC4	A,Y	A,P,Y	($0C),Y	
10	9ACD	LoadSecondarySelectionBufferPointer	Direct call from $10:$93BE; Direct call from $10:$947D; Direct call from $10:$9A62; Direct call from $10:$9BB5; Direct call from $10:$9C67	A,Y	A,P,X	$0C,$0D	$825F
10	9AE0	PackEligibleRosterMembersIntoSelectionBuffer	Direct call from $10:$93BB; Direct call from $10:$9480; Direct call from $10:$9A15; Direct call from $10:$9BBB; Direct call from $10:$9C30	A,X,Y	A,P,X,Y	($08),Y,$0B,$6E0C	$8241,$825F,$8278
10	9B15	ReencodeRosterEntriesThroughLookupTable	Direct call from $10:$93C4; Direct call from $10:$949E; Direct call from $10:$9A68; Direct call from $10:$9BC7	A,X,Y	A,P,X,Y	($08),Y,($0C),Y	
10	9B58	ClearTenByteSelectionBuffer	Direct call from $10:$93B8; Direct call from $10:$9442; Direct call from $10:$9A12; Direct call from $10:$9BB8; Direct call from $10:$9C2D	A,Y	A,P,Y	($08),Y	
10	9B6D	RemoveSelectedMemberAndRepackRoster	Pointer $10:$9EEE (113-entry battle-action handler table selected by $6E0B and dispatched at $822E-$823B)	A,X,Y	A,P,X,Y	($08),Y,$08,$09,$0F,$616A+Y,$6BDD,$6E0A,$6E0C	$8498,$982B,$9A90,$9AC3,$9ACD,$9AE0,$9B15,$9B58,$9C7C
10	9BE1	RelocateSelectedMemberAndRepackRoster	Pointer $10:$9EF0 (113-entry battle-action handler table selected by $6E0B and dispatched at $822E-$823B)	A,X,Y	A,P,X,Y	$08,$09,$0C,$0D,$0E,$0F,$616A+X,$616A+Y,$6E0A,$6E0C	$8241,$8498,$982B,$9A90,$9ACD,$9AE0,$9B58,$9C7C
10	9C7C	CompactPrimaryRosterFromSecondaryMirror	Direct call from $10:$9306; Direct call from $10:$9A6E; Direct call from $10:$9BD2; Direct call from $10:$9C6D	A,X,Y	A,P,X,Y	$0F,$616A+Y	$8241
10	9CB1	ComputeBattleRosterFreeSlotCount	Guarded flow recovery: Coherent routine block immediately after RTS $9CB0; 25 instructions, returns and merges into existing code	A,X,Y	A,P,X,Y	$00,$00+X,$6BDD,$6E0A,$6E0B,$72	$8196,$8241,$825F,$8498,$982B
10	9CDA	SeedBattleModeFlag	Pointer $10:$805A (64-entry code dispatch table followed by code at $8080)	A,X,Y	A,P,X,Y	$00,$00+X,$6BDD,$6E0A,$6E0B,$72	$8196,$8241,$825F
10	9CDD	PreserveZeroPageAndResolveBattleTarget	Pointer $10:$805C (64-entry code dispatch table followed by code at $8080)	A,X,Y	A,P,X,Y	$00,$00+X,$6BDD,$6E0B,$72	$8196,$8241,$825F
10	9D44	FindRosterOrdinalByCharacterId	Pointer $10:$9EFE (113-entry battle-action handler table selected by $6E0B and dispatched at $822E-$823B)	A,X	A,P,X	$00,$72	$8241,$825F,$9D76
10	9D76	ScanRosterSpanForCharacterId	Direct call from $10:$9D56; Direct call from $10:$9D60	A,X,Y	A,P,X,Y	$01	
10	9D92	ResolveCurrentMemberRosterIndex	Pointer $10:$9F00 (113-entry battle-action handler table selected by $6E0B and dispatched at $822E-$823B)	A,X	A,P	$72	$835C
10	9D9C	ReturnAfterCurrentPartyRecordLookup	Pointer $10:$9EF2 (113-entry battle-action handler table selected by $6E0B and dispatched at $822E-$823B)		P		
10	9D9D	ResolveTargetAndTestMemberClassBelowNine	Pointer $10:$806E (64-entry code dispatch table followed by code at $8080)	A,X,Y	A,P,X,Y	$00+X,$6E,$6E0B	$8196
10	9DC4	ReturnNoOpActionSlot0	Pointer $10:$9E7C (113-entry battle-action handler table selected by $6E0B and dispatched at $822E-$823B)		P		
10	9DC5	ReturnNoOpActionSlot1	Pointer $10:$9E80 (113-entry battle-action handler table selected by $6E0B and dispatched at $822E-$823B)		P		
10	9DC6	ReturnNoOpActionSlot2	Pointer $10:$9ED0 (113-entry battle-action handler table selected by $6E0B and dispatched at $822E-$823B)		P		
10	9DC7	StoreBattleSelectorAndDispatchService	Pointer $10:$8058 (64-entry code dispatch table followed by code at $8080)	A	P	$6F	
10	9DCD	AccumulateRepeatedServiceCarryMask	Guarded flow recovery: Coherent routine block immediately after RTI $9DCC; 12 instructions, 1 BRK service calls, returns	A,X	A,P,X	$71	
10	A035	ScaleBattleTripletByAccumulator	Direct call from $10:$8BE6; Pointer $10:$806C (64-entry code dispatch table followed by code at $8080)	A,X	A,P	$00+X,$01+X,$02+X,$6E11,$6E12,$6E13,$6E14	
10	A077	DispatchBattleActionThroughResolvedTarget	Direct call from $10:$817D	A,X,Y	A,P,X,Y	$0F	$8301,$A0CA,$A19E
10	A09F	ApplyBattleActionTypeFallbacks	Guarded flow recovery: Coherent routine block immediately after JMP $A09C; 18 instructions, jumps and merges into existing code	A,Y	A,P,X,Y	$6BDD	$A0CA,$A129,$A164
10	A0C0	RefreshBattlePartyMemberStateAndReturn	Pointer $10:$804C (64-entry code dispatch table followed by code at $8080)		P		$A0CA
10	A0C4	RefreshBattlePartyStateAndReturn	Tail jump from $10:$A09C	A	A,P,X,Y		$A0CA
10	A0CA	RefreshBattlePartyMemberStateCache	Direct call from $10:$A0C0; Direct call from $10:$A0C4	A,X,Y	A,P,X,Y	$6E0A,$6E0C	$8241,$8301,$A114,$A129,$A14E,$A164,$A19E
10	A107	RestoreBattleOperationRegisters	Tail jump from $10:$A0BD	A	A,P,X,Y		
10	A114	MarkBattleMemberPromotedFlag	Direct call from $10:$A0F4	A,X,Y	A,P,X,Y	$6BE7+X	
10	A129	MergeRosterByteIntoBattleMemberFlags	Direct call from $10:$A0F1; Direct call from $10:$A104	A,X,Y	A,P,X,Y	$0D,$6BE7+X	
10	A14E	SeedBattlePartyHighBitCache	Direct call from $10:$A0D3	A,X,Y	A,P,X,Y	$6BE7+X	$8241
10	A164	AccumulateRosterMatchFlagsIntoMemberState	Direct call from $10:$A0EE; Direct call from $10:$A10E	A,X,Y	A,P,X,Y	$0D,$6BE7+X,$76	
10	A19E	TranslatePartyIndexToBattleSlotOffset	Direct call from $10:$A092; Direct call from $10:$A0E8	A	A,P	$0E	
10	A1BF	PickRandomByteBelowAccumulator	Direct call from $10:$A1DA; Direct call from $10:$A1E5; Direct call from $10:$A1FC; Pointer $10:$802E (64-entry code dispatch table followed by code at $8080)	A,X	A,P,X	$8A,$8B	$A23D,$C827
10	A1D4	RandomizeBattlePairInPlace	Pointer $10:$8030 (64-entry code dispatch table followed by code at $8080)	A,X	A,P	$00+X,$01+X	$A1BF,$A23D
10	A202	RollSixteenNibbleRandomWord	Pointer $10:$8032 (64-entry code dispatch table followed by code at $8080)	A,X	A,P,X	$0F,$8A,$8B	$A23D
10	A20A	RollThirtyTwoNibbleRandomWord	Pointer $10:$8034 (64-entry code dispatch table followed by code at $8080)	A,X	A,P,X	$0F,$8A,$8B	$A23D
10	A23D	ForwardToNextRandomByte	Direct call from $10:$A1C7; Direct call from $10:$A1EE; Direct call from $10:$A21A; Direct call from $10:$A280; Pointer $10:$8036 (64-entry code dispatch table followed by code at $8080)		P		
10	A240	SelectRandomSetBitLowNibble	Pointer $10:$8054 (64-entry code dispatch table followed by code at $8080)	A,X	A,P,X	$0F	$A268
10	A256	SelectRandomSetBit	Pointer $10:$8056 (64-entry code dispatch table followed by code at $8080)	A,X	A,P,X	$0F	$A268
10	A268	SelectRandomSetBitCore	Direct call from $10:$A24A; Direct call from $10:$A260	A,X,Y	A,P,X,Y	$0C,$0D,$0E,$0F	$A23D,$C851
10	A2A0	TranslateExtendedBattleClassCode	Pointer $10:$8038 (64-entry code dispatch table followed by code at $8080)	A,X	A,P,X		
10	A2DB	FindPartyMemberCarryingItem	Pointer $10:$8074 (64-entry code dispatch table followed by code at $8080)	A,X,Y	A,P,X,Y	$72	$A2EB
10	A2EB	ScanPartyInventoriesForItem	Direct call from $10:$A2E3	A,X,Y	A,P,X,Y		$8306
10	A393	ClearBattleWorkAreaAndScanGroupSlots	Direct call from $10:$A351	A,X,Y	A,P,X,Y	$7274+X,$7B,$7C,$81,$82	$A3D5
10	A3D5	BuildBattleGroupRecordFromTemplate	Direct call from $10:$A35B; Direct call from $10:$A3B7	A,X,Y	A,P,X,Y	($84),Y,$00,$01,$02,$6E59,$7E,$7F,$81,$82	$A4F9,$A55F,$A5BC,$A5F7,$A62D
10	A4F9	BlendBattleGroupSelectionMasks	Direct call from $10:$A401; Direct call from $10:$A437	A,X	A,P,X	$00,$01,$02,$6E59,$81,$82	$A51C,$A5BC,$A5F7
10	A51C	ScanBattleMaskForNthSetBit	Direct call from $10:$A4FE	A,X	A,P,X	$00,$01,$02,$6E59,$81	$A5F7
10	A55F	StoreBattlePairBytesToPointer	Direct call from $10:$A476; Direct call from $10:$A487; Direct call from $10:$A4E3	A,Y	A,P,Y	($84),Y	
10	A569	FindFirstMatchingBattleGroupIndex	Direct call from $10:$A365	A,X,Y	A,P,X,Y	$6E59,$7E,$82,$83	$A5BC
10	A5A9	CountSetBitsInBattleMask	Direct call from $10:$A378	A,X	A,P,X	$7E	$A5BC
10	A5BC	BuildBattlePredicateMask	Direct call from $10:$A37E; Direct call from $10:$A3FA; Direct call from $10:$A427; Direct call from $10:$A511; Direct call from $10:$A572; Direct call from $10:$A588; Direct call from $10:$A5A9	A	A,P	$6BDD,$7E,$81	$A5F7
10	A5F7	TestBattleRecordPredicateForSelector	Direct call from $10:$A36F; Direct call from $10:$A45F; Direct call from $10:$A471; Direct call from $10:$A482; Direct call from $10:$A493; Direct call from $10:$A4EF; Direct call from $10:$A53C; Direct call from $10:$A5CE; Direct call from $10:$A5E1	A,Y	A,P,Y		$A622,$A62D,$A63C,$A650,$A668
10	A622	ResolveBattleRecordByteOffsetOrFallback	Direct call from $10:$A5F7	Y	A,P,Y		
10	A62D	LoadBattleRecordPointerForSlot	Direct call from $10:$A3D5; Direct call from $10:$A44B; Direct call from $10:$A5FA	A,X	A,P,X	$84,$85	
10	A63C	ClearBattleRecordScratchBytes	Direct call from $10:$A5FD	A	A,P	$7E,$7F,$80	
10	A645	LoadBattleRecordSelectorByteMasked	Direct call from $10:$A6A5	A,X,Y	A,P,X,Y	$6E5A,$6E5B	
10	A650	ResolveBattleRecordSpanSelector	Direct call from $10:$A600; Direct call from $10:$A697	A,X,Y	A,P,X,Y	$6E5A,$6E5B	
10	A65A	LoadBattleRecordSpanDescriptorTables	Direct call from $10:$A9DC; Tail jump from $10:$A64D	A,X,Y	A,P,X,Y	$6E5A,$6E5B	
10	A668	DispatchBattleRecordOperationWithSpan	Direct call from $10:$A603	A,X	A,P,X,Y	$00,$01	$A683
10	A683	CopyBattleRecordSpanToWorkBuffer	Direct call from $10:$A66B	A,X,Y	A,P,X,Y	$7E+X	
10	A697	LookupBattleRecordByteByPackedIndex	Direct call from $10:$A721; Direct call from $10:$A725; Direct call from $10:$A73B; Direct call from $10:$A743; Direct call from $10:$A74D; Direct call from $10:$A763; Direct call from $10:$A773; Direct call from $10:$A799; Direct call from $10:$A7A4; Direct call from $10:$A7AF	A,X,Y	A,P,X,Y	$7E+X	$A645,$A650,$A6C9,$C3EA
10	A6A2	LoadBattleRecordSpanFromBankedTable	Direct call from $10:$8713; Pointer $10:$804A (64-entry code dispatch table followed by code at $8080)	A,X,Y	A,P,X,Y	$7E+X	$A645,$A6C9,$C3EA
10	A6C9	AdvanceBattleRecordPointerByScaledStride	Direct call from $10:$A6A2	A,X	A,P,X	$02,$03,$04,$05,$23,$24	$C3CE,$C827
10	A701	ReturnNoBattleRecordOperation	Pointer $10:$AAA6 (48-entry battle-record operation table selected by $6E59 and dispatched at $A66E-$A680); Pointer $10:$AAB4 (48-entry battle-record operation table selected by $6E59 and dispatched at $A66E-$A680); Pointer $10:$AAC2 (48-entry battle-record operation table selected by $6E59 and dispatched at $A66E-$A680); Pointer $10:$AACA (48-entry battle-record operation table selected by $6E59 and dispatched at $A66E-$A680); Pointer $10:$AAD2 (48-entry battle-record operation table selected by $6E59 and dispatched at $A66E-$A680)		P		
10	A702	ExtractBattleRecordLowTwoBits	Pointer $10:$AB00 (48-entry battle-record operation table selected by $6E59 and dispatched at $A66E-$A680)	A	A,P	$7E	
10	A70A	ExtractBattleRecordMiddleTwoBits	Pointer $10:$AB02 (48-entry battle-record operation table selected by $6E59 and dispatched at $A66E-$A680)	A	A,P	$7E	
10	A713	ExtractBattleRecordHighThreeBits	Pointer $10:$AB04 (48-entry battle-record operation table selected by $6E59 and dispatched at $A66E-$A680)	A,X	A,P,X	$7E	
10	A721	LoadBattleRecordByteByPackedIndex	Direct call from $10:$A976; Pointer $10:$AAB6 (48-entry battle-record operation table selected by $6E59 and dispatched at $A66E-$A680); Pointer $10:$AAC4 (48-entry battle-record operation table selected by $6E59 and dispatched at $A66E-$A680); Pointer $10:$AADA (48-entry battle-record operation table selected by $6E59 and dispatched at $A66E-$A680)		P		$A697
10	A725	LoadBattleRecordTenBitStat	Direct call from $10:$A966; Direct call from $10:$A9A6; Pointer $10:$AAA8 (48-entry battle-record operation table selected by $6E59 and dispatched at $A66E-$A680); Pointer $10:$AACC (48-entry battle-record operation table selected by $6E59 and dispatched at $A66E-$A680); Pointer $10:$AAD4 (48-entry battle-record operation table selected by $6E59 and dispatched at $A66E-$A680); Pointer $10:$AADC (48-entry battle-record operation table selected by $6E59 and dispatched at $A66E-$A680)	A	A,P,X,Y	$7F	$A697,$C3EA
10	A73B	LoadBattleRecordByteMaskedToSevenBits	Pointer $10:$AADE (48-entry battle-record operation table selected by $6E59 and dispatched at $A66E-$A680)	A	A,P	$7E	$A697
10	A743	LoadBattleRecordByteHighBitAsBoolean	Pointer $10:$AAE0 (48-entry battle-record operation table selected by $6E59 and dispatched at $A66E-$A680)	A	A,P	$7E	$A697
10	A74D	LoadBattleRecordByteAtRelativeOffset	Pointer $10:$AAE2 (48-entry battle-record operation table selected by $6E59 and dispatched at $A66E-$A680)	A	A,P,X,Y	$7E	$A697,$C3EA
10	A763	ExtractBattleRecordTwoBitFieldFromPackedValue	Pointer $10:$AAE4 (48-entry battle-record operation table selected by $6E59 and dispatched at $A66E-$A680); Pointer $10:$AAE6 (48-entry battle-record operation table selected by $6E59 and dispatched at $A66E-$A680); Pointer $10:$AAE8 (48-entry battle-record operation table selected by $6E59 and dispatched at $A66E-$A680)	A	A,P	$7E,$7F	$A697
10	A773	ExtractBattleRecordQuadrantField	Pointer $10:$AAEA (48-entry battle-record operation table selected by $6E59 and dispatched at $A66E-$A680)	A,Y	A,P,X,Y	$7E	$A697,$C3EA
10	A799	ExtractBattleRecordTopTwoBits	Pointer $10:$AAEC (48-entry battle-record operation table selected by $6E59 and dispatched at $A66E-$A680); Pointer $10:$AAF2 (48-entry battle-record operation table selected by $6E59 and dispatched at $A66E-$A680)	A	A,P	$7E	$A697
10	A7A4	ExtractBattleRecordMiddleThreeBits	Pointer $10:$AAEE (48-entry battle-record operation table selected by $6E59 and dispatched at $A66E-$A680); Pointer $10:$AAF4 (48-entry battle-record operation table selected by $6E59 and dispatched at $A66E-$A680)	A	A,P	$7E	$A697
10	A7AF	ExtractBattleRecordLowThreeBits	Pointer $10:$AAF0 (48-entry battle-record operation table selected by $6E59 and dispatched at $A66E-$A680); Pointer $10:$AAF6 (48-entry battle-record operation table selected by $6E59 and dispatched at $A66E-$A680)	A	A,P	$7E	$A697
10	A7B7	LoadBattleRecordPackedFieldBySelector	Direct call from $10:$A8DE; Pointer $10:$AAF8 (48-entry battle-record operation table selected by $6E59 and dispatched at $A66E-$A680)	A,X,Y	A,P,X,Y	$7E,$7F,$82	$A920
10	A83D	SetBattleRecordSentinelAndClearNeighbors	Pointer $10:$AAFC (48-entry battle-record operation table selected by $6E59 and dispatched at $A66E-$A680)	A,Y	A,P,Y	($84),Y,$82	$A920
10	A86D	MergePackedBattleRecordNibbleBySelector	Pointer $10:$AAFA (48-entry battle-record operation table selected by $6E59 and dispatched at $A66E-$A680)	A,Y	A,P,Y	($84),Y	$A920
10	A8DB	MergePackedBattleRecordTailBySelector	Pointer $10:$AAFE (48-entry battle-record operation table selected by $6E59 and dispatched at $A66E-$A680)	A,X,Y	A,P,X,Y	($84),Y,$82	$A7B7,$A920
10	A920	TestSetOrClearBattleRecordBitBySelector	Direct call from $10:$A7BE; Direct call from $10:$A843; Direct call from $10:$A868; Direct call from $10:$A86D	A,X,Y	A,P,X,Y	($84),Y	
10	A95E	RestoreBattleSlotHpToMaximum	Direct call from $10:$A9C2; Pointer $10:$AAB0 (48-entry battle-record operation table selected by $6E59 and dispatched at $A66E-$A680)	A,X,Y	A,P,X,Y	($84),Y,$04+X,$05,$7E,$7F,$82,$83	$A65A,$A725
10	A966	LoadTailBitsAndDispatchBattleSpanUpdate	Pointer $10:$AAAA (48-entry battle-record operation table selected by $6E59 and dispatched at $A66E-$A680)	A,X,Y	A,P,X,Y	($84),Y,$04+X,$05,$7E,$7F,$82,$83	$A65A,$A725
10	A96E	AddPackedPartyStatCappedAt255	Pointer $10:$AAC0 (48-entry battle-record operation table selected by $6E59 and dispatched at $A66E-$A680)	A,X,Y	A,P,X,Y	($84),Y,$04+X,$05,$7E,$7F,$82,$83	$A65A,$A721
10	A972	LoadPackedByteAndDispatchBattleSpanUpdate	Pointer $10:$AAB8 (48-entry battle-record operation table selected by $6E59 and dispatched at $A66E-$A680)	A,X,Y	A,P,X,Y	($84),Y,$04+X,$05,$7E,$7F,$82,$83	$A65A,$A721
10	A97E	AddToSelectedBattleRecordValueCappedAt255	Pointer $10:$AAC6 (48-entry battle-record operation table selected by $6E59 and dispatched at $A66E-$A680)	A,X,Y	A,P,X,Y	($84),Y,$04+X,$05,$7E,$7F,$82,$83	$A65A
10	A98C	AddToPrimaryBattleStatCappedAt999	Pointer $10:$AACE (48-entry battle-record operation table selected by $6E59 and dispatched at $A66E-$A680)	A,X,Y	A,P,X,Y	($84),Y,$04+X,$05,$7E,$7F,$82,$83	$A65A
10	A991	AddToSecondaryBattleStatCappedAt999	Pointer $10:$AAD6 (48-entry battle-record operation table selected by $6E59 and dispatched at $A66E-$A680)	A,X,Y	A,P,X,Y	($84),Y,$04+X,$05,$7E,$7F,$82,$83	$A65A
10	A993	AddToBattleRecordValueCappedAt999	Tail jump from $10:$A98E	A,X,Y	A,P,X,Y	($84),Y,$04+X,$05,$7E,$7F,$82,$83	$A65A
10	A99F	SubtractBattleSpanWithZeroHighByte	Pointer $10:$AABA (48-entry battle-record operation table selected by $6E59 and dispatched at $A66E-$A680); Pointer $10:$AAC8 (48-entry battle-record operation table selected by $6E59 and dispatched at $A66E-$A680)	A,X,Y	A,P,X,Y	($84),Y,$02,$7E,$7F,$83	
10	A9A3	SubtractAndClampBattleSpan	Pointer $10:$AAAC (48-entry battle-record operation table selected by $6E59 and dispatched at $A66E-$A680); Pointer $10:$AAD0 (48-entry battle-record operation table selected by $6E59 and dispatched at $A66E-$A680); Pointer $10:$AAD8 (48-entry battle-record operation table selected by $6E59 and dispatched at $A66E-$A680)	A,X,Y	A,P,X,Y	($84),Y,$02,$7E,$7F	
10	A9A6	CompareCurrentHpWithMaximumHp	Pointer $10:$AAAE (48-entry battle-record operation table selected by $6E59 and dispatched at $A66E-$A680)	A,Y	A,P,X,Y		$A725,$C851
10	A9BD	CompareBattleSpanLowByteEquality	Pointer $10:$AABC (48-entry battle-record operation table selected by $6E59 and dispatched at $A66E-$A680)	A	A,P		
10	A9C2	SetBattleSlotHpToHalfMaximum	Pointer $10:$AAB2 (48-entry battle-record operation table selected by $6E59 and dispatched at $A66E-$A680)	A,Y	A,P,Y	($84),Y,$82,$83	$A95E
10	A9D5	ClearMaximumHpLowByte	Pointer $10:$AABE (48-entry battle-record operation table selected by $6E59 and dispatched at $A66E-$A680)	A,Y	A,P,Y	($84),Y	
10	A9DC	AddAndClampBattleRecordValue	Tail jump from $10:$A96B; Tail jump from $10:$A97B; Tail jump from $10:$A989; Tail jump from $10:$A99C	A,X,Y	A,P,X,Y	($84),Y,$04+X,$05,$7E,$7F,$82,$83	$A65A
10	AA34	SubtractAndFloorBattleRecordValue	Tail jump from $10:$A9A3	A,X,Y	A,P,X,Y	($84),Y,$02,$7E,$7F	
10	AB4F	RecoverInlineBattlePointerFromCaller	Direct call from $10:$AB7A; Direct call from $10:$AB90; Direct call from $10:$ABA2	A,X	A,P,X,Y	$84,$85	
10	AB62	AdvanceInlineBattleOperandAndReturn	Tail jump from $10:$AB85; Tail jump from $10:$AB99; Tail jump from $10:$ABB6	A,X,Y	A,P,X,Y	$00+X,$0106+X,$0107+X,$81+X	$A393,$A3D5,$A569,$A5A9,$A5BC,$A5F7
10	AB74	AdvanceInlineBattlePointerWithSlotState	Pointer $10:$8044 (64-entry code dispatch table followed by code at $8080)	A,X,Y	A,P,X,Y	$00+X,$0106+X,$0107+X,$6E59,$7B,$81+X	$A393,$A3D5,$A569,$A5A9,$A5BC,$A5F7,$AB4F
10	AB88	AdvanceInlineBattlePointerWithAccumulator	Pointer $10:$8046 (64-entry code dispatch table followed by code at $8080)	A,X,Y	A,P,X,Y	$00+X,$0106+X,$0107+X,$6E59,$7B,$7C,$81+X	$A393,$A3D5,$A569,$A5A9,$A5BC,$A5F7,$AB4F
10	AB9C	AdvanceInlineBattlePointerWithBankedRead	Pointer $10:$8048 (64-entry code dispatch table followed by code at $8080)	A,X,Y	A,P,X,Y	$00+X,$0106+X,$0107+X,$6E59,$7B,$7C,$81+X	$A393,$A3D5,$A569,$A5A9,$A5BC,$A5F7,$AB4F,$C3EA
10	ABB9	ResolveBattleTransitionModeFromWorldState	Direct call from $10:$AC21; Pointer $10:$8050 (64-entry code dispatch table followed by code at $8080)	A	A,P	$0514	
10	AC21	CommitBattleTransitionModeToEngine	Pointer $10:$804E (64-entry code dispatch table followed by code at $8080)	A	A,P	$05FD	$ABB9
10	AC2D	SeedBattleSlotDescriptors	Pointer $10:$8060 (64-entry code dispatch table followed by code at $8080)		P		
10	AC70	DispatchPrimaryBattlePlanningOperation	Pointer $10:$8062 (64-entry code dispatch table followed by code at $8080); Pointer $10:$8064 (64-entry code dispatch table followed by code at $8080)		P		
10	AC73	EncodeBattleSlotVariantBits	Direct call from $10:$AC65	X	A,P,X	$6E59	
10	ACAF	DispatchAlternateBattlePlanningOperation	Pointer $10:$8072 (64-entry code dispatch table followed by code at $8080)		P		
10	ACB5	DispatchDefaultBattlePlanningOperation	Pointer $10:$8066 (64-entry code dispatch table followed by code at $8080); Pointer $10:$8068 (64-entry code dispatch table followed by code at $8080)		P		
10	ACB8	RunBattlePlannerDispatch	Direct call from $10:$ACA7		P		
10	ACF0	ComputeBattleActionRecordOffset	Direct call from $10:$ADC3; Direct call from $10:$ADEE; Direct call from $10:$AFF4; Direct call from $10:$B0C4; Direct call from $10:$B12B; Direct call from $10:$B25F; Direct call from $10:$B266; Direct call from $10:$B276; Direct call from $10:$B33A; Direct call from $10:$B3AE; Direct call from $10:$B3F4; Direct call from $10:$B490; Direct call from $10:$BC40	A	A,P,X	$01	
10	AD04	ResolveBattleSlotDescriptorIndex	Direct call from $10:$ACC0; Direct call from $10:$B095; Direct call from $10:$B28D; Direct call from $10:$B2D6; Direct call from $10:$B31D; Direct call from $10:$B327; Direct call from $10:$B3B6	A,X	A,P,X		
10	AD26	ReadBattleSlotHighBitFlag	Direct call from $10:$AD81; Direct call from $10:$AE43; Direct call from $10:$AF03; Direct call from $10:$B078; Direct call from $10:$B0AB; Direct call from $10:$B241; Direct call from $10:$B2D1; Direct call from $10:$B311; Direct call from $10:$B926; Direct call from $10:$BAC9; Direct call from $10:$BB82	A	A,P		
10	AD2D	BuildDescendingBattleSlotMask	Direct call from $10:$AD86; Direct call from $10:$B32C	A,X	A,P,X	$09	$AD32,$AD4E
10	AD32	BuildOneHotBattleSlotClearMask	Direct call from $10:$AD2D; Direct call from $10:$BA81	A,X	A,P,X		$AD4E
10	AD3D	SaveDescendingBattleSlotMask	Direct call from $10:$B322; Direct call from $10:$B364	A	P	$09	$AD43
10	AD43	BuildOneHotBattleSlotSetMask	Direct call from $10:$AD3D; Direct call from $10:$BA28	A,X	A,P,X		$AD4E
10	AD4E	ReadBattleSlotDescriptorLowNibble	Direct call from $10:$AD32; Direct call from $10:$AD43; Direct call from $10:$B598; Direct call from $10:$B5F2; Direct call from $10:$B7C2; Direct call from $10:$B9E4; Direct call from $10:$BA89; Direct call from $10:$BADD; Direct call from $10:$BAE8; Direct call from $10:$BBA8	A,X	A,P,X		
10	AD57	ReadShiftedBattleSlotDescriptorBit	Direct call from $10:$ADA4; Direct call from $10:$ADD5; Direct call from $10:$B0A6; Direct call from $10:$B1D9; Direct call from $10:$B1EF; Direct call from $10:$B202; Direct call from $10:$B228; Direct call from $10:$B251; Direct call from $10:$B258; Direct call from $10:$B27F; Direct call from $10:$B294; Direct call from $10:$B2A9; Direct call from $10:$B2CC; Direct call from $10:$B58B; Direct call from $10:$B921; Direct call from $10:$BAD8; Direct call from $10:$BB87; Direct call from $10:$BBF6; Direct call from $10:$BC34; Tail jump from $10:$BC79	A,X	A,P,X		
10	AD65	ReadBattlePlannerTwoBitSelector	Direct call from $10:$B1CB; Direct call from $10:$B48C	A,X,Y	A,P	$6E59	
10	AD81	SelectRandomBattleActionCandidate	Direct call from $10:$B03D	A,X	A,P,X	$0B,$7324+X	$ACF0,$AD26,$AD2D,$AD57,$C891
10	ADD5	CommitSelectedBattleActionCandidate	Direct call from $10:$B05B	A,X,Y	A,P,X,Y	$0B,$6F,$7324+X	$ACF0,$AD57,$B1AA,$B23B,$B266,$B272,$B311,$B84E
10	AE43	IsAllowedBattleActionId	Direct call from $10:$AE87; Direct call from $10:$B1BF	A	A,P		$AD26
10	AEE8	RefreshBattleActionSelectionState	Direct call from $10:$AECE; Direct call from $10:$AEE1; Direct call from $10:$AF32; Direct call from $10:$AF47; Direct call from $10:$AF5A; Direct call from $10:$B014		A,P		$B23B,$B272,$B2B8,$B311,$B460
10	AF61	SeedBattleActionSelectionWindow	Direct call from $10:$AF2F	A	A,P	$6F,$7374	
10	AF82	ResolveWeightedBattleActionCandidate	Guarded flow recovery: Coherent routine block immediately after JMP $AF7F; 19 instructions, jumps and merges into existing code	A,X,Y	A,P,X,Y	$0B,$6F,$7324+X,$7374	$ACF0,$AFFB,$B022
10	AFF2	StoreSelectedBattleActionOffset	Tail jump from $10:$AFAC	A,X	P	$0B,$7324+X	$ACF0
10	AFFB	TestBattleActionCandidatePreservingState	Direct call from $10:$AF98; Direct call from $10:$AFBB; Direct call from $10:$AFDA	A	A,P	$09	$B005
10	B005	TestBattleActionCandidateWithSavedState	Direct call from $10:$AFFE	A,X,Y	A,P,X,Y	$6E,$6F	$AEE8,$B1BF
10	B022	LoadQueuedBattleActionId	Direct call from $10:$AF82; Direct call from $10:$AFB6; Direct call from $10:$AFD5		P		
10	B06A	ValidateQueuedBattleActionAndUpdateMask	Direct call from $10:$B04B; Direct call from $10:$B063		A,P,X		$AD26,$B1BF,$B23B,$B272,$B2B8,$B311,$B460
10	B095	SeedRandomBattleActionCandidate	Direct call from $10:$AE97; Direct call from $10:$AEDE; Direct call from $10:$AEFD; Direct call from $10:$AF57; Direct call from $10:$B060	A,X,Y	A,P,X,Y	$06,$08,$0A,$6E59,$7324+X	$ACF0,$AD04,$AD26,$AD57,$B132,$B1A3,$B1AA,$C891
10	B132	FindNextWeightedBattleActionSlot	Direct call from $10:$B117	X	A,P,Y		$B146,$B158,$B1A3
10	B146	LoadPackedBattleActionCursor	Direct call from $10:$B132; Pointer $10:$803A (64-entry code dispatch table followed by code at $8080)	A,X	A,P,X	$06	
10	B158	IncrementPackedBattleActionCursor	Direct call from $10:$B13D; Pointer $10:$803C (64-entry code dispatch table followed by code at $8080)	A,X	A,P,X	$06,$720A+X	
10	B15A	StorePackedBattleActionCursor	Pointer $10:$803E (64-entry code dispatch table followed by code at $8080)	A,X	A,P,X	$06,$720A+X	
10	B183	LoadBattleActionRecordHeader	Direct call from $10:$AE82; Direct call from $10:$AEC4; Direct call from $10:$AF3D; Direct call from $10:$B046	A,X	A,P	$0A	$B1A3
10	B195	ClearBattleActionRecordHeader	Direct call from $10:$AE8C; Direct call from $10:$AED3; Direct call from $10:$AF4C; Direct call from $10:$B050	A,X	A,P	$6D8C+X,$6DC2+X	$B1A3
10	B1A3	AdvanceBattleActionRecordIndex	Direct call from $10:$B11C; Direct call from $10:$B135; Direct call from $10:$B183; Direct call from $10:$B195	A	A,P,X		$B1AA
10	B1AA	ComputeBattleActionRecordBaseIndex	Direct call from $10:$ADDA; Direct call from $10:$B0CB; Direct call from $10:$B0FB; Direct call from $10:$B1A3	A,X	A,P,X	$02	
10	B1BF	TestQueuedBattleActionAgainstSlotRules	Direct call from $10:$AEC9; Direct call from $10:$AF42; Direct call from $10:$B00F; Direct call from $10:$B06A		A,P		$AE43
10	B23B	StoreBattleSlotHighBitFlag	Direct call from $10:$ADF8; Direct call from $10:$AE9A; Direct call from $10:$AEE8; Direct call from $10:$AF00; Direct call from $10:$B06F	A,X	A,P	$7300+X	$ACF0,$AD26
10	B266	FlipBattleSlotHighBitFlag	Direct call from $10:$ADFB; Direct call from $10:$AF08	A,X	A,P	$7300+X	$ACF0
10	B272	LoadBattleActionGateByte	Direct call from $10:$ADFE; Direct call from $10:$AE9D; Direct call from $10:$AEEB; Direct call from $10:$AF0B; Direct call from $10:$B072	A,X	A,P	$0C,$0F	$ACF0,$AD04,$AD57
10	B2B8	ApplyBattleActionGateMask	Direct call from $10:$AEA3; Direct call from $10:$AEF1; Direct call from $10:$B089	A	A,P	$6E59	
10	B311	StoreBattleActionSelectionMask	Direct call from $10:$AE01; Direct call from $10:$AEA0; Direct call from $10:$AEEE; Direct call from $10:$AF0E; Direct call from $10:$B075	A,X	A,P,X	$09	$ACF0,$AD26,$AD3D
10	B3A0	FinalizeBattleActionSelectionMask	Direct call from $10:$AEBC; Direct call from $10:$AEE4; Direct call from $10:$AF12; Direct call from $10:$AF35; Direct call from $10:$AF5D; Direct call from $10:$B066	A,X,Y	A,P,Y		$ACF0,$AD04
10	B3FF	StoreBattleActionWeightForSlot	Direct call from $10:$B3D8		A,P		
10	B426	ComputeBattleEffectWeightBound	Direct call from $10:$B3CC	A	A,P,X	$03	$B43C
10	B43C	AccumulateBattleEffectWeights	Direct call from $10:$B430	A,X,Y	A,P,X,Y	$04,$07,$08	
10	B460	DispatchBattleEffectByActionId	Direct call from $10:$AEB9; Direct call from $10:$AEF4; Direct call from $10:$B08C	A,X,Y	A,P,Y	$02,$03,$04,$05	$ACF0,$AD65
10	B58B	RequireShiftedBattleSlotBitSet	Pointer $10:$B51B (120-entry battle-effect handler table selected by $0B and dispatched at $B468-$B496; $F7 is handled as a sentinel)	A	A,P,X	$7C	$AD57
10	B591	SeedBattleEffectContextFromActionAndSlot	Pointer $10:$B56D (120-entry battle-effect handler table selected by $0B and dispatched at $B468-$B496; $F7 is handled as a sentinel); Pointer $10:$B56F (120-entry battle-effect handler table selected by $0B and dispatched at $B468-$B496; $F7 is handled as a sentinel); Pointer $10:$B571 (120-entry battle-effect handler table selected by $0B and dispatched at $B468-$B496; $F7 is handled as a sentinel); Pointer $10:$B573 (120-entry battle-effect handler table selected by $0B and dispatched at $B468-$B496; $F7 is handled as a sentinel)	A,X	A,P	$C4,$C7	$AD4E
10	B5A2	LoadBattleSlotIndexMask	Direct call from $10:$BB09; Pointer $10:$B4C5 (120-entry battle-effect handler table selected by $0B and dispatched at $B468-$B496; $F7 is handled as a sentinel); Pointer $10:$B575 (120-entry battle-effect handler table selected by $0B and dispatched at $B468-$B496; $F7 is handled as a sentinel)	A,X	A,P,X	$7C	
10	B5C8	MergeBattleEffectSelectionSources	Pointer $10:$B4CD (120-entry battle-effect handler table selected by $0B and dispatched at $B468-$B496; $F7 is handled as a sentinel); Pointer $10:$B589 (120-entry battle-effect handler table selected by $0B and dispatched at $B468-$B496; $F7 is handled as a sentinel)	A,X,Y	A,P,X,Y	$0D,$0E,$7C	$B74F,$B8DA,$B957
10	B5EB	RequireHighBattleSlotIndex	Pointer $10:$B4E9 (120-entry battle-effect handler table selected by $0B and dispatched at $B468-$B496; $F7 is handled as a sentinel)	A	A,P		$AD4E
10	B635	BuildBattleEffectAvailabilityMask	Pointer $10:$B4D9 (120-entry battle-effect handler table selected by $0B and dispatched at $B468-$B496; $F7 is handled as a sentinel)	A,Y	A,P,X,Y	$0D	$B84E
10	B66F	RequirePackedRecordFieldValuesNonzero	Pointer $10:$B4DB (120-entry battle-effect handler table selected by $0B and dispatched at $B468-$B496; $F7 is handled as a sentinel)	A,Y	A,P,X,Y	$0D	$B875
10	B69F	BuildInvertedPackedFieldThresholdMask	Pointer $10:$B4DD (120-entry battle-effect handler table selected by $0B and dispatched at $B468-$B496; $F7 is handled as a sentinel)	A	A,P,X	$0D	
10	B6DC	RequirePackedRecordFieldThreshold	Pointer $10:$B4DF (120-entry battle-effect handler table selected by $0B and dispatched at $B468-$B496; $F7 is handled as a sentinel)	A,X	A,P,X,Y	$09	
10	B717	RequirePackedRecordFieldValueNotFF	Pointer $10:$B4E1 (120-entry battle-effect handler table selected by $0B and dispatched at $B468-$B496; $F7 is handled as a sentinel)	A,X	A,P,X,Y	$09	
10	B742	BuildCurrentPackedRecordFieldMask	Pointer $10:$B4D3 (120-entry battle-effect handler table selected by $0B and dispatched at $B468-$B496; $F7 is handled as a sentinel)	A,Y	A,P,X,Y	$09,$0D,$6F	$B84E,$B957
10	B74A	BuildDefaultPackedRecordFieldMask	Pointer $10:$B52D (120-entry battle-effect handler table selected by $0B and dispatched at $B468-$B496; $F7 is handled as a sentinel); Pointer $10:$B52F (120-entry battle-effect handler table selected by $0B and dispatched at $B468-$B496; $F7 is handled as a sentinel); Pointer $10:$B531 (120-entry battle-effect handler table selected by $0B and dispatched at $B468-$B496; $F7 is handled as a sentinel)	A	A,P,X,Y	$09,$0D,$6F	$B957
10	B74F	SeedCurrentSlotAndPackedFieldMask	Direct call from $10:$B5D2	A	A,P,X	$0D,$6F	
10	B76F	TestSlotDescriptorBitGate	Pointer $10:$B4D7 (120-entry battle-effect handler table selected by $0B and dispatched at $B468-$B496; $F7 is handled as a sentinel)	A,X,Y	A,P,X		$B921
10	B799	RequireSingleSlotSelector	Pointer $10:$B49B (120-entry battle-effect handler table selected by $0B and dispatched at $B468-$B496; $F7 is handled as a sentinel); Pointer $10:$B49D (120-entry battle-effect handler table selected by $0B and dispatched at $B468-$B496; $F7 is handled as a sentinel); Pointer $10:$B49F (120-entry battle-effect handler table selected by $0B and dispatched at $B468-$B496; $F7 is handled as a sentinel); Pointer $10:$B4AD (120-entry battle-effect handler table selected by $0B and dispatched at $B468-$B496; $F7 is handled as a sentinel); Pointer $10:$B4C1 (120-entry battle-effect handler table selected by $0B and dispatched at $B468-$B496; $F7 is handled as a sentinel)	A,X,Y	A,P,X	$0D,$0E	$B903
10	B79F	TestPackedField10CandidateIndex0WithMaskBuilder	Pointer $10:$B4C9 (120-entry battle-effect handler table selected by $0B and dispatched at $B468-$B496; $F7 is handled as a sentinel)	A,X,Y	A,P,X,Y	$0D,$0E,$7C	$B875,$B903
10	B7A7	TestPackedField10CandidateIndex0WithSlotScan	Pointer $10:$B541 (120-entry battle-effect handler table selected by $0B and dispatched at $B468-$B496; $F7 is handled as a sentinel)	X	A,P,X	$0D,$0E	$B903
10	B7AF	TestPackedField11CandidateIndex1WithSlotScan	Pointer $10:$B547 (120-entry battle-effect handler table selected by $0B and dispatched at $B468-$B496; $F7 is handled as a sentinel)	X	A,P,X	$0D,$0E	$B903
10	B7C1	ApplySlotDescriptorFilterToCandidates	Pointer $10:$B4D5 (120-entry battle-effect handler table selected by $0B and dispatched at $B468-$B496; $F7 is handled as a sentinel)	A	P		$AD4E
10	B7D8	RequireThirdSlotSelectorWithPackedFieldTest	Pointer $10:$B4A1 (120-entry battle-effect handler table selected by $0B and dispatched at $B468-$B496; $F7 is handled as a sentinel); Pointer $10:$B4A3 (120-entry battle-effect handler table selected by $0B and dispatched at $B468-$B496; $F7 is handled as a sentinel); Pointer $10:$B4A5 (120-entry battle-effect handler table selected by $0B and dispatched at $B468-$B496; $F7 is handled as a sentinel); Pointer $10:$B4AF (120-entry battle-effect handler table selected by $0B and dispatched at $B468-$B496; $F7 is handled as a sentinel); Pointer $10:$B4B3 (120-entry battle-effect handler table selected by $0B and dispatched at $B468-$B496; $F7 is handled as a sentinel); Pointer $10:$B4B5 (120-entry battle-effect handler table selected by $0B and dispatched at $B468-$B496; $F7 is handled as a sentinel); Pointer $10:$B4B7 (120-entry battle-effect handler table selected by $0B and dispatched at $B468-$B496; $F7 is handled as a sentinel); Pointer $10:$B4B9 (120-entry battle-effect handler table selected by $0B and dispatched at $B468-$B496; $F7 is handled as a sentinel); Pointer $10:$B4C3 (120-entry battle-effect handler table selected by $0B and dispatched at $B468-$B496; $F7 is handled as a sentinel)	A,Y	A,P,X,Y		
10	B7DF	RequireThirdSlotSelectorWithSignedPackedFieldTest	Pointer $10:$B4A7 (120-entry battle-effect handler table selected by $0B and dispatched at $B468-$B496; $F7 is handled as a sentinel); Pointer $10:$B4A9 (120-entry battle-effect handler table selected by $0B and dispatched at $B468-$B496; $F7 is handled as a sentinel); Pointer $10:$B4AB (120-entry battle-effect handler table selected by $0B and dispatched at $B468-$B496; $F7 is handled as a sentinel); Pointer $10:$B4B1 (120-entry battle-effect handler table selected by $0B and dispatched at $B468-$B496; $F7 is handled as a sentinel)	A,Y	A,P,X,Y		
10	B7F3	TestPackedField14CandidateIndex4WithMaskBuilder	Pointer $10:$B4CF (120-entry battle-effect handler table selected by $0B and dispatched at $B468-$B496; $F7 is handled as a sentinel)	A,X,Y	A,P,X,Y	$0D,$0E,$7C	$B875
10	B7FE	IntersectCandidatesByPackedField10Index0AndState	Pointer $10:$B4CB (120-entry battle-effect handler table selected by $0B and dispatched at $B468-$B496; $F7 is handled as a sentinel); Pointer $10:$B581 (120-entry battle-effect handler table selected by $0B and dispatched at $B468-$B496; $F7 is handled as a sentinel)	A,X,Y	A,P,X,Y	$0D,$0E,$7C	$B84E
10	B806	IntersectCandidatesByAlternateStatePair	Pointer $10:$B4D1 (120-entry battle-effect handler table selected by $0B and dispatched at $B468-$B496; $F7 is handled as a sentinel)	A,X,Y	A,P,X,Y	$0D,$0E,$7C	$B84E
10	B831	ApplyPackedFieldFilteredTargetMask	Tail jump from $10:$B7FB	A,X,Y	A,P,X,Y	$0D,$0E,$7C	$B875
10	B84E	IntersectCandidatesByDualStatePairs	Direct call from $10:$AE04; Direct call from $10:$B639; Direct call from $10:$B746; Direct call from $10:$B812	A,X	A,P,X	$0D,$0E	$B903
10	B875	RequirePackedFieldFilteredCandidateSurvives	Direct call from $10:$B674; Direct call from $10:$B83E; Tail jump from $10:$B7DC	A	A,P,X,Y		
10	B8B8	ApplyPackedRecordFieldMaskToTargetSelection	Tail jump from $10:$B5E8	A	A,P,X,Y	$7C	
10	B8DA	PruneCandidateMaskByPackedRecordField	Direct call from $10:$B5DC	A	A,P	$0E,$7C	
10	B903	IntersectCandidatesBySignedStateComplement	Direct call from $10:$B7B7; Direct call from $10:$B85F; Direct call from $10:$B86B	A	A,P,X,Y	$7C	
10	B91B	AcceptAndIntersectCandidateMask	Direct call from $10:$B618	A	A,P	$09	
10	B91C	IntersectCandidateMaskWithAccumulator	Direct call from $10:$B8F6	A	A,P	$09	
10	B921	RequireAdditionalValidBattleTarget	Direct call from $10:$B773; Direct call from $10:$B7D1	A	A,P,X	$6F	$AD26,$AD57,$B94C,$B957
10	B94C	RequireEnabledSlotScanNonzero	Direct call from $10:$B940		A,P		$B957
10	B957	BuildCandidateMaskFromEnabledSlots	Direct call from $10:$B5D9; Direct call from $10:$B767; Direct call from $10:$B94E	A	P,X		
10	B96C	BuildWindowMaskByCandidateRange	Direct call from $10:$B999; Pointer $10:$B4FB (120-entry battle-effect handler table selected by $0B and dispatched at $B468-$B496; $F7 is handled as a sentinel); Pointer $10:$B4FD (120-entry battle-effect handler table selected by $0B and dispatched at $B468-$B496; $F7 is handled as a sentinel); Pointer $10:$B57D (120-entry battle-effect handler table selected by $0B and dispatched at $B468-$B496; $F7 is handled as a sentinel)	A	P,X,Y		
10	B993	IntersectBattleTargetMask	Tail jump from $10:$BA7B; Tail jump from $10:$BA86	A	A,P	$09	
10	B999	RequireMultipleRangeFilteredTargets	Pointer $10:$B4FF (120-entry battle-effect handler table selected by $0B and dispatched at $B468-$B496; $F7 is handled as a sentinel)	X	A,P,X		$B96C
10	B9AC	BuildSlotPriorityMaskByEarlyRange	Pointer $10:$B57B (120-entry battle-effect handler table selected by $0B and dispatched at $B468-$B496; $F7 is handled as a sentinel); Pointer $10:$B587 (120-entry battle-effect handler table selected by $0B and dispatched at $B468-$B496; $F7 is handled as a sentinel)	A,Y	A,P	$09,$0A	$AD43,$AD4E,$B9E4,$B9F5,$BA02,$BA28,$BA76,$BA7E,$BA97
10	B9B2	BuildSlotMaskByActionRangeCategory	Pointer $10:$B4ED (120-entry battle-effect handler table selected by $0B and dispatched at $B468-$B496; $F7 is handled as a sentinel); Pointer $10:$B4EF (120-entry battle-effect handler table selected by $0B and dispatched at $B468-$B496; $F7 is handled as a sentinel); Pointer $10:$B4F1 (120-entry battle-effect handler table selected by $0B and dispatched at $B468-$B496; $F7 is handled as a sentinel)	A,Y	A,P	$09	$AD43,$AD4E,$B9E4,$B9F5,$BA02,$BA28,$BA76,$BA7E,$BA97
10	B9E4	BuildLowBitPrefixMaskThroughSlot	Direct call from $10:$B9C0; Direct call from $10:$B9DD; Direct call from $10:$B9F5		P		$AD4E
10	B9F5	BuildHighBitSuffixMaskFromAllowedSlots	Direct call from $10:$B9C8; Direct call from $10:$B9D5	A	A,P	$09	$B9E4
10	BA02	FilterCandidatesByHpRatioThreshold	Direct call from $10:$B9C3; Direct call from $10:$B9CB; Direct call from $10:$B9D8; Direct call from $10:$B9E0	A,X	A,P,X	$09	
10	BA28	KeepOnlyCurrentSlotInCandidateMask	Direct call from $10:$BA34; Direct call from $10:$BA6D	A	A,P	$09	$AD43
10	BA76	RemovePairedSlotBitsFromCandidateMask	Direct call from $10:$BA45; Direct call from $10:$BA5C	A	A,P	$09	$BA89
10	BA7E	KeepOnlyPairedSlotBitsExcludingCurrent	Direct call from $10:$BA3D; Direct call from $10:$BA65	A	A,P	$09	$AD32,$BA89
10	BA89	SeedAndReturnPairedSlotMasks	Direct call from $10:$BA76; Direct call from $10:$BA7E		P		$AD4E
10	BA97	ExcludeHpThresholdMatchesFromCandidateMask	Direct call from $10:$BA2E; Direct call from $10:$BA56		P,X		
10	BAA4	RequireMultipleHpThresholdCandidates	Pointer $10:$B4F3 (120-entry battle-effect handler table selected by $0B and dispatched at $B468-$B496; $F7 is handled as a sentinel); Pointer $10:$B4F5 (120-entry battle-effect handler table selected by $0B and dispatched at $B468-$B496; $F7 is handled as a sentinel)	A,X	A,P,X,Y	$09	
10	BAD8	RequireSlotDescriptorSpecificGateClear	Pointer $10:$B517 (120-entry battle-effect handler table selected by $0B and dispatched at $B468-$B496; $F7 is handled as a sentinel); Pointer $10:$B519 (120-entry battle-effect handler table selected by $0B and dispatched at $B468-$B496; $F7 is handled as a sentinel)		P		$AD4E,$AD57
10	BAF3	FilterCandidatesByInvertedStateFive	Pointer $10:$B543 (120-entry battle-effect handler table selected by $0B and dispatched at $B468-$B496; $F7 is handled as a sentinel)		A,P		
10	BAFF	LoadInvertedBattleStateBitsShiftedLeft	Pointer $10:$B549 (120-entry battle-effect handler table selected by $0B and dispatched at $B468-$B496; $F7 is handled as a sentinel)	A	A,P		
10	BB06	SelectSlotByExtremeStatPair	Pointer $10:$B577 (120-entry battle-effect handler table selected by $0B and dispatched at $B468-$B496; $F7 is handled as a sentinel)	A,X,Y	A,P,X,Y	$09,$72,$7E,$7F	$B5A2
10	BB78	RequireAllCandidateBitsSetAfterGating	Pointer $10:$B567 (120-entry battle-effect handler table selected by $0B and dispatched at $B468-$B496; $F7 is handled as a sentinel)	A	A,P,X	$0D	$AD26,$AD57
10	BB7E	RequireAtLeastTwoCandidatesAfterGating	Pointer $10:$B569 (120-entry battle-effect handler table selected by $0B and dispatched at $B468-$B496; $F7 is handled as a sentinel); Pointer $10:$B56B (120-entry battle-effect handler table selected by $0B and dispatched at $B468-$B496; $F7 is handled as a sentinel)	A	A,P,X	$0D	$AD26,$AD57
10	BBC5	ClearCandidateBitByIndex	Direct call from $10:$AE35	A,Y	A,P,Y	$09	
10	BBD2	TestNegativeSlotOffsetAgainstBaseline	Pointer $10:$B54B (120-entry battle-effect handler table selected by $0B and dispatched at $B468-$B496; $F7 is handled as a sentinel)	X	A,P,X		
10	BBF6	SelectSlotFromBattleContextLookup	Pointer $10:$B54D (120-entry battle-effect handler table selected by $0B and dispatched at $B468-$B496; $F7 is handled as a sentinel); Pointer $10:$B54F (120-entry battle-effect handler table selected by $0B and dispatched at $B468-$B496; $F7 is handled as a sentinel); Pointer $10:$B551 (120-entry battle-effect handler table selected by $0B and dispatched at $B468-$B496; $F7 is handled as a sentinel)		P		$AD57
10	BC34	SelectSlotFromActionTargetLookup	Pointer $10:$B553 (120-entry battle-effect handler table selected by $0B and dispatched at $B468-$B496; $F7 is handled as a sentinel); Pointer $10:$B555 (120-entry battle-effect handler table selected by $0B and dispatched at $B468-$B496; $F7 is handled as a sentinel); Pointer $10:$B557 (120-entry battle-effect handler table selected by $0B and dispatched at $B468-$B496; $F7 is handled as a sentinel); Pointer $10:$B559 (120-entry battle-effect handler table selected by $0B and dispatched at $B468-$B496; $F7 is handled as a sentinel); Pointer $10:$B55B (120-entry battle-effect handler table selected by $0B and dispatched at $B468-$B496; $F7 is handled as a sentinel); Pointer $10:$B55D (120-entry battle-effect handler table selected by $0B and dispatched at $B468-$B496; $F7 is handled as a sentinel); Pointer $10:$B55F (120-entry battle-effect handler table selected by $0B and dispatched at $B468-$B496; $F7 is handled as a sentinel); Pointer $10:$B561 (120-entry battle-effect handler table selected by $0B and dispatched at $B468-$B496; $F7 is handled as a sentinel); Pointer $10:$B563 (120-entry battle-effect handler table selected by $0B and dispatched at $B468-$B496; $F7 is handled as a sentinel); Pointer $10:$B565 (120-entry battle-effect handler table selected by $0B and dispatched at $B468-$B496; $F7 is handled as a sentinel)		P		$AD57
10	BC75	AlwaysAcceptBattlePredicate	Pointer $10:$B4BB (120-entry battle-effect handler table selected by $0B and dispatched at $B468-$B496; $F7 is handled as a sentinel); Pointer $10:$B4BD (120-entry battle-effect handler table selected by $0B and dispatched at $B468-$B496; $F7 is handled as a sentinel); Pointer $10:$B513 (120-entry battle-effect handler table selected by $0B and dispatched at $B468-$B496; $F7 is handled as a sentinel); Pointer $10:$B515 (120-entry battle-effect handler table selected by $0B and dispatched at $B468-$B496; $F7 is handled as a sentinel); Pointer $10:$B51D (120-entry battle-effect handler table selected by $0B and dispatched at $B468-$B496; $F7 is handled as a sentinel); Pointer $10:$B51F (120-entry battle-effect handler table selected by $0B and dispatched at $B468-$B496; $F7 is handled as a sentinel); Pointer $10:$B521 (120-entry battle-effect handler table selected by $0B and dispatched at $B468-$B496; $F7 is handled as a sentinel); Pointer $10:$B527 (120-entry battle-effect handler table selected by $0B and dispatched at $B468-$B496; $F7 is handled as a sentinel); Pointer $10:$B52B (120-entry battle-effect handler table selected by $0B and dispatched at $B468-$B496; $F7 is handled as a sentinel); Pointer $10:$B535 (120-entry battle-effect handler table selected by $0B and dispatched at $B468-$B496; $F7 is handled as a sentinel); Pointer $10:$B537 (120-entry battle-effect handler table selected by $0B and dispatched at $B468-$B496; $F7 is handled as a sentinel); Pointer $10:$B539 (120-entry battle-effect handler table selected by $0B and dispatched at $B468-$B496; $F7 is handled as a sentinel); Pointer $10:$B53B (120-entry battle-effect handler table selected by $0B and dispatched at $B468-$B496; $F7 is handled as a sentinel); Pointer $10:$B53D (120-entry battle-effect handler table selected by $0B and dispatched at $B468-$B496; $F7 is handled as a sentinel); Pointer $10:$B53F (120-entry battle-effect handler table selected by $0B and dispatched at $B468-$B496; $F7 is handled as a sentinel); Pointer $10:$B545 (120-entry battle-effect handler table selected by $0B and dispatched at $B468-$B496; $F7 is handled as a sentinel); Pointer $10:$B579 (120-entry battle-effect handler table selected by $0B and dispatched at $B468-$B496; $F7 is handled as a sentinel); Pointer $10:$B57F (120-entry battle-effect handler table selected by $0B and dispatched at $B468-$B496; $F7 is handled as a sentinel); Pointer $10:$B583 (120-entry battle-effect handler table selected by $0B and dispatched at $B468-$B496; $F7 is handled as a sentinel); Pointer $10:$B585 (120-entry battle-effect handler table selected by $0B and dispatched at $B468-$B496; $F7 is handled as a sentinel)		P		
10	BC77	AcceptNonnegativeOrRequireDescriptorHigh	Pointer $10:$B523 (120-entry battle-effect handler table selected by $0B and dispatched at $B468-$B496; $F7 is handled as a sentinel); Pointer $10:$B525 (120-entry battle-effect handler table selected by $0B and dispatched at $B468-$B496; $F7 is handled as a sentinel); Pointer $10:$B529 (120-entry battle-effect handler table selected by $0B and dispatched at $B468-$B496; $F7 is handled as a sentinel)	A,X	A,P,X		
10	BC79	ReturnSlotDescriptorHighBitAsResult	Pointer $10:$B4E7 (120-entry battle-effect handler table selected by $0B and dispatched at $B468-$B496; $F7 is handled as a sentinel)	A,X	A,P,X		
10	BC7C	AlwaysRejectBattlePredicate	Pointer $10:$B4BF (120-entry battle-effect handler table selected by $0B and dispatched at $B468-$B496; $F7 is handled as a sentinel); Pointer $10:$B4C7 (120-entry battle-effect handler table selected by $0B and dispatched at $B468-$B496; $F7 is handled as a sentinel); Pointer $10:$B4E3 (120-entry battle-effect handler table selected by $0B and dispatched at $B468-$B496; $F7 is handled as a sentinel); Pointer $10:$B4E5 (120-entry battle-effect handler table selected by $0B and dispatched at $B468-$B496; $F7 is handled as a sentinel); Pointer $10:$B4EB (120-entry battle-effect handler table selected by $0B and dispatched at $B468-$B496; $F7 is handled as a sentinel); Pointer $10:$B4F7 (120-entry battle-effect handler table selected by $0B and dispatched at $B468-$B496; $F7 is handled as a sentinel); Pointer $10:$B4F9 (120-entry battle-effect handler table selected by $0B and dispatched at $B468-$B496; $F7 is handled as a sentinel); Pointer $10:$B501 (120-entry battle-effect handler table selected by $0B and dispatched at $B468-$B496; $F7 is handled as a sentinel); Pointer $10:$B503 (120-entry battle-effect handler table selected by $0B and dispatched at $B468-$B496; $F7 is handled as a sentinel); Pointer $10:$B505 (120-entry battle-effect handler table selected by $0B and dispatched at $B468-$B496; $F7 is handled as a sentinel); Pointer $10:$B507 (120-entry battle-effect handler table selected by $0B and dispatched at $B468-$B496; $F7 is handled as a sentinel); Pointer $10:$B509 (120-entry battle-effect handler table selected by $0B and dispatched at $B468-$B496; $F7 is handled as a sentinel); Pointer $10:$B50B (120-entry battle-effect handler table selected by $0B and dispatched at $B468-$B496; $F7 is handled as a sentinel); Pointer $10:$B50D (120-entry battle-effect handler table selected by $0B and dispatched at $B468-$B496; $F7 is handled as a sentinel); Pointer $10:$B50F (120-entry battle-effect handler table selected by $0B and dispatched at $B468-$B496; $F7 is handled as a sentinel); Pointer $10:$B511 (120-entry battle-effect handler table selected by $0B and dispatched at $B468-$B496; $F7 is handled as a sentinel); Pointer $10:$B533 (120-entry battle-effect handler table selected by $0B and dispatched at $B468-$B496; $F7 is handled as a sentinel)		P		
11	8032	Bank11_BattleActionServices	Pointer $11:$8000 (25-entry code dispatch table; first target is $8032)	A	A,P	$6E81,$72E9	
11	8036	SetBattleSetupMode80	Pointer $11:$802C (25-entry code dispatch table; first target is $8032)	A	A,P	$6E81,$72E9	
11	803A	SetBattleSetupMode40	Pointer $11:$8030 (25-entry code dispatch table; first target is $8032)	A	A,P	$6E81,$72E9	
11	80C4	IsBattleActionBusy	Direct call from $11:$805C; Direct call from $11:$8086; Direct call from $11:$885B; Direct call from $11:$8886; Direct call from $11:$8912; Direct call from $11:$897B; Direct call from $11:$8989; Direct call from $11:$89E0; Direct call from $11:$8CAF; Direct call from $11:$BC5A; Pointer $11:$8024 (25-entry code dispatch table; first target is $8032)	A	A,P		
11	80CF	InitializeBattleSlotDescriptors	Direct call from $11:$8056	A,X	A,P,X	$0553,$72F4+X,$7300+X,$730C+X,$7318+X,$7324+X,$7330+X,$733C+X,$7356,$96	$830D,$8321,$8371,$86F4,$87FB,$AE0A
11	830D	BacktrackBattleSlotSelection	Direct call from $11:$82FC		A,P	$7356,$96	$8321
11	8321	CheckCurrentBattleSlotCandidate	Direct call from $11:$8268; Direct call from $11:$82F2; Direct call from $11:$8316		P,X		
11	8324	CheckBattleSlotCandidateAtX	Direct call from $11:$8389		P		
11	8364	InvokeBattleServicePreservingXY	Direct call from $11:$873D	A,X,Y	A,P		
11	8371	RunBattleCommandMenu	Direct call from $11:$826D; Direct call from $11:$82F7		P		$87BB
11	8403	RunBattleEscapeCommand	Direct call from $11:$82D4		P		
11	85EA	EnableAlternateBattleChoiceState	Direct call from $11:$8464; Direct call from $11:$859C	A	A,P,X	$7354	
11	85F1	DisableAlternateBattleChoiceState	Direct ROM analysis: Dormant alternate initializer LDA #$00 / STA $7354 that falls through to decoded entry $85F6; byte-identical to the initializer at $8530-$8534	A	A,P,X	$7354	
11	85F6	UpdateBattleChoiceState	Direct call from $11:$8502; Direct call from $11:$85C1		A,P,X		
11	8637	TestBattleProcChance	Direct call from $11:$8424		P,X		
11	86B5	UpdateBattleChanceState	Direct call from $11:$868E		P		
11	86E2	RemapBattleSlotIndexIfNeeded	Direct call from $11:$8390; Direct call from $11:$84C3; Direct call from $11:$84D9	A	P,X		
11	86F4	StoreBattleSlotDescriptor	Direct call from $11:$8265; Direct call from $11:$82EF; Direct call from $11:$846C		P,X		
11	8700	StoreBattleSlotState00	Direct call from $11:$845F; Direct call from $11:$8469; Direct call from $11:$850A; Direct call from $11:$85A4; Direct call from $11:$85CB	A,X	P,X	$7300+X	
11	8706	StoreBattleSlotActionId	Direct call from $11:$845A; Direct call from $11:$8471; Direct call from $11:$84E2; Direct call from $11:$8563	A,X	P,X	$7324+X	
11	870C	FindBattleSlotByDescriptor	Direct call from $11:$8241		P,X		
11	8720	UpdateAllBattleSlotDescriptors	Direct call from $11:$8205		P,X		
11	8752	Wait57BattleFrames	Direct call from $11:$852A; Direct call from $11:$8549; Direct call from $11:$85E1		P,X		
11	8757	SetSecondaryBattleTargetSlots	Direct call from $11:$81C5; Direct call from $11:$81E6		P		
11	8778	SetPrimaryBattleTargetSlot	Direct call from $11:$81CF; Direct call from $11:$81DF		P		
11	8786	BuildBattleDialogueWindowUpperRows	Direct call from $11:$B4DD; Direct call from $11:$B989; Direct call from $11:$BBD5; Direct call from $11:$BCDF	A,X,Y	A,P,X	$04F2,$04F3	$87E6
11	87BB	BuildBattleDialogueWindowLowerRows	Direct call from $11:$812F; Direct call from $11:$8371	A,X,Y	A,P,X	$04F2,$04F3	$87E6
11	87E6	ClearBattleDialogueWindowBuffers	Direct call from $11:$878B; Direct call from $11:$87C0	A,X	A,P,X	$0480+X,$04E0+X	
11	87FB	ResetBattleTargetSelectionState	Direct call from $11:$80F7; Direct call from $11:$8118; Direct call from $11:$8187	A	A,P	$7357,$7358,$7359,$735A	
11	880A	RequireAllBattleChecksToPass	Direct call from $11:$8123; Direct call from $11:$812A	A,X	A,P,X	$01,$02	
11	885B	IterateBattleSlotsByLowNibbleGroup	Direct call from $11:$8077		P		$80C4
11	8894	RunBattleActionResolutionPipeline	Direct call from $11:$888E		P		$8D9D,$8DAB,$8DCC,$AC4D
11	88CA	WalkBattleActionResolutionLoop	Direct call from $11:$88BF; Direct call from $11:$A200; Direct call from $11:$B846	A	A,P	$735C	$80C4,$893A,$8A3A,$8A55,$8ACF,$8C49,$8DDC,$8DE5,$ABB5,$AC3A,$AC4D,$AD25,$AFFF,$B286,$B2F5,$B52D,$B871,$BCF1
11	893A	RunBattleActionTargetingLoop	Direct call from $11:$890C; Direct call from $11:$B4A4; Direct call from $11:$B804		P		
11	89F1	RestartTimeAndUpdateCountdown	Direct call from $11:$88AD	A	A,P	$00	
11	8A3A	CaptureBattleSlotGroupIndex	Direct call from $11:$88D4	A,X	A,P,X	$735C,$735D	
11	8A55	SelectBattleActionGroupOrdinal	Direct call from $11:$88DA		P		
11	8ACF	ReportCombatantStatusAndCheckTurnAvailability	Direct call from $11:$88DD		P		
11	8B91	AcceptCombatantTurnAfterStatusCheck	Guarded flow recovery: Coherent routine block immediately after RTS $8B90; 3 instructions, 1 BRK service calls, returns		P		
11	8BB8	ReportCombatantUnableToAct	Direct call from $11:$8BE2		P		
11	8C49	CheckBattleActionIdBelowDispatchThreshold	Direct call from $11:$8902		P		
11	8C50	ReportContainedOrNullifiedSpell	Direct call from $11:$B896		P		
11	8C88	JumpThroughBattleActionVectorByOffset	Direct call from $11:$8978; Direct call from $11:$89DD	A	A,P	$00,$01	
11	8D0D	ValidateSpellTargetReachability	Direct call from $11:$896E; Direct call from $11:$89D3		P		
11	8D9D	IsBattleActionHoldFlagSet	Direct call from $11:$8894		A,P		
11	8DAB	CheckBattlePhaseModeBits	Direct call from $11:$8899	A	A,P		
11	8DCC	CheckBattleTransitionFlagsClear	Direct call from $11:$889E	A	A,P		
11	8DDC	ClearBattleActionWorkingByte	Direct call from $11:$88AA; Direct call from $11:$88D7		P		
11	8DE5	DispatchBattleActionHandlerBySortedId	Direct call from $11:$88F7		P		
11	8E0E	PlayBattleSound8EAndMapActionCue	Pointer $11:$8FDC (55-entry battle handler table selected by the sorted action IDs at $8FA5)		A,P		$BF2E
11	8E54	PlayBattleSound89Or8B	Pointer $11:$8FE0 (55-entry battle handler table selected by the sorted action IDs at $8FA5)		P,Y		
11	8E73	PlayBattleSound91	Pointer $11:$8FE6 (55-entry battle handler table selected by the sorted action IDs at $8FA5); Pointer $11:$8FEA (55-entry battle handler table selected by the sorted action IDs at $8FA5)	Y	A,P,Y		$BF2E,$BF55
11	8E77	PlayBattleSound10AndResolveOutcome	Pointer $11:$8FFC (55-entry battle handler table selected by the sorted action IDs at $8FA5)		P		$BF2E
11	8E86	PlayBattleSound9C	Pointer $11:$8FEE (55-entry battle handler table selected by the sorted action IDs at $8FA5); Pointer $11:$9010 (55-entry battle handler table selected by the sorted action IDs at $8FA5)		P		$BF2E
11	8E96	PrintActionMessageStep0	Direct call from $11:$8E9B; Direct call from $11:$8EB0; Direct call from $11:$8EBF; Pointer $11:$8FDE (55-entry battle handler table selected by the sorted action IDs at $8FA5); Pointer $11:$8FE2 (55-entry battle handler table selected by the sorted action IDs at $8FA5); Pointer $11:$8FE8 (55-entry battle handler table selected by the sorted action IDs at $8FA5); Pointer $11:$8FEC (55-entry battle handler table selected by the sorted action IDs at $8FA5); Pointer $11:$8FF0 (55-entry battle handler table selected by the sorted action IDs at $8FA5); Pointer $11:$8FF6 (55-entry battle handler table selected by the sorted action IDs at $8FA5); Pointer $11:$8FFA (55-entry battle handler table selected by the sorted action IDs at $8FA5); Pointer $11:$8FFE (55-entry battle handler table selected by the sorted action IDs at $8FA5); Pointer $11:$9018 (55-entry battle handler table selected by the sorted action IDs at $8FA5); Pointer $11:$902A (55-entry battle handler table selected by the sorted action IDs at $8FA5); Pointer $11:$902E (55-entry battle handler table selected by the sorted action IDs at $8FA5); Pointer $11:$9032 (55-entry battle handler table selected by the sorted action IDs at $8FA5); Pointer $11:$9036 (55-entry battle handler table selected by the sorted action IDs at $8FA5); Pointer $11:$903A (55-entry battle handler table selected by the sorted action IDs at $8FA5); Pointer $11:$9044 (55-entry battle handler table selected by the sorted action IDs at $8FA5)		P		
11	8E9B	PrintActionMessageStep4AndAdvance	Pointer $11:$8FE4 (55-entry battle handler table selected by the sorted action IDs at $8FA5); Pointer $11:$8FF2 (55-entry battle handler table selected by the sorted action IDs at $8FA5); Pointer $11:$8FF8 (55-entry battle handler table selected by the sorted action IDs at $8FA5); Pointer $11:$9004 (55-entry battle handler table selected by the sorted action IDs at $8FA5); Pointer $11:$900A (55-entry battle handler table selected by the sorted action IDs at $8FA5); Pointer $11:$900E (55-entry battle handler table selected by the sorted action IDs at $8FA5); Pointer $11:$9012 (55-entry battle handler table selected by the sorted action IDs at $8FA5); Pointer $11:$9016 (55-entry battle handler table selected by the sorted action IDs at $8FA5); Pointer $11:$9046 (55-entry battle handler table selected by the sorted action IDs at $8FA5); Pointer $11:$9048 (55-entry battle handler table selected by the sorted action IDs at $8FA5)		P		$8E96
11	8EA3	PlayBattleSound9DForPrimaryEffect	Pointer $11:$8FF4 (55-entry battle handler table selected by the sorted action IDs at $8FA5); Pointer $11:$9000 (55-entry battle handler table selected by the sorted action IDs at $8FA5); Pointer $11:$9006 (55-entry battle handler table selected by the sorted action IDs at $8FA5); Pointer $11:$900C (55-entry battle handler table selected by the sorted action IDs at $8FA5); Pointer $11:$9014 (55-entry battle handler table selected by the sorted action IDs at $8FA5)	A	A,P		$8E96,$BF2E
11	8EA7	PlayBattleSound9DForAlternateEffect	Pointer $11:$9002 (55-entry battle handler table selected by the sorted action IDs at $8FA5)	A	A,P		$8E96,$BF2E
11	8EBF	PlayBattleSound91AndAdvance	Pointer $11:$9008 (55-entry battle handler table selected by the sorted action IDs at $8FA5)		P		$8E96,$BF2E
11	8ECA	PlayBattleSound88	Pointer $11:$9026 (55-entry battle handler table selected by the sorted action IDs at $8FA5)		A,P		$BF2E,$BF55
11	8ECE	PlayBattleSound8EAndReset	Pointer $11:$9022 (55-entry battle handler table selected by the sorted action IDs at $8FA5)		P		$BF2E
11	8EDA	PlayBattleSound8FAndReset	Pointer $11:$901E (55-entry battle handler table selected by the sorted action IDs at $8FA5)		P		$BF2E
11	8EE4	PlayBattleSound83	Pointer $11:$901C (55-entry battle handler table selected by the sorted action IDs at $8FA5)		A,P		$BF55
11	8EE9	PrintActionMessageStep0AndFinish	Pointer $11:$901A (55-entry battle handler table selected by the sorted action IDs at $8FA5); Pointer $11:$9020 (55-entry battle handler table selected by the sorted action IDs at $8FA5); Pointer $11:$9024 (55-entry battle handler table selected by the sorted action IDs at $8FA5); Pointer $11:$9028 (55-entry battle handler table selected by the sorted action IDs at $8FA5)		P		
11	8EEE	RunEarthquakeBattleSequence	Pointer $11:$9038 (55-entry battle handler table selected by the sorted action IDs at $8FA5)		P		$BF2E
11	8F02	RunGroundCrackingEarthquakeSequence	Pointer $11:$902C (55-entry battle handler table selected by the sorted action IDs at $8FA5)		P		$BF2E
11	8F15	SummonMostFearfulThing	Pointer $11:$9034 (55-entry battle handler table selected by the sorted action IDs at $8FA5)		P		
11	8F1A	SummonSnowWhiteDragon	Pointer $11:$9030 (55-entry battle handler table selected by the sorted action IDs at $8FA5)		P		
11	8F1F	PlayBattleSound9CAndAdvance	Pointer $11:$903C (55-entry battle handler table selected by the sorted action IDs at $8FA5); Pointer $11:$9040 (55-entry battle handler table selected by the sorted action IDs at $8FA5)		P		$BF2E
11	8F26	PrintActionStep4AndAbortSequence	Pointer $11:$903E (55-entry battle handler table selected by the sorted action IDs at $8FA5)		P		
11	8F2D	RunGlitteringThorAttack	Pointer $11:$9042 (55-entry battle handler table selected by the sorted action IDs at $8FA5)		P		$BF2E
11	8F3B	AnnounceCombatantHeldItem	Direct call from $11:$8DEA		P		
11	8F8B	HandlePendingBattleActionModeTwo	Direct call from $11:$8DED		P		
11	8F9C	StoreBattleActionMaskedByte	Direct call from $11:$8F42; Direct call from $11:$8F66; Direct call from $11:$8F74; Direct call from $11:$8F92		P		
11	904A	ClearBattleActionControlBits	Direct call from $11:$895C; Direct call from $11:$89A7	A	A,P	$72E7	
11	9053	ResolveBattleOutcomeForActiveCombatant	Direct call from $11:$8A2D; Direct call from $11:$8E7F; Direct call from $11:$8F82		P		
11	905B	SelectBattleOutcomeCode	Direct call from $11:$B9B1	X	A,P,X		
11	9079	MapBattleActionIdToResultCode	Direct call from $11:$8F95; Pointer $11:$802E (25-entry code dispatch table; first target is $8032)	A,X	A,P,X		
11	90DB	ApplyBattleDamageAndResolveDefeat	Direct call from $11:$97DF; Direct call from $11:$A80F; Direct call from $11:$B72B; Direct call from $11:$B7DA; Direct call from $11:$BE1E	A	A,P	$7361,$7362	$9393,$A8D5,$AC5C
11	91F3	AccumulateDefeatedMonsterRewards	Direct call from $11:$91BD; Direct call from $11:$9B19; Direct call from $11:$9C82; Direct call from $11:$A6CC	A,X	A,P	$6E7E,$7200,$72E4	$927C,$9290,$92AE,$92C7
11	91FE	AccumulateDefeatedMonsterGoldAndIndex	Direct call from $11:$B1AD	A,X	A,P	$6E7E,$7200	$927C,$92AE,$92C7
11	9204	AdvanceBattlePhaseRecord	Direct call from $11:$9B5D; Direct call from $11:$9BCD; Direct call from $11:$9C61; Direct call from $11:$9C88; Direct call from $11:$AE77; Direct call from $11:$B049; Direct call from $11:$B3F5	A	A,P	$6E7E	$927C,$92C7
11	9223	AdvanceNecrosaroTransformationPhase	Direct call from $11:$806B	A	A,P		
11	9272	DispatchBattlePhaseUpdate	Direct call from $11:$9134; Direct call from $11:$9B3C; Direct call from $11:$9C14; Direct call from $11:$9C69; Direct call from $11:$9C93		P		
11	927C	RemoveCombatantFromBattleDisplay	Direct call from $11:$9215	A,X	A,P	$C7	
11	9286	BlinkCombatantDisplaySlot	Direct call from $11:$91AB; Direct call from $11:$9BC3	A,X	A,P	$C7	
11	9290	AccumulateDefeatedMonsterExperience	Direct call from $11:$91F3		P		
11	92AE	AccumulateDefeatedMonsterGold	Direct call from $11:$91FE		P		
11	92C7	ResetBattleTargetIndex	Direct call from $11:$9218	A	A,P	$7D	
11	92CF	ResolveBattleModeFlags	Direct call from $11:$8083; Direct call from $11:$921F	A	A,P,X		
11	9316	SetBattleModeTwoFlag	Direct call from $11:$9358; Direct call from $11:$9363	A	A,P	$72E7	
11	9383	IsBattleDamageAmountNonzero	Direct call from $11:$9106; Direct call from $11:$9166	A	A,P		
11	938A	SetBattleActionPendingFlag	Direct call from $11:$913B; Direct call from $11:$9147; Direct call from $11:$91C9; Direct call from $11:$97EC; Direct call from $11:$A69A	A	A,P	$72E7	
11	9393	ClearBattleActionPendingFlag	Direct call from $11:$90DB	A	A,P	$72E7	
11	939C	BuildBattleCandidateTable	Direct call from $11:$970C	A,X	A,P,X	$7374+X	
11	94B2	PopulateBattleCandidateSlots	Direct call from $11:$9404	A,X	A,P,X	$00,$02,$03,$7364+X,$736C+X,$97	$99C0
11	9518	ResolveBattleActionTargets	Direct call from $11:$89AA		P		
11	95D2	CommitBattleSelectionMask	Direct call from $11:$95B1; Direct call from $11:$95BF		A,P		
11	9611	ValidateBattleSelectionMask	Direct call from $11:$895F		P		
11	96C3	RouteBattleSelectionCheck	Direct call from $11:$B1A3; Direct call from $11:$B70E		P		
11	96D1	ShiftBattleMaskByCount	Direct call from $11:$9657; Direct call from $11:$969F; Direct call from $11:$96B1	X	A,P,X	$00	
11	96DB	RunPhysicalAttack	Direct call from $11:$9945; Direct call from $11:$9952; Direct call from $11:$995F; Direct call from $11:$B17C; Direct call from $11:$B20B; Pointer $11:$A490 (266-entry battle-action dispatch table consumed through the indirect jump at $8CFC-$8D0C)	A	A,P	$72E7	
11	970C	ResolvePhysicalHit	Direct call from $11:$96EE		P		$939C
11	97E6	ReportBattleMissForTargetSide	Direct call from $11:$9726; Direct call from $11:$9786		P		
11	9817	DoubleBattleDamageAmount	Direct call from $11:$9736; Direct call from $11:$979E	A	A,P	$7361,$7362	
11	981E	ScaleBattleDamageAmountByThreeHalves	Direct call from $11:$A722	A	A,P,X	$7361,$7362	$9832,$983D,$C827
11	9832	LoadBattleDamageAmountToMathBuffer	Direct call from $11:$9824	A	A,P	$00,$01	
11	983D	StoreBattleDamageAmountFromMathBuffer	Direct call from $11:$982E	A	A,P	$7361,$7362	
11	9848	FetchResolvedBattleActionId	Direct call from $11:$A6A4; Direct call from $11:$A6E8; Direct call from $11:$A795; Direct call from $11:$A7D2		P		
11	9851	SetBattleActionModeBit3	Direct call from $11:$9775	A	A,P	$72E7	
11	985A	ClearBattleActionModeBit3	Direct call from $11:$A6B2; Direct call from $11:$A711	A	A,P	$72E7	
11	9863	QuarterBattleDamageAmountAndIncrement	Direct call from $11:$A7F0; Direct call from $11:$A855	A	A,P	$7361,$7362	
11	9878	RunGoofOffNoDamageOrSplitInterruption	Direct call from $11:$97DA	A	A,P,X		$C891
11	98E2	ApplyPackedBattleDamageOrResetMode	Pointer $11:$A492 (266-entry battle-action dispatch table consumed through the indirect jump at $8CFC-$8D0C)		P		$9916
11	98FA	ScaleBattleDamageAmountByFive	Pointer $11:$A494 (266-entry battle-action dispatch table consumed through the indirect jump at $8CFC-$8D0C)		P		
11	9916	LoadBattleDamageAmountFromPackedTable	Direct call from $11:$97CC; Direct call from $11:$98E2; Direct call from $11:$B1EF		A,P		
11	993A	StorePackedWordToBattleDamageAmount	Direct call from $11:$9910	A,X,Y	A,P,Y	$7361,$7362	
11	9945	QueueDefaultBattleResultWhenPriorityAllows	Pointer $11:$A496 (266-entry battle-action dispatch table consumed through the indirect jump at $8CFC-$8D0C)	A,X	A,P,X	$6F,$7C	$96DB,$996D
11	9952	QueueBattleResultFiveWhenPriorityAllows	Pointer $11:$A498 (266-entry battle-action dispatch table consumed through the indirect jump at $8CFC-$8D0C)		A,P		$96DB,$996D
11	995F	QueueBattleResultPairWhenPriorityAllows	Pointer $11:$A49A (266-entry battle-action dispatch table consumed through the indirect jump at $8CFC-$8D0C)	A	A,P,X		$96DB,$996D,$9D4F
11	996D	IsBattleModePriorityBelowThreshold	Direct call from $11:$994A; Direct call from $11:$9957; Direct call from $11:$9964; Direct call from $11:$A819; Direct call from $11:$A82B; Direct call from $11:$A83D	A	A,P	$00	
11	9980	NormalizeBattleDamageAmountAgainstTwelve	Direct call from $11:$947E; Direct call from $11:$9AFC	A,X	A,P		
11	99C0	RollPhysicalAttackDamage	Direct call from $11:$93BC; Direct call from $11:$94BA; Direct call from $11:$9B05	A,X	A,P		
11	9A33	ComputeBasePhysicalDamage	Direct call from $11:$998F; Direct call from $11:$99CB	A	A,P	$0E,$0F	
11	9A84	Divide24BitBattleCandidateByWordAtY	Direct call from $11:$94FE	A,X,Y	A,P,Y	$00+X,$01+X,$02+X,$6E11,$6E12,$6E13,$6E14,$6E15,$6E16	
11	9AE2	ApplyPendingBattleDamageAndResolveDefeat	Pointer $11:$A40A (266-entry battle-action dispatch table consumed through the indirect jump at $8CFC-$8D0C); Pointer $11:$A40C (266-entry battle-action dispatch table consumed through the indirect jump at $8CFC-$8D0C); Pointer $11:$A40E (266-entry battle-action dispatch table consumed through the indirect jump at $8CFC-$8D0C); Pointer $11:$A410 (266-entry battle-action dispatch table consumed through the indirect jump at $8CFC-$8D0C); Pointer $11:$A412 (266-entry battle-action dispatch table consumed through the indirect jump at $8CFC-$8D0C); Pointer $11:$A414 (266-entry battle-action dispatch table consumed through the indirect jump at $8CFC-$8D0C); Pointer $11:$A416 (266-entry battle-action dispatch table consumed through the indirect jump at $8CFC-$8D0C); Pointer $11:$A418 (266-entry battle-action dispatch table consumed through the indirect jump at $8CFC-$8D0C); Pointer $11:$A41A (266-entry battle-action dispatch table consumed through the indirect jump at $8CFC-$8D0C); Pointer $11:$A41C (266-entry battle-action dispatch table consumed through the indirect jump at $8CFC-$8D0C); Pointer $11:$A41E (266-entry battle-action dispatch table consumed through the indirect jump at $8CFC-$8D0C); Pointer $11:$A420 (266-entry battle-action dispatch table consumed through the indirect jump at $8CFC-$8D0C); Pointer $11:$A422 (266-entry battle-action dispatch table consumed through the indirect jump at $8CFC-$8D0C); Pointer $11:$A424 (266-entry battle-action dispatch table consumed through the indirect jump at $8CFC-$8D0C); Pointer $11:$A426 (266-entry battle-action dispatch table consumed through the indirect jump at $8CFC-$8D0C); Pointer $11:$A428 (266-entry battle-action dispatch table consumed through the indirect jump at $8CFC-$8D0C); Pointer $11:$A42A (266-entry battle-action dispatch table consumed through the indirect jump at $8CFC-$8D0C); Pointer $11:$A42C (266-entry battle-action dispatch table consumed through the indirect jump at $8CFC-$8D0C); Pointer $11:$A42E (266-entry battle-action dispatch table consumed through the indirect jump at $8CFC-$8D0C); Pointer $11:$A4A4 (266-entry battle-action dispatch table consumed through the indirect jump at $8CFC-$8D0C); Pointer $11:$A4A6 (266-entry battle-action dispatch table consumed through the indirect jump at $8CFC-$8D0C); Pointer $11:$A4A8 (266-entry battle-action dispatch table consumed through the indirect jump at $8CFC-$8D0C); Pointer $11:$A4AA (266-entry battle-action dispatch table consumed through the indirect jump at $8CFC-$8D0C); Pointer $11:$A4AC (266-entry battle-action dispatch table consumed through the indirect jump at $8CFC-$8D0C); Pointer $11:$A4AE (266-entry battle-action dispatch table consumed through the indirect jump at $8CFC-$8D0C); Pointer $11:$A4D8 (266-entry battle-action dispatch table consumed through the indirect jump at $8CFC-$8D0C); Pointer $11:$A4E4 (266-entry battle-action dispatch table consumed through the indirect jump at $8CFC-$8D0C); Pointer $11:$A4F2 (266-entry battle-action dispatch table consumed through the indirect jump at $8CFC-$8D0C); Pointer $11:$A50A (266-entry battle-action dispatch table consumed through the indirect jump at $8CFC-$8D0C); Pointer $11:$A510 (266-entry battle-action dispatch table consumed through the indirect jump at $8CFC-$8D0C); Pointer $11:$A512 (266-entry battle-action dispatch table consumed through the indirect jump at $8CFC-$8D0C); Pointer $11:$A516 (266-entry battle-action dispatch table consumed through the indirect jump at $8CFC-$8D0C); Pointer $11:$A518 (266-entry battle-action dispatch table consumed through the indirect jump at $8CFC-$8D0C); Pointer $11:$A51C (266-entry battle-action dispatch table consumed through the indirect jump at $8CFC-$8D0C); Pointer $11:$A526 (266-entry battle-action dispatch table consumed through the indirect jump at $8CFC-$8D0C); Pointer $11:$A534 (266-entry battle-action dispatch table consumed through the indirect jump at $8CFC-$8D0C)		P		
11	9AEB	ResolveRollOverBattleAction	Pointer $11:$A50C (266-entry battle-action dispatch table consumed through the indirect jump at $8CFC-$8D0C)		P		
11	9B0C	PlayBattleSound9EAndAdvanceRewardTimer	Pointer $11:$A430 (266-entry battle-action dispatch table consumed through the indirect jump at $8CFC-$8D0C); Pointer $11:$A432 (266-entry battle-action dispatch table consumed through the indirect jump at $8CFC-$8D0C); Pointer $11:$A4A2 (266-entry battle-action dispatch table consumed through the indirect jump at $8CFC-$8D0C)		P		
11	9B53	AdvanceBattlePhaseForResult0F	Pointer $11:$A436 (266-entry battle-action dispatch table consumed through the indirect jump at $8CFC-$8D0C); Pointer $11:$A542 (266-entry battle-action dispatch table consumed through the indirect jump at $8CFC-$8D0C); Pointer $11:$A5FC (266-entry battle-action dispatch table consumed through the indirect jump at $8CFC-$8D0C)		P		
11	9B86	ApplyBattleDamageAmountToResult	Pointer $11:$A434 (266-entry battle-action dispatch table consumed through the indirect jump at $8CFC-$8D0C)		P		
11	9C20	RouteBattleResultByTargetSide	Pointer $11:$A4E6 (266-entry battle-action dispatch table consumed through the indirect jump at $8CFC-$8D0C); Pointer $11:$A5B2 (266-entry battle-action dispatch table consumed through the indirect jump at $8CFC-$8D0C)		P		
11	9C2B	ComputeBattleResultRecordOffset	Direct call from $11:$9B97; Direct call from $11:$9BE7	A,X	A,P,X	$72,$73,$7E,$7F	$C827
11	9C50	ResolveExhaustionDefeat	Pointer $11:$A60A (266-entry battle-action dispatch table consumed through the indirect jump at $8CFC-$8D0C); Pointer $11:$A60C (266-entry battle-action dispatch table consumed through the indirect jump at $8CFC-$8D0C); Pointer $11:$A60E (266-entry battle-action dispatch table consumed through the indirect jump at $8CFC-$8D0C)		P		
11	9C74	ResolveBattleOutcomeAndRewards	Tail jump from $11:$B656; Tail jump from $11:$B702; Tail jump from $11:$B79F	A	P	$8E	
11	9C9B	PlayBattleSoundForNonzeroResult	Direct call from $11:$9C7B; Direct call from $11:$9C90	A,X,Y	A,P,X,Y		$BF55
11	9CAD	ApplyAgilityEffectForSpecialTarget	Pointer $11:$A544 (266-entry battle-action dispatch table consumed through the indirect jump at $8CFC-$8D0C)		P		
11	9CBC	ApplyAgilityEffect	Pointer $11:$A43C (266-entry battle-action dispatch table consumed through the indirect jump at $8CFC-$8D0C); Pointer $11:$A4F8 (266-entry battle-action dispatch table consumed through the indirect jump at $8CFC-$8D0C); Pointer $11:$A51A (266-entry battle-action dispatch table consumed through the indirect jump at $8CFC-$8D0C); Pointer $11:$A5FA (266-entry battle-action dispatch table consumed through the indirect jump at $8CFC-$8D0C)	A,X	A,P,X	$6F,$7C	
11	9CC3	ApplyStrengthEffect	Direct call from $11:$A823; Pointer $11:$A438 (266-entry battle-action dispatch table consumed through the indirect jump at $8CFC-$8D0C); Pointer $11:$A43A (266-entry battle-action dispatch table consumed through the indirect jump at $8CFC-$8D0C); Pointer $11:$A4B0 (266-entry battle-action dispatch table consumed through the indirect jump at $8CFC-$8D0C); Pointer $11:$A4F0 (266-entry battle-action dispatch table consumed through the indirect jump at $8CFC-$8D0C); Pointer $11:$A4FE (266-entry battle-action dispatch table consumed through the indirect jump at $8CFC-$8D0C); Pointer $11:$A514 (266-entry battle-action dispatch table consumed through the indirect jump at $8CFC-$8D0C); Pointer $11:$A5E8 (266-entry battle-action dispatch table consumed through the indirect jump at $8CFC-$8D0C); Pointer $11:$A5EA (266-entry battle-action dispatch table consumed through the indirect jump at $8CFC-$8D0C); Tail jump from $11:$994F	A,X	A,P,X	$6F,$7C	
11	9CCA	ApplyAlternateTargetStatusEffect	Pointer $11:$A43E (266-entry battle-action dispatch table consumed through the indirect jump at $8CFC-$8D0C); Pointer $11:$A55A (266-entry battle-action dispatch table consumed through the indirect jump at $8CFC-$8D0C); Pointer $11:$A5D4 (266-entry battle-action dispatch table consumed through the indirect jump at $8CFC-$8D0C); Pointer $11:$A604 (266-entry battle-action dispatch table consumed through the indirect jump at $8CFC-$8D0C)	A,X	A,P,X	$6F,$7C	
11	9CD1	ResolveBattleResultByEffectCeiling	Pointer $11:$A440 (266-entry battle-action dispatch table consumed through the indirect jump at $8CFC-$8D0C); Pointer $11:$A55E (266-entry battle-action dispatch table consumed through the indirect jump at $8CFC-$8D0C); Pointer $11:$A5E4 (266-entry battle-action dispatch table consumed through the indirect jump at $8CFC-$8D0C); Pointer $11:$A5E6 (266-entry battle-action dispatch table consumed through the indirect jump at $8CFC-$8D0C)		P		
11	9D03	ApplySecondaryTargetStatusEffect	Pointer $11:$A446 (266-entry battle-action dispatch table consumed through the indirect jump at $8CFC-$8D0C); Pointer $11:$A52C (266-entry battle-action dispatch table consumed through the indirect jump at $8CFC-$8D0C)	A,X	A,P,X	$6F,$7C	
11	9D0A	ApplyStrengthEffectWithAlternateTargeting	Pointer $11:$A444 (266-entry battle-action dispatch table consumed through the indirect jump at $8CFC-$8D0C); Pointer $11:$A52E (266-entry battle-action dispatch table consumed through the indirect jump at $8CFC-$8D0C)	A,X	A,P,X	$6F,$7C	
11	9D11	PrintActionStep4ThenResetResultSequence	Pointer $11:$A602 (266-entry battle-action dispatch table consumed through the indirect jump at $8CFC-$8D0C)		P		
11	9D15	ApplySelectedTargetStatusEffect	Pointer $11:$A454 (266-entry battle-action dispatch table consumed through the indirect jump at $8CFC-$8D0C)	A,X	A,P,X	$6F,$7C	
11	9D1C	ApplyMaximumHpEffectWhenAllowed	Pointer $11:$A466 (266-entry battle-action dispatch table consumed through the indirect jump at $8CFC-$8D0C); Pointer $11:$A53A (266-entry battle-action dispatch table consumed through the indirect jump at $8CFC-$8D0C)		P		
11	9D2B	ApplyDefaultTargetEffectWithValidation	Pointer $11:$A468 (266-entry battle-action dispatch table consumed through the indirect jump at $8CFC-$8D0C)	A,X	A,P,X	$6F,$7C	
11	9D32	ApplyTargetEffectAndResolveSoundCue	Pointer $11:$A45A (266-entry battle-action dispatch table consumed through the indirect jump at $8CFC-$8D0C); Pointer $11:$A5C6 (266-entry battle-action dispatch table consumed through the indirect jump at $8CFC-$8D0C)		P		
11	9D42	SetDispatchBit4AndPrintActionStep1	Pointer $11:$A452 (266-entry battle-action dispatch table consumed through the indirect jump at $8CFC-$8D0C)	A	A,P	$72E7	
11	9D4F	ApplyBattleEffectOperationAndPrintResult	Direct call from $11:$9D39; Direct call from $11:$AFF8; Direct call from $11:$B3A0; Tail jump from $11:$9CC0; Tail jump from $11:$9CC7; Tail jump from $11:$9CCE; Tail jump from $11:$9D07; Tail jump from $11:$9D0E; Tail jump from $11:$9D19; Tail jump from $11:$AE32; Tail jump from $11:$AE52; Tail jump from $11:$AE62; Tail jump from $11:$B0B7; Tail jump from $11:$B1D4; Tail jump from $11:$B1DB	A,X	P	$6F,$7C	
11	9D6E	ApplyBattleEffectWithAlternateTargetCheck	Tail jump from $11:$9D2F	A,X	P	$6F,$7C	
11	9D90	ApplyStrengthEffectByTargetState	Pointer $11:$A456 (266-entry battle-action dispatch table consumed through the indirect jump at $8CFC-$8D0C)		P		
11	9DB4	ResolveBattleEffectAgainstTarget	Pointer $11:$A458 (266-entry battle-action dispatch table consumed through the indirect jump at $8CFC-$8D0C)		P		
11	9E4C	ConditionallyScaleSelectionByteByEight	Direct call from $11:$9DD8; Pointer $11:$8022 (25-entry code dispatch table; first target is $8032)		P		
11	9E5C	BuildAlternateTargetEffectAmountSequence	Direct call from $11:$9DF2	A	A,P,X	$7D	
11	9E91	BuildPrimaryTargetEffectAmountSequence	Direct call from $11:$9E3F	A	A,P,X	$70	
11	9ECF	CopyBattleEffectAmountToPrimaryTarget	Direct call from $11:$9EB2; Direct call from $11:$9EBD; Direct call from $11:$9EC8	X	P,X	$70	
11	9ED6	CopyBattleEffectAmountToAlternateTarget	Direct call from $11:$9E78; Direct call from $11:$9E81; Direct call from $11:$9E8A	X	P,X	$7D	
11	9EDD	ApplyBattleEffectToActiveTarget	Direct call from $11:$A835; Pointer $11:$A442 (266-entry battle-action dispatch table consumed through the indirect jump at $8CFC-$8D0C)		P		
11	9F14	ApplyAlternateTargetEffectAmount	Pointer $11:$A448 (266-entry battle-action dispatch table consumed through the indirect jump at $8CFC-$8D0C)		P		
11	9F27	ApplyPrimaryTargetEffectAmount	Pointer $11:$A44A (266-entry battle-action dispatch table consumed through the indirect jump at $8CFC-$8D0C); Pointer $11:$A51E (266-entry battle-action dispatch table consumed through the indirect jump at $8CFC-$8D0C)		P		
11	9F64	ApplyScaledEffectAmountToActiveTarget	Pointer $11:$A44C (266-entry battle-action dispatch table consumed through the indirect jump at $8CFC-$8D0C); Pointer $11:$A58A (266-entry battle-action dispatch table consumed through the indirect jump at $8CFC-$8D0C); Pointer $11:$A5D2 (266-entry battle-action dispatch table consumed through the indirect jump at $8CFC-$8D0C)		P		
11	9F89	ScaleActiveTargetDamageAmountByThreeHalves	Direct call from $11:$9F70; Direct call from $11:$9F81		A,P		$C827
11	9F93	ApplyScaledAlternateTargetEffectAmount	Pointer $11:$A44E (266-entry battle-action dispatch table consumed through the indirect jump at $8CFC-$8D0C)		P		
11	9FC6	ApplyResolvedBattleEffectAmount	Pointer $11:$A450 (266-entry battle-action dispatch table consumed through the indirect jump at $8CFC-$8D0C); Pointer $11:$A5D6 (266-entry battle-action dispatch table consumed through the indirect jump at $8CFC-$8D0C)		P		
11	9FED	ApplyBattleEffectAmountWithFallback	Pointer $11:$A45C (266-entry battle-action dispatch table consumed through the indirect jump at $8CFC-$8D0C); Pointer $11:$A45E (266-entry battle-action dispatch table consumed through the indirect jump at $8CFC-$8D0C); Pointer $11:$A460 (266-entry battle-action dispatch table consumed through the indirect jump at $8CFC-$8D0C); Pointer $11:$A462 (266-entry battle-action dispatch table consumed through the indirect jump at $8CFC-$8D0C); Pointer $11:$A464 (266-entry battle-action dispatch table consumed through the indirect jump at $8CFC-$8D0C); Pointer $11:$A4EA (266-entry battle-action dispatch table consumed through the indirect jump at $8CFC-$8D0C); Pointer $11:$A4F6 (266-entry battle-action dispatch table consumed through the indirect jump at $8CFC-$8D0C); Pointer $11:$A520 (266-entry battle-action dispatch table consumed through the indirect jump at $8CFC-$8D0C); Pointer $11:$A528 (266-entry battle-action dispatch table consumed through the indirect jump at $8CFC-$8D0C); Pointer $11:$A532 (266-entry battle-action dispatch table consumed through the indirect jump at $8CFC-$8D0C); Pointer $11:$A540 (266-entry battle-action dispatch table consumed through the indirect jump at $8CFC-$8D0C); Pointer $11:$A54A (266-entry battle-action dispatch table consumed through the indirect jump at $8CFC-$8D0C); Pointer $11:$A5B6 (266-entry battle-action dispatch table consumed through the indirect jump at $8CFC-$8D0C); Pointer $11:$A5E0 (266-entry battle-action dispatch table consumed through the indirect jump at $8CFC-$8D0C); Pointer $11:$A5E2 (266-entry battle-action dispatch table consumed through the indirect jump at $8CFC-$8D0C); Pointer $11:$A606 (266-entry battle-action dispatch table consumed through the indirect jump at $8CFC-$8D0C)		P		
11	A011	DoublePrimaryTargetEffectAmount	Direct call from $11:$9F59; Direct call from $11:$9FBB; Direct call from $11:$9FE2	A,X	A,P,X	$6F,$70	$AC5C
11	A01F	DoubleAlternateTargetEffectAmount	Direct call from $11:$9F3C; Direct call from $11:$9FA3; Direct call from $11:$9FD0; Direct call from $11:$AEAF	A,X	A,P,X	$7C,$7D	$AC5C
11	A02D	ResolveNoEffectOutcomeAndContinue	Pointer $11:$A46A (266-entry battle-action dispatch table consumed through the indirect jump at $8CFC-$8D0C)	A	A,P	$71	$A0B7
11	A047	ResolveTargetWithAbortRouteAndPrintStep1	Pointer $11:$A46C (266-entry battle-action dispatch table consumed through the indirect jump at $8CFC-$8D0C)	A	A,P	$71	$A0B7
11	A08E	CompareActiveBattleTargetState	Pointer $11:$A46E (266-entry battle-action dispatch table consumed through the indirect jump at $8CFC-$8D0C)		P		
11	A096	RouteBattleActionOnTargetMismatch	Pointer $11:$A5DA (266-entry battle-action dispatch table consumed through the indirect jump at $8CFC-$8D0C)		P		
11	A0B7	CheckBattleActionGate	Direct call from $11:$A031; Direct call from $11:$A04B		P		
11	A0C6	LoadBattleSlotActionByteIntoC4	Direct call from $11:$A055		P		
11	A0DC	LoadBattleSlotActionAndResolveTarget	Direct call from $11:$A06D	A,X	A,P	$C7	
11	A0EF	ReturnBattleTargetModeWhenAllowed	Direct call from $11:$A070; Direct call from $11:$A083; Direct call from $11:$A14C; Direct call from $11:$A2C8; Direct call from $11:$AF22; Direct call from $11:$AF7E		A,P		
11	A0FD	LoopBattleActionGate	Pointer $11:$A4C0 (266-entry battle-action dispatch table consumed through the indirect jump at $8CFC-$8D0C)		P		$A108,$A10E
11	A108	CheckBattleActionGateOnce	Direct call from $11:$A0FD; Pointer $11:$A4BC (266-entry battle-action dispatch table consumed through the indirect jump at $8CFC-$8D0C)		P		$A10E
11	A10E	CheckBattleActionGateAndReturn	Direct call from $11:$A102; Direct call from $11:$A108		P		$A0EF,$A11A
11	A114	ResolveActionTargetAndPrintStep1OnMatch	Pointer $11:$A4BE (266-entry battle-action dispatch table consumed through the indirect jump at $8CFC-$8D0C)		P		$A11A
11	A11A	ResolveCurrentBattleSlotAction	Direct call from $11:$A10E; Direct call from $11:$A114	X	A,P	$C7	$A1B4
11	A131	LoopBattleSlotRouting	Pointer $11:$A4D4 (266-entry battle-action dispatch table consumed through the indirect jump at $8CFC-$8D0C)		P		$A13C,$A147
11	A13C	CheckBattleSlotTargetEligibility	Direct call from $11:$A131; Pointer $11:$A4C2 (266-entry battle-action dispatch table consumed through the indirect jump at $8CFC-$8D0C); Pointer $11:$A4C4 (266-entry battle-action dispatch table consumed through the indirect jump at $8CFC-$8D0C); Pointer $11:$A4C6 (266-entry battle-action dispatch table consumed through the indirect jump at $8CFC-$8D0C); Pointer $11:$A4C8 (266-entry battle-action dispatch table consumed through the indirect jump at $8CFC-$8D0C); Pointer $11:$A4CC (266-entry battle-action dispatch table consumed through the indirect jump at $8CFC-$8D0C); Pointer $11:$A4D0 (266-entry battle-action dispatch table consumed through the indirect jump at $8CFC-$8D0C)		P		$A0EF,$A161
11	A147	SetCarryAfterBattleSlotSelectionCheck	Direct call from $11:$A136		P		$A0EF,$A161
11	A14C	PrintActionStep1AndConfirmTarget	Tail jump from $11:$A1B1		P		$A0EF
11	A155	ResolveTargetPrintStep1AndCommitAction	Pointer $11:$A4CA (266-entry battle-action dispatch table consumed through the indirect jump at $8CFC-$8D0C); Pointer $11:$A4CE (266-entry battle-action dispatch table consumed through the indirect jump at $8CFC-$8D0C); Pointer $11:$A4D2 (266-entry battle-action dispatch table consumed through the indirect jump at $8CFC-$8D0C)		P		$A161
11	A161	ResolveBattleSlotMatchAndStore	Direct call from $11:$A13C; Direct call from $11:$A147; Direct call from $11:$A155		P		
11	A17C	CommitBattleSlotMatchAndAction	Direct call from $11:$A1AE	A,X	A,P,X	$6E45+X,$7206+X,$7363,$7C	
11	A19A	ResolveForcedQueuedActionTarget	Direct call from $11:$A1A9	A,X	A,P	$C4,$C7	$A1B4
11	A1A9	ResolveAndCommitForcedQueuedAction	Direct call from $11:$BDFC		P		$A0EF,$A17C,$A19A
11	A1B4	ScanBattleSlotsForMatchingMask	Direct call from $11:$98AD; Direct call from $11:$A11A; Direct call from $11:$A168; Direct call from $11:$A19A; Pointer $11:$801E (25-entry code dispatch table; first target is $8032)		P,X		
11	A1D0	SaveBattleActionStateAroundResolution	Direct call from $11:$A290	A	A,P		
11	A228	AdjustBattleActionByteForCurrentGroup	Pointer $11:$A4DC (266-entry battle-action dispatch table consumed through the indirect jump at $8CFC-$8D0C); Pointer $11:$A4DE (266-entry battle-action dispatch table consumed through the indirect jump at $8CFC-$8D0C); Pointer $11:$A4E0 (266-entry battle-action dispatch table consumed through the indirect jump at $8CFC-$8D0C); Pointer $11:$A4E2 (266-entry battle-action dispatch table consumed through the indirect jump at $8CFC-$8D0C)		P		
11	A293	FinalizeBattleTargetChoice	Direct call from $11:$A28D	A	A,P	$06	
11	A2A2	InitializeTransformationBattleAction	Pointer $11:$A4D6 (266-entry battle-action dispatch table consumed through the indirect jump at $8CFC-$8D0C)		P		
11	A2D8	ReadCurrentBattleSlotDescriptorMasked	Direct call from $11:$A2E4; Direct call from $11:$A3DF; Pointer $11:$8002 (25-entry code dispatch table; first target is $8032)	A,X	A,P,X	$6E0F	
11	A2E4	ResolveBattleSlotIndexFromDescriptor	Pointer $11:$800C (25-entry code dispatch table; first target is $8032)	A,X	A,P,X		$A2D8
11	A304	ReadComputedBattleSlotStateMasked	Direct call from $11:$A3E4; Pointer $11:$8004 (25-entry code dispatch table; first target is $8032)	A,X	A,P,X	$6E0F	$A3B5
11	A311	ReadMaskedBattleTargetState	Pointer $11:$800E (25-entry code dispatch table; first target is $8032)	A,X	A,P,X	$6E0F,$7300+X	$A3C2
11	A31A	MergeSelectionBitsIntoBattleSlotState	Pointer $11:$8016 (25-entry code dispatch table; first target is $8032)	A,X	A,P	$6E0F,$7300+X	$A3C2
11	A32E	ReadBattleSlotActionCode	Direct call from $11:$A3EB; Pointer $11:$8006 (25-entry code dispatch table; first target is $8032)	A,X	A,P,X	$6E0F	$A3B5
11	A339	WriteBattleSlotActionCode	Pointer $11:$8014 (25-entry code dispatch table; first target is $8032)	A,X	A,P,X	$6E0F,$7324+X	$A3B5
11	A34A	ReadBattleSlotDescriptorHighNibble	Pointer $11:$8008 (25-entry code dispatch table; first target is $8032)	A,X	A,P,X	$6E0F	
11	A354	ReadBattleSlotStateHighNibble	Pointer $11:$800A (25-entry code dispatch table; first target is $8032)	A,X	A,P,X	$6E0F	$A3B5
11	A35C	ExtractBattleSlotStateHighNibble	Tail jump from $11:$A351	A	A,P,X	$6E0F	
11	A362	ReturnBattleSlotFieldValue	Tail jump from $11:$A2E1; Tail jump from $11:$A30E; Tail jump from $11:$A336; Tail jump from $11:$A347	A	A,P,X	$6E0F	
11	A36B	WriteBattleSlotDescriptorHighNibble	Pointer $11:$8010 (25-entry code dispatch table; first target is $8032)	A,X	A,P	$6E0F,$72F4+X	
11	A37E	WriteBattleSlotStateHighNibble	Pointer $11:$8018 (25-entry code dispatch table; first target is $8032)	A,X	A,P	$6E0F,$7300+X	$A3C2
11	A394	FindBattleSlotByDescriptorLowNibble	Pointer $11:$8012 (25-entry code dispatch table; first target is $8032)	A,X	A,P,X	$6E0F	
11	A3B5	ComputeBattleSlotIndexFromRowAndCurrentSlot	Direct call from $11:$A306; Direct call from $11:$A330; Direct call from $11:$A33E; Direct call from $11:$A356	A	A,P,X	$00	$A3D4
11	A3C2	ComputeBattleSlotIndexFromRowAndOffset	Direct call from $11:$A31A; Direct call from $11:$A37E	A,X	A,P,X	$00	$A3D4
11	A3D4	ScaleBattleRowIndexByTwelve	Direct call from $11:$A3B8; Direct call from $11:$A3C6	A	A,P	$00	
11	A3DF	CompareBattleSlotKeyAgainstComputedIndex	Pointer $11:$801C (25-entry code dispatch table; first target is $8032)	A	A,P	$00	$A2D8,$A304,$A32E
11	A3F7	RedrawBattleUiRecords2BAnd4D	Direct call from $11:$88C2; Direct call from $11:$8986; Direct call from $11:$89A1; Direct call from $11:$89EB; Direct call from $11:$9C70; Direct call from $11:$A762; Direct call from $11:$B4E0; Direct call from $11:$B7DD; Direct call from $11:$B98C; Direct call from $11:$BBD8; Direct call from $11:$BCE2; Pointer $11:$8020 (25-entry code dispatch table; first target is $8032)		A,P		
11	A63E	ResolveNimbleEvasionReaction	Direct call from $11:$972B; Direct call from $11:$978B		P		
11	A69F	ResolvePoisonNeedleCriticalHit	Direct call from $11:$9778	A	P		$9848,$A86D
11	A6E3	AdjustSpecialBattleActionMagnitude	Direct call from $11:$9790	A	P		$9848,$A86D
11	A78B	ResolveWoundHealingInterruption	Direct call from $11:$97D7		P		
11	A7AB	ExportBattleDamageAmountToTargetSide	Direct call from $11:$A7A1; Direct call from $11:$A85B	A	A,P	$70,$7D	
11	A7C4	ResolveHealingOrAffectionBattleAction	Direct call from $11:$97E2		A,P		
11	A86D	TestResolvedBattleActionId82	Direct call from $11:$A69F; Direct call from $11:$A6E3; Direct call from $11:$A790; Direct call from $11:$A7CF		P		
11	A873	ResolveMpDrainBattleAction	Direct call from $11:$8980; Direct call from $11:$89E5		P		
11	A8BC	ResolveLowRangeBattleAction	Direct call from $11:$8983; Direct call from $11:$89E8		P		
11	A8D5	QueueBattleReactionAfterEligibilityChecks	Direct call from $11:$90EE		P		
11	A8EC	RefreshBattleSlotsAndTransitions	Direct call from $11:$8074	A,X	A,P,X		$A914,$A950,$A97A,$A9F0
11	A8FD	LoadBattleSelectionForRefreshSlot	Tail jump from $11:$A911	A,X	A,P,X		$A914,$A950,$A97A,$A9F0
11	A914	SwapPackedBattleSlotNibblesWithFirstEmpty	Direct call from $11:$A90B	A,X,Y	A,P,X,Y	$00,$01,$02,$7348+X,$7348+Y	
11	A950	MarkOtherBattleSlotsForSelectionLock	Direct call from $11:$A90E	A,X	A,P,X	$00,$72F4+X	
11	A97A	CullBattleSlotsExcludedBySelectionMask	Direct call from $11:$A8FA	A,X	A,P,X	$00	
11	A9F0	LoadSelectionForPrimaryBattleCommands	Direct call from $11:$A8FD	A,X	A,P,X	$00,$6F,$70,$7C,$7D	
11	AA4C	RefreshBattleSlotSelectionState	Direct call from $11:$807D		P	$6E81	$AA62,$AA8C,$AA95,$AAB1,$AAE0,$AAEE
11	AA62	SweepBattleSlotsAndApplyHooks	Direct call from $11:$AA4F	A,Y	A,P,X,Y		
11	AA8C	ClearBattleModeLowBits	Direct call from $11:$AA52	A	A,P	$6E44	
11	AA95	RestartTimeWhenBattleIdle	Direct call from $11:$AA55	A	A,P	$72E5	
11	AAB1	ExpireBattlePhaseCountdownAndPrintMessage	Direct call from $11:$AA58	A	A,P,Y	$72E6	
11	AAE0	QueueSpecialActionTargetCue	Direct call from $11:$AA5E	A	A,P		
11	AAEE	ResolveChapterFourSpecialActionTarget	Direct call from $11:$AA5B	A,X	A,P,X	$7D	
11	AB2A	ClearBattleActionInterruptionBuffers	Direct call from $11:$808E	A,X,Y	A,P,X,Y	$7215+X,$7216+X	
11	AB49	MatchBattleActionPairAgainstLookup	Direct call from $11:$84EC; Direct call from $11:$ABBC	A,Y	A,P	$00,$01	
11	ABB5	ReportBattleActionRequirementFailure	Direct call from $11:$88FA; Direct call from $11:$B891		P		
11	AC3A	RejectUnsupportedBattleActions	Direct call from $11:$890F		P		
11	AC4D	ProbeBattleActionEligibility	Direct call from $11:$88C6; Direct call from $11:$8924		P		
11	AC5C	PreserveBattlePointerPairAroundProbe	Direct call from $11:$90DE; Direct call from $11:$A013; Direct call from $11:$A021; Pointer $11:$801A (25-entry code dispatch table; first target is $8032)	A	A,P		
11	AC79	ResolveMirageBattleTarget	Direct call from $11:$8969; Direct call from $11:$89CE		P		
11	ACB0	TestFourBattleTargetMasks	Direct call from $11:$ACA2		P,X		
11	ACBF	ResolveBattleActionModeTransition	Direct call from $11:$8964; Direct call from $11:$89C9; Direct call from $11:$9716		P		$AD06
11	ACC4	IronizeBattleTarget	Direct call from $11:$B1E2; Direct call from $11:$B206; Direct call from $11:$B376; Direct call from $11:$B424; Direct call from $11:$B71B		P		
11	ACDC	IronizeBattleParty	Direct call from $11:$8952		P		$AD06
11	AD00	ReadBattleModeBits30	Direct call from $11:$ACD5; Direct call from $11:$ACE8	A	A,P		
11	AD06	MatchBattleActionCodeInWhitelist	Direct call from $11:$ACBF; Direct call from $11:$ACDC		P		
11	AD25	SetBattleActionFlag04OrRandomGate	Direct call from $11:$88E2	A	A,P		
11	AD51	ValidateBattleActionByRangeAndLookup	Direct call from $11:$8973; Direct call from $11:$89D8		P		$AD89
11	AD89	ResolveBattleActionParameterIndex	Direct call from $11:$AD51		P		
11	AE0A	GateChapter5ActionByIndex1	Direct call from $11:$810F; Direct call from $11:$837A; Direct call from $11:$A400; Pointer $11:$8026 (25-entry code dispatch table; first target is $8032)	A	A,P		
11	AE23	ReturnNoBank11BattleAction	Pointer $11:$A472 (266-entry battle-action dispatch table consumed through the indirect jump at $8CFC-$8D0C); Pointer $11:$A474 (266-entry battle-action dispatch table consumed through the indirect jump at $8CFC-$8D0C); Pointer $11:$A476 (266-entry battle-action dispatch table consumed through the indirect jump at $8CFC-$8D0C); Pointer $11:$A478 (266-entry battle-action dispatch table consumed through the indirect jump at $8CFC-$8D0C); Pointer $11:$A47A (266-entry battle-action dispatch table consumed through the indirect jump at $8CFC-$8D0C); Pointer $11:$A47C (266-entry battle-action dispatch table consumed through the indirect jump at $8CFC-$8D0C); Pointer $11:$A47E (266-entry battle-action dispatch table consumed through the indirect jump at $8CFC-$8D0C); Pointer $11:$A480 (266-entry battle-action dispatch table consumed through the indirect jump at $8CFC-$8D0C); Pointer $11:$A482 (266-entry battle-action dispatch table consumed through the indirect jump at $8CFC-$8D0C); Pointer $11:$A484 (266-entry battle-action dispatch table consumed through the indirect jump at $8CFC-$8D0C); Pointer $11:$A562 (266-entry battle-action dispatch table consumed through the indirect jump at $8CFC-$8D0C); Pointer $11:$A57A (266-entry battle-action dispatch table consumed through the indirect jump at $8CFC-$8D0C); Pointer $11:$A57C (266-entry battle-action dispatch table consumed through the indirect jump at $8CFC-$8D0C); Pointer $11:$A57E (266-entry battle-action dispatch table consumed through the indirect jump at $8CFC-$8D0C); Pointer $11:$A58C (266-entry battle-action dispatch table consumed through the indirect jump at $8CFC-$8D0C); Pointer $11:$A5A2 (266-entry battle-action dispatch table consumed through the indirect jump at $8CFC-$8D0C); Pointer $11:$A5A4 (266-entry battle-action dispatch table consumed through the indirect jump at $8CFC-$8D0C); Pointer $11:$A5F8 (266-entry battle-action dispatch table consumed through the indirect jump at $8CFC-$8D0C); Pointer $11:$A608 (266-entry battle-action dispatch table consumed through the indirect jump at $8CFC-$8D0C)		P		
11	AE24	QueueSide0BattleResult19Index09	Pointer $11:$A48C (266-entry battle-action dispatch table consumed through the indirect jump at $8CFC-$8D0C)	A,X	A,P,X	$6F,$70,$7C,$7D	
11	AE28	QueueSide1BattleResult19Index09	Pointer $11:$A48E (266-entry battle-action dispatch table consumed through the indirect jump at $8CFC-$8D0C)	A,X	A,P,X	$6F,$70,$7C,$7D	
11	AE35	FinalizeBattleResultForTargetSide	Pointer $11:$A49C (266-entry battle-action dispatch table consumed through the indirect jump at $8CFC-$8D0C); Pointer $11:$A49E (266-entry battle-action dispatch table consumed through the indirect jump at $8CFC-$8D0C); Pointer $11:$A4A0 (266-entry battle-action dispatch table consumed through the indirect jump at $8CFC-$8D0C); Pointer $11:$A4FC (266-entry battle-action dispatch table consumed through the indirect jump at $8CFC-$8D0C)		P		
11	AE4E	QueueBattleResult11Index01	Pointer $11:$A4B6 (266-entry battle-action dispatch table consumed through the indirect jump at $8CFC-$8D0C); Pointer $11:$A4FA (266-entry battle-action dispatch table consumed through the indirect jump at $8CFC-$8D0C)	A,X	A,P,X	$6F,$7C	
11	AE55	SetBattleActionModeBit7	Pointer $11:$A4B8 (266-entry battle-action dispatch table consumed through the indirect jump at $8CFC-$8D0C); Pointer $11:$A4DA (266-entry battle-action dispatch table consumed through the indirect jump at $8CFC-$8D0C)	A	A,P	$72E4	
11	AE5E	QueueBattleResult1BIndex0B	Pointer $11:$A486 (266-entry battle-action dispatch table consumed through the indirect jump at $8CFC-$8D0C); Pointer $11:$A488 (266-entry battle-action dispatch table consumed through the indirect jump at $8CFC-$8D0C); Pointer $11:$A5F0 (266-entry battle-action dispatch table consumed through the indirect jump at $8CFC-$8D0C); Pointer $11:$A5F2 (266-entry battle-action dispatch table consumed through the indirect jump at $8CFC-$8D0C)	A,X	A,P,X	$6F,$7C	
11	AE65	AdvanceBattlePhaseForPrimaryResult	Pointer $11:$A4BA (266-entry battle-action dispatch table consumed through the indirect jump at $8CFC-$8D0C); Pointer $11:$A5DE (266-entry battle-action dispatch table consumed through the indirect jump at $8CFC-$8D0C)		P		$BF2E
11	AE84	AdvanceBattlePhaseForAlternateResult	Pointer $11:$A4EE (266-entry battle-action dispatch table consumed through the indirect jump at $8CFC-$8D0C)		P		$BF2E
11	AE8B	AdvanceBattlePhaseAndMarkResult	Pointer $11:$A5B0 (266-entry battle-action dispatch table consumed through the indirect jump at $8CFC-$8D0C)		P		$BF2E
11	AE9D	AdvanceAlternateBattleResultBy101	Pointer $11:$A48A (266-entry battle-action dispatch table consumed through the indirect jump at $8CFC-$8D0C)	A	A,P	$7C,$7D	
11	AEBF	ClearBattleTransformationsAndSpellEffects	Pointer $11:$A4E8 (266-entry battle-action dispatch table consumed through the indirect jump at $8CFC-$8D0C); Pointer $11:$A522 (266-entry battle-action dispatch table consumed through the indirect jump at $8CFC-$8D0C)		P		
11	AF9F	CopyAlternateBattleEffectMagnitude	Direct call from $11:$AEF6; Direct call from $11:$AEFF	A	A,P	$7D	
11	AFA6	CopyPrimaryBattleEffectMagnitude	Direct call from $11:$AF55; Direct call from $11:$AF5E	A	A,P	$70	
11	AFAD	ResolveBattleWarpEscape	Pointer $11:$A470 (266-entry battle-action dispatch table consumed through the indirect jump at $8CFC-$8D0C); Pointer $11:$A536 (266-entry battle-action dispatch table consumed through the indirect jump at $8CFC-$8D0C); Pointer $11:$A5C2 (266-entry battle-action dispatch table consumed through the indirect jump at $8CFC-$8D0C)		P		
11	AFEA	QueueBattleResult05WhenAllowed	Pointer $11:$A4B2 (266-entry battle-action dispatch table consumed through the indirect jump at $8CFC-$8D0C); Tail jump from $11:$995C		P		
11	AFF4	QueueBattleResultAndRefreshModes	Direct call from $11:$A84C; Pointer $11:$A4B4 (266-entry battle-action dispatch table consumed through the indirect jump at $8CFC-$8D0C); Pointer $11:$A5AC (266-entry battle-action dispatch table consumed through the indirect jump at $8CFC-$8D0C)	A	A,P,X		$9D4F
11	AFFF	ProjectBattleStatusFromSelectionFlags	Direct call from $11:$88FF		P		
11	B025	CopyPendingBattleActionBytes	Pointer $11:$A530 (266-entry battle-action dispatch table consumed through the indirect jump at $8CFC-$8D0C)		P		
11	B034	PrintActionStep1Message	Pointer $11:$A508 (266-entry battle-action dispatch table consumed through the indirect jump at $8CFC-$8D0C); Pointer $11:$A546 (266-entry battle-action dispatch table consumed through the indirect jump at $8CFC-$8D0C); Pointer $11:$A564 (266-entry battle-action dispatch table consumed through the indirect jump at $8CFC-$8D0C); Pointer $11:$A566 (266-entry battle-action dispatch table consumed through the indirect jump at $8CFC-$8D0C); Pointer $11:$A570 (266-entry battle-action dispatch table consumed through the indirect jump at $8CFC-$8D0C); Pointer $11:$A574 (266-entry battle-action dispatch table consumed through the indirect jump at $8CFC-$8D0C); Pointer $11:$A578 (266-entry battle-action dispatch table consumed through the indirect jump at $8CFC-$8D0C); Pointer $11:$A5A0 (266-entry battle-action dispatch table consumed through the indirect jump at $8CFC-$8D0C); Pointer $11:$A5A8 (266-entry battle-action dispatch table consumed through the indirect jump at $8CFC-$8D0C); Pointer $11:$A5AA (266-entry battle-action dispatch table consumed through the indirect jump at $8CFC-$8D0C); Pointer $11:$A5AE (266-entry battle-action dispatch table consumed through the indirect jump at $8CFC-$8D0C); Pointer $11:$A5DC (266-entry battle-action dispatch table consumed through the indirect jump at $8CFC-$8D0C)		P		
11	B039	PlayBattleSound93AndAdvancePhase	Pointer $11:$A52A (266-entry battle-action dispatch table consumed through the indirect jump at $8CFC-$8D0C)		P		
11	B055	ResolveCrumblingRingBattleAction	Pointer $11:$A53C (266-entry battle-action dispatch table consumed through the indirect jump at $8CFC-$8D0C)		P		$B07E
11	B077	ResolveBattleActionOutcomeOrReturn	Pointer $11:$A53E (266-entry battle-action dispatch table consumed through the indirect jump at $8CFC-$8D0C)		P		$B07E
11	B07E	DispatchBattleOutcomeByTargetSide	Direct call from $11:$B055; Direct call from $11:$B077		P		
11	B0A4	QueueNoEffectForActiveTarget	Pointer $11:$A558 (266-entry battle-action dispatch table consumed through the indirect jump at $8CFC-$8D0C)	A,X	A,P	$6F,$7C	
11	B0B3	QueueBattleResult23Index14	Pointer $11:$A524 (266-entry battle-action dispatch table consumed through the indirect jump at $8CFC-$8D0C)	A,X	A,P,X	$6F,$7C	
11	B0BA	ApplyStrengthIncreaseAndPrintResult	Pointer $11:$A54C (266-entry battle-action dispatch table consumed through the indirect jump at $8CFC-$8D0C)	A	A,P		
11	B0BF	ApplyAgilityIncreaseAndPrintResult	Pointer $11:$A54E (266-entry battle-action dispatch table consumed through the indirect jump at $8CFC-$8D0C)	A	A,P		
11	B0C4	ApplyLuckIncreaseAndPrintResult	Pointer $11:$A550 (266-entry battle-action dispatch table consumed through the indirect jump at $8CFC-$8D0C)	A	A,P		
11	B0C9	ApplyMaximumHpIncreaseAndPrintResult	Pointer $11:$A552 (266-entry battle-action dispatch table consumed through the indirect jump at $8CFC-$8D0C)	A	A,P		
11	B0CE	ApplyMaximumMpIncreaseAndPrintResult	Pointer $11:$A554 (266-entry battle-action dispatch table consumed through the indirect jump at $8CFC-$8D0C)	A	A,P		
11	B0D0	ApplyBattleStatIncreaseAndPrintResult	Tail jump from $11:$B0BC; Tail jump from $11:$B0C1; Tail jump from $11:$B0C6; Tail jump from $11:$B0CB	A	P		
11	B0E4	PrintActionStep2AndAbortViaRouteFive	Pointer $11:$A4EC (266-entry battle-action dispatch table consumed through the indirect jump at $8CFC-$8D0C); Pointer $11:$A538 (266-entry battle-action dispatch table consumed through the indirect jump at $8CFC-$8D0C)		P		
11	B0EB	ResolveMirrorOfRaBattleAction	Pointer $11:$A556 (266-entry battle-action dispatch table consumed through the indirect jump at $8CFC-$8D0C)		P		
11	B11F	ResolveBattleActionSelectionPair	Direct call from $11:$AED0; Direct call from $11:$AF30; Direct call from $11:$B105		P		
11	B17C	ClearBattleActionModeBitZeroDirect	Pointer $11:$A4F4 (266-entry battle-action dispatch table consumed through the indirect jump at $8CFC-$8D0C); Pointer $11:$A50E (266-entry battle-action dispatch table consumed through the indirect jump at $8CFC-$8D0C)		P		$96DB
11	B180	ResolveCalmingBattleAction	Pointer $11:$A500 (266-entry battle-action dispatch table consumed through the indirect jump at $8CFC-$8D0C)		P		
11	B1D0	QueueBattleResult24Index15	Pointer $11:$A502 (266-entry battle-action dispatch table consumed through the indirect jump at $8CFC-$8D0C)	A,X	A,P,X	$6F,$7C	
11	B1D7	QueueBattleResult25Index16	Pointer $11:$A560 (266-entry battle-action dispatch table consumed through the indirect jump at $8CFC-$8D0C)	A,X	A,P,X	$6F,$7C	
11	B1DE	ResolveSuddenWeaponStrike	Pointer $11:$A504 (266-entry battle-action dispatch table consumed through the indirect jump at $8CFC-$8D0C)		P		
11	B1F5	RunMerchantArmyAttackSequence	Direct ROM analysis: Coherent dormant routine after JMP $90DB: three-operand BRKs at $B1F5/$B202/$B21A, inline-byte JSR $BF2E at $B1FE, internal BNE loop $B218->$B1FE, and RTS $B21E; Pointer $11:$A55C (266-entry battle-action dispatch table consumed through the indirect jump at $8CFC-$8D0C)		P		
11	B21F	ResolveTreasureChestSteal	Pointer $11:$A506 (266-entry battle-action dispatch table consumed through the indirect jump at $8CFC-$8D0C)		P		
11	B286	HandleBattleAction5COrRandomSelection	Direct call from $11:$88E7		P		
11	B2F5	ResolveMouthCoverInterruption	Direct call from $11:$8907	A	A,P		
11	B31F	ResolveBattleActionSelectionIndex	Direct call from $11:$974E; Direct call from $11:$B309		P		
11	B34C	ResetBattleActionChoiceState	Direct call from $11:$B2F1		P		
11	B365	SeedPendingActionAndPrintStep1	Pointer $11:$A590 (266-entry battle-action dispatch table consumed through the indirect jump at $8CFC-$8D0C)		A,P		
11	B372	PrintActionStep1AndResolveIronize	Pointer $11:$A580 (266-entry battle-action dispatch table consumed through the indirect jump at $8CFC-$8D0C); Pointer $11:$A584 (266-entry battle-action dispatch table consumed through the indirect jump at $8CFC-$8D0C); Pointer $11:$A588 (266-entry battle-action dispatch table consumed through the indirect jump at $8CFC-$8D0C); Pointer $11:$A598 (266-entry battle-action dispatch table consumed through the indirect jump at $8CFC-$8D0C); Pointer $11:$A59C (266-entry battle-action dispatch table consumed through the indirect jump at $8CFC-$8D0C); Pointer $11:$A5C0 (266-entry battle-action dispatch table consumed through the indirect jump at $8CFC-$8D0C)		P		
11	B380	ShowSlimeImpersonationMessage	Pointer $11:$A56C (266-entry battle-action dispatch table consumed through the indirect jump at $8CFC-$8D0C)		P		
11	B392	AdvanceBattleSelectionAfterAction51	Pointer $11:$A56E (266-entry battle-action dispatch table consumed through the indirect jump at $8CFC-$8D0C); Pointer $11:$A592 (266-entry battle-action dispatch table consumed through the indirect jump at $8CFC-$8D0C)		P		$B51D
11	B39C	QueueBattleResult24Index17	Pointer $11:$A586 (266-entry battle-action dispatch table consumed through the indirect jump at $8CFC-$8D0C)		A,P,X		$9D4F
11	B3A4	PrintActionStep1WithValue	Pointer $11:$A594 (266-entry battle-action dispatch table consumed through the indirect jump at $8CFC-$8D0C)		P		
11	B3B6	ResolveRaiseItemOrHandBattleAction	Pointer $11:$A56A (266-entry battle-action dispatch table consumed through the indirect jump at $8CFC-$8D0C)		P		
11	B3D4	AdvanceBattleSelectionAfterAction51Again	Pointer $11:$A596 (266-entry battle-action dispatch table consumed through the indirect jump at $8CFC-$8D0C)		P		
11	B3DE	ResolveBodySlamBattleAction	Pointer $11:$A5A6 (266-entry battle-action dispatch table consumed through the indirect jump at $8CFC-$8D0C)		P		
11	B402	ResolveStandardAttackSoundAndMiss	Pointer $11:$A59A (266-entry battle-action dispatch table consumed through the indirect jump at $8CFC-$8D0C)	A,X	A,P,X		$BF2E
11	B41C	ResolveGrabAndThrowBattleAction	Pointer $11:$A59E (266-entry battle-action dispatch table consumed through the indirect jump at $8CFC-$8D0C)		P		$BF2E
11	B437	ResolveThrowAwayHeldItemAction	Pointer $11:$A568 (266-entry battle-action dispatch table consumed through the indirect jump at $8CFC-$8D0C)		P		
11	B453	ResolveEquipmentRemovalOrCharmAction	Pointer $11:$A576 (266-entry battle-action dispatch table consumed through the indirect jump at $8CFC-$8D0C)		P		
11	B47F	ResolveBattleSpellCast	Pointer $11:$A572 (266-entry battle-action dispatch table consumed through the indirect jump at $8CFC-$8D0C)		A,P		$B4A8
11	B4A8	CountMatchingBattleDescriptors	Direct call from $11:$B481; Direct call from $11:$B488; Direct call from $11:$B48F	A	P	$00	
11	B4C6	ValidateBattleActionAndUpdateDialogue	Pointer $11:$A58E (266-entry battle-action dispatch table consumed through the indirect jump at $8CFC-$8D0C)		P		
11	B4E4	NormalizeBattleActionSlotsFromCounter	Pointer $11:$A582 (266-entry battle-action dispatch table consumed through the indirect jump at $8CFC-$8D0C)		P		
11	B51D	SeedBattleDamageAmountFromChapterState	Direct call from $11:$B392; Direct call from $11:$B3D8; Direct call from $11:$B429		A,P		
11	B52D	ResolveContextualBattleAction	Direct call from $11:$88EA		P		
11	B60C	CommitSelectedBattleAction	Direct call from $11:$B5CA		P		
11	B651	ResolveBattleOutcome1EAndAdvancePhase	Pointer $11:$A5B4 (266-entry battle-action dispatch table consumed through the indirect jump at $8CFC-$8D0C)	A	A,P	$8E	$B91C
11	B659	SetPostCommitFlagAndPrintActionStep1	Pointer $11:$A5B8 (266-entry battle-action dispatch table consumed through the indirect jump at $8CFC-$8D0C)	A	A,P	$72E4	
11	B666	InitializeBattleActionStateFromIndex	Pointer $11:$A5BA (266-entry battle-action dispatch table consumed through the indirect jump at $8CFC-$8D0C)		P		
11	B693	UpdateBattlePhaseDecisionState	Pointer $11:$A5BC (266-entry battle-action dispatch table consumed through the indirect jump at $8CFC-$8D0C)		P		
11	B6DB	QueueBattleActionResult0COr0D	Pointer $11:$A5BE (266-entry battle-action dispatch table consumed through the indirect jump at $8CFC-$8D0C); Pointer $11:$A5F4 (266-entry battle-action dispatch table consumed through the indirect jump at $8CFC-$8D0C); Pointer $11:$A5F6 (266-entry battle-action dispatch table consumed through the indirect jump at $8CFC-$8D0C)		P		
11	B6F2	LoadBattleDamageAmountAndApply	Pointer $11:$A5EC (266-entry battle-action dispatch table consumed through the indirect jump at $8CFC-$8D0C); Pointer $11:$A5EE (266-entry battle-action dispatch table consumed through the indirect jump at $8CFC-$8D0C)		P		
11	B700	ResolveBattleOutcomeAfterMagnitudeAdvance	Pointer $11:$A5C4 (266-entry battle-action dispatch table consumed through the indirect jump at $8CFC-$8D0C)	A	A,P	$8E	
11	B705	RunGiantAttackAndWithdrawalSequence	Pointer $11:$A5C8 (266-entry battle-action dispatch table consumed through the indirect jump at $8CFC-$8D0C)		P		
11	B73D	ResolveMetalSlimeTransformation	Pointer $11:$A5CA (266-entry battle-action dispatch table consumed through the indirect jump at $8CFC-$8D0C)		P		
11	B79D	ResolveBattleOutcomeForPhaseDispatch	Pointer $11:$A5CE (266-entry battle-action dispatch table consumed through the indirect jump at $8CFC-$8D0C)	A	A,P	$8E	
11	B7A2	PrintActionStep1AndSetStatusFlag	Pointer $11:$A5D0 (266-entry battle-action dispatch table consumed through the indirect jump at $8CFC-$8D0C)		P		
11	B7AF	ResolveGlitteringDragonTransformation	Pointer $11:$A5D8 (266-entry battle-action dispatch table consumed through the indirect jump at $8CFC-$8D0C)		P		
11	B7F8	AdvanceBattleActionTargetLoop	Pointer $11:$A610 (266-entry battle-action dispatch table consumed through the indirect jump at $8CFC-$8D0C); Pointer $11:$A612 (266-entry battle-action dispatch table consumed through the indirect jump at $8CFC-$8D0C); Pointer $11:$A614 (266-entry battle-action dispatch table consumed through the indirect jump at $8CFC-$8D0C); Pointer $11:$A616 (266-entry battle-action dispatch table consumed through the indirect jump at $8CFC-$8D0C); Pointer $11:$A618 (266-entry battle-action dispatch table consumed through the indirect jump at $8CFC-$8D0C); Pointer $11:$A61A (266-entry battle-action dispatch table consumed through the indirect jump at $8CFC-$8D0C); Pointer $11:$A61C (266-entry battle-action dispatch table consumed through the indirect jump at $8CFC-$8D0C)		P		
11	B808	RunBattleResolutionLoopWithInjectedActionId	Direct call from $11:$9D3E; Direct call from $11:$B7F4	A	A,P	$00	
11	B871	SelectFollowupBattleIdFromTables	Direct call from $11:$88ED		P		
11	B8D4	ComputeAndStoreBattleLoopAuxByte	Direct call from $11:$B801; Direct call from $11:$B843		P		
11	B8FC	RequireBattleId5CBeforeE0	Direct call from $11:$B8CB	A,X	A,P,X		
11	B91C	SelectBattleActionMode10	Direct call from $11:$9B5A; Direct call from $11:$9BCA; Direct call from $11:$9C55; Direct call from $11:$B046; Direct call from $11:$B651	A	A,P	$72E4	
11	B929	SelectBattleActionMode20	Guarded flow recovery: Coherent routine block immediately after RTS $B928; 7 instructions, returns	A	A,P	$72E4	
11	B960	RunTimeReversalBattleSequence	Pointer $11:$A548 (266-entry battle-action dispatch table consumed through the indirect jump at $8CFC-$8D0C); Pointer $11:$A5CC (266-entry battle-action dispatch table consumed through the indirect jump at $8CFC-$8D0C)	A	A,P	$629B	$BF2E
11	B9C6	RestoreBattleBuffersFromScratch	Direct call from $11:$B983	A	A,P	$0F	$B9FF
11	B9CE	CountMaskedSelectionBitsIntoBattleValues	Guarded flow recovery: Coherent routine block immediately after RTS $B9CD; 21 instructions, 2 BRK service calls, returns	X	P,X	$00	
11	B9F6	SnapshotBattleBuffersToScratchIfEligible	Direct call from $11:$8068	A	A,P	$0F	$BA09,$BA14,$BAA1,$BAFA
11	B9FB	SnapshotBattleBuffersToScratch	Direct call from $11:$8050	A	A,P	$0F	$BA09,$BA14,$BAA1
11	B9FF	TransferBattleBufferGroupsBetweenScratchAndSources	Direct call from $11:$B9CA		P		$BA09,$BA14,$BAA1
11	BA09	LoadBattleBufferScratchPointer	Direct call from $11:$B9FF	A	A,P	$88,$89	
11	BA14	TransferPrimaryBattleBufferGroups	Direct call from $11:$BA02		P		$BA1B,$BA31
11	BA1B	TransferSaveFlagSelectedBattleBufferPair	Direct call from $11:$BA14	Y	P,Y		$BAAB
11	BA31	TransferFlaggedBattleSlotBufferGroups	Direct call from $11:$BA17	A,X	A,P,X	$01,$86	$BA47
11	BA47	TransferIndexedBattleBufferSegments	Direct call from $11:$BA3E	A,X,Y	A,P,X,Y	$00,$02,$0D,$0E,$86,$87	$BAB7,$C81D,$C827
11	BAA1	TransferTrailingBattleBufferGroups	Direct call from $11:$BA05	Y	P,Y		$BAAB
11	BAAB	TransferBattleBufferGroupByIndex	Direct call from $11:$BA24; Direct call from $11:$BA2D; Direct call from $11:$BAA3	A,Y	A,P,Y		$BAB7,$BAE5
11	BAB7	TransferBattleBufferBytesWithDirection	Direct call from $11:$BA93; Direct call from $11:$BAB0	A	A,P	$02,$03,$88,$89	$BAD3,$BADC
11	BAD3	CopyBattleBufferBytesToScratch	Direct call from $11:$BABD	A,Y	A,P,Y	($88),Y	
11	BADC	CopyBattleBufferBytesFromScratch	Direct call from $11:$BAC3	A,Y	A,P,Y	($86),Y	
11	BAE5	ResolveBattleBufferGroupPointerAndLength	Direct call from $11:$BAAD	A,X,Y	A,P,X	$02,$86,$87	
11	BAFA	CheckBattleBufferTransferGate	Direct call from $11:$B9F6	A,X	A,P,X	$72E5	
11	BB86	RefreshStoredBattleTargetSlots	Direct call from $11:$8065	X	P,X		
11	BBA1	EmitStoredTargetDialogueForCurrentSelection	Direct call from $11:$88B2		P		
11	BBDF	ShouldAbortMatchedTargetFollowupOnSelector6A53	Direct call from $11:$88B5		P		
11	BBED	ShouldAbortMatchedTargetFollowupOnState06AndMask0A	Direct call from $11:$88BA		P		
11	BBFA	EmitPrimaryStoredTargetToken	Direct call from $11:$BBB7	A,Y	A,P		$BC12
11	BC06	EmitSecondaryStoredTargetToken	Direct call from $11:$BBC8	A,Y	A,P		$BC12
11	BC12	ClassifyCurrentStoredTargetForDialogue	Direct call from $11:$BBFB; Direct call from $11:$BC07		P		
11	BC5A	HandleNoMatchingBattleSlotGroup	Direct call from $11:$887A; Direct call from $11:$888B		P		$80C4
11	BCF1	RunNaraTarotCardSequence	Direct call from $11:$88F2		P		
11	BD52	LoadBattleDisplayRecordToDialogueBuffer	Direct call from $11:$BD11		A,P		
11	BD83	PlayBattleSound9FAndAnimatePalette	Direct call from $11:$BD14		P		
11	BDEE	RestoreBattleDisplayPaletteBuffer	Direct call from $11:$BDE1	A,X	A,P,X	$05FC+X	
11	BDFC	CommitQueuedBattleActionSlotMatch	Pointer $11:$A5FE (266-entry battle-action dispatch table consumed through the indirect jump at $8CFC-$8D0C)		P		$A1A9
11	BE00	TryRandomizeBattleDamageAmount	Pointer $11:$A600 (266-entry battle-action dispatch table consumed through the indirect jump at $8CFC-$8D0C)		P		
11	BEB2	RollBattleTurnOrderByAgility	Direct call from $11:$8071	A,X,Y	A,P,X,Y	$00,$0E,$0F,$7348+X	
11	BF2E	PlayInlineBattleSound	Direct call from $11:$8D64; Direct call from $11:$8D7D; Direct call from $11:$8E13; Direct call from $11:$8E77; Direct call from $11:$8E86; Direct call from $11:$8EB3; Direct call from $11:$8EC2; Direct call from $11:$8ECE; Direct call from $11:$8EDA; Direct call from $11:$8EEE; Direct call from $11:$8EF9; Direct call from $11:$8F02; Direct call from $11:$8F1F; Direct call from $11:$8F2D; Direct call from $11:$911A; Direct call from $11:$913F; Direct call from $11:$918B; Direct call from $11:$9199; Direct call from $11:$91A0; Direct call from $11:$91E1; Direct call from $11:$91E8; Direct call from $11:$97CF; Direct call from $11:$9805; Direct call from $11:$980E; Direct call from $11:$98B4; Direct call from $11:$98EF; Direct call from $11:$9B13; Direct call from $11:$9B3F; Direct call from $11:$9BB9; Direct call from $11:$9BD0; Direct call from $11:$9C02; Direct call from $11:$9C17; Direct call from $11:$A6C1; Direct call from $11:$AC97; Direct call from $11:$AE65; Direct call from $11:$AE84; Direct call from $11:$AE8B; Direct call from $11:$B040; Direct call from $11:$B1E7; Direct call from $11:$B1FE; Direct call from $11:$B3E2; Direct call from $11:$B406; Direct call from $11:$B40E; Direct call from $11:$B41C; Direct call from $11:$B497; Direct call from $11:$B713; Direct call from $11:$B884; Direct call from $11:$B974; Direct call from $11:$BD17; Direct call from $11:$BDBC	A,X,Y	A,P,X,Y	$00,$01,$0101+X,$0102+X	
11	BF55	PlayBattleSoundFromAccumulator	Direct call from $11:$8E93; Direct call from $11:$8EE6; Direct call from $11:$9CA7; Direct call from $11:$A693	A	P		
11	BF5C	LoadBattleIdValuePairsFromStreamAndResetDisplay	Pointer $11:$8028 (25-entry code dispatch table; first target is $8032)	A	A,P	$6BDE	
12	8064	Bank12_BattleSetupServices	Pointer $12:$8000 (50-entry code dispatch table; first target is $8064)	A	A,P	$6BDE	$80B4,$810E
12	80AB	BattleSetup_ClearStatusMask	Pointer $12:$8008 (50-entry code dispatch table; first target is $8064)	A	A,P	$72E7	
12	80B4	BattleSetup_InitializeSlotRecords	Direct call from $12:$806F	A,X	A,P,X	$7274+X,$96	
12	810E	BattleSetup_CopySetupHeader	Direct call from $12:$806C	A,X	A,P,X	$7206+X	
12	811A	BattleSetup_FlagDuplicateHeaderEntries	Direct call from $12:$809D; Direct call from $12:$86B9; Pointer $12:$8012 (50-entry code dispatch table; first target is $8064)	A,X,Y	A,P,X,Y	$00,$72E4	
12	8148	BattleSetup_ComputeSlotRecordOffset	Direct call from $12:$80D2; Direct call from $12:$80DD; Direct call from $12:$80EC	A	A,P,X,Y	$00	
12	8157	PrintInlineBattleMessagePreservingRegisters	Pointer $12:$8002 (50-entry code dispatch table; first target is $8064)	A,X,Y	A,P,X,Y		$8177
12	8165	PrintBattleMessageFromAccumulator	Pointer $12:$8004 (50-entry code dispatch table; first target is $8064)	A,X,Y	A,P,X,Y	$00	$817D
12	8177	LoadInlineBattleMessageNumber	Direct call from $12:$815C		P		$8199,$81BD,$81DA,$826A,$82B0,$82B9,$82C3,$82E9,$85E7
12	817D	LatchBattleMessageNumber	Direct call from $12:$816E		P		$81B6,$81BD,$81DA,$826A,$82B0,$82B9,$82C3,$82E9,$85E7
12	8180	PrintBattleMessage	Tail jump from $12:$817A		P		$81BD,$81DA,$826A,$82B0,$82B9,$82C3,$82E9,$85E7
12	8199	ReadInlineBattleMessageNumber	Direct call from $12:$8177	A,X	A,P,X,Y	$00,$01,$010B+X,$010C+X,$8C,$8D	$C3EA
12	81B6	LatchBattleMessageGroupAndNumber	Direct call from $12:$817D	A	A,P	$8C,$8D	
12	81BD	DecodeBattleMessageGroup	Direct call from $12:$8180	A,X	A,P	$8A,$8B	$82FC
12	81DA	RemapBattleMessageForContext	Direct call from $12:$8183	A,Y	A,P,Y		
12	8235	BattleSetup_CheckSelectionMatch	Direct call from $12:$8209	A	A,P		
12	826A	BattleMessage_UpdateCursorRows	Direct call from $12:$818C	A	A,P	$735F	$829F
12	829F	BattleMessage_ComputeSubstitutionIndex	Direct call from $12:$8280; Direct call from $12:$8299	A	A,P,X		
12	82B0	BattleMessage_WaitThreeFramesIfBusy	Direct call from $12:$818F		P,X		
12	82B9	BattleMessage_RefreshVariableSubstitution	Direct call from $12:$8186	A	A,P		$8370
12	82C3	BattleMessage_CommitCursorState	Direct call from $12:$8192	A	A,P,X	$0553	
12	82E9	BattleMessage_LatchDelayState	Direct call from $12:$8195	A	A,P	$6E5C,$6E5D	$85CA
12	82FC	LookupActionStepMessage	Direct call from $12:$81CE	A	A,P	$00,$02,$03,$04	
12	8370	BattleMessage_DecodeVariableSelectorMap	Direct call from $12:$82BF	A,X	A,P,X	$00,$01,$F9,$FA,$FD,$FE,$FF	$83D3,$C813
12	83D3	BattleMessage_DispatchVariableHandlerByIndex	Direct call from $12:$8390; Direct call from $12:$839E	A,X	A,P,X	$02,$03	
12	83E2	BattleMessage_NormalizeVariableHandlerField	Pointer $12:$8493 (Seven-entry battle-setup handler table selected by nonzero three-bit fields and dispatched at $83DF)	A	A,P,X	$02	$83E8,$842C
12	83E8	BattleMessage_LoadVariableFieldFromService	Direct call from $12:$83E2; Pointer $12:$8497 (Seven-entry battle-setup handler table selected by nonzero three-bit fields and dispatched at $83DF)		P		
12	83EE	BattleMessage_LoadVariableFieldFromTarget	Pointer $12:$8495 (Seven-entry battle-setup handler table selected by nonzero three-bit fields and dispatched at $83DF)	A	A,P,X	$02	$8405,$842C
12	83F1	NormalizeBattleSetupHandlerField	Tail jump from $12:$83E5	A	A,P,X	$02	$842C
12	8405	BattleMessage_LoadTargetSelectorField	Direct call from $12:$83EE; Pointer $12:$8499 (Seven-entry battle-setup handler table selected by nonzero three-bit fields and dispatched at $83DF)	A,X	A,P,X	$02	
12	8424	BattleMessage_ReadCachedStatusByte	Pointer $12:$849B (Seven-entry battle-setup handler table selected by nonzero three-bit fields and dispatched at $83DF); Pointer $12:$849F (Seven-entry battle-setup handler table selected by nonzero three-bit fields and dispatched at $83DF)		A,P		
12	8428	BattleMessage_ReturnServiceStub	Pointer $12:$849D (Seven-entry battle-setup handler table selected by nonzero three-bit fields and dispatched at $83DF)		P		
12	842C	BattleMessage_FindMaskedHeaderEntry	Direct call from $12:$83FC; Direct call from $12:$854D; Direct call from $12:$874D	A	A,P		
12	84B2	AnnounceEncounterAndInitializeCombatants	Pointer $12:$8006 (50-entry code dispatch table; first target is $8064)	A	A,P		
12	8536	BattleMessage_BuildVariableSelectionMask	Direct call from $12:$8516		P		
12	85AB	BattleMessage_FindLowestSetBitIndex	Direct call from $12:$84D0	A,X	A,P,X		
12	85CA	BattleMessage_StartSpeedDelay	Direct call from $12:$82F8; Pointer $12:$800C (50-entry code dispatch table; first target is $8064); Pointer $12:$800E (50-entry code dispatch table; first target is $8064)	A	A,P	$02,$6E5C,$6E5D	$860D,$8637,$8644,$C8EC
12	85DF	BattleMessage_StartSpeedDelayIfNeeded	Pointer $12:$8048 (50-entry code dispatch table; first target is $8064); Tail jump from $12:$860A	A	A,P	$6E5C,$6E5D	$860D
12	85E7	BattleMessage_WaitForSpeedDelay	Direct call from $12:$8189; Direct call from $12:$8607; Direct call from $12:$8689; Pointer $12:$8026 (50-entry code dispatch table; first target is $8064)	A,X	A,P,X		$C90C
12	8607	BattleMessage_WaitAndGateSpeedDelay	Pointer $12:$8046 (50-entry code dispatch table; first target is $8064)	A	A,P	$6E5C,$6E5D	$85E7,$860D
12	860D	BattleMessage_GetSpeedDelay	Direct call from $12:$85D1	X	A,P,X		
12	8637	BattleMessage_DrawContinuePrompt	Direct call from $12:$8624; Direct call from $12:$862E	X	P,X	$00,$01	$C65A
12	8644	BattleMessage_PollConfirmInput	Direct call from $12:$8627; Direct call from $12:$8631	A,X	A,P,X	$02	$8671,$C8EC,$FF74
12	8671	BattleMessage_LatchButtonsPressed	Direct call from $12:$8653; Direct call from $12:$865A	A	A,P	$7384	
12	8677	BattleSetup_SelectStageValue	Pointer $12:$8032 (50-entry code dispatch table; first target is $8064)	X	A,P,X		$85E7
12	86A4	BattleSetup_CheckAEStageAndSlot	Pointer $12:$8034 (50-entry code dispatch table; first target is $8064)	A	A,P		
12	86B6	DispatchBattleEndOutcome	Pointer $12:$800A (50-entry code dispatch table; first target is $8064)		P		
12	8783	PlayMonsterArenaPayoutJingle	Direct call from $12:$8762		P		
12	888E	BattleSetup_RequireAEHeader	Direct call from $12:$87E7		P		
12	889C	BattleSetup_EncodeSelectionMask	Direct call from $12:$87C7; Direct call from $12:$87DB		P,X		
12	88B0	HandleMonsterArenaOvertimeDraw	Pointer $12:$8056 (50-entry code dispatch table; first target is $8064)	A,X	A,P,X	$0553	$892B,$C8EC
12	892B	BattleSetup_EnablePlayerInput	Direct call from $12:$88C4; Direct call from $12:$8903; Direct call from $12:$8915	A	A,P	$72E7	
12	8936	BattleSetup_RunTransitionOpen	Pointer $12:$8036 (50-entry code dispatch table; first target is $8064)	A,X	A,P,X	$0508,$1F,$29,$7600	$8990,$89C0,$89E9,$8A02,$8A0A,$8A1A,$8A22
12	895C	BattleSetup_RunTransitionClose	Pointer $12:$8038 (50-entry code dispatch table; first target is $8064)	A	A,P,X	$0508,$1F,$29	$8990,$89E9,$8A02,$8A0A,$8A1A,$8A22
12	8990	BattleSetup_SaveAndShiftSpriteOam	Direct call from $12:$8943; Direct call from $12:$8969	A,X	A,P,X	$00,$01,$0203+X,$0508,$7600+X	$C827,$C851
12	89C0	BattleSetup_SelectOpenTransitionPalette	Direct call from $12:$8946	A	A,P	$16	$C5DE
12	89E9	BattleSetup_SelectCloseTransitionPalette	Direct call from $12:$896C	A	A,P	$16	$C5DE
12	8A02	BattleSetup_EnterTransitionMmc1Mode	Direct call from $12:$893C; Direct call from $12:$8962; Pointer $12:$803C (50-entry code dispatch table; first target is $8064)	A	A,P	$0500	
12	8A0A	BattleSetup_ExitTransitionMmc1Mode	Direct call from $12:$8982; Pointer $12:$803E (50-entry code dispatch table; first target is $8064)	A	A,P	$0500,$0505	
12	8A1A	BattleSetup_QueuePaletteUpdateAndWait	Direct call from $12:$897A	A	P	$16	$C5DE
12	8A22	BattleSetup_RestoreSpriteOamFromBackup	Direct call from $12:$8949; Direct call from $12:$896F	A,X	A,P,X	$0203+X,$0508	
12	8EAD	InitializeChapterSaveState	Pointer $12:$802E (50-entry code dispatch table; first target is $8064)	A,X,Y	A,P,X,Y	($79),Y,$00,$01,$02,$03,$04,$05,$06,$07,$07C6,$07C7,$07C8,$08,$09,$6001+X,$6002+X,$6003+X,$610E+X,$6157,$6158,$6159,$615A,$615B,$6165+Y,$616A,$616A+Y,$618E,$62E7,$62E8,$62E9,$72,$77,$79,$7A	$C81D,$C827
12	90EC	AdjustChapterTwoInventoryForPartyState	Pointer $12:$805A (50-entry code dispatch table; first target is $8064)	A	A,P		
12	91DD	RollPostVictoryItemDrop	Direct call from $12:$8854	A	A,P,X		
12	92AD	ResolveMonsterSplit	Pointer $12:$802A (50-entry code dispatch table; first target is $8064)		P		
12	92EF	BattleSetup_ResolveSelectionIndex	Pointer $12:$802C (50-entry code dispatch table; first target is $8064)	A,X	A,P,X		
12	930C	RunFieldItemCommand	Pointer $12:$8028 (50-entry code dispatch table; first target is $8064)		P		
12	9461	TransferSelectedItemToPartyMemberOrToolBag	Direct call from $12:$945B	A	A,P,X	$F9	$953E
12	9507	DiscardSelectedItemWithFallback	Direct call from $12:$94FB	A,X	A,P	$F9,$FB	$953E
12	952A	FieldItem_SwapItemSelectionBytes	Direct call from $12:$9404; Direct call from $12:$9445; Direct call from $12:$94F6	A	A,P,X,Y		
12	953E	FieldItem_ClearModeByte	Direct call from $12:$9461; Direct call from $12:$9507	A	A,P	$6E	
12	9548	RejectLifelessPartyMemberItemCheck	Guarded flow recovery: Coherent routine block immediately after RTS $9547; 7 instructions, 1 BRK service calls, returns	A	A,P	$6E	
12	955E	AppraiseSelectedItem	Direct call from $12:$9379		P		
12	9619	ClassifyItemEquipmentEligibility	Direct call from $12:$9656	A	A,P	$6F	
12	963D	CheckSelectedItemEquipmentThreshold	Direct call from $12:$965E		A,P,X		
12	964F	FieldItem_ValidateItemSelectionState	Direct call from $12:$95E6	A	A,P		$9619,$963D,$9662
12	9662	ReportItemEquipmentEligibility	Direct call from $12:$965B	A,X	A,P,X	$00,$01,$6F	
12	974A	FieldItem_ValidatePrimaryAndSecondaryItemSelection	Direct call from $12:$9382		A,P,X		
12	9767	ShowCursedEquipmentMessage	Direct call from $12:$93D9; Direct call from $12:$9760		P		
12	9774	FieldItem_ReadBankedItemSelectionByte	Direct call from $12:$9788	A	A,P,X,Y	$23,$24	$C3CE,$C3EA
12	9788	PrintItemBattleEffectAppraisal	Direct call from $12:$95C4	A,X	P,X		$9774
12	97A9	RunLighthouseFireExtinguishingSequence	Direct ROM analysis: Coherent battle setup routine block immediately after RTS $97A8 and before service entry $9BFD; Direct call from $12:$B3A2		P		$D1F3
12	97BC	AnimateLighthouseFireExtinguishing	Direct call from $12:$97B2	A,X,Y	A,P,X	$0200+Y,$0203+Y,$05,$06,$07,$08	$982F,$985A,$9887,$98AD,$98F6,$991A,$993E,$C5BF,$C5C5,$C626,$C78C,$C90C,$FF74
12	982F	QueueLighthouseFireAttributeSweep	Direct call from $12:$981B; Direct call from $12:$988F	A	A,P	$00,$01	$C727
12	985A	PrimeLighthouseFireSpriteBuffer	Direct call from $12:$97CA	A,X	A,P,X	$0602+X	$C5B9,$FF74
12	986B	QueueFullLighthouseFireAttributeRefresh	Direct ROM analysis: Coherent nested countdown routine ending at RTS $9886 before the existing entry at $9887	X	A,P,X	$00,$01	$C626,$C727,$FF74
12	9887	RunLighthouseFireRevealLoop	Direct call from $12:$97CD	A,X	A,P,X	$05,$06	$982F,$993E,$9B1C,$9B26,$C626
12	98AD	AnimateLighthouseFireFrameSequence	Direct call from $12:$9801	A,Y	A,P,X,Y	$05,$0A	$98F6,$993E,$C626,$FF74
12	98F6	LoadLighthouseFireSpriteFrame	Direct call from $12:$97D2; Direct call from $12:$98C7	A,X,Y	A,P,X,Y	$0602,$0606+Y	$C5B9,$C90C
12	991A	CopyLighthouseFireOamTemplate	Direct call from $12:$97EA	A,Y	A,P,Y	$05FC+Y	
12	993E	QueueLighthouseFireAttributeDiffs	Direct call from $12:$97F6; Direct call from $12:$980C; Direct call from $12:$989E; Direct call from $12:$98B9	A,X,Y	A,P,X,Y	$00,$01,$02,$03,$04,$09	$C626,$C727,$FF74
12	9AF7	RunLighthouseFireSpritePlacementLoop	Direct call from $12:$97AF	X	A,P,X	$02	$9B1C,$9B41,$9B88,$9BB3,$FF74
12	9B1C	RunLighthouseFireSpritePulse	Direct call from $12:$98A6; Direct call from $12:$9B0C	X	P	$0A	$9B26
12	9B26	AdvanceLighthouseFireSpriteTileFrame	Direct call from $12:$9895; Direct call from $12:$9B1E	A,X,Y	A,P,X	$0201+X,$0F	$C78C,$FF74
12	9B41	ComputeLighthouseFireOffsetMask	Direct call from $12:$9AF7	A,X,Y	A,P,X,Y	$00,$01,$02,$03,$0F	
12	9B88	CopyLighthouseFireSpriteToOam	Direct call from $12:$9AFA	A,X,Y	A,P,X,Y	$0200+Y,$0201+Y,$0202+Y,$0203+Y,$0E	$C78C,$D864
12	9BB3	AdjustLighthouseFireSpritePosition	Direct call from $12:$9B04	A,X,Y	A,P,X	$0200+Y,$0203+Y	$C78C
12	9BFD	BuildPartyNextLevelExperienceTable	Pointer $12:$8044 (50-entry code dispatch table; first target is $8064)		P		
12	9C22	CalculateExperienceNeededForNextLevel	Pointer $12:$801E (50-entry code dispatch table; first target is $8064)		P		
12	9C50	InitializePartyLevelThresholds	Guarded flow recovery: Coherent routine block immediately after RTS $9C4F; 15 instructions, 2 BRK service calls, returns and merges into existing code		P		
12	9C72	ProcessPartyLevelUps	Pointer $12:$8010 (50-entry code dispatch table; first target is $8064)	A	A,P	$6E03	$9D29
12	9CE5	ProcessPartyMemberLevelUp	Guarded flow recovery: Coherent routine block immediately after RTS $9CE4; 25 instructions, 2 BRK service calls, jumps	A	A,P		
12	9D29	BuildCharacterNextLevelExperienceTable	Direct call from $12:$9C67; Direct call from $12:$9C7C; Pointer $12:$8020 (50-entry code dispatch table; first target is $8064)	A,X	A,P,X	$09	$9D41
12	9D41	StoreCharacterNextLevelExperienceThreshold	Direct call from $12:$9C17; Direct call from $12:$9D20; Direct call from $12:$9D38		P		
12	9D6D	RunLevelUpSequence	Direct ROM analysis: Coherent BRK-based battle setup routine after RTS $9D6C with a local call to $9D7A; Direct call from $12:$9D15		P		
12	9D7A	ApplyLevelUpStatAndSpellGains	Direct call from $12:$9D76	A	A,P		$9D83,$9DA6,$9E86,$9F33,$9F4C
12	9D83	PrintLevelUpAnnouncement	Direct call from $12:$9D7A		P		
12	9DA6	ApplyLevelUpStatGains	Direct call from $12:$9D7D	A,X	A,P,X	$0B,$6E3D,$6E3E	$9F7C
12	9E40	PrintLevelUpGainMessage	Direct call from $12:$9D8C; Direct call from $12:$9E2C; Direct call from $12:$9F1A	A,X	A,P,X	$FE,$FF	
12	9E76	CheckNewlyLearnedSpells	Tail jump from $12:$9D80	A	A,P		$9E86,$9F33,$9F4C
12	9E86	ScanCharacterSpellLearningBits	Direct call from $12:$9E82	A,Y	A,P,Y	$6F,$70,$7B,$8A,$8B,$8C,$8D	
12	9EC5	TryLearnSpellAtNewLevel	Direct call from $12:$9EAA; Guarded flow recovery: Coherent routine block immediately after RTS $9EC4; 63 instructions, 1 BRK service calls, returns and merges into existing code	A,Y	A,P,Y	$70,$F9	$C891
12	9F33	LoadCharacterSpellLearningTables	Direct call from $12:$9E7F	A,X	A,P,X	$00,$01,$02,$03	
12	9F4C	CalculateSpellLearningLevelWindow	Direct call from $12:$9E7C	A	A,P	$0B,$6DFF	$9F7C
12	9F7C	CalculateCharacterGrowthValue	Direct call from $12:$9D54; Direct call from $12:$9DBE; Direct call from $12:$9F55	A,X,Y	A,P,X,Y	$00,$00+X,$01,$04,$05,$06,$07,$0B,$0E,$6E3A,$6E3B	$9F82,$9F9C,$A038,$A07D,$A0DF
12	9F82	CalculateCharacterGrowthValueFromDescriptor	Direct call from $12:$9F8D	A,X,Y	A,P,X,Y	$00,$00+X,$04,$05,$06,$07,$0E,$6E3A,$6E3B	$9F9C,$A038,$A07D,$A0DF
12	9F9C	ResolveCharacterGrowthDescriptorPointer	Direct call from $12:$9F82	A,X	A,P,X	$0C,$0D	$A06E
12	A038	DecodeCharacterGrowthDescriptorHeader	Direct call from $12:$9FB9	A,Y	A,P,X,Y	$6E39,$6E3A,$7B	
12	A06E	CalculateCharacterGrowthDescriptorOffset	Direct call from $12:$9FAA	A	A,P,X	$0F	
12	A07D	ScaleCharacterGrowthValue	Direct call from $12:$A024	A,X,Y	A,P,Y	$00+X,$01+X,$02+X,$0F,$8A,$8B,$8C,$8D	
12	A0DF	AddCharacterGrowthValue	Direct call from $12:$A029	A,X,Y	A,P	$0000+Y,$0001+Y,$0002+Y	
12	A304	RunBattleFlyAwayAnimation	Pointer $12:$805C (50-entry code dispatch table; first target is $8064)	A	A,P	$1F	$A475
12	A3A0	AdvanceBattleFlyAwaySpriteOffsets	Direct call from $12:$A329	A,X	A,P,X	$0200+X,$0509,$7600+X,$7601+X	$A3DD,$A410
12	A3DD	AdjustBattleFlyAwayShift	Direct call from $12:$A3A6	A	A,P	$00,$01,$0505,$0509	
12	A410	ComputeBattleFlyAwayStep	Direct call from $12:$A3A0; Direct call from $12:$A42B	A	A,P,X	$00,$01	$C827,$C851
12	A42B	ApplyBattleFlyAwayShiftFrame	Direct call from $12:$A376	A,X	A,P,X	$00,$0200+X,$0505,$0509,$7600+X,$7601+X	$A410
12	A475	SnapshotBattleFlyAwayOam	Direct call from $12:$A30A	A,X	A,P,X	$7600+X,$7601+X	
12	A489	PulseBattleFlyAwayPalette	Direct call from $12:$A346	A,X	A,P,X	$05FC	$C5B9,$C90C
12	A4A5	DispatchCharacterRecordBitOperation	Pointer $12:$8024 (50-entry code dispatch table; first target is $8064)	A,Y	A,P,Y	$00,$01	
12	A4B4	ClearCharacterRecordBits05And06ThenSet07	Direct call from $12:$A4C5; Direct call from $12:$A4DA; Pointer $12:$A541 (Nine-entry setup operation handler table selected by doubled operation index at $A4A5-$A4B1)		P		$A520,$A525,$A52A
12	A4BA	SetCharacterRecordBit07AndFinalize	Tail jump from $12:$A4C9		P		$A525
12	A4C0	WriteConditionalCharacterRecordBitGroup	Direct call from $12:$A4E7; Pointer $12:$A543 (Nine-entry setup operation handler table selected by doubled operation index at $A4A5-$A4B1)		P		$A4B4,$A52F
12	A4C9	TailCallWriteCharacterRecordBitTail	Direct call from $12:$A4F4; Pointer $12:$A545 (Nine-entry setup operation handler table selected by doubled operation index at $A4A5-$A4B1)		P		$A525
12	A4CC	WriteConditionalCharacterRecordBitTail	Direct call from $12:$A501; Pointer $12:$A547 (Nine-entry setup operation handler table selected by doubled operation index at $A4A5-$A4B1)		P		$A52F,$A53A
12	A4D5	RepeatCharacterRecordBitGroup	Pointer $12:$A549 (Nine-entry setup operation handler table selected by doubled operation index at $A4A5-$A4B1)	X,Y	P,X,Y		$A4B4,$A51B
12	A4E2	RepeatConditionalCharacterRecordBitGroup	Pointer $12:$A54B (Nine-entry setup operation handler table selected by doubled operation index at $A4A5-$A4B1)	X,Y	P,X,Y		$A4C0,$A51B
12	A4EF	RepeatCharacterRecordBitTail	Pointer $12:$A54D (Nine-entry setup operation handler table selected by doubled operation index at $A4A5-$A4B1)	X,Y	P,X,Y		$A4C9,$A51B
12	A4FC	RepeatConditionalCharacterRecordBitTail	Pointer $12:$A54F (Nine-entry setup operation handler table selected by doubled operation index at $A4A5-$A4B1)	X,Y	P,X,Y		$A4CC,$A51B
12	A509	RepeatCharacterRecordBitGateAndWrite	Pointer $12:$A551 (Nine-entry setup operation handler table selected by doubled operation index at $A4A5-$A4B1)	X,Y	P,X,Y		$A51B,$A52A,$A52F
12	A51B	LoadActivePartyCount	Direct call from $12:$A4D5; Direct call from $12:$A4E2; Direct call from $12:$A4EF; Direct call from $12:$A4FC; Direct call from $12:$A509		P		
12	A520	ClearCharacterRecordBit06	Direct call from $12:$A4B4		P		
12	A525	SetCharacterRecordBit07	Direct call from $12:$A4BA		P		
12	A52A	ClearCharacterRecordBit05	Direct call from $12:$A4B7; Direct call from $12:$A513		P		
12	A52F	IsCharacterRecordOperationValueOne	Direct call from $12:$A4C0; Direct call from $12:$A4CC; Direct call from $12:$A50E		P		
12	A53A	FinalizeCharacterRecordBitWrite	Direct call from $12:$A4D1; Tail jump from $12:$A4BD		P		
12	A553	RunFieldSpellCommand	Pointer $12:$8016 (50-entry code dispatch table; first target is $8064)		P		
12	A5B2	QueryFieldSpellSelector	Direct call from $12:$A568; Direct call from $12:$A78F; Direct call from $12:$A7D4; Direct call from $12:$A7E6; Direct call from $12:$A807; Direct call from $12:$A8BA; Direct call from $12:$A8D3; Direct call from $12:$A8F1	A	P,X		
12	A5B7	CheckMemberKnowsUsableFieldSpell	Direct call from $12:$A560	A	P,X		
12	A5DA	StoreSelectedFieldSpell	Direct call from $12:$A57E		P,X		
12	A5E4	CheckSelectedFieldSpellRange	Direct call from $12:$A581		A,P		
12	A5FE	StoreSecondaryFieldSpellSelection	Direct call from $12:$A586		A,P		
12	A615	QueryFieldSpellOption	Direct ROM analysis: Dormant TAX / BRK $42,$53 / RTS helper byte-identical to decoded routine $A5B2-$A5B6	A	P,X		
12	A61A	PlayFieldSpellSound	Direct call from $12:$A6A0; Direct call from $12:$A95B		P		
12	A61E	DispatchFieldSpellById	Direct call from $12:$A58B	A,X	A,P,X	$00,$01	$A957
12	A646	HandleMapSpecificFieldSpellRestriction	Pointer $12:$A9ED (Sixteen-entry battle setup event handler table selected through parallel IDs $AA0D-$AA1C and dispatched at $A643)	A,X,Y	A,P,X,Y	$0554+X	$A93B
12	A690	CastFieldSpellOrReportLowCeiling	Pointer $12:$A9EF (Sixteen-entry battle setup event handler table selected through parallel IDs $AA0D-$AA1C and dispatched at $A643)		P		
12	A6E8	CastRepelFieldSpell	Pointer $12:$A9F1 (Sixteen-entry battle setup event handler table selected through parallel IDs $AA0D-$AA1C and dispatched at $A643)	A	A,P	$6E41	$A93B
12	A6F2	CastXRayFieldSpell	Pointer $12:$A9F3 (Sixteen-entry battle setup event handler table selected through parallel IDs $AA0D-$AA1C and dispatched at $A643)		P		$A93B
12	A714	CastStepGuardFieldSpell	Pointer $12:$A9F5 (Sixteen-entry battle setup event handler table selected through parallel IDs $AA0D-$AA1C and dispatched at $A643); Pointer $12:$AA0B (Sixteen-entry battle setup event handler table selected through parallel IDs $AA0D-$AA1C and dispatched at $A643)	A	A,P	$627F	$A93B
12	A721	CheckDayNightSpellBlocked	Direct call from $12:$A75D; Direct call from $12:$B436	A	A,P		
12	A755	CastDayNightFieldSpell	Pointer $12:$A9F7 (Sixteen-entry battle setup event handler table selected through parallel IDs $AA0D-$AA1C and dispatched at $A643)	A	A,P		$A721,$A93B,$A974
12	A773	RunDayNightSpellTransition	Direct call from $12:$B453		P		
12	A783	HandleBlankFieldSpellEntry	Pointer $12:$A9F9 (Sixteen-entry battle setup event handler table selected through parallel IDs $AA0D-$AA1C and dispatched at $A643)		P		$A93B
12	A78C	FieldSpell_RunChoice	Pointer $12:$A9FB (Sixteen-entry battle setup event handler table selected through parallel IDs $AA0D-$AA1C and dispatched at $A643)	A,Y	P,Y		$A5B2,$A93B,$A94A,$A950
12	A79F	RunFieldSpellHealingChoiceScript	Tail jump from $12:$A7E0	A,Y	P,Y		$A950
12	A7D1	FieldSpell_RunChoiceFromScriptOffset2	Pointer $12:$A9FD (Sixteen-entry battle setup event handler table selected through parallel IDs $AA0D-$AA1C and dispatched at $A643)	A,Y	P,Y		$A5B2,$A93B,$A94A,$A950
12	A7E3	FieldSpell_RunChoiceLatch	Pointer $12:$A9FF (Sixteen-entry battle setup event handler table selected through parallel IDs $AA0D-$AA1C and dispatched at $A643)	A	P,X		$A5B2,$A93B
12	A7F9	HealPartyWithFieldSpell	Pointer $12:$AA01 (Sixteen-entry battle setup event handler table selected through parallel IDs $AA0D-$AA1C and dispatched at $A643)		P		$A93B
12	A852	ReportFieldSpellFailureAndReturn	Direct call from $12:$A670		P		
12	A858	CurePartyMemberNumbness	Pointer $12:$AA03 (Sixteen-entry battle setup event handler table selected through parallel IDs $AA0D-$AA1C and dispatched at $A643)		P		$A93B
12	A8B7	CurePartyMemberPoison	Pointer $12:$AA05 (Sixteen-entry battle setup event handler table selected through parallel IDs $AA0D-$AA1C and dispatched at $A643)	A,X	P,X	$F9	$A5B2,$A93B
12	A8D0	TryRevivePartyMemberRandomly	Pointer $12:$AA07 (Sixteen-entry battle setup event handler table selected through parallel IDs $AA0D-$AA1C and dispatched at $A643)	A,X	A,P,X	$F9	$A5B2,$A93B,$C891
12	A8EE	RevivePartyMember	Pointer $12:$AA09 (Sixteen-entry battle setup event handler table selected through parallel IDs $AA0D-$AA1C and dispatched at $A643)	A,X	A,P,X	$F9	$A5B2,$A93B
12	A93B	FieldSpell_LatchOperands	Direct call from $12:$A646; Direct call from $12:$A699; Direct call from $12:$A6E8; Direct call from $12:$A6F2; Direct call from $12:$A714; Direct call from $12:$A755; Direct call from $12:$A783; Direct call from $12:$A78C; Direct call from $12:$A7D1; Direct call from $12:$A7E3; Direct call from $12:$A7F9; Direct call from $12:$A858; Direct call from $12:$A8B7; Direct call from $12:$A8D0; Direct call from $12:$A8EE	A	A,P		
12	A94A	FieldSpell_ClearOperandIndex	Direct call from $12:$A79A; Direct call from $12:$A7DB; Direct call from $12:$A80E		P,X		
12	A950	FieldSpell_ReadByteFromScript	Direct call from $12:$A79F; Direct call from $12:$A7A4; Direct call from $12:$A813; Direct call from $12:$A818		A,P,X		
12	A957	AnnounceFieldSpellCastAndCommitOperands	Direct call from $12:$A625		P		
12	A974	FieldSpell_CheckEligibilityByMap	Direct call from $12:$A6B9; Direct call from $12:$A758; Direct call from $12:$AFBA; Direct call from $12:$B431	A	P		
12	AA1D	AdventureLog_InitializeDisplayState	Pointer $12:$801A (50-entry code dispatch table; first target is $8064)	A	A,P	$6BDE	$AA41,$AA5B,$C54E,$C58F,$C5BF
12	AA41	AdventureLog_RefreshPrimaryMirrors	Direct call from $12:$AA2B	A,X,Y	A,P,X,Y	($00),Y,$6BD9+X,$8A	$AC01,$AC73,$AC8C,$AD03,$AD15,$AD3F
12	AA5B	AdventureLog_BuildThreeSlotList	Direct call from $12:$AA2E; Direct call from $12:$ABE5; Direct call from $12:$ABFD	A	A,P	$6BDB,$8A	$AA7F,$AA85,$ACBD
12	AA7F	AdventureLog_StoreSlotByte	Direct call from $12:$AA66; Direct call from $12:$AA71	A,X	P,X	$6BEC+X	
12	AA85	EraseAdventureLog	Direct call from $12:$AA77		P		$AC05
12	AAB7	AdventureLog_DispatchOperationByIndex	Direct call from $12:$AA38	A,X	A,P,X	$00,$01	
12	AAD4	AdventureLog_CommitBlockAndRestoreDisplay	Pointer $12:$AACA (Five-entry battle setup handler table selected by values below five and dispatched at $AAB7-$AAC7)		P		$AAF0,$AC22
12	AAF0	AdventureLog_LoadSlotIndex	Direct call from $12:$AAD4; Direct call from $12:$AB10; Direct call from $12:$ABC1; Direct call from $12:$ABE9		P		
12	AAF9	AdventureLog_LoadSlotIndexPreservingPointer	Direct call from $12:$AB36; Direct call from $12:$ABC9	A	A,P		
12	AB10	AdventureLog_WriteIndexedByte	Pointer $12:$AACC (Five-entry battle setup handler table selected by values below five and dispatched at $AAB7-$AAC7)	A	P,X		$AAF0
12	AB1E	AdventureLog_StoreIndexedByteAndTail	Direct call from $12:$AB91	A,Y	A,P,X,Y	($00),Y	$ACDF,$AD15,$C81D
12	AB36	AdventureLog_CloneBlockAndMarkSlots	Pointer $12:$AACE (Five-entry battle setup handler table selected by values below five and dispatched at $AAB7-$AAC7)	A,Y	A,P,Y	($00),Y	$AAF9,$AD03,$AD15,$AD3F
12	ABC1	AdventureLog_CopyBlockBetweenPointers	Pointer $12:$AAD0 (Five-entry battle setup handler table selected by values below five and dispatched at $AAB7-$AAC7)	A,Y	A,P,Y	($04),Y,$04,$05	$AA5B,$AAF0,$AAF9,$AD03,$AD15,$AD1A,$AD3F
12	ABE9	AdventureLog_UpdateBlockConditionally	Pointer $12:$AAD2 (Five-entry battle setup handler table selected by values below five and dispatched at $AAB7-$AAC7)		P,X		$AAF0
12	AC01	AdventureLog_StoreSlotFlag10	Direct call from $12:$AA4D; Direct call from $12:$AA52	A,X,Y	A,P,X,Y	($00),Y,$6BD9+X	$AD03,$AD15,$AD3F
12	AC05	AdventureLog_StoreSlotFlag40	Direct call from $12:$AA85	A,X,Y	A,P,X,Y	($00),Y,$6BD9+X	$AD03,$AD15,$AD3F
12	AC09	AdventureLog_StoreSlotFlag20	Direct call from $12:$ABFA	A,X,Y	A,P,X,Y	($00),Y,$6BD9+X	$AD03,$AD15,$AD3F
12	AC22	AdventureLog_CopyPayloadToWorkBuffer	Direct call from $12:$AAD9; Direct call from $12:$AB9C	A,Y	A,P,X,Y	($04),Y,$04,$05,$6BDC	$AD03,$AD15,$AD34,$C813
12	AC39	AdventureLog_CopyPayloadChunk	Direct call from $12:$AC6C	A,Y	A,P,Y	($04),Y,$04,$05,$6BDC	$AD03,$AD34
12	AC53	AdventureLog_RestoreSaveSlotIndexAndCopyPayload	Direct call from $12:$ABB8; Pointer $12:$801C (50-entry code dispatch table; first target is $8064)	A	A,P,X	$00,$01,$8A	$AC39,$ACDF,$AD1A,$C813
12	AC73	AdventureLog_CheckHeaderMirror	Direct call from $12:$AA41	A,X	A,P,X		$AC8C
12	AC8C	AdventureLog_CopyHeaderMirror	Direct call from $12:$AA46; Direct call from $12:$AC85	A,X	A,P,X	$6BBF+X,$6BCC+X	
12	AC9B	AdventureLog_BuildWorkspacePointerFromIndex	Direct call from $12:$ACC2; Direct call from $12:$ACDF	A,Y	A,P,X,Y	$12,$13,$16	$AD03,$AD15,$AD34,$C813,$C8AD
12	ACBD	AdventureLog_ClassifyHeaderLengthMatch	Direct call from $12:$AA69	A,Y	A,P,Y		$AC9B,$ACF1,$AD15
12	ACDF	AdventureLog_WriteHeaderLengthPair	Direct call from $12:$AB32; Direct call from $12:$AB94; Direct call from $12:$AC6F	A,Y	A,P,Y	($00),Y	$AC9B,$AD15
12	ACF1	AdventureLog_CheckBodySentinel	Direct call from $12:$ACBD	A,Y	A,P,Y		$AD15
12	AD03	AdventureLog_AdvancePointer	Direct call from $12:$AB46; Direct call from $12:$ABE0; Direct call from $12:$AC1C; Direct call from $12:$AC48; Direct call from $12:$ACB7	A	A,P,X	$00,$01	$C7FB
12	AD15	AdventureLog_LoadBasePointer	Direct call from $12:$AB1F; Direct call from $12:$AB3E; Direct call from $12:$AB4F; Direct call from $12:$AB74; Direct call from $12:$ABC6; Direct call from $12:$AC10; Direct call from $12:$AC22; Direct call from $12:$AC9B; Direct call from $12:$ACC5; Direct call from $12:$ACE2; Direct call from $12:$ACF1	A,X	A,P,X,Y	$00+X,$01+X	$C827
12	AD1A	AdventureLog_LoadIndexedBasePointer	Direct call from $12:$ABCE; Direct call from $12:$AC58	A,X	A,P,X,Y	$00+X,$01+X	$C827
12	AD1C	AdventureLog_ComputeIndexedRecordPointer	Tail jump from $12:$AD17	A,X	A,P,Y	$00+X,$01+X	$C827
12	AD34	AdventureLog_LoadAuxiliaryRecordPointer	Direct call from $12:$AC2F; Direct call from $12:$AC39; Direct call from $12:$ACA5	A	A,P	$02,$03	
12	AD3F	AdventureLog_LoadPrimaryRecordPointer	Direct call from $12:$AB3B; Direct call from $12:$ABD1; Direct call from $12:$AC13	A	A,P	$02,$03	
12	AD4A	AdventureLog_ClearWorkBuffer	Direct call from $12:$AA3B	A,X	A,P,X	$0480+X,$04F2,$04F3,$8B	
12	AD8C	ApplyChapterPartyFlagsAndGoldPenalty	Pointer $12:$8022 (50-entry code dispatch table; first target is $8064)	A,X	A,P,X	$00	
12	AE05	LoadPartyCharacterIdForOrdinalLookup	Pointer $12:$8014 (50-entry code dispatch table; first target is $8064)	A	P	$00	
12	AE0D	FindPartyOrdinalByCharacterIdPreservingIndex	Pointer $12:$804C (50-entry code dispatch table; first target is $8064)	A	P	$00	
12	AE0F	FindPartyOrdinalByCharacterId	Direct call from $12:$AD9A; Direct call from $12:$ADE3		P		
12	AE23	ReturnPartyCharacterNotFound	Direct call from $12:$ADA6	X	A,P,X	$6E	
12	AF04	ItemUse_LoadSelectionRowState	Direct call from $12:$AE8B	A	A,P	$6F	$B526
12	AF0F	ItemUse_DispatchHandlerById	Direct call from $12:$AE86	A,X	A,P,X	$00,$01,$6DF9	
12	AF30	ItemUse_RunSelectionConfirmationLoop	Pointer $12:$B6A8 (33-entry map-transition handler table selected through the parallel terminated ID list at $B6BC and dispatched at $AF0F-$AF2D)		A,P		$AF5A,$B533,$B569,$B56D,$B571,$B5EF,$C8E1
12	AF36	ItemUse_RunSelectionConfirmationLoopFromReload	Pointer $12:$B67A (33-entry map-transition handler table selected through the parallel terminated ID list at $B6BC and dispatched at $AF0F-$AF2D)		A,P		$AF5A,$B533,$B569,$B56D,$B571,$B5EF,$C8E1
12	AF39	ItemUse_RunSelectionConfirmation	Tail jump from $12:$AF33		A,P		$AF5A,$B533,$B569,$B56D,$B5EF,$C8E1
12	AF55	ItemUse_WaitForSelectionConfirmation	Tail jump from $12:$AF9D; Tail jump from $12:$B104; Tail jump from $12:$B147; Tail jump from $12:$B1FE		P		$C8E1
12	AF5A	ItemUse_SeedSelectionPromptOperands	Direct call from $12:$AF43; Direct call from $12:$AF7D	A	A,P	$6F,$70	$B521,$B52C
12	AF73	ItemUse_ProjectCurrentValueIntoPrompt	Pointer $12:$8052 (50-entry code dispatch table; first target is $8064)	A,X	A,P,X	$6279,$627A,$6F	$AF5A
12	AF89	ItemUse_RunSelectionRefreshFlow	Pointer $12:$B67C (33-entry map-transition handler table selected through the parallel terminated ID list at $B6BC and dispatched at $AF0F-$AF2D)	A	A,P	$6F	$B52C,$B569,$B56D,$B571,$B5EF,$C8E1
12	AFA0	ItemUse_HandleSelectionConfirmResult	Pointer $12:$B67E (33-entry map-transition handler table selected through the parallel terminated ID list at $B6BC and dispatched at $AF0F-$AF2D)		P,X		
12	AFCB	ItemUse_WaitForSelectionInputAndCancel	Tail jump from $12:$B0CA; Tail jump from $12:$B26D; Tail jump from $12:$B32B; Tail jump from $12:$B365; Tail jump from $12:$B3B8		P		$C8E1
12	AFF9	ItemUse_StartPrimaryChoicePrompt	Pointer $12:$B680 (33-entry map-transition handler table selected through the parallel terminated ID list at $B6BC and dispatched at $AF0F-$AF2D)	A	A,P	$FD	$B021,$B52C,$B56D,$B571,$B5EF,$C8E1
12	AFFD	ItemUse_StartAlternateChoicePrompt	Pointer $12:$B682 (33-entry map-transition handler table selected through the parallel terminated ID list at $B6BC and dispatched at $AF0F-$AF2D)	A	A,P	$FD	$B021,$B52C,$B56D,$B571,$B5EF,$C8E1
12	B001	ItemUse_RunDefaultChoicePrompt	Pointer $12:$B684 (33-entry map-transition handler table selected through the parallel terminated ID list at $B6BC and dispatched at $AF0F-$AF2D)	A	A,P	$FD	$B021,$B52C,$B56D,$B571,$B5EF,$C8E1
12	B021	ItemUse_InitializeChoicePrompt	Direct call from $12:$B007	A	A,P	$6F,$70,$FE,$FF	$B521
12	B033	ItemUse_RunBasicChoice	Pointer $12:$B686 (33-entry map-transition handler table selected through the parallel terminated ID list at $B6BC and dispatched at $AF0F-$AF2D)	A	A,P	$6F,$70,$FD,$FE,$FF	$B521,$B52C,$B56D,$B571,$B5EF,$C8E1
12	B061	ItemUse_RunExtendedChoice	Pointer $12:$B688 (33-entry map-transition handler table selected through the parallel terminated ID list at $B6BC and dispatched at $AF0F-$AF2D)	A	A,P	$6F,$FD,$FE,$FF	$B521,$B52C,$B56D,$B571,$B5EF,$C8E1
12	B074	ItemUse_RunChoiceWithSuccessEffect	Pointer $12:$B68A (33-entry map-transition handler table selected through the parallel terminated ID list at $B6BC and dispatched at $AF0F-$AF2D)	A	A,P	$6F	$B52C,$B56D,$B571,$B5EF
12	B094	ItemUse_RunChoiceWithPostcheck	Pointer $12:$B68C (33-entry map-transition handler table selected through the parallel terminated ID list at $B6BC and dispatched at $AF0F-$AF2D)	A	A,P	$6F,$70,$FD,$FE,$FF	$B521,$B52C,$B569,$B56D,$B571,$C8E1
12	B0CD	ItemUse_RunChoiceWithPrimaryGate	Pointer $12:$B68E (33-entry map-transition handler table selected through the parallel terminated ID list at $B6BC and dispatched at $AF0F-$AF2D)	A	A,P,X	$6F,$70,$FD,$FE,$FF	$B521,$B52C,$B533,$B565,$B569,$B56D,$B571,$B5EF,$C8E1
12	B107	ItemUse_RunNestedChoice	Pointer $12:$B690 (33-entry map-transition handler table selected through the parallel terminated ID list at $B6BC and dispatched at $AF0F-$AF2D)	A	A,P	$6F	$B52C,$B569,$B56D,$B571,$B5EF,$C8E1
12	B14A	ItemUse_ClearTransitionFlag0539	Pointer $12:$B692 (33-entry map-transition handler table selected through the parallel terminated ID list at $B6BC and dispatched at $AF0F-$AF2D)	A	A,P	$0539	$B56D,$B571,$B5EF
12	B17B	ItemUse_CountSelectionIterationsInto6E	Pointer $12:$B694 (33-entry map-transition handler table selected through the parallel terminated ID list at $B6BC and dispatched at $AF0F-$AF2D)		P		$B571,$B5EF
12	B19B	HandleKeeleonItemUseTrigger	Pointer $12:$B6A4 (33-entry map-transition handler table selected through the parallel terminated ID list at $B6BC and dispatched at $AF0F-$AF2D)		P		$B571
12	B1F6	ItemUse_ForceState7F	Pointer $12:$B6A6 (33-entry map-transition handler table selected through the parallel terminated ID list at $B6BC and dispatched at $AF0F-$AF2D)	A	A,P	$6E41	$B571,$C8E1
12	B201	RestoreKingOfSanteemVoice	Pointer $12:$B696 (33-entry map-transition handler table selected through the parallel terminated ID list at $B6BC and dispatched at $AF0F-$AF2D)	A	A,P	$6283	$B569,$B56D,$B571,$B5EF,$C8E1
12	B270	ItemUse_MirrorSelectionPairAndValidate	Pointer $12:$B6B6 (33-entry map-transition handler table selected through the parallel terminated ID list at $B6BC and dispatched at $AF0F-$AF2D); Pointer $12:$B6B8 (33-entry map-transition handler table selected through the parallel terminated ID list at $B6BC and dispatched at $AF0F-$AF2D); Pointer $12:$B6BA (33-entry map-transition handler table selected through the parallel terminated ID list at $B6BC and dispatched at $AF0F-$AF2D)		P		
12	B29F	ItemUse_NotifyState41AndReturnClear	Pointer $12:$B6A2 (33-entry map-transition handler table selected through the parallel terminated ID list at $B6BC and dispatched at $AF0F-$AF2D)		P		$B571,$B5EF
12	B2AA	HandleMintosItemUseStateSwap	Pointer $12:$B69E (33-entry map-transition handler table selected through the parallel terminated ID list at $B6BC and dispatched at $AF0F-$AF2D)	A	A,P,X	$F9	
12	B2FF	HandleBonmalmoItemUseProgress	Pointer $12:$B698 (33-entry map-transition handler table selected through the parallel terminated ID list at $B6BC and dispatched at $AF0F-$AF2D)	A	A,P	$6283	$B569,$B56D,$B571,$C8E1
12	B32E	HandleEndorItemUseStateUpdate	Pointer $12:$B69A (33-entry map-transition handler table selected through the parallel terminated ID list at $B6BC and dispatched at $AF0F-$AF2D)	A	A,P,X		$B569,$B56D,$B571,$C8E1
12	B368	UseFireOfSerenityOnEvilFireAtLighthouse	Pointer $12:$B69C (33-entry map-transition handler table selected through the parallel terminated ID list at $B6BC and dispatched at $AF0F-$AF2D)	A	A,P		$B569,$B56D,$B5EF,$C8E1
12	B3BB	RevealRosavilleStairs	Pointer $12:$B6A0 (33-entry map-transition handler table selected through the parallel terminated ID list at $B6BC and dispatched at $AF0F-$AF2D)	A	A,P,X,Y		$B40E,$B571,$C8E1
12	B40E	UseFluteOfUncovering	Direct call from $12:$B3EA; Direct call from $12:$B3FC; Direct call from $12:$B405		P		
12	B42B	ItemUse_RunEligibilityGate	Pointer $12:$B6AA (33-entry map-transition handler table selected through the parallel terminated ID list at $B6BC and dispatched at $AF0F-$AF2D)	A	A,P		$A721,$A773,$A974,$B571,$B5EF
12	B464	HandleWorldItemUseTriggerC22F	Pointer $12:$B6AC (33-entry map-transition handler table selected through the parallel terminated ID list at $B6BC and dispatched at $AF0F-$AF2D)	A	A,P		$B56D,$B571,$B5EF,$C8E1
12	B494	HandleCascadeCaveItemUseTrigger	Pointer $12:$B6AE (33-entry map-transition handler table selected through the parallel terminated ID list at $B6BC and dispatched at $AF0F-$AF2D)	A,X,Y	A,P,X,Y		$B56D,$B571,$C8E1
12	B4C1	HandleIronSafeCaveItemUseGate	Pointer $12:$B6B4 (33-entry map-transition handler table selected through the parallel terminated ID list at $B6BC and dispatched at $AF0F-$AF2D)	A	A,P		$B571,$B5EF
12	B4DC	ReleaseStrangeSmellItemEffect	Pointer $12:$B6B0 (33-entry map-transition handler table selected through the parallel terminated ID list at $B6BC and dispatched at $AF0F-$AF2D)		P		$B571,$B5EF
12	B4ED	ItemUse_RunIntroOverlayOrMode1Fallback	Pointer $12:$B6B2 (33-entry map-transition handler table selected through the parallel terminated ID list at $B6BC and dispatched at $AF0F-$AF2D)	A	A,P		$B56D,$B571,$B5EF,$C8E1
12	B521	ItemUse_ReadChoiceValue	Direct call from $12:$AF5C; Direct call from $12:$B023; Direct call from $12:$B03B; Direct call from $12:$B069; Direct call from $12:$B099; Direct call from $12:$B0BC; Direct call from $12:$B0DC		P		
12	B526	ItemUse_ReadPrimarySelectionIndex	Direct call from $12:$AE45; Direct call from $12:$AEC4; Direct call from $12:$AECD; Direct call from $12:$AF0B; Direct call from $12:$B5C8; Direct call from $12:$B5D5		P,X		
12	B52C	ItemUse_ReadSecondarySelectionIndex	Direct call from $12:$AF69; Direct call from $12:$AF95; Direct call from $12:$B00E; Direct call from $12:$B048; Direct call from $12:$B080; Direct call from $12:$B0AA; Direct call from $12:$B0ED; Direct call from $12:$B113; Direct call from $12:$B11A; Direct call from $12:$B536		P,X		
12	B52F	ItemUse_ReadSelectionIndexValue	Tail jump from $12:$B529		P		
12	B533	ItemUse_CheckPrimarySelectionAgainstCurrentValue	Direct call from $12:$AF3E; Direct call from $12:$B0D5	A	A,P		$B52C
12	B540	ItemUse_QuerySecondaryChoice	Guarded flow recovery: Coherent routine block immediately after RTS $B53F; 3 instructions, 1 BRK service calls, returns		P,X		
12	B547	ItemUse_CopyPrimarySelectionToSecondaryIfAllowed	Direct call from $12:$AE5A		P		
12	B55C	ItemUse_CheckSecondarySelectionBelowEight	Guarded flow recovery: Coherent routine block immediately after RTS $B55B; 4 instructions, 1 BRK service calls, returns		P,X		
12	B565	PrintItemUseMessage3	Direct call from $12:$B0C4; Direct call from $12:$B101	A,X,Y	A,P,X,Y	$6DFA,$6DFB,$6F,$F9,$FA	$B526
12	B569	PrintItemUseMessage2	Direct call from $12:$AF6D; Direct call from $12:$B0B7; Direct call from $12:$B0FB; Direct call from $12:$B144; Direct call from $12:$B175; Direct call from $12:$B229; Direct call from $12:$B328; Direct call from $12:$B362; Direct call from $12:$B3B5	A,X,Y	A,P,X,Y	$6DFA,$6DFB,$6F,$F9,$FA	$B526
12	B56D	PrintItemUseMessage1	Direct call from $12:$AF46; Direct call from $12:$AF9A; Direct call from $12:$AFC8; Direct call from $12:$B015; Direct call from $12:$B055; Direct call from $12:$B085; Direct call from $12:$B0B1; Direct call from $12:$B0F5; Direct call from $12:$B11D; Direct call from $12:$B155; Direct call from $12:$B195; Direct call from $12:$B26A; Direct call from $12:$B31A; Direct call from $12:$B349; Direct call from $12:$B3AF; Direct call from $12:$B488; Direct call from $12:$B512	A,X,Y	A,P,X,Y	$6DFA,$6DFB,$6F,$F9,$FA	$B526
12	B571	PrintItemUseMessage0	Direct call from $12:$AF30; Direct call from $12:$AF36; Direct call from $12:$AF89; Direct call from $12:$AFB1; Direct call from $12:$B004; Direct call from $12:$B033; Direct call from $12:$B061; Direct call from $12:$B074; Direct call from $12:$B094; Direct call from $12:$B0CD; Direct call from $12:$B107; Direct call from $12:$B14A; Direct call from $12:$B17B; Direct call from $12:$B19B; Direct call from $12:$B1FB; Direct call from $12:$B264; Direct call from $12:$B29F; Direct call from $12:$B2CA; Direct call from $12:$B2FF; Direct call from $12:$B32E; Direct call from $12:$B398; Direct call from $12:$B3FF; Direct call from $12:$B42B; Direct call from $12:$B464; Direct call from $12:$B494; Direct call from $12:$B4C1; Direct call from $12:$B4DC; Direct call from $12:$B4ED	A,X,Y	A,P,X,Y	$6DFA,$6DFB,$6F,$F9,$FA	$B526
12	B5EF	ItemUse_WaitTwentyFrames	Direct call from $12:$A6B5; Direct call from $12:$A970; Direct call from $12:$AEAF; Direct call from $12:$AEF8; Direct call from $12:$AF39; Direct call from $12:$AF8C; Direct call from $12:$B00A; Direct call from $12:$B036; Direct call from $12:$B064; Direct call from $12:$B077; Direct call from $12:$B0D0; Direct call from $12:$B10A; Direct call from $12:$B14D; Direct call from $12:$B158; Direct call from $12:$B17E; Direct call from $12:$B23A; Direct call from $12:$B25B; Direct call from $12:$B267; Direct call from $12:$B28F; Direct call from $12:$B2A2; Direct call from $12:$B2CD; Direct call from $12:$B3B2; Direct call from $12:$B41E; Direct call from $12:$B42E; Direct call from $12:$B467; Direct call from $12:$B4CE; Direct call from $12:$B4DF; Direct call from $12:$B4F0; Direct call from $12:$B518		P,X		
12	B6DE	MapTransition_ApplyExitRules	Pointer $12:$8058 (50-entry code dispatch table; first target is $8064)	A,X,Y	A,P,X,Y	$00,$01,$04,$05,$06,$07BA,$29,$42,$43,$44,$45,$6191,$6192,$62AA,$63,$64,$65,$6E05	$B856
12	B7BC	MapTransition_ApplySubmapRecord	Tail jump from $12:$B73F	A,Y	A,P,Y	$00,$01,$04,$05,$06,$42,$43,$44,$45,$6191,$6192,$64	$B856
12	B856	MapTransition_CheckPlayerWithinBounds	Direct call from $12:$B81C	A	A,P		
12	B8EE	MapTransition_HandleSpecialSubmapOne	Tail jump from $12:$B71B	A,Y	A,P,Y	$00,$01,$04,$05,$06,$42,$43,$44,$45,$6191,$6192,$62AA,$64	$B856
12	BA3E	TextInput_StoreBuffer	Pointer $12:$803A (50-entry code dispatch table; first target is $8064)	A,Y	A,P,Y	($00),Y,($02),Y,$00,$01,$02,$03	
12	BA94	TextInput_QueueListTiles	Pointer $12:$8040 (50-entry code dispatch table; first target is $8064)	A,X,Y	A,P,X,Y	$00,$01	$C65A
12	BB06	TextInput_InitializeCursorFromIndex	Pointer $12:$8042 (50-entry code dispatch table; first target is $8064)	A,X,Y	A,P,X,Y	$03CF,$03D1,$03DA,$07B4,$F8	$BB62
12	BB62	TextInput_ComputeCursorFromIndex	Direct call from $12:$BB3F	A,X,Y	A,P,X,Y	$03CF,$03D1,$03DA	
12	BBD4	SaveSlot_ReadSelectedFieldByte	Pointer $12:$804A (50-entry code dispatch table; first target is $8064)	A,X,Y	A,P,X,Y	$00,$01,$02,$03,$05	$C81D,$C827
12	BC3C	TextInput_PollButtonsWithAutoRepeat	Pointer $12:$804E (50-entry code dispatch table; first target is $8064)	A,Y	A,P,Y	$03CC,$03DA,$07B4	$BCC4,$BCDB,$BCEF,$C8EC,$FF74
12	BCC4	TextInput_SetButtonIndexFromMask	Direct call from $12:$BCB3; Pointer $12:$8050 (50-entry code dispatch table; first target is $8064)	A,Y	A,P,Y	$03CC	$BCDB
12	BCDB	TextInput_SeedAutoRepeatDeadline	Direct call from $12:$BC97; Direct call from $12:$BCD6; Direct call from $12:$BD12	A,X	A,P,X	$03CD	
12	BCEF	TextInput_UpdateAutoRepeatState	Direct call from $12:$BC87; Direct call from $12:$BCAB	A	A,P	$03CC,$03E2	$BCDB
12	BD1F	TextInput_ParseCountedScriptToken	Pointer $12:$8030 (50-entry code dispatch table; first target is $8064)	A,X,Y	A,P,X,Y	$02,$03,$04,$05,$06,$07	
13	8038	Bank13_BattleAiServices	Pointer $13:$8000 (28-entry code dispatch table; first target is $8038)		P		$804A,$805B,$8088,$80A1,$9212
13	804A	LoadBattleSetupMasks	Direct call from $13:$8040		P		$8051,$845A
13	8051	ReadBattleSlotMask	Direct call from $13:$804A		P,X		
13	805B	DispatchBattleStateHandler	Direct call from $13:$8046	A,X	A,P,X	$00,$01,$7300+X,$7324+X	$A8D5,$A8E1,$A906,$A92E
13	8074	EmptyBattleStateHandler	Pointer $13:$8078 (Eight-entry battle-state handler table selected by doubled state $75E8 at $8062-$8071)		P		
13	8088	SelectBattleIntroState	Direct call from $13:$8038	A	A,P	$6E80	
13	80A1	ResolveInitialBattleState	Direct call from $13:$803B	A,X	A,P,X		
13	8176	ShiftIndexedWordLeftBy4	Direct call from $13:$97C2; Direct call from $13:$97E9; Direct call from $13:$996D; Direct call from $13:$9B9B; Direct call from $13:$A06C; Direct call from $13:$A096; Direct call from $13:$A159; Direct call from $13:$A2D0; Direct call from $13:$AA7D; Direct call from $13:$ACC7; Tail jump from $13:$97A0	A,X	A,P	$00+X,$01+X	
13	8187	ShiftIndexedWordRightBy4	Direct call from $13:$9189; Direct call from $13:$AEFB; Tail jump from $13:$AC39; Tail jump from $13:$AC60	A,X	A,P	$00+X,$01+X	
13	8198	ScalePointerWordByNibble	Direct call from $13:$8C88; Direct call from $13:$8DAA; Direct call from $13:$8DBE; Direct call from $13:$8DFE; Direct call from $13:$8E35; Direct call from $13:$8E91; Direct call from $13:$8F09; Direct call from $13:$AD43; Direct call from $13:$B164; Direct call from $13:$B16F; Direct call from $13:$B1B2; Direct call from $13:$B245; Direct call from $13:$B251; Direct call from $13:$B25C; Direct call from $13:$B26A; Direct call from $13:$B29D; Direct call from $13:$B41B; Direct call from $13:$B45B; Tail jump from $13:$B192; Tail jump from $13:$B226	A,X	A,P,X	$00+X,$01+X,$19	$8330
13	819A	ScalePointerWordByNibbleBody	Direct call from $13:$8E1E; Direct call from $13:$8FE9; Direct call from $13:$9A74; Direct call from $13:$ACDD; Direct call from $13:$ACEA; Direct call from $13:$ADFA; Tail jump from $13:$9808; Tail jump from $13:$9D99	A,X	A,P	$00+X,$01+X,$19	$8330
13	81A5	ShiftScaledPointerWordRightBy4	Direct call from $13:$A525	A,X	A,P	$00+X,$01+X,$19	
13	81C5	ScaleBattlePointerWordBySmallPowerOfTwo	Direct call from $13:$8C63; Direct call from $13:$8C6C	A	A,P	$94,$95	$8231
13	81E0	DivideBattlePointerWordBySmallPowerOfTwo	Direct call from $13:$8C83; Direct call from $13:$8C9F; Direct call from $13:$8E4E; Direct call from $13:$B1BF; Direct call from $13:$B1CC; Direct call from $13:$B1D9; Direct call from $13:$B265; Direct call from $13:$B273; Direct call from $13:$B42A; Direct call from $13:$B433; Direct call from $13:$B43C; Direct call from $13:$B445; Tail jump from $13:$B1B5; Tail jump from $13:$B41E	A	A,P	$94,$95	$8231
13	81FB	ScaleIndexedBattleWordBySmallPowerOfTwo	Guarded flow recovery: Coherent routine block immediately after RTS $81FA; 13 instructions, returns and jumps and merges into existing code	A,X	A,P	$00+X,$01+X	$8233
13	8216	DivideIndexedBattleWordBySmallPowerOfTwo	Direct call from $13:$8E21; Direct call from $13:$9C1A	A,X	A,P	$00+X,$01+X	$8233
13	8231	LoadBattlePointerBase	Direct call from $13:$81C5; Direct call from $13:$81E0		A,P,X		
13	8233	LoadBattleSelectionByte	Direct call from $13:$81FB; Direct call from $13:$8216		A,P		
13	8236	LoadScaledBattleRecordOffset	Direct call from $13:$824B; Direct call from $13:$8260; Direct call from $13:$8275; Direct call from $13:$828A; Direct call from $13:$829F; Direct call from $13:$82B4; Direct call from $13:$82C9; Direct call from $13:$82DE; Direct call from $13:$82F3; Direct call from $13:$8308; Direct call from $13:$B39F; Direct call from $13:$B3BD	A	A,P,X	$94,$95	$8330
13	824B	AddScaledOffsetToBattleAiScoreA	Tail jump from $13:$8C5D; Tail jump from $13:$8C66; Tail jump from $13:$8C8B	A	A,P	$75AD,$75AE	$8236
13	8260	AddScaledOffsetToBattleAiScoreB	Tail jump from $13:$8C6F; Tail jump from $13:$8CA2	A	A,P	$75AF,$75B0	$8236
13	8275	AddScaledOffsetToBattleAiScoreE	Direct call from $13:$B17B; Direct call from $13:$B19B; Direct call from $13:$B1C2; Tail jump from $13:$B172	A	A,P	$75B5,$75B6	$8236
13	828A	AddScaledOffsetToBattleAiScoreF	Direct call from $13:$B1F4; Direct call from $13:$B20F; Direct call from $13:$B22C; Direct call from $13:$B26D; Direct call from $13:$B283; Direct call from $13:$B404; Direct call from $13:$B42D	A	A,P	$75B7,$75B8	$8236
13	829F	AddScaledOffsetToBattleAiScoreG	Tail jump from $13:$B18D; Tail jump from $13:$B1AD; Tail jump from $13:$B1DC	A	A,P	$75B9,$75BA	$8236
13	82B4	AddScaledOffsetToBattleAiScoreH	Tail jump from $13:$B206; Tail jump from $13:$B221; Tail jump from $13:$B238; Tail jump from $13:$B27A; Tail jump from $13:$B295; Tail jump from $13:$B416; Tail jump from $13:$B43F	A	A,P	$75BB,$75BC	$8236
13	82C9	AddScaledOffsetToBattleAiScoreC	Direct call from $13:$B184; Direct call from $13:$B1A4; Direct call from $13:$B1CF; Tail jump from $13:$B167; Tail jump from $13:$B254; Tail jump from $13:$B25F; Tail jump from $13:$B2A8	A	A,P	$75B1,$75B2	$8236
13	82DE	AddScaledOffsetToBattleAiScoreD	Direct call from $13:$B1FD; Direct call from $13:$B218; Direct call from $13:$B232; Direct call from $13:$B28C; Direct call from $13:$B40D; Direct call from $13:$B436; Tail jump from $13:$B2A0	A	A,P	$75B3,$75B4	$8236
13	82F3	AddScaledOffsetToBattleAiScoreI	Tail jump from $13:$B448; Tail jump from $13:$B45E	A	A,P	$75BD,$75BE	$8236
13	8308	AddScaledOffsetToBattleAiScoreJ	Guarded flow recovery: Coherent routine block immediately after RTS $8307; 9 instructions, returns and merges into existing code	A	A,P	$75BF,$75C0	$8236
13	831D	CopyIndexedRecordPair	Direct call from $13:$8E03; Direct call from $13:$8E3A; Direct call from $13:$8E57	A,Y	A,P,Y	($88),Y,$0A	
13	8330	MultiplyIndexedWordByA	Direct call from $13:$81A2; Direct call from $13:$823F; Direct call from $13:$8FFF; Direct call from $13:$9A7C; Direct call from $13:$A51D; Direct call from $13:$AADF; Direct call from $13:$AC2E; Direct call from $13:$AC55; Direct call from $13:$AE8F; Direct call from $13:$AEF8	A,X	A,P	$00+X,$01+X,$16,$17,$18,$19,$1A	
13	8366	MultiplyIndexedLongByA	Direct call from $13:$AAAC; Direct call from $13:$AB3C; Pointer $13:$8020 (28-entry code dispatch table; first target is $8038)	A,X	A,P	$00+X,$01+X,$02+X,$16,$17,$18,$19,$1A,$1B	
13	83AA	DivideIndexedWordByWord	Direct call from $13:$9781; Direct call from $13:$97EC; Direct call from $13:$9972; Direct call from $13:$9B9E; Direct call from $13:$A06F; Direct call from $13:$A099; Direct call from $13:$A15C; Direct call from $13:$A2D3; Direct call from $13:$A351; Direct call from $13:$AB29; Direct call from $13:$ACCA	A,X,Y	A,P,Y	$00+X,$01+X,$6E11,$6E12,$6E14,$6E15,$6E16	
13	83F4	DivideIndexedLongByWord	Direct call from $13:$9240; Direct call from $13:$AB7C; Direct call from $13:$B118; Pointer $13:$8024 (28-entry code dispatch table; first target is $8038)	A,X,Y	A,P,Y	$00+X,$01+X,$02+X,$6E11,$6E12,$6E13,$6E14,$6E15,$6E16	
13	83F6	DivideIndexedLongByWordWithHighByte	Tail jump from $13:$8457	A,X,Y	A,P,Y	$00+X,$01+X,$02+X,$6E11,$6E12,$6E13,$6E14,$6E15,$6E16	
13	8454	DivideIndexedLongByWordAtOffset2	Direct call from $13:$AAA3	A,X,Y	A,P,Y	$00+X,$01+X,$02+X,$6E11,$6E12,$6E13,$6E14,$6E15,$6E16	
13	845A	InitializeBattleAiState	Direct call from $13:$804D		P		
13	8488	ClearBattleRecordBuffers	Direct call from $13:$845D	A,X	A,P,X	$7600+X,$763A+X,$7674+X,$76AE+X,$76E8+X,$7722+X,$775C+X,$7796+X	
13	84A8	SelectBattleActions	Direct call from $13:$847A		P,X		$850C
13	84E9	DispatchBattleActionHandler	Direct call from $13:$84D8	A,Y	A,P,X,Y	$00,$01,$02,$03	$C813
13	850C	ClearBattleActionVectors	Direct call from $13:$84A8	A,X	A,P,X	$75A3+X	
13	8517	InitializeBattleActionBitfields	Direct call from $13:$8473	A,X	A,P,X	$00,$7579+X,$7581+X,$7589+X	$858D,$8593,$85EE,$85F2,$85F6
13	858D	ClearBattleActionBit	Direct call from $13:$854C	X	A,P	$7579+X	
13	8593	SetBattleActionBit	Direct call from $13:$8554	A,X	A,P	$7579+X	
13	859B	LoadBattleRecordMetadata	Direct call from $13:$84E3	A,X,Y	A,P,X,Y	$759A,$94,$95	$8236,$8784,$8823,$899C,$89B6,$8AAB,$8C76,$B3D7,$B3EB,$C813,$C827
13	85EE	TestBattleRecordFlag05	Direct call from $13:$853B; Direct call from $13:$8549; Direct call from $13:$8559; Direct call from $13:$8565; Direct call from $13:$8571; Direct call from $13:$9703; Direct call from $13:$9C5B	A,Y	A,P,Y	$76	$899C
13	85F2	TestBattleRecordFlag06	Direct call from $13:$8534; Direct call from $13:$8551; Direct call from $13:$95A4; Direct call from $13:$95D1; Direct call from $13:$96D2	A,Y	A,P,Y	$76	$899C
13	85F6	TestBattleRecordFlag07	Direct call from $13:$8542	A,Y	A,P,Y	$76	$899C
13	8602	TestBattleRecordModeField	Direct call from $13:$9618; Direct call from $13:$96FA; Direct call from $13:$9C46; Direct call from $13:$A375	A,Y	A,P,X,Y		$899C
13	8610	LoadBattleRecordPairIfAllowed	Direct call from $13:$9871; Direct call from $13:$9950; Direct call from $13:$9B4B; Direct call from $13:$9B65	A,X,Y	A,P,X,Y	$00+X,$01+X	$8A6B
13	861C	LoadBattleRecordPairIfAllowedExtended	Direct call from $13:$9876; Direct call from $13:$9955; Direct call from $13:$9968; Direct call from $13:$9B0F; Direct call from $13:$9B89; Direct call from $13:$9E53; Direct call from $13:$A065	A,X,Y	A,P,X,Y	$00+X,$01+X,$02,$03,$79,$7A	$86BB,$8A6B
13	8641	CopyBattleRecordPair	Direct call from $13:$8727; Direct call from $13:$884E; Tail jump from $13:$8619	A,X,Y	A,P,Y	$00+X,$01+X	
13	864C	SumPartyCharacterOffsetPair	Direct call from $13:$8C94; Direct call from $13:$8CA5	A,X,Y	A,P,X,Y	$00,$01	$89B6,$8A32
13	867A	SumPartyCharacterOffsetTriple	Direct call from $13:$8CA8	A,X,Y	A,P,X,Y	$02,$03,$7364	$86BB,$89B6,$8A32
13	86BB	ReadBattleRecordField05	Direct call from $13:$862B; Direct call from $13:$8697	Y	A,P,X,Y		
13	86C7	LoadBattleSlotRecordPointer	Direct call from $13:$9789; Direct call from $13:$97E2; Direct call from $13:$A1C0	A,Y	A,P,Y	$00,$01	$899C
13	86D6	CopyBattleRecordPairIfMatch	Direct call from $13:$AD71	A,X,Y	A,P,X,Y	$00+X,$01+X	$8A6B
13	86E5	SumPartyCharacterOffsetPairFiltered	Direct call from $13:$B2BC	A,X,Y	A,P,X,Y	$00,$01	$89B6,$8A32
13	8719	SumPartyCharacterOffsetPairIfVisible	Direct call from $13:$A40C; Direct call from $13:$AD26	A,Y	A,P,X,Y	$0C,$0D	$8641,$89F5,$8A6B
13	8720	LoadBattleRecordPairAndMaybeScale	Direct call from $13:$973C	A,Y	A,P,X,Y	$0C,$0D	$8641,$89F5
13	8737	AccumulateFilteredPartyPrimaryValue	Direct call from $13:$B1E5	A,X,Y	A,P,X,Y	$0B,$0C,$0D	$89F5,$8A32,$8A48,$8A5D
13	873B	AccumulateFilteredPartySecondaryValue	Direct call from $13:$B1DF	A,X,Y	A,P,X,Y	$0B,$0C,$0D	$89F5,$8A32,$8A48,$8A5D
13	8784	SelectBattleExtentLow	Direct call from $13:$B399	A,X,Y	A,P,Y	$00,$01,$0E,$0F	$89F5,$8A6B
13	8788	SelectBattleExtentHigh	Direct call from $13:$87C1	A,X,Y	A,P,Y	$00,$01,$0E,$0F	$89F5,$8A6B
13	87B9	SumBattleExtents	Direct call from $13:$B442; Direct call from $13:$B44B	A,X	A,P,X	$94,$95	$8788
13	87D9	AccumulateBattleSlotRanges	Direct call from $13:$AD2B; Direct call from $13:$B1E8	A,X,Y	A,P,X,Y	$0E,$0F	$899C
13	8806	CopyBattleRecordCurrentValue	Guarded flow recovery: Coherent routine block immediately after RTS $8805; 5 instructions, jumps and merges into existing code	A,X,Y	A,P,X,Y	$00+X,$01+X	$899C
13	8811	CopyBattleRecordMaximumValue	Direct call from $13:$9741; Direct call from $13:$A3CC	A,X,Y	A,P,X,Y	$00+X,$01+X	$899C
13	8819	CopyBattleRecordPairBody	Direct call from $13:$885E; Tail jump from $13:$880E	A,X,Y	A,P,Y	$00+X,$01+X	
13	8823	ComputeHalfDifference	Direct call from $13:$9744; Direct call from $13:$A1AC; Direct call from $13:$AD36; Direct call from $13:$B39C; Tail jump from $13:$B1EB	A	A,P	$0E,$0F,$94,$95	
13	8842	LoadBattleRecordHighPairIfPresent	Direct call from $13:$A2F3	A	A,P,X,Y	$0D	$8641,$8866,$89F5
13	8856	LoadBattleRecordMaximumValue	Direct call from $13:$A327	A,X	A,P,X,Y	$0F	$8819,$899C
13	8866	SelectBattleSlotIndex	Direct call from $13:$8842; Direct call from $13:$8AB5; Direct call from $13:$99DE; Direct call from $13:$9B21; Direct call from $13:$9B3B; Direct call from $13:$A043; Direct call from $13:$A121; Direct call from $13:$A3FB; Direct call from $13:$A44A; Direct call from $13:$AD53	A,X,Y	A,P,X,Y	$7364	$8A32
13	886B	AccumulateBattleSlotWindow0C80	Direct call from $13:$B24C; Direct call from $13:$B257	A,X,Y	A,P,X,Y	$00,$07,$08,$94,$95	$88C0,$89F5,$8A32,$8A48,$8A5D
13	8875	AccumulateBattleSlotWindowCC0	Direct call from $13:$B15F; Direct call from $13:$B17E; Direct call from $13:$B19E; Direct call from $13:$B1C5	A,X,Y	A,P,X,Y	$00,$07,$08,$94,$95	$88C0,$89F5,$8A32,$8A48,$8A5D
13	8879	AccumulateBattleSlotWindow0C00	Direct call from $13:$B1F7; Direct call from $13:$B212; Direct call from $13:$B22F; Direct call from $13:$B240; Direct call from $13:$B286; Direct call from $13:$B298; Direct call from $13:$B407; Direct call from $13:$B430	A,X,Y	A,P,X,Y	$00,$07,$08,$94,$95	$88C0,$89F5,$8A32,$8A48,$8A5D
13	88C0	AccumulateScoreFromRecordBitfield1BTo1D	Direct call from $13:$88B6	A,X,Y	A,P,X,Y	$01,$02,$04,$05,$06,$94,$95	$89B6,$B930
13	8930	AccumulateBattleAiScoreMaskC4	Direct call from $13:$B187; Direct call from $13:$B1A7; Direct call from $13:$B1D2	A,X,Y	A,P,Y	$01,$94,$95	$8977,$89F5,$8A32,$8A48,$8A5D
13	8934	AccumulateBattleAiScoreMask04	Direct call from $13:$B200; Direct call from $13:$B21B; Direct call from $13:$B235; Direct call from $13:$B270; Direct call from $13:$B28F; Direct call from $13:$B410; Direct call from $13:$B439	A,X,Y	A,P,Y	$01,$94,$95	$8977,$89F5,$8A32,$8A48,$8A5D
13	8977	AccumulateScoreFromRecordBytes13To1A	Direct call from $13:$896E	A,X,Y	A,P,X,Y	$94,$95	$89B6
13	899C	GetCombatantRecordPointer	Direct call from $13:$85A2; Direct call from $13:$85FA; Direct call from $13:$8606; Direct call from $13:$86C7; Direct call from $13:$87E3; Direct call from $13:$8807; Direct call from $13:$8812; Direct call from $13:$8857; Direct call from $13:$92A1; Direct call from $13:$A1FD; Direct call from $13:$A253; Direct call from $13:$A28D; Direct call from $13:$A8AA; Direct call from $13:$B3ED	A,X	A,P	$86,$87	
13	89B6	ResolveBattleSlotRecordPointer	Direct call from $13:$85C3; Direct call from $13:$8660; Direct call from $13:$868F; Direct call from $13:$86F9; Direct call from $13:$88C4; Direct call from $13:$897B; Direct call from $13:$8A4A; Direct call from $13:$8A70; Direct call from $13:$A04A; Direct call from $13:$A128; Direct call from $13:$A400; Direct call from $13:$A451; Direct call from $13:$A5B8; Direct call from $13:$A6DE; Direct call from $13:$A909; Direct call from $13:$A985; Direct call from $13:$AB5C; Direct call from $13:$B0F7; Pointer $13:$8022 (28-entry code dispatch table; first target is $8038)	A,X	A,P,X	$79,$7A	
13	89F5	FindBattleSlotByCharacterId	Direct call from $13:$8720; Direct call from $13:$875C; Direct call from $13:$87A2; Direct call from $13:$8847; Direct call from $13:$88A6; Direct call from $13:$8957; Direct call from $13:$9B29; Direct call from $13:$9B3E; Direct call from $13:$9BE5; Direct call from $13:$9DCF; Direct call from $13:$A055; Direct call from $13:$A136; Direct call from $13:$A60B; Direct call from $13:$A7EF; Direct call from $13:$AE33	A,X	A,P,X	$79,$7A	
13	8A32	SelectPartyGroupOffset	Direct call from $13:$8652; Direct call from $13:$8680; Direct call from $13:$86EB; Direct call from $13:$8745; Direct call from $13:$888B; Direct call from $13:$893E; Direct call from $13:$8A79; Direct call from $13:$8A9C	A,Y	A,P,X,Y		
13	8A48	TestBattleRecordTopFlags	Direct call from $13:$8755; Direct call from $13:$889F; Direct call from $13:$8950	A,Y	A,P,Y	$00	$89B6
13	8A56	TestBattleRecordAttributeFlags	Guarded flow recovery: Coherent routine block immediately after RTS $8A55; 4 instructions, returns	A,Y	A,P,Y		
13	8A5D	TestBattleRecordConditionFlags	Direct call from $13:$8767; Direct call from $13:$88B1; Direct call from $13:$8969	A,Y	A,P,Y		
13	8A6B	LoadBattleRecordSlotWithStatus	Direct call from $13:$8610; Direct call from $13:$861C; Direct call from $13:$86D8; Direct call from $13:$871B; Direct call from $13:$878D; Direct call from $13:$9DB6; Direct call from $13:$9E46; Direct call from $13:$9EA2; Direct call from $13:$A2FA; Direct call from $13:$A7DF; Direct call from $13:$ADA2; Direct call from $13:$AE21; Direct call from $13:$B471	A	A,P		$89B6,$8A76
13	8A76	FindBattleSlotForCurrentState	Direct call from $13:$8A6B; Direct call from $13:$A81B; Tail jump from $13:$8868	A,X,Y	A,P,X,Y	$7364	$8A32
13	8A94	FindMatchingBattleSlotIndex	Guarded flow recovery: Coherent routine block immediately after RTS $8A93; 12 instructions, returns and merges into existing code	A,Y	A,P,Y	$7365	$8A32,$8AAB,$8AD3
13	8AAB	GetBattleSlotStateId	Direct call from $13:$85B3; Direct call from $13:$8A94; Direct call from $13:$98E0	A,X	A,P,X		
13	8AB5	FindBattleSlotByStateId	Direct call from $13:$9826; Direct call from $13:$9E1A; Direct call from $13:$9E69; Direct call from $13:$9FD5; Direct call from $13:$9FF9; Direct call from $13:$A01F	A,X	A,P,X	$7364	$8866
13	8ABA	FindBattleSlotByStateIdBody	Direct call from $13:$A820	A,X	A,P,X	$7364	
13	8AD3	FindBattleSlotByPartyMarker	Direct call from $13:$8AA1	A,X,Y	A,P,X,Y	$7364	
13	8C59	EmptyBattleRecordHandler	Pointer $13:$8BA9 (103-entry battle-action handler table for IDs $00-$66; bytes $8C59-$8C5A begin following code); Pointer $13:$8BBD (103-entry battle-action handler table for IDs $00-$66; bytes $8C59-$8C5A begin following code); Pointer $13:$8BC3 (103-entry battle-action handler table for IDs $00-$66; bytes $8C59-$8C5A begin following code); Pointer $13:$8BC5 (103-entry battle-action handler table for IDs $00-$66; bytes $8C59-$8C5A begin following code); Pointer $13:$8BC7 (103-entry battle-action handler table for IDs $00-$66; bytes $8C59-$8C5A begin following code); Pointer $13:$8BDF (103-entry battle-action handler table for IDs $00-$66; bytes $8C59-$8C5A begin following code); Pointer $13:$8BE1 (103-entry battle-action handler table for IDs $00-$66; bytes $8C59-$8C5A begin following code); Pointer $13:$8BE3 (103-entry battle-action handler table for IDs $00-$66; bytes $8C59-$8C5A begin following code); Pointer $13:$8BE5 (103-entry battle-action handler table for IDs $00-$66; bytes $8C59-$8C5A begin following code); Pointer $13:$8BE7 (103-entry battle-action handler table for IDs $00-$66; bytes $8C59-$8C5A begin following code); Pointer $13:$8BE9 (103-entry battle-action handler table for IDs $00-$66; bytes $8C59-$8C5A begin following code); Pointer $13:$8BEB (103-entry battle-action handler table for IDs $00-$66; bytes $8C59-$8C5A begin following code); Pointer $13:$8BED (103-entry battle-action handler table for IDs $00-$66; bytes $8C59-$8C5A begin following code); Pointer $13:$8C19 (103-entry battle-action handler table for IDs $00-$66; bytes $8C59-$8C5A begin following code); Pointer $13:$8C4D (103-entry battle-action handler table for IDs $00-$66; bytes $8C59-$8C5A begin following code)		P		
13	8C5A	AddBattleRecordOffsetA	Pointer $13:$8B8B (103-entry battle-action handler table for IDs $00-$66; bytes $8C59-$8C5A begin following code); Pointer $13:$8B8D (103-entry battle-action handler table for IDs $00-$66; bytes $8C59-$8C5A begin following code); Pointer $13:$8B8F (103-entry battle-action handler table for IDs $00-$66; bytes $8C59-$8C5A begin following code); Pointer $13:$8B99 (103-entry battle-action handler table for IDs $00-$66; bytes $8C59-$8C5A begin following code)	A	A,P	$75AD,$75AE	$8236,$8CBC
13	8C60	AddBattleRecordOffsetB	Pointer $13:$8B91 (103-entry battle-action handler table for IDs $00-$66; bytes $8C59-$8C5A begin following code); Pointer $13:$8B93 (103-entry battle-action handler table for IDs $00-$66; bytes $8C59-$8C5A begin following code); Pointer $13:$8B95 (103-entry battle-action handler table for IDs $00-$66; bytes $8C59-$8C5A begin following code); Pointer $13:$8B97 (103-entry battle-action handler table for IDs $00-$66; bytes $8C59-$8C5A begin following code); Pointer $13:$8B9B (103-entry battle-action handler table for IDs $00-$66; bytes $8C59-$8C5A begin following code); Pointer $13:$8B9D (103-entry battle-action handler table for IDs $00-$66; bytes $8C59-$8C5A begin following code); Pointer $13:$8B9F (103-entry battle-action handler table for IDs $00-$66; bytes $8C59-$8C5A begin following code); Pointer $13:$8BA1 (103-entry battle-action handler table for IDs $00-$66; bytes $8C59-$8C5A begin following code); Pointer $13:$8BA3 (103-entry battle-action handler table for IDs $00-$66; bytes $8C59-$8C5A begin following code)	A	A,P	$75AD,$75AE	$81C5,$8236,$8CBC
13	8C69	AddBattleRecordOffsetC	Pointer $13:$8C03 (103-entry battle-action handler table for IDs $00-$66; bytes $8C59-$8C5A begin following code); Pointer $13:$8C05 (103-entry battle-action handler table for IDs $00-$66; bytes $8C59-$8C5A begin following code); Pointer $13:$8C07 (103-entry battle-action handler table for IDs $00-$66; bytes $8C59-$8C5A begin following code); Pointer $13:$8C09 (103-entry battle-action handler table for IDs $00-$66; bytes $8C59-$8C5A begin following code); Pointer $13:$8C0B (103-entry battle-action handler table for IDs $00-$66; bytes $8C59-$8C5A begin following code); Pointer $13:$8C0D (103-entry battle-action handler table for IDs $00-$66; bytes $8C59-$8C5A begin following code)	A	A,P	$75AF,$75B0	$81C5,$8236,$8CBC
13	8C72	SelectBattleRecordStatField	Pointer $13:$8C43 (103-entry battle-action handler table for IDs $00-$66; bytes $8C59-$8C5A begin following code)	A	A,P	$75AD,$75AE,$75AF,$75B0,$94,$95	$8198,$81C5,$81E0,$8236,$8CA5
13	8C76	ClearBattleRecordOffsetHigh	Direct call from $13:$85E2	A	A,P	$75AD,$75AE,$75AF,$75B0,$95	$8198,$81C5,$81E0,$8236,$8CA5
13	8C7C	ClearBattleRecordOffsetHighAlternate	Pointer $13:$8C51 (103-entry battle-action handler table for IDs $00-$66; bytes $8C59-$8C5A begin following code)	A	A,P	$75AD,$75AE,$75AF,$75B0,$95	$8198,$81C5,$81E0,$8236,$8CA5
13	8C80	AccumulateScaledBattleRecordValue	Pointer $13:$8BA5 (103-entry battle-action handler table for IDs $00-$66; bytes $8C59-$8C5A begin following code)	A	A,P	$75AD,$75AE	$8198,$81E0,$8236,$8CA5
13	8C86	ScaleAndAddRecordOffsetToPrimaryTotal	Tail jump from $13:$8C91	A	A,P	$75AD,$75AE	$8198,$8236
13	8C8E	AccumulateBattleRecordValue	Pointer $13:$8BA7 (103-entry battle-action handler table for IDs $00-$66; bytes $8C59-$8C5A begin following code)	A	A,P	$75AD,$75AE	$8198,$8236,$8CA5
13	8C94	LoadBattleRecordOffsetAndStore	Pointer $13:$8C45 (103-entry battle-action handler table for IDs $00-$66; bytes $8C59-$8C5A begin following code)	A	A,P	$75AF,$75B0,$94,$95	$81E0,$8236,$864C
13	8CA5	ComputeBattleRecordOffset	Direct call from $13:$8C80; Direct call from $13:$8C8E	A	A,P	$94,$95	$864C,$867A
13	8CBC	LoadBattleActionBaseOffset	Direct call from $13:$8C5A; Direct call from $13:$8C60; Direct call from $13:$8C69	A,X	A,P,X	$94,$95	
13	8CD8	AddActionBitmapToFieldA	Pointer $13:$8BC9 (103-entry battle-action handler table for IDs $00-$66; bytes $8C59-$8C5A begin following code); Pointer $13:$8BCB (103-entry battle-action handler table for IDs $00-$66; bytes $8C59-$8C5A begin following code); Pointer $13:$8BCD (103-entry battle-action handler table for IDs $00-$66; bytes $8C59-$8C5A begin following code); Pointer $13:$8BCF (103-entry battle-action handler table for IDs $00-$66; bytes $8C59-$8C5A begin following code); Pointer $13:$8BD1 (103-entry battle-action handler table for IDs $00-$66; bytes $8C59-$8C5A begin following code); Pointer $13:$8BD3 (103-entry battle-action handler table for IDs $00-$66; bytes $8C59-$8C5A begin following code); Pointer $13:$8BD5 (103-entry battle-action handler table for IDs $00-$66; bytes $8C59-$8C5A begin following code); Pointer $13:$8BD7 (103-entry battle-action handler table for IDs $00-$66; bytes $8C59-$8C5A begin following code); Pointer $13:$8BD9 (103-entry battle-action handler table for IDs $00-$66; bytes $8C59-$8C5A begin following code); Pointer $13:$8BDB (103-entry battle-action handler table for IDs $00-$66; bytes $8C59-$8C5A begin following code); Pointer $13:$8BDD (103-entry battle-action handler table for IDs $00-$66; bytes $8C59-$8C5A begin following code)	A,X,Y	A,P,X,Y	$00,$75AB,$75C1+Y	
13	8D01	AddActionBitmapToFieldB	Pointer $13:$8C49 (103-entry battle-action handler table for IDs $00-$66; bytes $8C59-$8C5A begin following code); Pointer $13:$8C4B (103-entry battle-action handler table for IDs $00-$66; bytes $8C59-$8C5A begin following code); Pointer $13:$8C55 (103-entry battle-action handler table for IDs $00-$66; bytes $8C59-$8C5A begin following code)	A,X,Y	A,P,X,Y	$00,$75AC,$75C9+Y	
13	8D69	TestBattleRecordVisibility	Direct call from $13:$8D4B	A,X	A,P,X		
13	8D77	LoadBattleRecordBasePointer	Direct call from $13:$8D50; Direct call from $13:$8F2A; Direct call from $13:$8F54; Direct call from $13:$9038; Direct call from $13:$921C; Direct call from $13:$97A3; Direct call from $13:$9A39; Direct call from $13:$9BFD; Direct call from $13:$9D18; Direct call from $13:$9D76; Direct call from $13:$A0CA; Direct call from $13:$A4F7	A	A,P,X,Y	$88,$89	$C827
13	8D91	NormalizeFourRecordAccumulatorPairs	Direct call from $13:$8D3C	A,X,Y	A,P,X,Y	$75A3+X,$75A4+X,$77D0,$94,$95	$8198
13	8DE7	WriteScaledPairsToRecordOffsets00To06	Direct call from $13:$8D53	A,X,Y	A,P,X,Y	$82,$94,$95	$8198,$831D
13	8E0B	WriteScaled75ADToRecordOffsets08To0E	Direct call from $13:$8D56	A,X	A,P,X,Y	$00,$01,$82,$94,$95	$8198,$819A,$8216,$831D
13	8E42	WriteDivided75AFToRecordOffsets10To16	Direct call from $13:$8D59	A	A,P,X,Y	$82,$94,$95	$81E0,$831D
13	8E5F	WriteScaledBattleRecordWordGroup	Direct call from $13:$8D5C	A,X,Y	A,P,X,Y	($88),Y,$94,$95	$8198,$8E88
13	8E88	WriteBattleRecordWord	Direct call from $13:$8E67; Direct call from $13:$8E72; Direct call from $13:$8E7D	A,X,Y	A,P,X,Y	($88),Y,$94,$95	$8198
13	8E9E	WriteBattleRecordWordGroup	Direct call from $13:$8D5F	A,X,Y	A,P,X,Y	($88),Y	$8EC7
13	8EC7	WriteBattleRecordWordBody	Direct call from $13:$8EA6; Direct call from $13:$8EB1; Direct call from $13:$8EBC	A,X,Y	A,P,Y	($88),Y	
13	8ECE	WriteBattleRecordFlags	Direct call from $13:$8D62	A,X,Y	A,P,X,Y	($88),Y,$00,$94,$95	$8198
13	8F16	AdvanceBattleRecordPointer	Direct call from $13:$8D65; Direct call from $13:$A501	A,Y	A,P,Y	($88),Y	
13	8F73	AccumulateBattleAiBits	Direct call from $13:$8F5C; Direct call from $13:$8F66	A,X,Y	A,P,X	$0F,$759A,$94,$95	$8F93
13	8F93	DispatchBattleMathHelper	Direct call from $13:$8F88	A,X	A,P,X	$00,$01	
13	8FA2	LoadAndHalveBattleAiWorkingScoreC	Pointer $13:$9100 (Eight-entry arithmetic handler table consumed by the indirect jump at $8F93-$8F9F); Pointer $13:$9102 (Eight-entry arithmetic handler table consumed by the indirect jump at $8F93-$8F9F); Pointer $13:$9104 (Eight-entry arithmetic handler table consumed by the indirect jump at $8F93-$8F9F)	A,Y	A,P,X,Y	$00,$01,$94,$95	$8330,$8FEF
13	8FA8	HalveAndAccumulateBattleMathOperand	Tail jump from $13:$8FB8; Tail jump from $13:$8FD0	A,Y	A,P,X,Y	$00,$01,$94,$95	$8330,$8FEF
13	8FB2	LoadAndHalveBattleAiWorkingScoreD	Pointer $13:$9106 (Eight-entry arithmetic handler table consumed by the indirect jump at $8F93-$8F9F)	A,Y	A,P,X,Y	$00,$01,$94,$95	$8330,$8FEF
13	8FBB	LoadBattleAiWorkingScoreD	Pointer $13:$9108 (Eight-entry arithmetic handler table consumed by the indirect jump at $8F93-$8F9F)	A,Y	A,P,X,Y	$94,$95	$8330,$8FEF
13	8FC1	AccumulateBattleMathOperand	Tail jump from $13:$8FD9	A,Y	A,P,X,Y	$94,$95	$8330,$8FEF
13	8FC7	LoadAndHalveBattleAiWorkingScoreA	Pointer $13:$910A (Eight-entry arithmetic handler table consumed by the indirect jump at $8F93-$8F9F)	A,Y	A,P,X,Y	$00,$01,$94,$95	$8330,$8FEF
13	8FD3	LoadBattleAiWorkingScoreA	Pointer $13:$910C (Eight-entry arithmetic handler table consumed by the indirect jump at $8F93-$8F9F)	A,Y	A,P,X,Y	$94,$95	$8330,$8FEF
13	8FDC	CopyBattlePairAndClamp	Pointer $13:$910E (Eight-entry arithmetic handler table consumed by the indirect jump at $8F93-$8F9F)	A,Y	A,P,X,Y	$94,$95	$819A,$8330,$8FEF
13	8FEF	SetBattleMathOperands	Direct call from $13:$8FA8; Direct call from $13:$8FC1; Direct call from $13:$8FCD; Direct call from $13:$8FE2; Direct call from $13:$906D	A,X	P	$00,$01	
13	8FF4	AccumulateWeightedBattleMathValue	Tail jump from $13:$8FAF; Tail jump from $13:$8FC4; Tail jump from $13:$8FEC	A,Y	A,P,X,Y	$94,$95	$8330
13	9012	AddBattleWordToFrame	Direct call from $13:$8F61; Direct call from $13:$8F6B	A,Y	A,P,Y	($88),Y	
13	9021	ComputeBattleAiSeed	Direct call from $13:$8F4D	A	A,P,X,Y	$00,$01,$02,$03,$759B,$759C,$759F,$75A0,$81,$82	$8D77,$90A7,$C851
13	9067	ComputeBattleAiWorkingScoreDeltas	Direct call from $13:$8F57	A,X	A,P,X,Y	$759D,$759E,$75A1,$75A2	$8FEF,$909A,$C851
13	909A	SubtractFrameWordFromPointer	Direct call from $13:$9072; Direct call from $13:$9077	A,Y	A,P,X,Y		
13	90A7	AddFrameWordToRunningTotal	Direct call from $13:$903D; Direct call from $13:$9042	A,Y	A,P,Y	$01,$02	
13	90B6	AccumulateBattleFrameA	Direct call from $13:$8F43	A,Y	A,P,Y	$77D0,$77D1	$90BD
13	90BD	AccumulateBattleFrameB	Direct call from $13:$90B8	A,Y	A,P,Y	$77D0,$77D1	
13	90D0	AccumulateBattleFrameFromYOffset	Direct call from $13:$8F32	A,Y	A,P,Y	($88),Y,$00	$90E3
13	90D4	AccumulateBattleFrameFromXOffset	Direct call from $13:$8F3D	A,Y	A,P,Y	($88),Y,$00	$90E3
13	90E3	AddBattleFrameWord	Direct call from $13:$90DB	A,Y	A,P,Y	($88),Y	
13	9110	CommitResolvedBattleActionState	Tail jump from $13:$AF45; Tail jump from $13:$AF94; Tail jump from $13:$AFED; Tail jump from $13:$B046; Tail jump from $13:$B063	A,X	A,P,X	$7300+X,$7324+X	
13	9135	DispatchSpecialBattleAction	Direct call from $13:$AF28; Direct call from $13:$AF72; Direct call from $13:$AFDA; Direct call from $13:$B02E; Direct call from $13:$B055	A,X	A,P,X	$00,$01	$8187,$C827
13	9176	NoActionThreshold	Pointer $13:$91DB (Seventeen-entry battle-action handler table for IDs $00-$10; bytes $91EF-$91F0 begin following code); Pointer $13:$91DF (Seventeen-entry battle-action handler table for IDs $00-$10; bytes $91EF-$91F0 begin following code); Pointer $13:$91E3 (Seventeen-entry battle-action handler table for IDs $00-$10; bytes $91EF-$91F0 begin following code); Pointer $13:$91E5 (Seventeen-entry battle-action handler table for IDs $00-$10; bytes $91EF-$91F0 begin following code); Pointer $13:$91E7 (Seventeen-entry battle-action handler table for IDs $00-$10; bytes $91EF-$91F0 begin following code); Pointer $13:$91E9 (Seventeen-entry battle-action handler table for IDs $00-$10; bytes $91EF-$91F0 begin following code); Pointer $13:$91ED (Seventeen-entry battle-action handler table for IDs $00-$10; bytes $91EF-$91F0 begin following code)		P		
13	9178	LoadActionThresholdFromTable	Pointer $13:$91CD (Seventeen-entry battle-action handler table for IDs $00-$10; bytes $91EF-$91F0 begin following code); Pointer $13:$91CF (Seventeen-entry battle-action handler table for IDs $00-$10; bytes $91EF-$91F0 begin following code); Pointer $13:$91D3 (Seventeen-entry battle-action handler table for IDs $00-$10; bytes $91EF-$91F0 begin following code); Pointer $13:$91D5 (Seventeen-entry battle-action handler table for IDs $00-$10; bytes $91EF-$91F0 begin following code); Pointer $13:$91D9 (Seventeen-entry battle-action handler table for IDs $00-$10; bytes $91EF-$91F0 begin following code); Pointer $13:$91DD (Seventeen-entry battle-action handler table for IDs $00-$10; bytes $91EF-$91F0 begin following code)	A	A,P,X	$00,$01	$8187,$C827
13	919A	CompareBattleAiThresholdWithFallback	Pointer $13:$91D1 (Seventeen-entry battle-action handler table for IDs $00-$10; bytes $91EF-$91F0 begin following code); Pointer $13:$91D7 (Seventeen-entry battle-action handler table for IDs $00-$10; bytes $91EF-$91F0 begin following code); Pointer $13:$91E1 (Seventeen-entry battle-action handler table for IDs $00-$10; bytes $91EF-$91F0 begin following code); Pointer $13:$91EB (Seventeen-entry battle-action handler table for IDs $00-$10; bytes $91EF-$91F0 begin following code)	A	A,P		
13	91A0	ClearBattleActionState	Direct call from $13:$AF2D; Direct call from $13:$AF77; Direct call from $13:$AFDF; Direct call from $13:$B033; Direct call from $13:$B05A	A	A,P	$75D4,$75D5	
13	91EF	LoadBattleAiStateLimit	Direct call from $13:$951B; Direct call from $13:$9533; Direct call from $13:$9548	A,X	A,P,X	$8A	$B5BC
13	9201	LoadBattleAiStateMask	Direct call from $13:$951E; Direct call from $13:$9536; Direct call from $13:$954B; Direct call from $13:$9554; Direct call from $13:$9569; Direct call from $13:$957B; Direct call from $13:$9823; Direct call from $13:$9BA6; Direct call from $13:$9BBB; Direct call from $13:$9BCD; Direct call from $13:$9BF0	A,X	A,P,X	$8B	
13	9212	InitializeBattleAiWindow	Direct call from $13:$8043	A	A,P,X,Y	$00,$01,$02,$03,$04,$75ED,$75EE,$81	$83F4,$8D77,$925F
13	925F	AddBattleAiWordTriplet	Direct call from $13:$9221; Direct call from $13:$9226; Direct call from $13:$922B	A,Y	A,P,Y	$01,$02,$82	
13	9276	ConvertBattleAiByte	Direct call from $13:$9525; Direct call from $13:$955B; Direct call from $13:$961D; Direct call from $13:$963E; Direct call from $13:$9708; Direct call from $13:$9723; Direct call from $13:$9BAD; Direct call from $13:$9BD4; Direct call from $13:$9C60; Direct call from $13:$9F41; Direct call from $13:$A3B2	A,X,Y	A,P,X,Y	$00,$01,$8C	$899C,$92E2,$B0B4,$C827,$C891
13	92E2	ExtractBattleAiSubfield	Direct call from $13:$9282; Direct call from $13:$A4A2	A,X,Y	A,P,X,Y	$00,$01	
13	9304	BuildBattleAiAccumulator	Direct call from $13:$ADDC	A	A,P	$02,$03,$81	$9314
13	9314	BuildBattleAiAccumulatorStep	Direct call from $13:$930C	A,X,Y	A,P,X,Y	$00,$01,$03	
13	934A	LoadBattleAiIndex	Direct call from $13:$9820	A,X	A,P,X	$8A	$B620
13	9365	LoadBattleAiValueA	Direct call from $13:$9985	A,X	A,P,X	$6E11	$938B
13	937A	LoadBattleAiValueB	Direct call from $13:$9A77	A,X	A,P,X	$6E11	$938B
13	938B	ResolveBattleAiValueIndex	Direct call from $13:$9367; Direct call from $13:$937C; Direct call from $13:$939C	A	A,P,X		
13	939A	LoadBattleAiValueC	Direct call from $13:$9A6F	A,X	A,P,X	$6E11	$938B
13	93AB	SetBattleAiActionStateFromPrimaryFlags	Direct call from $13:$9528; Direct call from $13:$955E; Direct call from $13:$959D; Direct call from $13:$9BB0; Direct call from $13:$9BD7; Direct call from $13:$9F6B	A	A,P	$75D2	
13	93B4	SetBattleAiActionStateFromAlternateFlags	Direct call from $13:$953D; Direct call from $13:$9570; Direct call from $13:$9BC2; Direct call from $13:$9F82	A	A,P	$75D2	
13	93BD	SetDefaultBattleAiActionState	Direct call from $13:$954E; Direct call from $13:$957E	A	A,P	$75D2	
13	93C2	SetBattleActionStateFromFlag	Direct call from $13:$982C; Direct call from $13:$9852	A	A,P	$75D2	
13	93D0	CheckBattleSlotThreshold	Direct call from $13:$9AB2	A,X	A,P		$93E1
13	93E1	HasActiveBattleSlot	Direct call from $13:$93D0	A,X,Y	A,P,X,Y		
13	9406	ClassifyBattleAction	Direct call from $13:$9933; Direct call from $13:$9DF3; Direct call from $13:$9F8D; Direct call from $13:$9F9F; Direct call from $13:$9FE2; Direct call from $13:$A3D9	A,X,Y	A,P,X,Y		
13	9467	AddBattleWordToIndexedPair	Direct call from $13:$947B	A,X,Y	A,P,Y	$00+X,$01+X	
13	9477	AddBattleWordToIndexedPairFromX	Direct call from $13:$9C02; Direct call from $13:$9C07; Direct call from $13:$9C0C; Direct call from $13:$9C11	A,X	A,P,X		$9467
13	9481	DivideTripleWordByWord	Guarded flow recovery: Coherent routine block immediately after RTS $9480; 43 instructions, returns	A,X,Y	A,P,Y	$00+X,$01+X,$02+X,$16,$17,$18,$19,$1A,$1B	
13	951B	RunEightStateEffectTotalPassesWithLimit	Pointer $13:$A666 (Four 12-entry battle-AI action/effect callback tables selected through $A626 and dispatched at $A559-$A589); Pointer $13:$A668 (Four 12-entry battle-AI action/effect callback tables selected through $A626 and dispatched at $A559-$A589); Pointer $13:$A66A (Four 12-entry battle-AI action/effect callback tables selected through $A626 and dispatched at $A559-$A589); Pointer $13:$A67E (Four 12-entry battle-AI action/effect callback tables selected through $A626 and dispatched at $A559-$A589); Pointer $13:$A75D (Callback field in the first battle-effect record list dispatched at $A744)	A	A,P	$81	$91EF,$9201,$9276,$93AB,$95B8
13	9533	RunFourGroupedEffectTotalPassesWithLimit	Pointer $13:$A636 (Four 12-entry battle-AI action/effect callback tables selected through $A626 and dispatched at $A559-$A589); Pointer $13:$A638 (Four 12-entry battle-AI action/effect callback tables selected through $A626 and dispatched at $A559-$A589); Pointer $13:$A63A (Four 12-entry battle-AI action/effect callback tables selected through $A626 and dispatched at $A559-$A589); Pointer $13:$A66C (Four 12-entry battle-AI action/effect callback tables selected through $A626 and dispatched at $A559-$A589); Pointer $13:$A66E (Four 12-entry battle-AI action/effect callback tables selected through $A626 and dispatched at $A559-$A589); Pointer $13:$A670 (Four 12-entry battle-AI action/effect callback tables selected through $A626 and dispatched at $A559-$A589); Pointer $13:$A680 (Four 12-entry battle-AI action/effect callback tables selected through $A626 and dispatched at $A559-$A589); Pointer $13:$A684 (Four 12-entry battle-AI action/effect callback tables selected through $A626 and dispatched at $A559-$A589); Pointer $13:$A751 (Callback field in the first battle-effect record list dispatched at $A744); Pointer $13:$A755 (Callback field in the first battle-effect record list dispatched at $A744); Pointer $13:$A761 (Callback field in the first battle-effect record list dispatched at $A744); Pointer $13:$A771 (Callback field in the first battle-effect record list dispatched at $A744)	A	A,P	$8D	$91EF,$9201,$93B4,$9611
13	9548	RunSingleStateEffectTotalsWithLimit	Pointer $13:$A672 (Four 12-entry battle-AI action/effect callback tables selected through $A626 and dispatched at $A559-$A589); Pointer $13:$A674 (Four 12-entry battle-AI action/effect callback tables selected through $A626 and dispatched at $A559-$A589); Pointer $13:$A676 (Four 12-entry battle-AI action/effect callback tables selected through $A626 and dispatched at $A559-$A589); Pointer $13:$A682 (Four 12-entry battle-AI action/effect callback tables selected through $A626 and dispatched at $A559-$A589); Pointer $13:$A769 (Callback field in the first battle-effect record list dispatched at $A744)	A	A,P	$0F,$75D4,$75D5,$75D6,$75D9,$75DB,$75E5,$75EC,$81	$91EF,$9201,$9276,$93BD,$95C5,$9658,$966B,$967D,$9695,$AA54,$AA67,$AB59
13	9554	RunEightStateEffectPhaseA	Pointer $13:$A64E (Four 12-entry battle-AI action/effect callback tables selected through $A626 and dispatched at $A559-$A589)	A	A,P	$81	$9201,$9276,$93AB,$96A0
13	9569	RunFourStateEffectPhaseB	Pointer $13:$A650 (Four 12-entry battle-AI action/effect callback tables selected through $A626 and dispatched at $A559-$A589)	A	A,P	$8D	$9201,$93B4,$96F3
13	957B	RunSingleStateEffectPhaseC	Guarded flow recovery: Coherent routine block immediately after RTS $957A; 3 instructions, jumps and merges into existing code	A	A,P	$0F,$75D4,$75D5,$75D6,$75D9,$75DB,$75E5,$75EC,$81	$9201,$9276,$93BD,$9658,$966B,$9695,$96AD,$AA54,$AA67,$AB59
13	9584	InitializePhase43AndScanEightEffectTargets	Direct call from $13:$AF10; Direct call from $13:$AF48; Direct call from $13:$AF97; Direct call from $13:$AFF0; Direct call from $13:$B049	A,Y	A,P,X,Y	$75D3,$75F0,$81,$8B,$8C	$85F2,$93AB,$9736
13	95B8	AccumulateActionScoreTotalsA	Direct call from $13:$952B	A	A,P	$0F,$75D4,$75D5,$75D6,$75D9,$75DB,$75E5,$75EC	$95C5,$9658,$AA54,$AA67,$AB59
13	95C5	InitializeActionScoreAccumulator	Direct call from $13:$95BB; Direct call from $13:$9620; Direct call from $13:$9641	A,Y	A,P,X,Y	$00,$01,$0F,$75E1,$75E2	$85F2,$9766,$97A3,$97C0,$9800
13	9611	AccumulateActionScoreTotalsB	Direct call from $13:$9540	A	A,P	$0F,$75D4,$75D5,$75D6,$75D9,$75DB,$75E5,$75EC,$81	$8602,$9276,$95C5,$9658,$966B,$967D,$9695,$AA54,$AA67,$AB59
13	9637	AccumulateAllActionScoreContributions	Tail jump from $13:$9551	A	A,P	$0F,$75D4,$75D5,$75D6,$75D9,$75DB,$75E5,$75EC,$81	$9276,$95C5,$9658,$966B,$967D,$9695,$AA54,$AA67,$AB59
13	9658	ClearActionScoreAccumulator	Direct call from $13:$95B8; Direct call from $13:$9611; Direct call from $13:$9637; Direct call from $13:$96A0; Direct call from $13:$96F3; Direct call from $13:$971C; Direct call from $13:$9736	A	A,P	$02,$03,$75DF,$75E0,$75E1,$75E2	
13	966B	AddActionScoreContribution	Direct call from $13:$9627; Direct call from $13:$9648; Direct call from $13:$970E; Direct call from $13:$9729	A	A,P	$75DF,$75E0	
13	967D	ApplyActionScoreAdjustment	Direct call from $13:$962A; Direct call from $13:$964B	A	A,P	$02,$03	
13	9695	CopyActionScoreAccumulator	Direct call from $13:$9631; Direct call from $13:$9652; Direct call from $13:$9715; Direct call from $13:$9730	A	A,P	$00,$01	
13	96A0	InitializeActionScorePhaseA	Direct call from $13:$9561	A	A,P	$0F,$75D4,$75D5,$75D6,$75D9,$75DB,$75E5,$75EC	$9658,$96AD,$AA54,$AA67,$AB59
13	96AD	RunActionScorePhaseA	Direct call from $13:$96A3; Direct call from $13:$970B; Direct call from $13:$9726	A	A,P	$0F,$75D1	$96C6,$97A3,$97C0,$97D7,$9800
13	96C6	CheckActionScoreGate	Direct call from $13:$96AD; Direct call from $13:$9CB2; Direct call from $13:$9CDC; Direct call from $13:$9D04; Direct call from $13:$9D2D; Direct call from $13:$9D55; Direct call from $13:$9F24; Direct call from $13:$A0ED; Direct call from $13:$A3B5	A,Y	A,P,X,Y	$00,$01,$0F	$85F2
13	96F3	RunActionScorePhaseB	Direct call from $13:$9573	A	A,P,X	$0F,$75D4,$75D5,$75D6,$75D9,$75DB,$75E5,$75EC,$81	$85EE,$8602,$9276,$9658,$966B,$9695,$96AD,$AA54,$AA67,$AB59
13	971C	RunActionScorePhaseC	Guarded flow recovery: Coherent routine block immediately after RTS $971B; 10 instructions, jumps and merges into existing code; Tail jump from $13:$9581	A	A,P	$0F,$75D4,$75D5,$75D6,$75D9,$75DB,$75E5,$75EC,$81	$9276,$9658,$966B,$9695,$96AD,$AA54,$AA67,$AB59
13	9736	ResolveActionScoreTarget	Direct call from $13:$95B0	A	A,P,X	$02,$03,$0F,$75D4,$75D5,$75D6,$75D9,$75DB,$75E5,$75EC,$94	$8720,$8811,$8823,$9658,$977C,$97A3,$97C0,$9800,$AA54,$AA67,$AB59
13	9766	ComputeActionScoreRatio	Direct call from $13:$95F0	A	A,P	$00,$75D1	$9787,$C851
13	976E	StoreClampedActionScoreRatio	Tail jump from $13:$9784	A	A,P	$00,$75D1	
13	977C	ComputeActionScoreRatioWithOffset	Direct call from $13:$9757	A	A,P,Y	$00,$75D1	$83AA,$9787
13	9787	LoadActionScorePointer	Direct call from $13:$9766; Direct call from $13:$977C	A,X	A,P,X	$00,$00+X,$01,$01+X	$86C7
13	97A3	AddActionScorePointerToFrame	Direct call from $13:$95F3; Direct call from $13:$96B9; Direct call from $13:$975A; Direct call from $13:$9CC5; Direct call from $13:$9CF7; Direct call from $13:$9D69	A,Y	A,P,X,Y	$00,$01	$8D77
13	97C0	DivideActionScorePointerByState	Direct call from $13:$95F6; Direct call from $13:$96BC; Direct call from $13:$975D; Direct call from $13:$9CC8; Direct call from $13:$9CFA; Direct call from $13:$9D6C	A	A,P,X		$8176
13	97D7	UpdateActionScoreAccumulator	Direct call from $13:$96C2; Direct call from $13:$9CCB; Direct call from $13:$9CFD; Direct call from $13:$9D26; Direct call from $13:$9D44; Direct call from $13:$9D6F	A	A,P		
13	9800	LoadActionScoreLimit	Direct call from $13:$95F9; Direct call from $13:$96BF; Direct call from $13:$9760; Direct call from $13:$9CCE; Direct call from $13:$9D00; Direct call from $13:$9D29; Direct call from $13:$9D47; Direct call from $13:$9D72	A,X	A,P,X	$00+X,$01+X,$19	$8330
13	980B	InitializeBattleActionScan	Pointer $13:$A642 (Four 12-entry battle-AI action/effect callback tables selected through $A626 and dispatched at $A559-$A589); Pointer $13:$A644 (Four 12-entry battle-AI action/effect callback tables selected through $A626 and dispatched at $A559-$A589); Pointer $13:$A646 (Four 12-entry battle-AI action/effect callback tables selected through $A626 and dispatched at $A559-$A589); Pointer $13:$A65A (Four 12-entry battle-AI action/effect callback tables selected through $A626 and dispatched at $A559-$A589); Pointer $13:$A65C (Four 12-entry battle-AI action/effect callback tables selected through $A626 and dispatched at $A559-$A589); Pointer $13:$A65E (Four 12-entry battle-AI action/effect callback tables selected through $A626 and dispatched at $A559-$A589); Tail jump from $13:$98E6	A	A,P	$75D2,$7B,$82,$8D	$8AB5,$9201,$934A,$93C2,$9948,$99C5,$AD26
13	984D	EvaluateBattleActionScan	Pointer $13:$A660 (Four 12-entry battle-AI action/effect callback tables selected through $A626 and dispatched at $A559-$A589)	A	A,P	$02,$03,$75D2,$75D4,$75D5,$75D7,$75D8,$75DB,$75E5,$75E6,$75E7,$7B,$82,$8A,$8C,$8D	$8610,$861C,$93C2,$99C5,$AA54
13	98AC	StartActionScanUnlessSelector1ExcludesId29	Pointer $13:$A786 (Callback field in the second battle-effect record list dispatched at $A744)	A	A,P	$75D2,$7B,$82,$8D	$8AB5,$9201,$934A,$93C2,$9933,$9948,$99C5,$AD26
13	98BC	GateActionScanForIds29To2BAnd94	Pointer $13:$A782 (Callback field in the second battle-effect record list dispatched at $A744)	A,X	A,P,X	$75D2,$7B,$82,$8D	$8AAB,$8AB5,$9201,$934A,$93C2,$9933,$9948,$99C5,$AD26
13	98E9	GateActionScanForFlag60OrIds2B2C	Pointer $13:$A77E (Callback field in the second battle-effect record list dispatched at $A744)	A,X	A,P,X	$75D2,$7B,$82,$8D	$8AB5,$9201,$934A,$93C2,$9933,$9948,$99C5,$AD26
13	990E	GateActionState20Dispatch	Pointer $13:$A78A (Callback field in the second battle-effect record list dispatched at $A744)	A	A,P	$75D2,$75D4,$75D5,$75D7,$75D8,$75DB,$75E5,$75E6,$75E7	$9933,$993D,$AA54
13	9933	LoadBattleActionSelector	Direct call from $13:$98AC; Direct call from $13:$98BC; Direct call from $13:$98E9; Direct call from $13:$990E	A	A,P	$00	$9406
13	993D	LoadBattleActionState	Direct call from $13:$991E; Direct call from $13:$9926	A	A,P	$75D2	$99C5
13	9948	UpdateBattleActionMetrics	Direct call from $13:$9841	A	A,P,X,Y	$00,$01,$0E,$75D4,$75D5,$75D7,$75D8,$75DB,$75E5,$75E6,$75E7	$8176,$83AA,$8610,$861C,$9365,$999F,$AA54,$ABF7,$AC09,$AC19,$AC3C,$C813,$C851
13	999F	AdjustBattleActionBounds	Direct call from $13:$9958	A	A,P	$04,$05	
13	99C5	InitializeBattleActionMask	Direct call from $13:$9810; Direct call from $13:$9855; Direct call from $13:$9942	A,Y	A,P,Y	$7B,$7C,$82	$8866,$9A03,$9A0B,$9B0D
13	9A03	LoadBattleSlotBitmap	Direct call from $13:$99E6; Direct call from $13:$99F0	A,X	A,P,X		
13	9A0B	ClearWindowAccumulatorsAndSeedEightSlotScan	Direct call from $13:$99C5	A	A,P,Y	$75C1,$75C2,$75C3,$75C4,$75C5,$75C6,$75C7,$75C8,$81,$8A,$8B,$8C,$8D,$8E,$8F,$90,$91	$8D77,$9A50
13	9A50	AccumulateBattleAiWindow	Direct call from $13:$9A3E; Direct call from $13:$9A43; Direct call from $13:$9A48	A,X,Y	A,P,X,Y	$01,$02,$03,$04,$75C1+X,$75C2+X,$82,$8A+X,$8B+X	$819A,$8330,$937A,$939A,$9AAA
13	9AAA	CheckBattleSlotAvailability	Direct call from $13:$9A54	A,Y	A,P,Y		$9AB2
13	9AB2	EvaluateBattleSlotAgainstMarkers	Direct call from $13:$9AAC	A,X	A,P,X	$00,$7B	$93D0
13	9B0D	SelectBattleAiAction	Direct call from $13:$99D2	A,X,Y	A,P,X,Y	$04,$05	$8610,$861C,$8866,$89F5,$9B97,$C851
13	9B97	CheckBattleAiWindow	Direct call from $13:$9B4E; Direct call from $13:$9B8C	A	A,P,X,Y		$8176,$83AA
13	9BA6	RunEightConvertedActionsThroughEffectBit0	Pointer $13:$A63E (Four 12-entry battle-AI action/effect callback tables selected through $A626 and dispatched at $A559-$A589); Pointer $13:$A759 (Callback field in the first battle-effect record list dispatched at $A744)	A	A,P	$81	$9201,$9276,$93AB,$9CA8
13	9BBB	ClearEffectTotalsForFourActionStates	Pointer $13:$A63C (Four 12-entry battle-AI action/effect callback tables selected through $A626 and dispatched at $A559-$A589); Pointer $13:$A652 (Four 12-entry battle-AI action/effect callback tables selected through $A626 and dispatched at $A559-$A589); Pointer $13:$A654 (Four 12-entry battle-AI action/effect callback tables selected through $A626 and dispatched at $A559-$A589); Pointer $13:$A765 (Callback field in the first battle-effect record list dispatched at $A744); Pointer $13:$A76D (Callback field in the first battle-effect record list dispatched at $A744); Pointer $13:$A779 (Callback field in the first battle-effect record list dispatched at $A744)	A	A,P	$8D	$9201,$93B4,$9C3A
13	9BCD	RunEightConvertedActionsThroughEffectBit2	Pointer $13:$A686 (Four 12-entry battle-AI action/effect callback tables selected through $A626 and dispatched at $A559-$A589)	A	A,P	$81	$9201,$9276,$93AB,$9D4B
13	9BE2	AverageEightRecordExtentGroups	Pointer $13:$A68A (Four 12-entry battle-AI action/effect callback tables selected through $A626 and dispatched at $A559-$A589); Pointer $13:$A775 (Callback field in the first battle-effect record list dispatched at $A744)	A,Y	A,P,X,Y	$00,$01,$75D1,$75D2,$75E1,$75E2,$81,$8C	$8216,$89F5,$8D77,$9201,$9477,$A9C2
13	9C3A	ClearActionScoreTotals	Direct call from $13:$9BC5	A	A,P,X	$00,$01,$75DF,$75E0,$75E1,$75E2,$81	$85EE,$8602,$9276,$9C89,$A9C2
13	9C89	EvaluateActionScoreGate	Direct call from $13:$9C63	A,Y	A,P,Y	$00,$01,$0F,$75D1	$8D77,$96C6,$97A3,$97C0,$97D7,$9800,$9D76
13	9CA8	RunEffectBit0PathAndDispatchOnNegativeCount	Direct call from $13:$9BB3	A	A,P	$75E1,$75E2	$9CB2,$A9C2
13	9CB2	AccumulateEffectPointerWhenRecordBit0Clear	Direct call from $13:$9CA8	A,Y	A,P,Y	$0F,$75D1	$96C6,$97A3,$97C0,$97D7,$9800
13	9CD2	RunRestrictedBit0PathAndDispatchOnNegativeCount	Guarded flow recovery: Coherent routine block immediately after RTS $9CD1; 4 instructions, jumps and merges into existing code	A	A,P	$75E1,$75E2	$9CDC,$A9C2
13	9CDC	AccumulateEffectPointerWhenBit0AndHighNibbleClear	Direct call from $13:$9CD2	A,Y	A,P,Y	$0F,$75D1	$96C6,$97A3,$97C0,$97D7,$9800
13	9D2D	AccumulateRecordWordsWhenBit4Clear	Tail jump from $13:$9CA5	A,Y	A,P,Y	$0F,$75D1	$96C6,$97D7,$9800,$9D76
13	9D4B	RunEffectBit2PathAndDispatchOnNegativeCount	Direct call from $13:$9BDA	A	A,P	$75E1,$75E2	$9D55,$A9C2
13	9D55	AccumulateEffectPointerWhenRecordBit2Clear	Direct call from $13:$9D4B	A,Y	A,P,Y	$0F,$75D1	$96C6,$97A3,$97C0,$97D7,$9800
13	9D76	AccumulateActionScoreWord	Direct call from $13:$9D41; Direct call from $13:$A0AF	A,X,Y	A,P,X,Y	$00,$00+X,$01,$01+X,$19	$8330,$8D77
13	9D9C	InitializeBattleActionResolution	Pointer $13:$A648 (Four 12-entry battle-AI action/effect callback tables selected through $A626 and dispatched at $A559-$A589)	A	A,P	$75D2,$8C	$9DB0,$AC63
13	9DB0	ResolveBattleSlotsForAction	Direct call from $13:$9DA1; Direct call from $13:$9E02	A,Y	A,P,Y	$7B,$82,$8A	$89F5,$8A6B
13	9DEC	ResolveNonClass1ActionSlotAndUpdateRange	Pointer $13:$A78F (Callback field in the third battle-effect record list dispatched at $A744)	A	A,P	$75D2,$75D4,$75D5,$75DB,$75E5,$75E6,$82,$8C	$8AB5,$9406,$9DB0,$AA54
13	9E31	EnterMinimumEligibleSlotSelection	Pointer $13:$A64A (Four 12-entry battle-AI action/effect callback tables selected through $A626 and dispatched at $A559-$A589); Pointer $13:$A662 (Four 12-entry battle-AI action/effect callback tables selected through $A626 and dispatched at $A559-$A589)	A,Y	A,P,X,Y	$00,$01,$75D2,$82,$8A,$8C	$861C,$8A6B,$8AB5,$AC63
13	9E35	SelectMinimumEligibleSlotAcrossFourRecords	Pointer $13:$A664 (Four 12-entry battle-AI action/effect callback tables selected through $A626 and dispatched at $A559-$A589)	A,Y	A,P,X,Y	$00,$01,$75D2,$82,$8A,$8C	$861C,$8A6B,$8AB5,$AC63
13	9E8B	ResolveBattleActionModeThree	Pointer $13:$A64C (Four 12-entry battle-AI action/effect callback tables selected through $A626 and dispatched at $A559-$A589)	A,Y	A,P,Y	$75D2,$82,$8A,$8C	$8A6B,$AC63
13	9EC3	SelectBattleActionByWeight	Pointer $13:$A678 (Four 12-entry battle-AI action/effect callback tables selected through $A626 and dispatched at $A559-$A589); Pointer $13:$A688 (Four 12-entry battle-AI action/effect callback tables selected through $A626 and dispatched at $A559-$A589)	A,X	A,P,X	$00,$75D2,$75DA,$75DB,$81,$94,$95	$9F24,$9F4E,$C827,$C891
13	9F24	ComputeBattleActionWeight	Direct call from $13:$9EED	A,Y	A,P,X,Y	$00	$9276,$96C6,$9F4E,$C827
13	9F4E	PrepareBattleActionWeightDelta	Direct call from $13:$9ECE; Direct call from $13:$9F44	A	A,P,X	$00,$01	
13	9F5A	RunBattleActionStateASelection	Pointer $13:$A67A (Four 12-entry battle-AI action/effect callback tables selected through $A626 and dispatched at $A559-$A589); Pointer $13:$A68C (Four 12-entry battle-AI action/effect callback tables selected through $A626 and dispatched at $A559-$A589)	A	A,P	$81	$93AB,$A3B2,$A3D9,$A3F1,$ACB1
13	9F76	RunBattleActionStateBSelection	Pointer $13:$A68E (Four 12-entry battle-AI action/effect callback tables selected through $A626 and dispatched at $A559-$A589); Pointer $13:$A794 (Callback field in the fourth battle-effect record list dispatched at $A744)	A	A,P	$8D	$93B4,$A366,$A3D9,$A3F1
13	9F8D	CheckBattleActionGateA	Pointer $13:$A690 (Four 12-entry battle-AI action/effect callback tables selected through $A626 and dispatched at $A559-$A589)	A	A,P		$9406,$A2E7,$A4DC
13	9F9F	CheckBattleActionGateB	Pointer $13:$A640 (Four 12-entry battle-AI action/effect callback tables selected through $A626 and dispatched at $A559-$A589)	A,X	A,P,X		$9406,$A276,$A4DC
13	9FB8	CheckBattleActionGateC	Pointer $13:$A67C (Four 12-entry battle-AI action/effect callback tables selected through $A626 and dispatched at $A559-$A589)	X	P,X		$A1F2,$A4DC
13	9FC7	SelectBattleActionSlot	Pointer $13:$A692 (Four 12-entry battle-AI action/effect callback tables selected through $A626 and dispatched at $A559-$A589)	A	A,P	$75DA,$75DB,$82	$8AB5,$A0E5,$A113
13	9FE2	SelectEligibleFallbackSlotAcrossFourRecords	Pointer $13:$A656 (Four 12-entry battle-AI action/effect callback tables selected through $A626 and dispatched at $A559-$A589)	A	A,P	$75D2,$82	$8AB5,$9406,$A043,$A085,$AD0E
13	A00D	ResetState21SelectionWhenTwoSlotsQualify	Pointer $13:$A658 (Four 12-entry battle-AI action/effect callback tables selected through $A626 and dispatched at $A559-$A589)	A	A,P	$75D2,$75DA,$75DB,$7B,$82	$8AB5,$A043
13	A043	CheckBattleSlotEligibleForStateSelection	Direct call from $13:$9FF4; Direct call from $13:$A01A	A,X,Y	A,P,X,Y	$00	$8176,$83AA,$861C,$8866,$89B6,$89F5,$A0C0
13	A085	CheckBattleActionScoreThreshold	Direct call from $13:$9FEB	A,X	A,P,X,Y	$00,$01	$8176,$83AA,$A0A5
13	A0A5	SumActionScoreWords	Direct call from $13:$A085	A	A,P,X,Y	$81,$94,$95	$9D76,$C81D
13	A0C0	SumBattleRecordBasePointers	Direct call from $13:$A060	A,Y	A,P,Y	$00,$01,$81	$8D77
13	A0E5	BuildBattleActionGateMask	Direct call from $13:$9FC7	A,X	A,P,X	$7C,$81,$94	$96C6,$A42F
13	A113	SelectBestBattleSlotPair	Direct call from $13:$9FCC	A,X,Y	A,P,X,Y	$7B,$7C,$7D,$82,$8A	$8176,$83AA,$8866,$89B6,$89F5,$A199,$A1B8
13	A199	ComputeBattleSlotPairHalfDifference	Direct call from $13:$A14E	A,Y	A,P,Y	$02,$03,$0C,$0D,$0E,$0F	$8823
13	A1B8	SelectStrongestBattleSlotPair	Direct call from $13:$A113	A,X,Y	A,P,X,Y	$8B,$8C,$8D,$8E	$86C7
13	A1F2	CheckBattleActionSpecialRange	Direct call from $13:$9FBE	A,X,Y	A,P,X,Y	$00,$00+X,$01,$7B,$7C,$7D,$81	$899C
13	A221	FinishSpecialBattleActionScan	Tail jump from $13:$A273	A,X,Y	A,P,X,Y	$00,$00+X,$01,$81	$899C
13	A276	CheckBattleActionCountThreshold	Direct call from $13:$9FAF	A,X,Y	A,P,X,Y	$00,$01,$02,$03,$04,$81	$8176,$83AA,$899C
13	A2E7	CheckBattleRecordPairThreshold	Direct call from $13:$9F96	A,Y	A,P,X,Y	$7B,$7C,$7D,$7E,$81,$82	$83AA,$8842,$8856,$8A6B
13	A366	SumBattleAiTotals	Direct call from $13:$9F85	A	A,P	$0E,$0F,$75E1,$75E2,$75E3,$81,$8C	$8602,$A3B2,$A4C8,$ACB1
13	A3B2	LoadEligibleBattleAiValue	Direct call from $13:$9F66; Direct call from $13:$A37A	A,X	A,P,X	$7C	$8811,$9276,$96C6,$A42F
13	A3D9	IsBattleActionClassFourExceptSpecialIds	Direct call from $13:$9F5A; Direct call from $13:$9F76	A	A,P		$9406
13	A3F1	SelectHighestBattleSlotPair	Direct call from $13:$9F5F; Direct call from $13:$9F7B	A,X,Y	A,P,X,Y	$75DF,$75E0,$82	$8719,$8866,$89B6
13	A42F	InitializeBattleActionProjection	Direct call from $13:$A107; Direct call from $13:$A3C1	A	A,P	$81,$94	$A444,$A488
13	A444	SelectBattleActionMask	Direct call from $13:$A432	A,X,Y	A,P,X,Y	$0C,$0D,$7B,$82	$8866,$89B6,$A5AA
13	A488	AccumulateBattleAiBitfields	Direct call from $13:$A43D	A,X	A,P,X	$02,$03,$7C,$81,$94,$95	$92E2
13	A4C8	AccumulateBattleAiScore	Direct call from $13:$A390	A	A,P	$75E3	
13	A4DC	ResetBattleActionStateSelection	Direct call from $13:$9F9B; Direct call from $13:$9FB4; Direct call from $13:$9FC3	A	A,P	$75DA,$75DB	
13	A4E8	ScaleTwentyFieldPairsAcrossEightRecords	Direct call from $13:$8F4A	A,X	A,P,X	$00,$81	$8D77,$8F16,$A509
13	A509	ScaleBattleFieldOffsets	Direct call from $13:$A4FA	A,X,Y	A,P,X,Y	($88),Y,$94,$95	$81A5,$8330,$C813
13	A54C	EmptyBattleAiCallback	Pointer $13:$A694 (Four 12-entry battle-AI action/effect callback tables selected through $A626 and dispatched at $A559-$A589)		P		
13	A54D	DispatchBattleAiCallback	Direct call from $13:$AF1A; Direct call from $13:$AF32; Direct call from $13:$AF37; Direct call from $13:$AF3F; Direct call from $13:$AF50; Direct call from $13:$AF55; Direct call from $13:$AF5A; Direct call from $13:$AF5F; Direct call from $13:$AF64; Direct call from $13:$AF69; Direct call from $13:$AF7C; Direct call from $13:$AF81; Direct call from $13:$AF86; Direct call from $13:$AF8B; Direct call from $13:$AF9F; Direct call from $13:$AFA4; Direct call from $13:$AFA9; Direct call from $13:$AFAE; Direct call from $13:$AFB3; Direct call from $13:$AFB8; Direct call from $13:$AFBD; Direct call from $13:$AFC2; Direct call from $13:$AFCA; Direct call from $13:$AFCF; Direct call from $13:$AFD4; Direct call from $13:$AFE4; Direct call from $13:$AFF8; Direct call from $13:$AFFD; Direct call from $13:$B002; Direct call from $13:$B007; Direct call from $13:$B00C; Direct call from $13:$B011; Direct call from $13:$B016; Direct call from $13:$B01B; Direct call from $13:$B023; Direct call from $13:$B028; Direct call from $13:$B038; Direct call from $13:$B03D	A,X,Y	A,P,X,Y	$75D3,$75F0,$86,$87,$88,$89	$A58D,$A5FC
13	A58D	CheckBattleAiStateThreshold	Direct call from $13:$A554; Direct call from $13:$A8E5	A,Y	A,P	$0C,$0D	$A5AA
13	A5AA	CheckBattleAiStateMatch	Direct call from $13:$A461; Direct call from $13:$A594; Direct call from $13:$AD62; Direct call from $13:$AED7	A,X,Y	A,P,X,Y	$00,$01,$0F,$86,$87	$89B6,$A61A,$C813
13	A5FC	CanUseBattleAiSlot	Direct call from $13:$A54E	A,Y	A,P,Y		$89F5
13	A61A	MultiplyBattleStateIndexByTwelve	Direct call from $13:$A5AA; Direct call from $13:$A5C7	A	A,P	$00	
13	A6C6	ScanActionScoreRecordsFromZero	Direct call from $13:$AF13; Direct call from $13:$AF4B; Direct call from $13:$AF9A; Direct call from $13:$AFF3; Direct call from $13:$B04C	A,X,Y	A,P,X,Y	$75F1,$79,$7A	$89B6,$A703,$A73C
13	A6CA	ScanActionScoreRecordsFromTwo	Direct call from $13:$AF22; Direct call from $13:$AF6C; Direct call from $13:$AFC5; Direct call from $13:$B01E; Direct call from $13:$B04F	A,X,Y	A,P,X,Y	$75F1,$79,$7A	$89B6,$A703,$A73C
13	A6CE	ScanActionScoreRecordsFromFour	Direct call from $13:$AF25; Direct call from $13:$AF6F; Direct call from $13:$AFD7; Direct call from $13:$B02B; Direct call from $13:$B052	A,X,Y	A,P,X,Y	$75F1,$79,$7A	$89B6,$A703,$A73C
13	A6D2	ScanActionScoreRecordsFromSix	Direct call from $13:$AF3A; Direct call from $13:$AF8E; Direct call from $13:$AFE7; Direct call from $13:$B040; Direct call from $13:$B05D	A,X,Y	A,P,X,Y	$75F1,$79,$7A	$89B6,$A703,$A73C
13	A703	FindActionScoreRecordById	Direct call from $13:$A6ED	A,X,Y	A,P,X,Y	$00,$01,$7355,$75D3,$86,$87	
13	A73C	DispatchActionScoreRecordHandler	Direct call from $13:$A6F2	A	A,P	$75F0	
13	A797	EvaluateBattleAiState	Direct call from $13:$A9B2; Pointer $13:$8026 (28-entry code dispatch table; first target is $8038)	A,X,Y	A,P,X,Y	$00,$01,$02,$03,$04,$05	$89F5,$8A6B,$A85B,$A8AA
13	A85B	TestBattleCharacterRecordPattern	Direct call from $13:$A806; Tail jump from $13:$A8BD	A,X,Y	A,P,X,Y	$06,$07,$08	
13	A8AA	LoadBattleCharacterRecordPattern	Direct call from $13:$A7CB; Direct call from $13:$A834	A,X,Y	A,P,X,Y	$03,$04,$05,$06,$07,$08	$899C
13	A8C0	TestBattleModeBelowFour	Guarded flow recovery: Coherent routine block immediately after JMP $A8BD; 3 instructions, returns	A	A,P		
13	A8D5	ClearBattleAiCounters	Direct call from $13:$A8C6	A	A,P	$75F3,$75F4,$75F5	
13	A8E1	BuildBattleAiBitfieldPair	Direct call from $13:$A8C9	A,X,Y	A,P,X	$75F3,$75F4	$A58D
13	A906	BuildBattleAiStatusBits	Direct call from $13:$A8CC	A,Y	A,P,Y		$89B6
13	A92E	RotateBattleAiStateBits	Direct call from $13:$A8CF	A,X	A,P,X	$75F0	
13	A9C2	EvaluateBattleAiBounds	Direct call from $13:$ACAB; Tail jump from $13:$95C2; Tail jump from $13:$9634; Tail jump from $13:$96AA; Tail jump from $13:$9733; Tail jump from $13:$9763	A	A,P	$0F,$75D4,$75D5,$75D6,$75D9,$75DB,$75E5,$75EC	$AA54,$AA67,$AB59
13	AA54	RefreshBattleAiState	Direct call from $13:$AA4D; Direct call from $13:$ABF3; Direct call from $13:$AC9F; Direct call from $13:$AD0A	A	A,P	$75DA,$75F2	
13	AA67	ComputeBattleAiCoordinate	Direct call from $13:$A9C8	A,Y	A,P,X,Y	$08,$09,$0A,$0B,$0C,$0D,$0E,$0F,$1A	$8176,$8330,$8366,$83AA,$8454,$C813
13	AB59	CheckBattleSlotDistance	Direct call from $13:$AA23	A,X,Y	A,P,X,Y	$08,$09,$0D,$0E,$0F	$83F4,$89B6
13	AB92	UpdateActionScoreStateIfImproved	Tail jump from $13:$999C	A	A,P	$0E,$75D4,$75D5,$75D7,$75D8,$75DB,$75E5,$75E6,$75E7	$AA54,$ABF7,$AC09,$AC19,$AC3C
13	ABCA	CommitActionScoreState	Tail jump from $13:$9930	A	A,P	$75D4,$75D5,$75D7,$75D8,$75DB,$75E5,$75E6,$75E7	$AA54
13	ABF7	SubtractBattleSlotRangeOffset	Direct call from $13:$ABA4	A	A,P		
13	AC09	SubtractBattleRecordBaseOffset	Direct call from $13:$AB9F	A,X	A,P,X		
13	AC19	LoadBattleAiWord	Direct call from $13:$ABA9	A	A,P	$0A,$0B	
13	AC22	ScaleBattleAiWord	Guarded flow recovery: Coherent routine block immediately after RTS $AC21; 12 instructions, jumps and merges into existing code	A,X	A,P,X	$00+X,$01+X,$0A,$0B	$8330
13	AC3C	LoadBattleAiBaseScore	Direct call from $13:$ABAC	A	A,P	$0C,$0D	
13	AC46	LoadScaledBattleAiBaseScore	Guarded flow recovery: Coherent routine block immediately after RTS $AC45; 12 instructions, jumps and merges into existing code	A,X	A,P,X	$00+X,$01+X,$0C,$0D	$8330
13	AC63	UpdateBattleAiRangeLimit	Direct call from $13:$9DAC; Direct call from $13:$9E87; Direct call from $13:$9EBF	A	A,P	$75D4,$75D5,$75DB,$75E5,$75E6	$AA54
13	ACA3	ClearActionScoreTotalsAndValidate	Tail jump from $13:$9CAF; Tail jump from $13:$9CD9; Tail jump from $13:$9D52	A	A,P	$75E1,$75E2	$A9C2
13	ACB1	ComputeBattleAiRatio	Direct call from $13:$9F6E; Direct call from $13:$A3AE	A	A,P,X,Y	$0A,$0B,$0C,$0D,$75D4,$75D5,$75DB	$8176,$819A,$83AA,$AA54
13	AD0E	ClampBattleAiTarget	Direct call from $13:$A001	A	A,P	$75D4,$75DA,$75DB	
13	AD26	ResolveBattleAiWindow	Direct call from $13:$981D	A,X,Y	A,P,X,Y	$00,$0C,$0D,$8C,$8D,$95	$8198,$86D6,$8719,$87D9,$8823,$8866,$A5AA,$ADC0,$C851
13	ADA0	TestBattleSlotStateTag	Guarded flow recovery: Coherent routine block immediately after RTS $AD9F; 15 instructions, returns and merges into existing code	A,X,Y	A,P,X,Y		$8A6B,$ADC0
13	ADC0	UpdateBattleAiProjection	Direct call from $13:$AD83; Direct call from $13:$ADBB	A,X	A,P,X	$04,$8A,$8B,$94,$95	$819A,$9304,$C851
13	AE11	AccumulateBattleAiSlots	Direct call from $13:$811D	A,Y	A,P,X,Y	$00,$01,$0C,$0D,$7368,$75EF,$7B,$82,$8A,$8B,$8C,$94,$95	$8187,$8330,$89F5,$8A6B,$A5AA,$AEA6,$AEAF,$AEB4,$C81D
13	AEA6	SubtractBattleSlotMetricFromTableA	Direct call from $13:$AE46	X	A,P,X		$AEC0,$C7FB
13	AEAF	HalveBattleSlotMetric	Direct call from $13:$AE57	A	A,P	$8B,$8C	
13	AEB4	SubtractBattleSlotMetricFromTableB	Direct call from $13:$AE4F	X	A,P,X		$AEC0,$C7FB
13	AEBA	SubtractFromBattleSlotMetric	Tail jump from $13:$AEAC		P,X		$C7FB
13	AEC0	ClampBattleStateIndexToEight	Direct call from $13:$AEA6; Direct call from $13:$AEB4	X	P,X		
13	AECA	ComputeMaximumBattleStateContribution	Tail jump from $13:$AEA3	A,Y	A,P,X	$00,$01,$0C,$0D,$75EF,$7B	$8187,$8330,$A5AA
13	AF10	EvaluateDescendingThenFinalActionScores	Pointer $13:$807E (Eight-entry battle-state handler table selected by doubled state $75E8 at $8062-$8071)	A,X	A,P,X	$7300+X,$7324+X	$9135,$91A0,$9584,$A54D,$A6C6,$A6CA,$A6CE,$A6D2,$B0E0
13	AF48	EvaluatePrimaryAndLateActionScores	Pointer $13:$8080 (Eight-entry battle-state handler table selected by doubled state $75E8 at $8062-$8071)	A,X	A,P,X	$7300+X,$7324+X	$9135,$91A0,$9584,$A54D,$A6C6,$A6CA,$A6CE,$A6D2,$B0E0
13	AF97	EvaluatePrimaryLateThenDeferredActionScore	Pointer $13:$807C (Eight-entry battle-state handler table selected by doubled state $75E8 at $8062-$8071)	A,X	A,P,X	$7300+X,$7324+X	$9135,$91A0,$9584,$A54D,$A6C6,$A6CA,$A6CE,$A6D2,$B0E0
13	AFF0	EvaluateOuterThenMiddleActionScores	Pointer $13:$807A (Eight-entry battle-state handler table selected by doubled state $75E8 at $8062-$8071)	A,X	A,P,X	$7300+X,$7324+X	$9135,$91A0,$9584,$A54D,$A6C6,$A6CA,$A6CE,$A6D2,$B0E0
13	B049	RunBattleAiSetup	Pointer $13:$8082 (Eight-entry battle-state handler table selected by doubled state $75E8 at $8062-$8071); Pointer $13:$8084 (Eight-entry battle-state handler table selected by doubled state $75E8 at $8062-$8071); Pointer $13:$8086 (Eight-entry battle-state handler table selected by doubled state $75E8 at $8062-$8071)	A,X	A,P,X	$7300+X,$7324+X	$9135,$91A0,$9584,$A6C6,$A6CA,$A6CE,$A6D2,$B0E0
13	B066	ProcessChapterFiveBattleSlots	Pointer $13:$8016 (28-entry code dispatch table; first target is $8038)	A,X	A,P,X		$B08C
13	B08C	ApplySlotChanceMask	Direct call from $13:$B083	A,X,Y	A,P,X	$01,$619B+X	$B0B4,$B0BD,$C891
13	B0B4	SelectSlotChanceBit	Direct call from $13:$92B1; Direct call from $13:$B08D	A,Y	A,P,Y		$B0BD
13	B0BD	AndSlotChanceMask	Direct call from $13:$B09A; Direct call from $13:$B0B4	A	A,P		$B0C3
13	B0C3	LoadSlotChanceMask	Direct call from $13:$B0BD	A,X,Y	A,P,X,Y	$00	
13	B0E0	UpdateBattleStateFlags	Direct call from $13:$AF42; Direct call from $13:$AF91; Direct call from $13:$AFEA; Direct call from $13:$B043; Direct call from $13:$B060	A,Y	A,P,X,Y	$00,$01,$02,$03,$04,$75DA,$75DB	$83F4,$89B6,$B132
13	B132	FindAvailableBattleSlot	Direct call from $13:$B0EF	A,X,Y	A,P,Y		$B14B
13	B14B	FindBattleSlotOrdinal	Direct call from $13:$B136	A,X,Y	A,P,X	$00	
13	B15F	AddScaledOffsetToAccumulatorGFromWindowCC0	Pointer $13:$8BAF (103-entry battle-action handler table for IDs $00-$66; bytes $8C59-$8C5A begin following code)	A	A,P	$75B1,$75B2	$8198,$8236,$8875
13	B16A	AddScaledOffsetToAccumulatorCFromBattleMask	Pointer $13:$8BB1 (103-entry battle-action handler table for IDs $00-$66; bytes $8C59-$8C5A begin following code)	A	A,P	$75B5,$75B6	$8198,$8236,$B1E5
13	B175	AccumulateWindowCC0WithScore	Pointer $13:$8BAB (103-entry battle-action handler table for IDs $00-$66; bytes $8C59-$8C5A begin following code)	A	A,P	$75B9,$75BA	$8236,$8275,$82C9,$8875,$8930,$B190,$B1E5
13	B190	ScaleBattlePointerByTwelve	Direct call from $13:$B178; Direct call from $13:$B181; Direct call from $13:$B18A; Direct call from $13:$B1F1; Direct call from $13:$B1FA; Direct call from $13:$B203	A,X	A,P,X	$00+X,$01+X,$19	$8330
13	B195	AccumulateBattleMaskAndWindowWithScore	Pointer $13:$8BAD (103-entry battle-action handler table for IDs $00-$66; bytes $8C59-$8C5A begin following code)	A	A,P	$75B9,$75BA	$8236,$8275,$82C9,$8875,$8930,$B1B0,$B1E5
13	B1B0	ScaleBattlePointerByTwentyFour	Direct call from $13:$B198; Direct call from $13:$B1A1; Direct call from $13:$B1AA; Direct call from $13:$B280; Direct call from $13:$B289; Direct call from $13:$B292	A	A,P	$94,$95	$8198,$8231
13	B1B8	AccumulateBattleWindowTriplet	Pointer $13:$8BB3 (103-entry battle-action handler table for IDs $00-$66; bytes $8C59-$8C5A begin following code)	A	A,P	$75B9,$75BA,$94,$95	$81E0,$8236,$8275,$82C9,$8875,$8930,$B1E5
13	B1DF	LoadBattleOffsetFromFilteredParty14	Direct call from $13:$B1EE; Direct call from $13:$B209; Direct call from $13:$B229; Direct call from $13:$B262; Direct call from $13:$B27D; Direct call from $13:$B3FE; Direct call from $13:$B427	A	A,P	$0E,$0F,$94,$95	$873B,$87D9
13	B1E5	LoadBattleOffsetFromFilteredPartyD4	Direct call from $13:$B16A; Direct call from $13:$B175; Direct call from $13:$B195; Direct call from $13:$B1B8	A	A,P	$0E,$0F,$94,$95	$8737,$87D9
13	B1E8	ComputeFilteredPartyBattleExtent	Tail jump from $13:$B1E2	A	A,P	$0E,$0F,$94,$95	$87D9
13	B1EE	AccumulateBattleWindowPrimaryValue	Pointer $13:$8C0F (103-entry battle-action handler table for IDs $00-$66; bytes $8C59-$8C5A begin following code)	A	A,P	$75BB,$75BC	$8236,$828A,$82DE,$8879,$8934,$B190,$B1DF
13	B209	AccumulateFilteredPartyWindowScaledBySix	Pointer $13:$8C15 (103-entry battle-action handler table for IDs $00-$66; bytes $8C59-$8C5A begin following code)	A	A,P	$75BB,$75BC	$8236,$828A,$82DE,$8879,$8934,$B1DF,$B224
13	B224	ScaleBattlePointerBySix	Direct call from $13:$B20C; Direct call from $13:$B215; Direct call from $13:$B21E	A,X	A,P,X	$00+X,$01+X,$19	$8330
13	B229	AccumulateBattleWindowBaseValue	Pointer $13:$8C13 (103-entry battle-action handler table for IDs $00-$66; bytes $8C59-$8C5A begin following code)	A	A,P	$75BB,$75BC	$8236,$828A,$82DE,$8879,$8934,$B1DF
13	B23B	AccumulateBattleWindowIfStatusClear	Pointer $13:$8C17 (103-entry battle-action handler table for IDs $00-$66; bytes $8C59-$8C5A begin following code)	A	A,P	$75B3,$75B4	$8198,$8236,$8879
13	B24C	AccumulateBattleWindowExpandedValue	Pointer $13:$8BBF (103-entry battle-action handler table for IDs $00-$66; bytes $8C59-$8C5A begin following code)	A	A,P	$75B1,$75B2	$8198,$8236,$886B
13	B257	AccumulateBattleWindowSecondaryValue	Pointer $13:$8BC1 (103-entry battle-action handler table for IDs $00-$66; bytes $8C59-$8C5A begin following code)	A	A,P	$75B1,$75B2	$8198,$8236,$886B
13	B262	AccumulateBattlePointerTriple	Pointer $13:$8C01 (103-entry battle-action handler table for IDs $00-$66; bytes $8C59-$8C5A begin following code)	A	A,P	$75BB,$75BC,$94,$95	$8198,$81E0,$8236,$828A,$8934,$B1DF
13	B27D	AccumulateFilteredPartyWindowScaledByTwentyFour	Pointer $13:$8C4F (103-entry battle-action handler table for IDs $00-$66; bytes $8C59-$8C5A begin following code)	A	A,P	$75BB,$75BC	$8236,$828A,$82DE,$8879,$8934,$B1B0,$B1DF
13	B298	AccumulateBattleWindowCarryValue	Pointer $13:$8C57 (103-entry battle-action handler table for IDs $00-$66; bytes $8C59-$8C5A begin following code)	A	A,P	$75B3,$75B4	$8198,$8236,$8879
13	B2A3	AccumulateBattleScorePrimaryTotal	Pointer $13:$8BBB (103-entry battle-action handler table for IDs $00-$66; bytes $8C59-$8C5A begin following code)	A	A,P	$75B1,$75B2	$8236,$B2BA
13	B2AB	AccumulateBattleScoreSecondaryTotal	Pointer $13:$8BFB (103-entry battle-action handler table for IDs $00-$66; bytes $8C59-$8C5A begin following code); Pointer $13:$8BFD (103-entry battle-action handler table for IDs $00-$66; bytes $8C59-$8C5A begin following code); Pointer $13:$8BFF (103-entry battle-action handler table for IDs $00-$66; bytes $8C59-$8C5A begin following code)	A,X	A,P,X	$75B3,$75B4	$8236,$B2BA
13	B2BA	ResolveBattleAiScore	Direct call from $13:$B2A5; Direct call from $13:$B2B1	A,X	A,P,X	$00,$00+X,$01+X,$0E,$0F,$19,$94,$95	$8330,$86E5,$C813,$C851
13	B392	AccumulatePerSlotLowBattleExtents	Direct call from $13:$B3FB; Direct call from $13:$B424; Pointer $13:$8BEF (103-entry battle-action handler table for IDs $00-$66; bytes $8C59-$8C5A begin following code); Pointer $13:$8C53 (103-entry battle-action handler table for IDs $00-$66; bytes $8C59-$8C5A begin following code); Tail jump from $13:$B421	A,X	A,P,X		$8236,$8784,$8823,$B3D7,$B3EB,$C813
13	B3B2	AddScaledClassExtentToAllSlots	Pointer $13:$8BF1 (103-entry battle-action handler table for IDs $00-$66; bytes $8C59-$8C5A begin following code)	A,X	A,P,X	$94,$95	$8236,$B3D7,$B3EB
13	B3B5	AddClassBattleExtentToAllSlots	Tail jump from $13:$B3D4	A,X	A,P,X	$94,$95	$8236,$B3D7
13	B3CA	AddFivefoldClassExtentToAllSlots	Pointer $13:$8BF3 (103-entry battle-action handler table for IDs $00-$66; bytes $8C59-$8C5A begin following code)	A,X	A,P,X	$94,$95	$8236,$B3D7,$B3EB,$C827
13	B3D7	AddBattleExtentPair	Direct call from $13:$B3A9; Direct call from $13:$B3C3	A,Y	A,P,Y	$75A3+Y,$75A4+Y	
13	B3EB	LoadBattleCharacterClassBits	Direct call from $13:$B392; Direct call from $13:$B3B2; Direct call from $13:$B3CA	A,Y	A,P,X,Y		$899C
13	B3FB	AccumulateBattleExtentWindowAWithScore	Pointer $13:$8BF5 (103-entry battle-action handler table for IDs $00-$66; bytes $8C59-$8C5A begin following code)	A	A,P	$75BB,$75BC	$8236,$828A,$82DE,$8879,$8934,$B1DF,$B392,$B419
13	B419	ScaleBattlePointerByTwelveAndDivide	Direct call from $13:$B401; Direct call from $13:$B40A; Direct call from $13:$B413	A	A,P	$94,$95	$8198,$8231
13	B421	AccumulatePerSlotLowBattleExtentsEntry	Pointer $13:$8BF7 (103-entry battle-action handler table for IDs $00-$66; bytes $8C59-$8C5A begin following code)	A,X	A,P,X		$8236,$8784,$8823,$B3D7,$B3EB,$C813
13	B424	AccumulateBattleExtentWindowAWithDivision	Pointer $13:$8BF9 (103-entry battle-action handler table for IDs $00-$66; bytes $8C59-$8C5A begin following code)	A	A,P	$75BB,$75BC	$81E0,$8236,$828A,$82DE,$8879,$8934,$B1DF,$B392
13	B442	AddHalfBattleExtentToFinalTotal	Pointer $13:$8BB7 (103-entry battle-action handler table for IDs $00-$66; bytes $8C59-$8C5A begin following code)	A	A,P	$75BD,$75BE	$81E0,$8236,$87B9
13	B44B	AccumulateBattleExtentWindowIWithBias	Pointer $13:$8BB9 (103-entry battle-action handler table for IDs $00-$66; bytes $8C59-$8C5A begin following code)	A	A,P,X	$75BD,$75BE,$94,$95	$8198,$8236,$87B9,$C813
13	B461	ReturnZeroBattleExtent	Pointer $13:$8BB5 (103-entry battle-action handler table for IDs $00-$66; bytes $8C59-$8C5A begin following code); Pointer $13:$8C11 (103-entry battle-action handler table for IDs $00-$66; bytes $8C59-$8C5A begin following code); Pointer $13:$8C1B (103-entry battle-action handler table for IDs $00-$66; bytes $8C59-$8C5A begin following code); Pointer $13:$8C1D (103-entry battle-action handler table for IDs $00-$66; bytes $8C59-$8C5A begin following code); Pointer $13:$8C1F (103-entry battle-action handler table for IDs $00-$66; bytes $8C59-$8C5A begin following code); Pointer $13:$8C21 (103-entry battle-action handler table for IDs $00-$66; bytes $8C59-$8C5A begin following code); Pointer $13:$8C23 (103-entry battle-action handler table for IDs $00-$66; bytes $8C59-$8C5A begin following code); Pointer $13:$8C25 (103-entry battle-action handler table for IDs $00-$66; bytes $8C59-$8C5A begin following code); Pointer $13:$8C27 (103-entry battle-action handler table for IDs $00-$66; bytes $8C59-$8C5A begin following code); Pointer $13:$8C29 (103-entry battle-action handler table for IDs $00-$66; bytes $8C59-$8C5A begin following code); Pointer $13:$8C2B (103-entry battle-action handler table for IDs $00-$66; bytes $8C59-$8C5A begin following code); Pointer $13:$8C2D (103-entry battle-action handler table for IDs $00-$66; bytes $8C59-$8C5A begin following code); Pointer $13:$8C2F (103-entry battle-action handler table for IDs $00-$66; bytes $8C59-$8C5A begin following code); Pointer $13:$8C31 (103-entry battle-action handler table for IDs $00-$66; bytes $8C59-$8C5A begin following code); Pointer $13:$8C33 (103-entry battle-action handler table for IDs $00-$66; bytes $8C59-$8C5A begin following code); Pointer $13:$8C35 (103-entry battle-action handler table for IDs $00-$66; bytes $8C59-$8C5A begin following code); Pointer $13:$8C37 (103-entry battle-action handler table for IDs $00-$66; bytes $8C59-$8C5A begin following code); Pointer $13:$8C39 (103-entry battle-action handler table for IDs $00-$66; bytes $8C59-$8C5A begin following code); Pointer $13:$8C3B (103-entry battle-action handler table for IDs $00-$66; bytes $8C59-$8C5A begin following code); Pointer $13:$8C3D (103-entry battle-action handler table for IDs $00-$66; bytes $8C59-$8C5A begin following code); Pointer $13:$8C3F (103-entry battle-action handler table for IDs $00-$66; bytes $8C59-$8C5A begin following code); Pointer $13:$8C41 (103-entry battle-action handler table for IDs $00-$66; bytes $8C59-$8C5A begin following code); Pointer $13:$8C47 (103-entry battle-action handler table for IDs $00-$66; bytes $8C59-$8C5A begin following code)		P		
13	B462	ResolveBattleStatusBitfield	Pointer $13:$8028 (28-entry code dispatch table; first target is $8038)	A,Y	A,P,Y	$6E,$82	$8A6B
13	B489	RollActionEffectAmount	Pointer $13:$800E (28-entry code dispatch table; first target is $8038)		P		$B496,$B4BA,$B4E8,$B573
13	B496	ApplyActionDamageModifierA	Direct call from $13:$B48C	A	A,P	$04	$B553
13	B4BA	ApplyActionDamageModifierB	Direct call from $13:$B48F	A,X	A,P,X	$00	
13	B4E8	ResolveActionEffectRollMode	Direct call from $13:$B492	A	P	$03	
13	B553	StoreRolledActionEffectAmount	Direct call from $13:$B4B5; Direct call from $13:$B4DB; Direct call from $13:$B53C; Pointer $13:$8010 (28-entry code dispatch table; first target is $8038)	A	A,P,X	$00,$01	
13	B573	ResolveActionEffectRollTablePointer	Direct call from $13:$B489; Pointer $13:$8002 (28-entry code dispatch table; first target is $8038)	A,X	A,P,X	$00,$01	$B5AD
13	B5AD	ResolveActionEffectRollCode	Direct call from $13:$B575		P		
13	B5BC	MapActionEffectRollCode	Direct call from $13:$91F6	A,X	A,P,X		
13	B5E4	LoadActionEffectRollWindow	Pointer $13:$800A (28-entry code dispatch table; first target is $8038)	A,X	A,P,X	$00,$70,$7D	$B61D
13	B61D	ResolveActionEffectRollIndex	Direct call from $13:$B5EC		P		
13	B620	MapActionEffectRollIndex	Direct call from $13:$934D	A,X	A,P,X		
13	B66B	ResolveTargetResistanceLevel	Direct call from $13:$B718; Pointer $13:$8004 (28-entry code dispatch table; first target is $8038)	A	A,P		
13	B6CB	ClampTargetResistanceLevel	Direct call from $13:$B68C; Direct call from $13:$B6C5	A	P	$00	
13	B6DD	StoreTargetResistanceLevel	Direct call from $13:$B68F	A	P	$00	
13	B6E0	ComputeTargetResistanceChance	Guarded flow recovery: Coherent routine block immediately after RTS $B6DF; 28 instructions, 2 BRK service calls, returns		A,P		
13	B718	RollTargetResistsAction	Pointer $13:$800C (28-entry code dispatch table; first target is $8038)	A	A,P	$00	$B66B
13	B72E	LoadPresentationTableByteA	Pointer $13:$8006 (28-entry code dispatch table; first target is $8038)	X	A,P		
13	B732	LoadPresentationTableByteB	Pointer $13:$8008 (28-entry code dispatch table; first target is $8038)	X	A,P		
13	B90B	CheckActionTypeAtLeastTerminal	Direct call from $13:$B915; Pointer $13:$8012 (28-entry code dispatch table; first target is $8038)	A	A,P		$B953
13	B915	ResolveActionTypeOrZero	Pointer $13:$8014 (28-entry code dispatch table; first target is $8038)	A,X	A,P,X	$6E10	$B90B,$B953
13	B930	RotateActionAttributesThroughCarry	Direct call from $13:$8912; Pointer $13:$8018 (28-entry code dispatch table; first target is $8038)	A	A,P		$B953
13	B937	CheckActionTargetClassIsZeroOrThree	Pointer $13:$801A (28-entry code dispatch table; first target is $8038)	A	A,P		$B953
13	B949	MapActionTargetClassToOrdinal	Pointer $13:$801C (28-entry code dispatch table; first target is $8038)	A	A,P		$B953
13	B953	LoadActionAttributes	Direct call from $13:$B90C; Direct call from $13:$B91D; Direct call from $13:$B931; Direct call from $13:$B938; Direct call from $13:$B949	A,X	A,P,X	$6E10	
14	8034	Bank14_BattleDisplayServices	Pointer $14:$8020 (26-entry code dispatch table followed by code at $8034)	A,X	A,P,X	$0444+X,$05FC+X,$05FD,$06A0+X,$6E49+X,$C7,$C9,$CA	$8211,$C5AF
14	812F	BattleDisplay_RefreshCombatantVisualState	Pointer $14:$8014 (26-entry code dispatch table followed by code at $8034)	A,X,Y	A,P,X,Y	$0440+X,$6E49+X,$C4,$C5,$C6,$C7	$81CF,$81F4,$85AB,$91D3,$926B,$9292,$92EF,$93AB,$93F2,$9439,$946E,$9496,$9682,$9686,$969C,$9ADD,$9B4E,$9C4A,$9C54,$9C71,$9F0C,$C5AF,$FF74
14	81CF	BattleDisplay_RebuildBattleOamFromDisplaySlots	Direct call from $14:$8129; Direct call from $14:$81C6	A,X	A,P,X	$0200+X,$4014,$C7	$9822,$C58F
14	81F4	BattleDisplay_CompactFrontCombatantSlots	Direct call from $14:$81B0	A,X	A,P,X	$6E45+X,$6E49+X	
14	8211	BattleDisplay_ClearResolvedDisplaySlot	Direct call from $14:$8038	A,X	A,P,X	$738D+X,$C7	$82CC,$9ED1
14	8220	BattleDisplay_RemoveResolvedDisplaySlot	Pointer $14:$8000 (26-entry code dispatch table followed by code at $8034)	A,X	A,P,X	$738D+X,$C7	$822F,$9ED1
14	822F	BattleDisplay_RunResolvedDisplaySlotRemoval	Direct call from $14:$8226; Direct call from $14:$8885; Direct call from $14:$88E4; Direct call from $14:$8A2E	A,X	A,P,X,Y	$0300,$0301,$0302,$0303+X,$04,$0440+X,$0444+X,$0448+X,$050B,$0690+X,$0698+X,$06A0+X,$1F,$C4,$C6	$8367,$837F,$83B7,$9A40,$9AC6,$9B8C,$9C1D,$9E7F,$C5B9,$C62D,$FF74
14	82CC	BattleDisplay_RemoveCurrentDisplaySlotAndCollapseDisplay	Direct call from $14:$8217	A,X	A,P,X	$0440+X,$0444+X,$0448+X,$0690+X,$0698+X,$06A0+X,$C4,$C6	$9A40,$9AC6,$9B8C,$9E7F
14	82CF	RemoveQueuedCombatantSlot	Tail jump from $14:$82C9	A,X	A,P,X	$0440+X,$0444+X,$0448+X,$0690+X,$0698+X,$06A0+X,$C4,$C6	$9AC6,$9B8C,$9E7F
14	82E9	BattleDisplay_BlinkResolvedDisplaySlot	Pointer $14:$8002 (26-entry code dispatch table followed by code at $8034)	A,X	A,P,X,Y	$00,$01,$C7	$8364,$8367,$83A5,$83B7,$9653,$9665,$9ED1,$C5B9,$C90C
14	8364	BattleDisplay_JumpViaScratchPointer	Direct call from $14:$8347; Direct call from $14:$A403		P		
14	8367	BattleDisplay_CheckSpecialBlinkGate	Direct call from $14:$822F; Direct call from $14:$82E9		P,X		
14	837F	BattleDisplay_FlashBattlePatternFill	Direct call from $14:$8240; Direct call from $14:$8245; Direct call from $14:$824A; Direct call from $14:$824F		P,X		$83A5,$C5B9,$C90C,$EEC6
14	83A5	BattleDisplay_FillBattlePatternBufferWithSentinels	Direct call from $14:$830C; Direct call from $14:$837F	A	A,P	$0606,$060A,$060D,$060F	$83B7
14	83B7	BattleDisplay_FillBattlePatternBuffer	Direct call from $14:$8265; Direct call from $14:$82F9; Direct call from $14:$83A5	A,Y	P,Y	$05FC+Y	
14	83C2	BattleDisplay_RunBattleScreenShake	Pointer $14:$8004 (26-entry code dispatch table followed by code at $8034)	A,X,Y	A,P,X,Y	$00+X,$0508+Y,$D6,$D7	$C73E,$C770,$C90C,$FF74
14	8414	BattleDisplay_RunSlowBattlePatternWipe	Pointer $14:$8008 (26-entry code dispatch table followed by code at $8034)	A,X,Y	A,P,X,Y	$05FB+X,$2001,$D6	$9653,$9665,$C5B9,$C90C
14	841C	BattleDisplay_RunRapidBattlePatternWipe	Pointer $14:$8006 (26-entry code dispatch table followed by code at $8034)	A,X,Y	A,P,X,Y	$05FB+X,$2001,$D6	$9653,$9665,$C5B9,$C90C
14	8454	BattleDisplay_RunBattlePatternAnimationSequence	Pointer $14:$8032 (26-entry code dispatch table followed by code at $8034)		P		
14	8480	BattleDisplay_RepeatBattlePatternFrameCycle	Direct call from $14:$845D; Direct call from $14:$8469	A	A,P	$00,$01	$8496
14	8496	BattleDisplay_LoadBattlePatternFrame	Direct call from $14:$8474; Direct call from $14:$8486	A,X,Y	A,P,X,Y	$02,$0600+Y	$C5B9
14	84DF	BattleDisplay_AddCombatantToFirstFreeDisplaySlot	Direct call from $14:$8A5A; Pointer $14:$800A (26-entry code dispatch table followed by code at $8034)	A	A,P	$C4,$C5,$C7	$9320,$93F2,$9439,$9ADD,$9BE4,$9CBA,$9E1C,$9E34,$9E42,$9E5E,$9ED1,$9F0C
14	852E	BattleDisplay_DeployQueuedCombatantIntoActiveSlot	Direct call from $14:$8A60; Pointer $14:$800C (26-entry code dispatch table followed by code at $8034)	A,X	A,P,X	$0440+X,$0690+X,$0698+X,$7385+X,$7392+X,$C4,$C7	$8583,$946E,$9496,$9CBA,$9E42,$9E8F,$9ED1,$9F0C,$C5B9
14	8583	BattleDisplay_FinalizeQueuedCombatantSlot	Direct call from $14:$856D; Direct call from $14:$9114	A,X,Y	A,P,X,Y	$00,$01,$02,$03,$047A+X,$047E,$0650+X,$0690+X,$0698+X,$06A0+X,$06A8,$06A9,$7385+Y,$7392+Y,$7600+X,$760C+Y,$C0,$C1,$C4,$C6,$C9,$CB,$CC,$D1,$D2,$D6,$D7,$D8	$924F,$9510,$9D21,$9D4B,$9DCC,$9E76,$9F26,$9F66,$9F8D,$9FA9,$9FEB,$C73E
14	85AB	BattleDisplay_PreloadDependentBattleGraphics	Direct call from $14:$81C3	A,X	A,P,X	$02,$03,$1F,$6E59,$C4,$C8	$8625,$969C,$9F1A
14	860A	BattleDisplay_LoadDependentBattleGraphic	Direct call from $14:$85F2	A,X	A,P	$02,$03,$C4,$C8	$969C
14	8625	BattleDisplay_StreamSpecialBattleNametableBlock	Direct call from $14:$85C5	A,X,Y	A,P,X,Y	$0300,$0301,$0302,$0303+X,$050B,$16,$17,$18,$19,$1F,$C0,$C1	$C62D
14	8642	BattleDisplay_LoadDependentBattleGraphicId	Pointer $14:$8012 (26-entry code dispatch table followed by code at $8034)	Y	A,P		
14	8653	BattleDisplay_CheckTransitionSpritePlacement	Pointer $14:$800E (26-entry code dispatch table followed by code at $8034)	A	A,P	$C4,$D6,$D8	$93F2,$9593,$9E42
14	8669	BattleDisplay_InsertTransitionSpriteAndRotateQueue	Pointer $14:$8010 (26-entry code dispatch table followed by code at $8034)	A,X,Y	A,P,X,Y	$0440+X,$0477,$0478,$7385+X,$7392+X,$C5,$C7,$D2	$86C5,$946E,$9E7F,$C5B9
14	86C5	BattleDisplay_SwapQueuedSpritePositionsAndRedraw	Direct call from $14:$86AD	A,X,Y	A,P,X,Y	$0477,$0478,$0690+X,$0698+X,$C5	$9822,$9A40
14	86ED	BattleDisplay_AssignQueuedCombatantToResolvedSlot	Pointer $14:$8018 (26-entry code dispatch table followed by code at $8034)	A,X,Y	A,P,X,Y	$0440+Y,$0690+X,$7385+Y,$7392+Y,$C5,$C6,$C7	$8737,$877A,$93D2,$9822,$9DCC,$9E7F,$9ED1,$C5B9
14	8737	BattleDisplay_FindMatchingOrEmptyCombatantSlot	Direct call from $14:$86F0; Pointer $14:$8016 (26-entry code dispatch table followed by code at $8034)		P,X		
14	877A	BattleDisplay_StorePreviewCoordinatesInPlacementRecord	Direct call from $14:$86F9; Direct call from $14:$86FE	A,X,Y	A,P,X,Y	$05FD+Y,$D6	$8784,$951F
14	8784	BattleDisplay_PreparePreviewPlacementRecord	Direct call from $14:$876D; Direct call from $14:$8774; Direct call from $14:$877A	A,X,Y	A,P,X,Y	$D9	$878F,$94C5
14	878F	BattleDisplay_LoadPreviewPlacementCoordinates	Direct call from $14:$8784	A,X,Y	A,P,X,Y	$00,$0477+Y,$D8	
14	87C9	BattleDisplay_LoadBattleGraphicAndBindDisplaySlot	Pointer $14:$801E (26-entry code dispatch table followed by code at $8034)	A,X,Y	A,P,X,Y	$00,$01,$0300,$0301,$0302,$0303+X,$0304+X,$0313+X,$0314+X,$044C+X,$0469+X,$050B,$C4,$C6	$8921,$89DD,$89F0,$9E7F,$9ED1,$BD00,$C62D
14	88CC	BattleDisplay_LoadSpecialBattleGraphicAndBindDisplaySlot	Pointer $14:$8026 (26-entry code dispatch table followed by code at $8034)	X	P	$C6	$9E7F,$9ED1
14	8921	BattleDisplay_RenderBattlePatternTriplet	Direct call from $14:$885A; Direct call from $14:$88AE; Direct call from $14:$8903	A	A,P	$0609,$060A,$060B	
14	8933	BattleDisplay_RunBattleOamBurstAnimation	Direct call from $14:$8875; Direct call from $14:$88D7	A,X,Y	A,P,X,Y	$00,$01,$02,$03,$D6,$D8	$8974,$C73E,$C90C
14	8974	BattleDisplay_DrawBattleOamQuadFrame	Direct call from $14:$896C; Tail jump from $14:$8971	A,Y	A,P,X,Y	$00,$01,$03,$D8	$C73E
14	899C	BattleDisplay_DrawBattleOamMarkerQuad	Direct call from $14:$88BF; Direct call from $14:$88C4; Direct call from $14:$8914; Direct call from $14:$8919	A,Y	A,P,X,Y	$00,$01,$03	$C73E
14	89C6	BattleDisplay_ClearBattleOamMarkerQuad	Direct call from $14:$88AB; Direct call from $14:$88C7; Direct call from $14:$8900; Direct call from $14:$891C	A,Y	A,P,X,Y	$00,$01,$02,$03	$C73E
14	89DD	BattleDisplay_CheckMappedBattleGraphicInUpperSlots	Direct call from $14:$87D9	A	A,P	$C4	$9E0C
14	89F0	BattleDisplay_CheckSmallBattleGraphicLoaded	Direct call from $14:$87D1	A	A,P	$C4	$9E1C
14	8A04	BattleDisplay_RunBattleFormationTransition	Pointer $14:$801A (26-entry code dispatch table followed by code at $8034)	A,X	A,P,X	$04,$06,$0609,$060A,$060B,$738D+X,$C4,$C7	$822F,$84DF,$8A69,$8AA7,$8ACB,$8AE2,$8C07,$C5B9
14	8A69	BattleDisplay_LoadPrimaryBattleGraphicsPointer	Direct call from $14:$8A04	A,X,Y	A,P,X,Y	$0300,$0301,$0302,$0303+X,$050B,$16,$17,$18,$19,$1F,$C0,$C1	$9E0C,$C62D
14	8A76	BattleDisplay_LoadSecondaryBattleGraphicsPointer	Direct call from $14:$8A63	A,X,Y	A,P,X,Y	$0300,$0301,$0302,$0303+X,$050B,$16,$17,$18,$19,$1F,$C0,$C1	$9E0C,$C62D
14	8A83	LoadQueuedCombatantGraphics	Tail jump from $14:$8A73; Tail jump from $14:$8A80	A,X,Y	A,P,X,Y	$0300,$0301,$0302,$0303+X,$050B,$16,$17,$18,$19,$1F,$C0,$C1	$9E0C,$C62D
14	8AA7	BattleDisplay_SelectClosestDisplaySlotToCenter	Direct call from $14:$8A1F	A,Y	A,P,Y	$04,$C7	
14	8ACB	BattleDisplay_DrawDisplaySlotColumn	Direct call from $14:$8A28	A,X	A,P,X	$00,$01,$02,$03	$8C8C
14	8AE2	BattleDisplay_AnimateDisplaySlotHorizontalStep	Direct call from $14:$8A34	A,X	A,P,X,Y	$08,$09,$0A	$8B13,$C770
14	8AED	AnimateQueuedCombatantHorizontalMotion	Tail jump from $14:$8B10	A	A,P,X,Y	$09,$0A	$8B13,$C770
14	8B13	BattleDisplay_AdvanceDisplaySlotHorizontalStep	Direct call from $14:$8B0B	A	A,P,X,Y	$03	$8C86,$C770
14	8B36	BattleDisplay_AnimateDisplaySlotToFormationBand	Direct call from $14:$8A3A	A,X,Y	A,P,X,Y	$00,$01,$03,$06,$08,$0C	$8BC9,$8C86,$C770,$C90C,$FF74
14	8B85	BattleDisplay_RunDisplaySlotEchoPass	Direct call from $14:$8A3D	A,X	A,P,X,Y	$00,$01,$06,$0C	$8BC9,$8C86,$C770,$C90C,$FF74
14	8BC9	BattleDisplay_RunDisplaySlotSweep	Direct call from $14:$8BAC; Direct call from $14:$8BBF	X,Y	A,P,X,Y	$06	$8BE8
14	8BE8	BattleDisplay_AdvanceDisplaySlotSweepStep	Direct call from $14:$8BDD	A,X	A,P,X,Y	$00,$01	$8C8C,$C770
14	8C07	BattleDisplay_ClearFirstBattleOamPage	Direct call from $14:$8A47	A,Y	A,P,X,Y	$00	$C73E,$C90C
14	8C5C	BattleDisplay_DrawBattleOamMarkerStrip	Direct call from $14:$8C37; Direct call from $14:$8C41	A,X,Y	A,P,X,Y	$00,$02,$03	$C73E
14	8C86	BattleDisplay_CommitBattleOamTileBlock	Direct call from $14:$8B32; Direct call from $14:$8B7F; Direct call from $14:$8B9F; Tail jump from $14:$8ADF		P		$8C8C
14	8C8C	BattleDisplay_DrawBattleOamTileBlock	Direct call from $14:$8C02; Direct call from $14:$8C86	A,X,Y	A,P,X,Y	$00,$01,$03,$07	$C73E
14	8CD5	UploadBattleGraphicsBlocks	Tail jump from $14:$863F	A,X,Y	A,P,X,Y	$0300,$0301,$0302,$0303+X,$050B,$1F,$C0,$C1	$C62D
14	8D7A	BattleDisplay_RunScrollWindowTransition	Pointer $14:$801C (26-entry code dispatch table followed by code at $8034)		P		
14	8DFE	BattleDisplay_RunScrollWindowTransitionPass	Direct call from $14:$8DDE	A,X,Y	A,P,X,Y	$00,$01,$03,$2000,$2005	$8ED9,$8F3A,$8F9C,$FF74
14	8E2F	BattleDisplay_LoadScrollWindowRows	Direct call from $14:$8DCA	A,X,Y	A,P,X,Y	$0300+X,$04,$05,$050B	
14	8E6B	BattleDisplay_ClearScrollWindowTiles	Direct call from $14:$8DCD; Direct call from $14:$8DF1	A,X	A,P,X	$0300,$0301,$0302,$0303+X,$0410+X,$050B	
14	8E9D	BattleDisplay_LoadScrollWindowStatusPanel	Direct call from $14:$8DD0; Direct call from $14:$8DF4	A,X	A,P,X	$0200+X,$0300,$0301,$0302,$0303+X,$030B+X,$050B	
14	8ED9	BattleDisplay_CommitScrollWindowStep	Direct call from $14:$8E19; Tail jump from $14:$8E2C	A,X,Y	A,P,X,Y	$01,$2000,$2005	$FF74
14	8F3A	BattleDisplay_AdjustScrollWindowEdge	Direct call from $14:$8E15	A,X,Y	A,P,X,Y	$02,$03,$04	
14	8F9C	BattleDisplay_LoadScrollWindowPattern	Direct call from $14:$8DD7; Direct call from $14:$8E0F; Direct call from $14:$8E29	A,X,Y	A,P,X,Y	$0300+Y,$04,$05,$050B,$1F	
14	9030	BattleDisplay_RunDisplaySlotHighlightBurst	Pointer $14:$802A (26-entry code dispatch table followed by code at $8034)	A,X,Y	A,P,X,Y	$00,$01,$02,$03,$04,$1F	$9099,$9C17,$9ED1,$A0B4,$C73E,$C90C,$FF74
14	9099	BattleDisplay_OscillateDisplaySlotHighlight	Direct call from $14:$9080; Direct call from $14:$908C	A,X,Y	A,P,X,Y	$00,$04	$C73E,$C770,$FF74
14	90BE	BattleDisplay_CheckQueuedCombatantRightEdgeThreshold	Pointer $14:$8030 (26-entry code dispatch table followed by code at $8034)	A,Y	A,P,Y	$C7	$9BE4,$9E76,$9ED1
14	90D8	BattleDisplay_PositionResolvedCombatantSlot	Pointer $14:$8024 (26-entry code dispatch table followed by code at $8034)	A,X	A,P,X	$05,$06A0+X,$7392+X,$C4,$C6,$C7	$8583,$913F,$914E,$915D,$9320,$9822,$9A40,$9CBA,$9E76,$9E8F,$9ED1,$C891
14	913F	BattleDisplay_ClearResolvedCombatantPlacement	Direct call from $14:$911A; Direct call from $14:$9137	A,X	A,P,X	$06A0+X,$7392+X	
14	914E	BattleDisplay_AnimateResolvedCombatantShiftFromCurrentX	Direct call from $14:$9102	A,X	A,P,X,Y	$00,$03,$04,$06,$07,$08,$D3	$9C1D,$C73E,$C770,$FF74
14	915D	BattleDisplay_AnimateResolvedCombatantShiftByHalfDistance	Direct call from $14:$9134	A,X	A,P,X,Y	$00,$03,$04,$06,$07,$08,$D3	$9C1D,$C73E,$C770,$FF74
14	91D3	BattleDisplay_ResetBattleVisualState	Direct call from $14:$812F	A,X,Y	A,P,X,Y	$00,$01,$02,$03,$0440+X,$044C+X,$045A,$0468,$0480+X,$0508,$0509,$05FC+X,$05FD,$064F+X,$0650+X,$6E4D+X,$738D+X,$75FF+X,$C0+X,$CB,$CC	$C5B9,$C73E,$FF74
14	924F	BattleDisplay_ClearDecodedBattleGraphicBuffers	Direct call from $14:$9894; Direct call from $14:$9A85	A,X	A,P,X	$0480+X,$064F+X,$75FF+X	
14	926B	BattleDisplay_DecayFrontCombatantTimers	Direct call from $14:$8138	A,X	A,P,X	$6E45+X,$6E49+X	
14	9292	BattleDisplay_InitializeBattleBackdropWindow	Direct call from $14:$8135	A,X	A,P,X	$00,$01,$02,$03,$0300+X,$0303+X,$04,$045A,$0468,$050B,$2006,$C4,$CB	$969C
14	92EF	BattleDisplay_LoadCombatantGraphicMetricsIntoSlot	Direct call from $14:$80BC; Direct call from $14:$8155	A,Y	A,P,Y	$7385+Y,$7392+Y,$D3	$9320
14	9320	BattleDisplay_MeasureCombatantGraphicLayout	Direct call from $14:$8515; Direct call from $14:$90E2; Direct call from $14:$92EF	A,X,Y	A,P,X,Y	$0650+X,$C0,$C1,$D1,$D2,$D3,$D4,$D5	$9F26,$9F66,$9F8D,$9F9F,$9FA9,$9FEB
14	93AB	BattleDisplay_RebuildDisplaySlotReservations	Direct call from $14:$81BD	A,X,Y	A,P,X,Y	$C5,$C6,$C7	$93D2,$9E8F
14	93D2	BattleDisplay_EncodeDisplaySlotReservation	Direct call from $14:$8106; Direct call from $14:$872F; Direct call from $14:$8DBA; Direct call from $14:$93BE	A,X,Y	A,P,X,Y	$0690+X	
14	93F2	BattleDisplay_TryPrimaryCombatantPlacementGroup	Direct call from $14:$8171; Direct call from $14:$850B; Direct call from $14:$8660	A,X	A,P,X	$0476,$D6	$944D,$94B1,$94C5,$9593
14	940F	BattleDisplay_CheckPlacementAgainstLeadRecord	Direct call from $14:$947E	A	A,P		
14	9439	BattleDisplay_TrySecondaryCombatantPlacementGroup	Direct call from $14:$816C; Direct call from $14:$8510	A,X,Y	A,P,X,Y	$0476,$D6,$D9	$94B5,$94C5,$9593
14	944D	BattleDisplay_CountFreePlacementRecords	Direct call from $14:$9404	A,X,Y	A,P,X,Y	$D9	
14	946E	BattleDisplay_AssignPrimaryPlacementRecord	Direct call from $14:$80E1; Direct call from $14:$8189; Direct call from $14:$855B; Direct call from $14:$8669; Direct call from $14:$889F; Direct call from $14:$88FA	A	A,P	$05FD,$D6,$D9	$940F,$94B1,$94C5,$94EF,$952F,$9593
14	9496	BattleDisplay_AssignSecondaryPlacementRecord	Direct call from $14:$80C2; Direct call from $14:$818C; Direct call from $14:$8560		P	$D6	$94B5,$94C5,$94EF,$952F,$9593
14	94B1	BattleDisplay_InitializePrimaryPlacementScan	Direct call from $14:$93F2; Direct call from $14:$946E	A,Y	A,P,Y	$D6,$D8	$9557
14	94B5	BattleDisplay_InitializeSecondaryPlacementScan	Direct call from $14:$9439; Direct call from $14:$9496	A,Y	A,P,Y	$D6,$D8	$9557
14	94C5	BattleDisplay_FindMatchingPlacementRecord	Direct call from $14:$8787; Direct call from $14:$93F8; Direct call from $14:$9441; Direct call from $14:$9474; Direct call from $14:$949E	A,X,Y	A,P,X,Y	$D9	
14	94EF	BattleDisplay_FindEmptyPlacementRecord	Direct call from $14:$9479; Direct call from $14:$94A3; Tail jump from $14:$878C	A,X,Y	A,P,X,Y	$D9	
14	9510	BattleDisplay_LoadPlacementNibbleFromCombatantFlags	Direct call from $14:$95F9; Direct call from $14:$961E; Direct call from $14:$98E4	A,X,Y	A,P,Y		
14	951F	BattleDisplay_StorePlacementNibbleInCombatantFlags	Direct call from $14:$9539	A,X,Y	A,P,Y	$0444+X	
14	952F	BattleDisplay_CommitPlacementRecord	Direct call from $14:$9487; Direct call from $14:$94A8; Tail jump from $14:$8781	A,X,Y	A,P,X,Y	$05FD+Y	$951F
14	9557	BattleDisplay_LoadPlacementCountForSelectedGroup	Direct call from $14:$94B9; Direct call from $14:$95C0; Direct call from $14:$95E8; Direct call from $14:$960C	A,X,Y	A,P,X,Y	$0476,$C0,$C1	$9F9F,$9FA9
14	9593	BattleDisplay_LoadPlacementCoordinates	Direct call from $14:$865D; Direct call from $14:$93F5; Direct call from $14:$943E; Direct call from $14:$9471; Direct call from $14:$949B	A,X,Y	A,P,X,Y	$0476,$0477,$0477+X,$0478,$0479,$D6,$D8	$9557
14	95E8	BattleDisplay_PruneOccupiedPlacementRecords	Direct call from $14:$9ACA; Direct call from $14:$9AD1	A,X,Y	A,P,X,Y	$0476,$05FD+Y,$C4,$D9	$9510,$9557
14	9653	BattleDisplay_CopyPatternBufferToDecodeScratch	Direct call from $14:$82F2; Direct call from $14:$8429	A,X	A,P,X	$0650+X	
14	9665	BattleDisplay_CopyDecodeScratchToPatternBuffer	Direct call from $14:$8317; Direct call from $14:$843C	A,X	A,P,X	$05FC+X	
14	9682	BattleDisplay_CheckGraphicPpuHighByteOverflow	Direct call from $14:$817A	A,X	A,P,X		$9E1C
14	9686	BattleDisplay_CheckGraphicPpuLowByteOverflow	Direct call from $14:$817F	A,X	A,P,X		$9E1C
14	969C	BattleDisplay_LoadCombatantBattleGraphic	Direct call from $14:$81A1; Direct call from $14:$8618; Direct call from $14:$929D	A,X	A,P,X	$044C+X,$045A+X,$0468+X,$29,$C0,$C1,$CB,$CC,$D1	$9712,$9783,$9E0C,$9E1C,$9F26,$9FA9
14	9712	Bank14_DecodeMonsterGraphicsBitplanes	Direct call from $14:$96E3; Direct call from $14:$B2B1	A,X,Y	A,P,X,Y	$0650+X,$0660+X,$0670+Y,$D6,$D7,$D8	$9F66,$9F8D,$9F9F
14	9783	BattleDisplay_UploadDecodedMonsterGraphicsBlocks	Direct call from $14:$96EC	A,X,Y	A,P,X,Y	$16,$17,$1C,$1D,$2005,$2006,$2007,$CB+X,$D6	$9F66,$9F8D,$9F9F,$9FEB
14	9822	BattleDisplay_RenderQueuedCombatantGraphic	Direct call from $14:$81E8; Direct call from $14:$86E7; Direct call from $14:$8732; Direct call from $14:$88A8; Direct call from $14:$88FD; Direct call from $14:$90F1; Direct call from $14:$913A; Tail jump from $14:$85A8	A,X,Y	A,P,X,Y	$00,$01,$02,$03,$047A+X,$047E,$0650+X,$06A8,$06A9,$7600+X,$760C+Y,$C0,$C1,$C4,$C6,$C9,$CB,$CC,$D1,$D2,$D6,$D7,$D8	$924F,$9510,$9D21,$9D4B,$9E76,$9F26,$9F66,$9F8D,$9FA9,$9FEB,$C73E
14	98F5	DecodeMonsterGraphicsStream	Tail jump from $14:$9A31	A,X,Y	A,P,X,Y	$00,$01,$02,$03,$047A+X,$047E,$0650+X,$06A8,$06A9,$7600+X,$C9,$CB,$CC,$D1,$D7,$D8	$9D4B,$9F26,$9F66,$9F8D,$9FEB,$C73E
14	9A38	RestoreBattleGraphicsOamCursor	Tail jump from $14:$98F2	A	A,P	$C9	
14	9A40	BattleDisplay_EraseQueuedCombatantGraphic	Direct call from $14:$82CC; Direct call from $14:$86C7; Direct call from $14:$9129; Direct call from $14:$A024; Pointer $14:$802E (26-entry code dispatch table followed by code at $8034)	A,Y	A,P,X,Y	$00,$C4,$D2,$D3,$D6,$D7	$924F,$9D21,$9D4B,$C73E,$C770,$FF74
14	9A92	RemoveCombatantPlacementRecord	Tail jump from $14:$82E6	A,X	A,P,X	$0440+X,$0444+X,$0448+X,$C4	$9AC6
14	9AC6	BattleDisplay_PruneCombatantPlacementRecords	Direct call from $14:$9AB0	A	A,P	$05FD,$D8	$95E8
14	9ADD	BattleDisplay_FindNonOverlappingQueuedOamX	Direct call from $14:$8162; Direct call from $14:$851F	A,X,Y	A,P,X,Y	$C4,$C5,$C9,$D6,$D7,$D8,$D9	$C770
14	9B4E	BattleDisplay_WriteQueuedCombatantOamStrip	Direct call from $14:$8195	A,X,Y	A,P,X,Y	$00,$01,$06A0+X,$C7,$C9	$C73E
14	9B8C	BattleDisplay_RepackQueuedOamPositions	Direct call from $14:$82D4	A,X,Y	A,P,X,Y	$04,$05,$06A0+X	$9BE4,$9C1D,$9C32
14	9BE4	BattleDisplay_FindRightmostQueuedOamEdge	Direct call from $14:$851C; Direct call from $14:$90CF; Direct call from $14:$9B8C	A,X,Y	A,P,X,Y	$C9	$9E81
14	9C17	BattleDisplay_ClearQueuedOamOverlay	Direct call from $14:$908F	A,Y	A,P,X,Y	$00,$01,$02,$03,$04	$C73E
14	9C1D	BattleDisplay_HideOamSpriteRange	Direct call from $14:$825B; Direct call from $14:$8271; Direct call from $14:$91B6; Direct call from $14:$9BBE; Direct call from $14:$A51C; Direct call from $14:$A5FE; Direct call from $14:$A6D8; Direct call from $14:$A70C; Direct call from $14:$A7CF; Direct call from $14:$A85C; Direct call from $14:$A87D	A,Y	A,P,X,Y	$00,$01,$02,$03,$04	$C73E
14	9C32	BattleDisplay_CopyOamSpriteRange	Direct call from $14:$9BAA	A,Y	A,P,X,Y	$04,$05	$C73E,$C770
14	9C4A	BattleDisplay_CountCombatantWidthWithoutAdvancing	Direct call from $14:$8167	A	A,P	$CA	$9C54
14	9C54	BattleDisplay_AccumulateCombatantWidths	Direct call from $14:$80BF; Direct call from $14:$8184; Direct call from $14:$9C4D	A,X,Y	A,P,X,Y	$C5,$CA	
14	9C71	BattleDisplay_LayoutQueuedCombatantXPositions	Direct call from $14:$8126; Direct call from $14:$81C0	A,X,Y	A,P,Y	$0698,$0698+Y,$C7,$CA	$9E76
14	9CBA	BattleDisplay_FindCenteredQueuedOamX	Direct call from $14:$8524; Direct call from $14:$8568; Direct call from $14:$90F4	A	A,P	$D6,$D7,$D8	$9CEB
14	9CCB	FindCollisionFreeQueuedOamX	Tail jump from $14:$9CE8	A	A,P	$D6,$D7	$9CEB
14	9CEB	BattleDisplay_CheckQueuedOamXCollision	Direct call from $14:$9CCB	A,X,Y	A,P,X,Y		
14	9D21	BattleDisplay_ComputeCombatantTilePointers	Direct call from $14:$9891; Direct call from $14:$9A68	A,X	A,P,X	$04F2,$04F3	
14	9D4B	BattleDisplay_LoadCombatantTileDataIntoBuffers	Direct call from $14:$98EF; Direct call from $14:$9A34; Direct call from $14:$9A8B	A,X,Y	A,P,X,Y	$00,$047F+X,$04DF+X,$04F2,$04F3	$9DA2
14	9DA2	BattleDisplay_CopyCombatantTilePage	Direct call from $14:$9D64; Direct call from $14:$9D74; Tail jump from $14:$9D9F	A,X,Y	A,P,X,Y	$047F+X,$04DF+X	
14	9DCC	BattleDisplay_FindUniqueDisplaySlotByte	Direct call from $14:$85A0; Direct call from $14:$8704	A,X,Y	A,P,X,Y	$C6	
14	9E0C	BattleDisplay_FindFallbackBattleGraphicSlot	Direct call from $14:$89E5; Direct call from $14:$8A83; Direct call from $14:$8C2D; Direct call from $14:$96A1	A	A,P	$C4	$9E1C
14	9E1C	BattleDisplay_FindLoadedBattleGraphicSlot	Direct call from $14:$8501; Direct call from $14:$89FB; Direct call from $14:$968A; Direct call from $14:$969C; Direct call from $14:$9E14	A,Y	A,P,Y	$C8	
14	9E34	BattleDisplay_FindEmptyActiveCombatantSlot	Direct call from $14:$8506; Direct call from $14:$8766; Tail jump from $14:$8666	A	A,P	$C4	$9E42
14	9E42	BattleDisplay_FindActiveCombatantSlot	Direct call from $14:$84F8; Direct call from $14:$8545; Direct call from $14:$9E3B	A,Y	A,P,Y	$C6	
14	9E5A	ReturnActiveCombatantSlotSearch	Tail jump from $14:$9E31	A	A,P,Y		
14	9E5E	BattleDisplay_FindFreeDisplaySlot	Direct call from $14:$84E7	A,Y	A,P,Y	$C7	
14	9E76	BattleDisplay_LoadQueuedCombatantId	Direct call from $14:$90C6; Direct call from $14:$90DB; Direct call from $14:$982C; Direct call from $14:$9C9C	X	A,P,X		$9E81
14	9E7F	BattleDisplay_ResolveCurrentQueuedCombatantSlot	Direct call from $14:$8109; Direct call from $14:$82CF; Direct call from $14:$8691; Direct call from $14:$870F; Direct call from $14:$875A; Direct call from $14:$87CC; Direct call from $14:$88CF	A,X	A,P,X		
14	9E81	BattleDisplay_ResolveQueuedCombatantSlotFromX	Direct call from $14:$9C06; Direct call from $14:$9E78	A,X	A,P,X		
14	9E8F	BattleDisplay_ReserveDisplaySlot	Direct call from $14:$8100; Direct call from $14:$8531; Direct call from $14:$910C; Direct call from $14:$93BB	A,X,Y	A,P,X,Y	$738D+X	
14	9ED1	BattleDisplay_LoadReservedDisplaySlot	Direct call from $14:$8103; Direct call from $14:$8214; Direct call from $14:$8223; Direct call from $14:$832B; Direct call from $14:$84E2; Direct call from $14:$8536; Direct call from $14:$870C; Direct call from $14:$8757; Direct call from $14:$87C9; Direct call from $14:$88CC; Direct call from $14:$9033; Direct call from $14:$90C1; Direct call from $14:$90D8; Direct call from $14:$910F	A,X	A,P,X	$C7	
14	9EF4	ClearReservedDisplaySlot	Tail jump from $14:$821D; Tail jump from $14:$822C	A,X	A,P,X	$738D+X	
14	9F0C	BattleDisplay_MapCurrentCombatantId	Direct call from $14:$80B9; Direct call from $14:$814B; Direct call from $14:$84EF; Direct call from $14:$853C	A,X	A,P,X	$C4	
14	9F1A	BattleDisplay_FindMappedCombatantIdIndex	Direct call from $14:$85CF; Pointer $14:$8022 (26-entry code dispatch table followed by code at $8034)	A,X	A,P,X		
14	9F26	Bank14_SelectMonsterGraphicsBank	Direct call from $14:$9351; Direct call from $14:$96C5; Direct call from $14:$98FA	A,X,Y	A,P,X,Y	$C2	
14	9F66	Bank14_RefillMonsterGraphicsInput	Direct call from $14:$9354; Direct call from $14:$971C; Direct call from $14:$974C; Direct call from $14:$9787; Direct call from $14:$98FD; Direct call from $14:$BE37	A,X,Y	A,P,X,Y	$00,$01,$6DF8	$C7E1
14	9F8D	Bank14_ReadMonsterGraphicsByte	Direct call from $14:$9357; Direct call from $14:$935F; Direct call from $14:$9374; Direct call from $14:$971F; Direct call from $14:$973B; Direct call from $14:$9740; Direct call from $14:$9745; Direct call from $14:$9757; Direct call from $14:$978A; Direct call from $14:$9900; Direct call from $14:$9957; Direct call from $14:$995F; Direct call from $14:$9990; Direct call from $14:$A001; Direct call from $14:$A005; Direct call from $14:$BE40	A,X,Y	A,P,X,Y	$6DF8,$C0,$C1,$C3	
14	9F9F	Bank14_AdvanceMonsterGraphicsInput	Direct call from $14:$9371; Direct call from $14:$9574; Direct call from $14:$972B; Direct call from $14:$972E; Direct call from $14:$97A2; Direct call from $14:$97A5; Direct call from $14:$9FFE; Direct call from $14:$A012		P	$6DF8,$C0,$C1	
14	9FA9	Bank14_LoadMonsterGraphicsDescriptor	Direct call from $14:$933C; Direct call from $14:$9565; Direct call from $14:$96A6; Direct call from $14:$9848	A,X	A,P,X	$00D0,$00D1,$C0,$C1,$CD,$CE,$CF	$C888
14	9FEB	Bank14_AdvanceMonsterGraphicsStreamBlock	Direct call from $14:$9389; Direct call from $14:$981B; Direct call from $14:$9A2A	A,Y	A,P,Y	$C0,$C1	$9F8D,$9F9F,$A00E
14	A00E	Bank14_AdvanceMonsterGraphicsInputBySetBits	Direct call from $14:$A00A	A	A,P		$9F9F
14	A01B	BattleDisplay_RunDisplaySlotRandomFillBurst	Pointer $14:$8028 (26-entry code dispatch table followed by code at $8034)	A,Y	A,P,X,Y	$00,$01,$02,$03,$04	$9A40,$A02E,$A07C,$A0D5,$C73E
14	A02E	BattleDisplay_RandomlyFillOverlayPatternTile	Direct call from $14:$A021	A	A,P	$00,$02	$A042,$A092
14	A032	RandomlyFillOverlayPatternUntilComplete	Tail jump from $14:$A03F	A	A,P	$02	$A042,$A092
14	A042	BattleDisplay_FlipRandomOverlayBitTowardTarget	Direct call from $14:$A036; Direct call from $14:$AE8B	A,X	A,P,X	$01	
14	A07C	BattleDisplay_ClearOverlayPatternTile	Direct call from $14:$A01B; Direct call from $14:$A473; Direct call from $14:$A4A2; Direct call from $14:$A4D3; Direct call from $14:$A763; Direct call from $14:$A7F9	A,X,Y	A,P,X,Y	$0300,$0301,$0302,$0303+X,$050B,$0650+X,$0658+X	
14	A080	BattleDisplay_FillOverlayPatternTile	Direct call from $14:$A6B9; Direct call from $14:$A719; Direct call from $14:$A7BF; Direct call from $14:$A7E0; Direct call from $14:$A84C; Direct call from $14:$A86D	A,X,Y	A,P,X,Y	$0300,$0301,$0302,$0303+X,$050B,$0650+X,$0658+X	
14	A092	BattleDisplay_UploadOverlayPatternTile	Direct call from $14:$A03C	A,X	A,P,X	$0300,$0301,$0302,$0303+X,$050B	
14	A0B4	BattleDisplay_SyncPresentationRenderState	Direct call from $14:$9030; Direct call from $14:$A3F1	A	A,P	$1F	$FF74
14	A0D5	BattleDisplay_BuildDisplaySlotOverlayGrid	Direct call from $14:$A01E	A,X,Y	A,P,X,Y	$00,$01,$02,$03,$04,$05,$06	$C73E,$C851
14	A3F1	DispatchNecrosaroTransformationScene	Pointer $14:$802C (26-entry code dispatch table followed by code at $8034)	A,X	A,P,X	$00,$01,$1F	$8364,$A0B4
14	A41B	RunNecrosaroFirstFormTransition	Pointer $14:$A40D (Seven-entry nested Necrosaro transformation dispatch table)	A,X,Y	A,P,X,Y	$01,$0300,$0301,$0302,$0303+X,$04,$050B,$0F	$A07C,$AC1A,$B0ED,$B100,$C62D,$C73E,$C770,$FF74
14	A46A	RunNecrosaroSecondFormTransition	Pointer $14:$A40F (Seven-entry nested Necrosaro transformation dispatch table)	A	A,P,X	$0F	$A07C,$AC1A,$B100
14	A499	RunNecrosaroThirdFormTransition	Pointer $14:$A411 (Seven-entry nested Necrosaro transformation dispatch table)	A	A,P,X	$0F	$A07C,$AC1A
14	A4D0	RunNecrosaroFourthFormTransition	Pointer $14:$A413 (Seven-entry nested Necrosaro transformation dispatch table)		P		
14	A5ED	NecrosaroTransformation_UploadConsecutiveTransformationPanels	Direct call from $14:$A591; Direct call from $14:$A5C8	X	P,X		$B0ED
14	A5F8	NecrosaroTransformation_LoadPhaseSelectedSpriteLayout	Direct call from $14:$A4E0; Direct call from $14:$A4EE; Direct call from $14:$A500	A,X,Y	A,P,X,Y	$04,$05,$06,$07,$08,$09,$0A,$0B,$0C	$9C1D,$AFA8
14	A609	NecrosaroTransformation_QueueTransformationPaletteStep	Direct call from $14:$A527; Direct call from $14:$A53B	A,X	A,P,X	$0601,$0602	$C5B9
14	A67F	RunNecrosaroFifthFormTransition	Pointer $14:$A415 (Seven-entry nested Necrosaro transformation dispatch table)	A,X	A,P,X	$04,$05,$08,$09,$0A,$0B	$AC1A,$B0ED
14	A736	RunNecrosaroSixthFormTransition	Pointer $14:$A417 (Seven-entry nested Necrosaro transformation dispatch table)	A,X	A,P,X	$0F	$A07C,$AA43,$AC1A,$B0ED,$B100
14	A888	RunNecrosaroFinalFormTransition	Pointer $14:$A419 (Seven-entry nested Necrosaro transformation dispatch table)		P		
14	A9FD	NecrosaroTransformation_DrawIndexedOffsetSpritePair	Direct call from $14:$A962; Direct call from $14:$A97E; Direct call from $14:$A98D; Direct call from $14:$A9A0	A,X,Y	A,P,X,Y	$00,$03,$04,$05	$C73E,$C770
14	AA43	NecrosaroTransformation_QueueIndexedNametableBlock	Direct call from $14:$A483; Direct call from $14:$A4B8; Direct call from $14:$A4C4; Direct call from $14:$A50B; Direct call from $14:$A565; Direct call from $14:$A582; Direct call from $14:$A596; Direct call from $14:$A6C3; Direct call from $14:$A71E; Direct call from $14:$A747; Direct call from $14:$A75B; Direct call from $14:$A777; Direct call from $14:$A7B2; Direct call from $14:$A7F1; Direct call from $14:$A80D; Direct call from $14:$A83F; Direct call from $14:$A91B; Direct call from $14:$A92E; Direct call from $14:$A932; Direct call from $14:$A958; Direct call from $14:$A983; Direct call from $14:$A9B2	A,X	A,P,X	$05,$06,$07,$08,$09	$AFEA
14	AC1A	NecrosaroTransformation_LoadIndexedSpriteLayout	Direct call from $14:$A478; Direct call from $14:$A49F; Direct call from $14:$A4A9; Direct call from $14:$A5A5; Direct call from $14:$A68B; Direct call from $14:$A6B6; Direct call from $14:$A6BE; Direct call from $14:$A6DD; Direct call from $14:$A711; Direct call from $14:$A716; Direct call from $14:$A742; Direct call from $14:$A756; Direct call from $14:$A768; Direct call from $14:$A785; Direct call from $14:$A7A8; Direct call from $14:$A7D4; Direct call from $14:$A7D8; Direct call from $14:$A7EC; Direct call from $14:$A7FE; Direct call from $14:$A812; Direct call from $14:$A835; Direct call from $14:$A861; Direct call from $14:$A865; Direct call from $14:$A8B0; Direct call from $14:$A8B4; Direct call from $14:$A8E8; Direct call from $14:$A953; Direct call from $14:$A9DD; Direct call from $14:$A9E1; Tail jump from $14:$A606	A,X	A,P,X	$04,$05,$06,$07,$08,$09,$0A,$0B,$0C	$AFA8
14	AE7C	NecrosaroTransformation_RunOverlayFillSweep	Direct call from $14:$A47E; Direct call from $14:$A4B1; Direct call from $14:$A772; Direct call from $14:$A808	A,X,Y	A,P,Y	$00,$01,$02,$03,$05,$06,$0F	$A042,$B07A
14	AE80	NecrosaroTransformation_RunOverlayClearSweep	Direct call from $14:$A6CF; Direct call from $14:$A72A; Direct call from $14:$A7C6; Direct call from $14:$A7E7; Direct call from $14:$A853; Direct call from $14:$A874	A,X,Y	A,P,Y	$00,$01,$02,$03,$05,$06,$0F	$A042,$B07A
14	AECD	NecrosaroTransformation_RunSpriteSweepSequence	Direct call from $14:$A6AE; Direct call from $14:$A700; Direct call from $14:$A7A3; Direct call from $14:$A830; Direct call from $14:$A90B	A,X	A,P,X	$04	$AEEA
14	AEEA	NecrosaroTransformation_AdvanceSpriteSweepStep	Direct call from $14:$AEDB	A,X,Y	A,P,X,Y	$00+X	$C73E,$C770,$C90C
14	AF53	NecrosaroTransformation_RunRandomSpriteJitterBurst	Direct ROM analysis: Unreferenced routine after the parallel tables at $AF1D-$AF52: five JSRs to decoded fixed-bank routines ($C891, $C90C, $C770, $C73E) and JMP $FF74, two internal JSR $AF89 calls, and a CMP $AF1D,X loop shared with the decoded routine at $AEEC	A	A,P,X	$06,$07	$AF89,$C891,$C90C
14	AF89	NecrosaroTransformation_OffsetSpriteRangeByDelta	Direct call from $14:$AF73; Direct call from $14:$AF83	A,X,Y	A,P,X,Y	$00+X	$C73E,$C770
14	AFA8	NecrosaroTransformation_DrawIndexedSpriteLayoutWithOptionalMirror	Direct call from $14:$AC60	A,X,Y	A,P,X,Y	$01,$02,$04,$08	$AFBA,$B018,$C73E
14	AFBA	NecrosaroTransformation_DrawIndexedSpriteLayoutPass	Direct call from $14:$AFB2; Tail jump from $14:$AFB7	A,X,Y	A,P,X,Y	$01,$02,$04	$B018,$C73E
14	AFEA	NecrosaroTransformation_QueueIndexedNametableBlockWithOptionalMirror	Direct call from $14:$AA60	A	A,P	$08	$AFFF
14	AFFF	NecrosaroTransformation_QueueIndexedNametableBlockPass	Direct call from $14:$AFF4; Direct call from $14:$AFF9	A,Y	A,P,Y		$B054,$C65A
14	B018	NecrosaroTransformation_ResolveIndexedLayoutCellPosition	Direct call from $14:$AFBF	A,Y	A,P,X,Y	$00,$03	$B054
14	B054	NecrosaroTransformation_DecodeIndexedLayoutCellCoordinates	Direct call from $14:$B001; Direct call from $14:$B01C	A,Y	A,P,X	$00,$01	
14	B07A	NecrosaroTransformation_UploadMaskedOverlaySpriteStrip	Direct call from $14:$AEB1	A,X,Y	A,P,X,Y	$0300,$0301,$0302,$0303+X,$0304+X,$0305+X,$0306+X,$0307+X,$0308+X,$04,$050B	
14	B0ED	NecrosaroTransformation_UploadIndexedTransformationPanel	Direct call from $14:$A442; Direct call from $14:$A4BF; Direct call from $14:$A559; Direct call from $14:$A576; Direct call from $14:$A5A0; Direct call from $14:$A5CB; Direct call from $14:$A5EF; Direct call from $14:$A681; Direct call from $14:$A738; Direct call from $14:$A74C; Direct call from $14:$A891; Direct call from $14:$A8DE; Direct call from $14:$A916; Direct call from $14:$A925; Direct call from $14:$A929; Direct call from $14:$A93C; Direct call from $14:$A940; Direct call from $14:$A94A; Direct call from $14:$A94E; Direct call from $14:$A967; Direct call from $14:$A96B; Direct call from $14:$A975; Direct call from $14:$A979; Direct call from $14:$A992; Direct call from $14:$A996; Direct call from $14:$A9A5; Direct call from $14:$A9A9; Direct call from $14:$A9AD; Direct call from $14:$A9BC; Direct call from $14:$A9C6; Direct call from $14:$A9CA; Direct call from $14:$A9D4; Direct call from $14:$A9D8; Direct call from $14:$A9EB; Direct call from $14:$A9F5	A	A,P	$1F	$B100,$C62D
14	B100	NecrosaroTransformation_LoadIndexedTransformationPanel	Direct call from $14:$A470; Direct call from $14:$A760; Direct call from $14:$A7BC; Direct call from $14:$A7DD; Direct call from $14:$A7F6; Direct call from $14:$A849; Direct call from $14:$A86A; Direct call from $14:$B0ED	A,X	A,P,X	$0300,$0301,$0302,$05,$050B,$08,$29,$C0,$C1,$C2	$B2AD
14	B2AD	NecrosaroTransformation_DecodeTransformationPanelGraphics	Direct call from $14:$B160	A,X,Y	A,P,X,Y	$01,$0303+Y,$05,$7600+Y	$9712
14	BD00	BattleDisplay_LoadSpecialBattleGraphicPattern	Direct call from $14:$87DE	A,X,Y	A,P,X,Y	$00,$01,$02,$03,$06,$07,$09,$0C,$0D,$0E,$0F,$24	$BDFF,$BE19,$BE27,$C3EA,$C827
14	BDFF	BattleDisplay_ReverseDecodedGraphicRows	Direct call from $14:$BDF4	A,X,Y	A,P,X,Y	$0650+Y,$09,$0D	
14	BE19	BattleDisplay_LoadBank8DescriptorPointer	Direct call from $14:$BD16; Direct call from $14:$BD1C; Direct call from $14:$BD2B	A,Y	A,P,Y	$23,$24	$C3CE
14	BE27	BattleDisplay_DecodeDescriptorQuadrantIntoBuffer	Direct call from $14:$BD85; Direct call from $14:$BDE1	A,X,Y	A,P,X,Y	$0650+Y,$C0,$C1,$C2	$9F66,$9F8D
15	98F8	Bank15_InterpretEffectScript	Pointer $15:$801E (26-entry code dispatch table)	A	A,P		$9925,$C8CC,$D218
15	9914	PrintScriptMessageFromAdjustedBase	Direct call from $15:$9CA2; Tail jump from $15:$9CBC	A,X,Y	A,P,X	$00	
15	9919	PrintScriptMessagePreservingCursor	Direct call from $15:$9BB7; Tail jump from $15:$A676	A,Y	A,P	$00	
15	9925	EffectScript_InitializeInterpreterContext	Direct call from $15:$98F8	A,X,Y	A,P,X	$E7,$E8,$E9,$FD,$FE,$FF	
15	9956	EffectScript_LoadReferencedEntryValue	Direct call from $15:$993C; Direct call from $15:$A9C3; Direct call from $15:$AEA0; Direct call from $15:$B51E	A	P		
15	9962	EffectScript_ResolveInitialSelector	Direct call from $15:$9942	A,X,Y	A,P,X,Y	$00,$01,$627B+X,$DA,$DB,$DC	$9919,$99CE,$9C42,$9C63,$9C92,$9CBF,$B7FB
15	99CE	EffectScript_EvaluatePredicateCommand	Direct call from $15:$9BCB	A,X,Y	A,P,X,Y	$00,$DC	$9A7B,$9A8C,$9A93,$9A96,$9AA3,$9AB0,$9AC3,$9AC9,$9AD1,$9AF5,$9B09,$9B10,$9B1D,$9B38,$9B77,$9BA8
15	9A7B	EffectScript_UpdatePredicateSenseFromOpcode06	Direct call from $15:$9A5A; Direct call from $15:$9A74	A,Y	A,P,Y	$DC	
15	9A8C	EffectScript_TestItemOperand	Direct call from $15:$99E1	Y	A,P,Y		$A769
15	9A93	EffectScript_ReturnOriginalScriptOperandY	Direct call from $15:$99EB; Direct call from $15:$A21B		A,P		
15	9A96	EffectScript_TestStoryFlagMaskClear	Direct call from $15:$9A31	A,X,Y	A,P,X,Y		
15	9AA3	EffectScript_TestStoryFlagMaskSet	Direct call from $15:$9A3B	A,X,Y	A,P,X,Y		
15	9AB0	EffectScript_TestStoryFlagByteEquals	Direct call from $15:$9A45	A,X,Y	A,P,X,Y		
15	9AC3	EffectScript_TestEffectCondition	Direct call from $15:$99F5		P,X		
15	9AC9	AskYesNo	Direct call from $15:$99FF; Direct call from $15:$9CA5; Direct call from $15:$9F20; Direct call from $15:$9F37; Direct call from $15:$9F4E; Direct call from $15:$A019; Direct call from $15:$A0C3; Direct call from $15:$A131; Direct call from $15:$A223; Direct call from $15:$A238; Direct call from $15:$A2E5; Direct call from $15:$A2F1; Direct call from $15:$A319; Direct call from $15:$A37A; Direct call from $15:$A3AD; Direct call from $15:$A3D8; Direct call from $15:$A411; Direct call from $15:$A41D; Direct call from $15:$A455; Direct call from $15:$A504; Direct call from $15:$A524; Direct call from $15:$A5B1; Direct call from $15:$A5D4; Direct call from $15:$A7E9; Direct call from $15:$A88C; Direct call from $15:$A8C0; Direct call from $15:$A9D4; Direct call from $15:$A9F4; Direct call from $15:$AA4C; Direct call from $15:$AA62; Direct call from $15:$AAB2; Direct call from $15:$AADC; Direct call from $15:$AB00; Direct call from $15:$AB0B; Direct call from $15:$AB3A; Direct call from $15:$AB4A; Direct call from $15:$AC4F; Direct call from $15:$AD1C; Direct call from $15:$AD6A; Direct call from $15:$AD72; Direct call from $15:$AD7A; Direct call from $15:$ADB3; Direct call from $15:$ADBE; Direct call from $15:$ADF9; Direct call from $15:$AF57; Direct call from $15:$B8CB; Direct call from $15:$B8E5; Direct call from $15:$B9BE; Direct call from $15:$BCCD; Direct call from $15:$BCFB; Direct call from $15:$BDD3; Direct call from $15:$BDFF; Direct call from $15:$BE50; Direct call from $15:$BE6A; Direct call from $15:$BF24	A	A,P		$B7B5
15	9AD1	EffectScript_LoadOperandAndTestThreshold63	Direct call from $15:$9A09	Y	A,P,Y		
15	9AD4	EffectScript_TestThreshold63ByChapterRules	Direct call from $15:$9D6A		P		
15	9AF5	EffectScript_LoadOperandAndTestThreshold6340	Direct call from $15:$9A13	Y	A,P,Y		
15	9AF8	EffectScript_TestConfiguredThreshold	Direct call from $15:$ABE0; Direct call from $15:$AC0E		P		
15	9B03	EffectScript_TestThreshold6340EqualsOne	Guarded flow recovery: Coherent routine block immediately after RTI $9B02; 3 instructions, merges into existing code	A,Y	A,P,Y	$00	$9B1D,$9B38,$9B77,$9CE5
15	9B09	EffectScript_TestNighttimeCondition	Direct call from $15:$9A1D	A,Y	A,P,Y	$00	$9B1D,$9B38,$9B77,$9CE5
15	9B10	EffectScript_TestChapterEqualsOperandMinusOne	Direct call from $15:$9A27	A,Y	A,P,Y	$00	$9B1D,$9B38,$9B77
15	9B1D	EffectScript_SkipCommandSequence	Direct call from $15:$9A6A; Direct call from $15:$9B64	A,Y	A,P,Y	$00	$9B1D,$9B38,$9B77
15	9B38	EffectScript_SkipCommandOperands	Direct call from $15:$9B30	A,Y	A,P,Y	$00	$9B1D,$9B38,$9B77
15	9B77	EffectScript_SkipPredicateOperands	Direct call from $15:$9B61	A,Y	A,P,Y		
15	9BA8	EffectScript_ExecuteCommandBlock	Direct call from $15:$9A5D; Direct call from $15:$9A77	A,X,Y	A,P,X,Y	$00,$627B+X,$DC	$9919,$99CE,$9C42,$9C63
15	9C42	EffectScript_InvokeIndirectCallback	Direct call from $15:$9C1B; Direct call from $15:$9C25	A,Y	A,P,Y	$DA,$DB,$DC,$DE,$DF	$9C5C
15	9C5C	EffectScript_LoadCallbackOperandsAndJump	Direct call from $15:$9C56	Y	P,Y		$B056
15	9C63	EffectScript_InvokeModeHandlerPreservingContext	Direct call from $15:$9C11	A,Y	A,P,Y	$00,$DA,$DB,$DC	$9CBF
15	9C75	RestoreEffectScriptContext	Tail jump from $15:$9C59	A,Y	A,P,Y	$DA,$DB,$DC	
15	9C82	EffectScript_ConsumeByteAndReturnConditionState	Guarded flow recovery: Coherent routine block immediately after RTS $9C81; 9 instructions, returns	A,Y	A,P,Y		
15	9C92	EffectScript_LoadItemPointerFromSelectorWindow	Direct call from $15:$9998	A,X,Y	A,P,X	$00,$DA,$DB	$9914,$9AC9
15	9CBF	DispatchShopMode	Direct call from $15:$996C; Direct call from $15:$9C72	A	A,P,X	$07C5,$DB,$F9	$B1EF,$B7B5,$B7FB,$B810,$BA5D,$BACD,$BAEF
15	9CE5	EffectScript_IsNighttime	Direct call from $15:$9B09; Direct call from $15:$B26F; Direct call from $15:$BF0E	A	A,P		
15	9CEB	ApplyChapterStoryStateAdjustments	Pointer $15:$8020 (26-entry code dispatch table)	A	A,P		
15	9D2A	HandleShopCounterRowRestriction	Pointer $15:$8085 (Command $01 callback operand parsed from a pointer-delimited effect script)	A,X,Y	A,P,X,Y	$00,$07C5,$0F,$DB,$F9	$B1EF,$B7B5,$B7FB,$B810,$BA5D,$BACD,$BAEF
15	9D36	SetScriptedActorPurchaseCommand	Pointer $15:$8050 (Command $00 callback operand parsed from a pointer-delimited effect script)	A,X	A,P,X	$7046+X	
15	9D3E	SelectScriptResultFromVehicleState	Pointer $15:$810C (Command $01 callback operand parsed from a pointer-delimited effect script)	A,X,Y	A,P,X	$00,$0F	
15	9D57	WaitThenClearScriptStatus	Pointer $15:$8128 (Command $00 callback operand parsed from a pointer-delimited effect script)	A,Y	A,P,Y		$D218
15	9D5C	PrintIndexedDialogueAndSetBusyStatus	Pointer $15:$829F (Command $01 callback operand parsed from a pointer-delimited effect script)	A	A,P	$E7	$A66A
15	9D62	TriggerMapEvent01	Pointer $15:$82A7 (Command $00 callback operand parsed from a pointer-delimited effect script)		A,P		
15	9D68	RunKingInTroubleSummons	Pointer $15:$833A (Command $01 callback operand parsed from a pointer-delimited effect script)		A,P		$9AD4
15	9D83	MarkCurrentMapExitAvailable	Pointer $15:$8896 (Command $00 callback operand parsed from a pointer-delimited effect script)	A	A,P	$62AA	
15	9D8C	ConsumeBufferedRewardAndPrintOpeningLine	Pointer $15:$8551 (Command $01 callback operand parsed from a pointer-delimited effect script)	A,X,Y	A,P,X	$00,$0F	$9D92
15	9D92	MoveBufferedRewardToMessageNumberArgument	Direct call from $15:$9D8C; Direct call from $15:$A2C4	A	A,P	$70,$71,$FD,$FE,$FF	
15	9DB8	ScaleMessageNumberArgumentAndClampToOne	Direct call from $15:$A35B; Direct call from $15:$A3C3; Direct call from $15:$A3E6	A,X	A,P,X	$00,$01,$02	
15	9DDA	RunMapRelocationPrelude	Pointer $15:$8608 (Command $01 callback operand parsed from a pointer-delimited effect script)	A,X	A,P,X	$44,$45,$6F66+X,$6F86+X,$6FA6+X,$6FC6+X,$DD	$A4C9,$A64C,$A658,$A65C,$A660,$A6A9,$A6BC,$A769,$A774,$B089,$D210
15	9DE0	ResolveMapRelocationDestination	Pointer $15:$85FF (Command $01 callback operand parsed from a pointer-delimited effect script)		P		
15	9DF0	RunMapRelocationEffect	Tail jump from $15:$9DDD	A,X	A,P,X	$44,$45,$6F66+X,$6F86+X,$6FA6+X,$6FC6+X,$DD	$A4C9,$A658,$A65C,$A660,$A6A9,$A6BC,$A769,$A774,$B089,$D210
15	9E56	EnterConfiguredSubmapAfterDelay	Pointer $15:$88BC (Command $00 callback operand parsed from a pointer-delimited effect script); Pointer $15:$88D2 (Command $00 callback operand parsed from a pointer-delimited effect script)	A	A,P	$44,$45,$64	$A6BC,$B03F,$D210
15	9E82	ApplyConditionalMapEvent	Pointer $15:$88C1 (Command $01 callback operand parsed from a pointer-delimited effect script); Pointer $15:$88D7 (Command $01 callback operand parsed from a pointer-delimited effect script)		A,P		$A664,$A769,$A774,$B089
15	9E99	RunNetasShopSalesSettlement	Pointer $15:$88AC (Command $00 callback operand parsed from a pointer-delimited effect script)	A	A,P	$70,$71,$FD,$FE,$FF	$B38A
15	9F79	AdvanceDayAndSellNetasShopInventory	Direct call from $15:$A6ED; Direct call from $15:$A717		P	$628C,$628D	
15	9FD6	ConsumeDailyEventCounter	Pointer $15:$881A (Command $01 callback operand parsed from a pointer-delimited effect script)		P		
15	A006	PrintIndexedDialogueAndRefreshEntityLayout	Guarded flow recovery: Coherent routine block immediately after RTI $A005; 3 instructions, jumps and merges into existing code	Y	A,P		$A66A
15	A016	RunOpeningDialogueAndSeedLocalCounter	Pointer $15:$852F (Command $01 callback operand parsed from a pointer-delimited effect script)	A,X,Y	A,P,X,Y	$00,$0F,$6F,$70,$71	$9AC9,$A664
15	A02B	WaitForScriptThresholdThenClearStatus	Pointer $15:$84C6 (Command $01 callback operand parsed from a pointer-delimited effect script)	A	A,P	$70,$71	
15	A051	TestMinimumScriptValue	Pointer $15:$8497 (Command $00 callback operand parsed from a pointer-delimited effect script)	A	A,P	$70,$71	$B09A
15	A068	SetScriptReadyStatusAndWaitShort	Pointer $15:$858E (Command $00 callback operand parsed from a pointer-delimited effect script)		P		$A49E,$B0AE
15	A06E	InventoryService_RollRandomValueTwoToTwelve	Pointer $15:$802A (26-entry code dispatch table)	A	A,P,X	$04,$05,$70,$71,$FD,$FE,$FF	$C851,$C891
15	A095	TriggerMapEvent08AndSetStatus01	Pointer $15:$85BC (Command $00 callback operand parsed from a pointer-delimited effect script)		A,P		
15	A09D	Wait180FramesThenTriggerMapEvent07	Pointer $15:$85D7 (Command $00 callback operand parsed from a pointer-delimited effect script)	A,Y	A,P,Y		$D218
15	A0A2	RunIndexedDialogueAndEnterInterior	Pointer $15:$86C2 (Command $01 callback operand parsed from a pointer-delimited effect script)	A	A,P		$A66A,$D214
15	A0F9	EnterInteriorAfterDelay	Pointer $15:$86D5 (Command $00 callback operand parsed from a pointer-delimited effect script)	A	A,P	$44,$45,$64	$A6C5,$B03F,$D214
15	A0FF	EnterInteriorAndRefresh	Direct call from $15:$A0B4	A	A,P	$44,$45,$64	$B03F
15	A118	AdjustPackedInventoryCounts	Pointer $15:$83E9 (Command $01 callback operand parsed from a pointer-delimited effect script)	A,X,Y	A,P,X	$00,$0F,$E2,$E3,$FD,$FE,$FF	$9AC9,$A1DB,$A650,$A65C,$A660,$A668,$A66A
15	A1DB	WriteOneBasedDialogueArgument	Direct call from $15:$A15B; Direct call from $15:$A198	A	A,P	$0554,$0555	
15	A1E7	CountScriptSequenceSteps	Direct call from $15:$A140; Direct call from $15:$A14B	A,Y	A,P,Y	$00,$01	
15	A20C	WaitThenSetScriptedActorCommand	Pointer $15:$8028 (26-entry code dispatch table)		P		$D218
15	A21B	RunTaloonWeaponShopWorkChoice	Guarded flow recovery: Coherent routine block immediately after RTS $A21A; 15 instructions, 5 BRK service calls, returns and jumps and merges into existing code		P		$9A93
15	A244	RunRandomEventWhenStoryConditionClear	Pointer $15:$8022 (26-entry code dispatch table)		P		
15	A24C	SetReadyStatusAndRunRandomEvent	Pointer $15:$8560 (Command $00 callback operand parsed from a pointer-delimited effect script); Pointer $15:$856E (Command $00 callback operand parsed from a pointer-delimited effect script)		P		$B0AE
15	A258	PickRandomScriptListEntry	Direct call from $15:$A303	A	A,P,X	$00,$01,$DA	$C851,$C891
15	A2C8	ServeChapter3ShopCustomer	Direct call from $15:$A252		P		
15	A3EC	CalculateChapter3ShopCustomerOffer	Direct call from $15:$A361; Direct call from $15:$A394	A	A,P	$00,$01,$02,$DE,$DF,$E0,$E1,$E2,$E3	$B424
15	A47C	CopyValueToMessageNumberArgument	Direct call from $15:$9F15; Direct call from $15:$A313; Direct call from $15:$A44F; Direct call from $15:$A58B; Direct call from $15:$A8A3; Direct call from $15:$B9B6; Direct call from $15:$BA60; Tail jump from $15:$BECF	A	A,P	$FD,$FE,$FF	
15	A489	SetReadyStatusAndWaitWithActorCommand	Pointer $15:$8B78 (Command $00 callback operand parsed from a pointer-delimited effect script)		P		$A49E,$B0AE
15	A48C	SetCurrentActorCommandAndWait	Direct call from $15:$AC82; Pointer $15:$844B (Command $00 callback operand parsed from a pointer-delimited effect script); Pointer $15:$86BA (Command $00 callback operand parsed from a pointer-delimited effect script); Pointer $15:$89F1 (Command $00 callback operand parsed from a pointer-delimited effect script); Pointer $15:$8E0C (Command $00 callback operand parsed from a pointer-delimited effect script); Pointer $15:$8E9B (Command $00 callback operand parsed from a pointer-delimited effect script); Pointer $15:$9080 (Command $00 callback operand parsed from a pointer-delimited effect script); Pointer $15:$9533 (Command $00 callback operand parsed from a pointer-delimited effect script)		P		$A49E,$B0AE
15	A495	SetEntityCommandAndWaitSixtyFrames	Tail jump from $15:$A06B		P		$A49E,$B0AE
15	A49E	SetCurrentActorCommand	Direct call from $15:$A48C; Direct call from $15:$A495	A,X	A,P,X	$7040+X	
15	A4A6	TriggerMapEvent05AndSetStatusC0	Pointer $15:$8998 (Command $00 callback operand parsed from a pointer-delimited effect script)		A,P		
15	A4AE	TriggerMapEvent04AndSetStatusC0	Pointer $15:$89CB (Command $00 callback operand parsed from a pointer-delimited effect script)		A,P		
15	A4B6	ReapplyMapEntityLayout	Pointer $15:$80B7 (Command $00 callback operand parsed from a pointer-delimited effect script); Pointer $15:$80CF (Command $00 callback operand parsed from a pointer-delimited effect script); Pointer $15:$811C (Command $00 callback operand parsed from a pointer-delimited effect script); Pointer $15:$8988 (Command $00 callback operand parsed from a pointer-delimited effect script); Pointer $15:$8AB8 (Command $00 callback operand parsed from a pointer-delimited effect script); Pointer $15:$8AD6 (Command $00 callback operand parsed from a pointer-delimited effect script)		P		
15	A4BA	RunFloraAndAlexReunion	Pointer $15:$8024 (26-entry code dispatch table)		P		$A4C9
15	A4C9	RefreshMapPreservingScriptPointers	Direct call from $15:$9E17; Direct call from $15:$9E7C; Direct call from $15:$A0B7; Direct call from $15:$A2D5; Direct call from $15:$A4BA; Direct call from $15:$AB30; Direct call from $15:$AD64; Direct call from $15:$AE7B; Direct call from $15:$B00C; Direct call from $15:$BEE6	A	A,P		$B7B5
15	A4DE	SetFirstActorCommandAndBusyStatus	Pointer $15:$8720 (Command $00 callback operand parsed from a pointer-delimited effect script)		P		
15	A4F0	SelectInitialInventoryRewardState	Pointer $15:$8728 (Command $01 callback operand parsed from a pointer-delimited effect script)	A,X,Y	A,P,X	$00,$0F	$A664,$B089
15	A501	RunDialogueLoopThenTriggerMapEvent06	Pointer $15:$8765 (Command $01 callback operand parsed from a pointer-delimited effect script)		A,P		$9AC9,$A660,$A664,$A668,$B09A
15	A521	ProcessRewardChoiceThreshold	Pointer $15:$86F8 (Command $01 callback operand parsed from a pointer-delimited effect script)	A,X,Y	A,P,X	$00,$0F	$9AC9,$A664
15	A5E4	RollSmallRandomRewardValue	Direct call from $15:$A599	A	A,P,X	$04,$05	$C827,$C891
15	A5FA	RollLargeRandomRewardValue	Direct call from $15:$9FA9; Direct call from $15:$A59F	A	A,P,X	$04,$05	$C827,$C891
15	A60D	ConvertScriptResultToMessageNumber	Direct call from $15:$9F1A; Tail jump from $15:$A5F7		P,X		
15	A62C	BranchOnScriptThreshold	Pointer $15:$87DF (Command $01 callback operand parsed from a pointer-delimited effect script)	A	A,P	$70,$71	
15	A63F	PrintScriptLinesOneAndTwo	Guarded flow recovery: Coherent routine block immediately after RTI $A63E; 3 instructions, 1 BRK service calls, jumps and merges into existing code		P		
15	A64C	PrintScriptLine7	Direct call from $15:$9DDA; Direct call from $15:$A5B6	A,X,Y	A,P,X	$00,$0F	
15	A650	PrintScriptLine6	Direct call from $15:$9E4C; Direct call from $15:$A187; Direct call from $15:$A5BE; Direct call from $15:$AE1C	A,X,Y	A,P,X	$00,$0F	
15	A654	PrintScriptLine5	Direct call from $15:$9E52; Direct call from $15:$A184; Direct call from $15:$A5AE; Direct call from $15:$AB27; Direct call from $15:$AE19; Direct call from $15:$AF09; Direct call from $15:$AF5F	A,X,Y	A,P,X	$00,$0F	
15	A658	PrintScriptLine4	Direct call from $15:$9E20; Direct call from $15:$A0E2; Direct call from $15:$A170; Direct call from $15:$A56D; Direct call from $15:$AB13; Direct call from $15:$AE0F; Direct call from $15:$AF54	A,X,Y	A,P,X	$00,$0F	
15	A65C	PrintScriptLine3	Direct call from $15:$9E1D; Direct call from $15:$A0CE; Direct call from $15:$A16A; Direct call from $15:$A1B5; Direct call from $15:$A53A; Direct call from $15:$ADC3; Direct call from $15:$AE8E; Direct call from $15:$AEEC; Direct call from $15:$AF39; Tail jump from $15:$A028; Tail jump from $15:$AAC0	A,X,Y	A,P,X	$00,$0F	
15	A660	PrintScriptLine2	Direct call from $15:$9DF0; Direct call from $15:$A0C8; Direct call from $15:$A15E; Direct call from $15:$A19B; Direct call from $15:$A50F; Direct call from $15:$AABD; Direct call from $15:$AAE7; Direct call from $15:$AB08; Direct call from $15:$AC1A; Direct call from $15:$AC4C; Direct call from $15:$ACA1; Direct call from $15:$ADBB; Direct call from $15:$AE01; Direct call from $15:$AE61; Direct call from $15:$AF36	A,X,Y	A,P,X	$00,$0F	
15	A664	PrintScriptLine0	Direct call from $15:$9E90; Direct call from $15:$A016; Direct call from $15:$A049; Direct call from $15:$A4F7; Direct call from $15:$A501; Direct call from $15:$A521; Direct call from $15:$ABE5; Direct call from $15:$AC09; Direct call from $15:$AC8E; Direct call from $15:$ADB0; Direct call from $15:$AFA5; Tail jump from $15:$9D8F	A,X,Y	A,P,X	$00,$0F	
15	A668	PrintScriptLine1	Direct call from $15:$9DED; Direct call from $15:$A03A; Direct call from $15:$A0C0; Direct call from $15:$A136; Direct call from $15:$A509; Direct call from $15:$A643; Direct call from $15:$AAB7; Direct call from $15:$AAE1; Direct call from $15:$AB83; Direct call from $15:$AC91; Direct call from $15:$AE5E; Direct call from $15:$AF30; Tail jump from $15:$A529; Tail jump from $15:$ABEB	A,X,Y	A,P,X	$00,$0F	
15	A66A	PrintScriptLineByOffset	Direct call from $15:$9D5C; Direct call from $15:$A007; Direct call from $15:$A0A2; Direct call from $15:$A12E; Direct call from $15:$A1CF; Direct call from $15:$A57C; Direct call from $15:$A5D1; Direct call from $15:$AAAF; Direct call from $15:$AAD9; Direct call from $15:$AAFD; Direct call from $15:$AB78; Direct call from $15:$AD0E; Direct call from $15:$ADF6; Direct call from $15:$AE2C; Direct call from $15:$AED6; Direct call from $15:$AF15; Direct call from $15:$AF24; Tail jump from $15:$9D54; Tail jump from $15:$AC72	A,X,Y	A,P,X	$00,$0F	
15	A679	PositionPlayerAndRefreshScene	Pointer $15:$8A4F (Command $00 callback operand parsed from a pointer-delimited effect script)	A	A,P	$44,$45,$DD	$A6BC,$B7B5,$D210
15	A685	RefreshSceneFromFacingDirection	Pointer $15:$8947 (Command $00 callback operand parsed from a pointer-delimited effect script); Pointer $15:$895D (Command $00 callback operand parsed from a pointer-delimited effect script)	A	A,P	$DD	$A6BC,$B7B5,$D210
15	A694	RefreshSceneOrUseMapSpecificPath	Direct call from $15:$BF42	A	A,P	$64	$A6B7,$A6BC,$B03F,$B7B5,$D214
15	A6A9	RefreshMapAfterScriptEvent	Direct call from $15:$9E1A; Tail jump from $15:$A691		A,P		$B7B5
15	A6B7	DispatchResolvedScriptEvent	Direct call from $15:$A6A6; Direct call from $15:$A7B6; Direct call from $15:$BEBC; Direct call from $15:$BF21	A,X,Y	A,P,X	$0E,$0F,$6BDE	
15	A6BC	PreserveSceneStateAroundTransition	Direct call from $15:$9E02; Direct call from $15:$9E65; Direct call from $15:$A68E; Direct call from $15:$A6A3; Direct call from $15:$AFF7	A,X	A,P,X	$DD	$A732,$A738,$AEA6
15	A6C5	RunSceneTransitionAndAdvanceTime	Direct call from $15:$A0B1; Direct call from $15:$A0FC	A,X	A,P,X		$A732,$A738
15	A6FF	RunAlternateSceneTransitionAndRefresh	Direct call from $15:$BF48	A,X	A,P,X		$A732
15	A728	ApplyCurrentMapModeToEventTransition	Direct call from $15:$A6F3; Direct call from $15:$A71A		P		
15	A732	FadeEventPaletteToBlack	Direct call from $15:$A6CF; Direct call from $15:$A709		P		
15	A738	TriggerChapter5Map12FieldEvent	Direct call from $15:$A6D2	A	A,P	$DD	
15	A769	IsEventEffectAvailable	Direct call from $15:$9A8F; Direct call from $15:$9E25; Direct call from $15:$9E84; Direct call from $15:$AE14		P		
15	A774	HasEventProgressReachedLimit	Direct call from $15:$9E2C; Direct call from $15:$9E8B		P		
15	A77E	FindLastMatchingInventoryItem	Guarded flow recovery: Coherent routine block immediately after RTS $A77D; 15 instructions, 2 BRK service calls, returns	A,X	A,P	$0F	
15	A797	RunCasinoCoinSeller	Pointer $15:$8458 (Command $00 callback operand parsed from a pointer-delimited effect script)		P		
15	A83A	CompareMessageNumberArgumentWithMillion	Direct call from $15:$A809	A	A,P		
15	A841	CompareMessageNumberArgumentWithCasinoCap	Direct call from $15:$A7A0	A	A,P		
15	A845	CompareMessageNumberArgumentWithCasinoLimit	Tail jump from $15:$A83E	A	A,P		
15	A84E	TestMessageNumberArgumentAgainstLimit	Direct call from $15:$A7EE; Direct call from $15:$BF2D	A	A,P	$70,$71	
15	A85C	GetChapterCasinoStake	Direct call from $15:$A7A8; Direct call from $15:$A7DD; Pointer $15:$8008 (26-entry code dispatch table)	A	A,P		
15	A870	RunCasinoExchangeCounter	Pointer $15:$8454 (Command $00 callback operand parsed from a pointer-delimited effect script)		P		
15	A960	LoadPrimaryShopStockList	Direct call from $15:$A873; Direct call from $15:$A99A	A	A,P	$07C5	
15	A96D	Shop_CountMatchingStockItems	Direct call from $15:$A99D	A,X	A,P,X	$00,$01	
15	A99A	RunSmallMedalKingRewardExchange	Pointer $15:$9604 (Command $00 callback operand parsed from a pointer-delimited effect script)	A	P	$DB,$FD	$A960,$A96D
15	AA6E	StartPokerGame	Pointer $15:$8464 (Command $00 callback operand parsed from a pointer-delimited effect script)		P		
15	AA74	EnterEventInterior	Pointer $15:$8774 (Command $00 callback operand parsed from a pointer-delimited effect script)		P		$D214
15	AA7D	StartMonsterArenaRound	Pointer $15:$845C (Command $00 callback operand parsed from a pointer-delimited effect script)		P		
15	AA83	TriggerMapEvent0B	Pointer $15:$8A05 (Command $00 callback operand parsed from a pointer-delimited effect script)		A,P		
15	AA89	CopyAvailableEventValue	Pointer $15:$8A29 (Command $00 callback operand parsed from a pointer-delimited effect script)		A,P		
15	AA97	DispatchEventBranchByAvailability	Pointer $15:$87F1 (Command $01 callback operand parsed from a pointer-delimited effect script)		A,P		
15	AAAF	RunBaseAndFollowupDialogueStates	Pointer $15:$8BB1 (Command $01 callback operand parsed from a pointer-delimited effect script)	A,X,Y	A,P,X	$00,$0F	$9AC9,$A660,$A668,$A66A
15	AAC3	Wait180FramesThenTriggerMapEvent17	Pointer $15:$917E (Command $00 callback operand parsed from a pointer-delimited effect script)	A,Y	A,P,Y		$D218
15	AAC8	WaitShortThenTriggerMapEvent18	Pointer $15:$8B2D (Command $00 callback operand parsed from a pointer-delimited effect script)	A,Y	A,P,Y		$D214
15	AACC	WaitShortThenTriggerMapEvent11	Pointer $15:$8B5F (Command $00 callback operand parsed from a pointer-delimited effect script)	A,Y	A,P,Y		$D214
15	AAD1	TriggerMapEvent13AndSetStatus01	Pointer $15:$8B63 (Command $00 callback operand parsed from a pointer-delimited effect script)		A,P		
15	AAD9	RunDialogueLoopThenTriggerMapEvent0D	Pointer $15:$8BC7 (Command $01 callback operand parsed from a pointer-delimited effect script)		A,P		$9AC9,$A660,$A668,$A66A
15	AAF5	TriggerMapEvent0C	Pointer $15:$8C39 (Command $00 callback operand parsed from a pointer-delimited effect script)		A,P		
15	AAFB	ProcessIndexedDialogueBranchChain	Pointer $15:$8C52 (Command $01 callback operand parsed from a pointer-delimited effect script)	A,X,Y	A,P,X	$00,$0F,$F9	$9AC9,$A658,$A660,$A66A
15	AB30	RunTaloonLighthouseRequestDialogue	Pointer $15:$8012 (26-entry code dispatch table)		P		$A4C9
15	AB55	QueueScriptedActorCommandAndTriggerMapEvent	Pointer $15:$8C67 (Command $00 callback operand parsed from a pointer-delimited effect script)	A,X	A,P,X	$7046+X	
15	AB65	CopyResolvedEventValueAndSelectEntry	Pointer $15:$8C9F (Command $00 callback operand parsed from a pointer-delimited effect script)		A,P		
15	AB78	PromoteDialogueBranchWhenMapStateSet	Pointer $15:$8D0B (Command $01 callback operand parsed from a pointer-delimited effect script)		P		$A66A
15	AB89	InitializeAndProcessEventChoice	Pointer $15:$8C82 (Command $01 callback operand parsed from a pointer-delimited effect script)	A	A,P	$DA	
15	AB8B	RunAlenaPartyJoinAndPadequiaDialogue	Pointer $15:$8D01 (Command $00 callback operand parsed from a pointer-delimited effect script)	A	P	$DA	
15	ABCB	RouteSpecialActorDialogueThreshold	Pointer $15:$8613 (Command $01 callback operand parsed from a pointer-delimited effect script)	A,X,Y	A,P,X	$00,$0F,$7040+X	$9AF8,$A664
15	ABEE	Wait180FramesThenTriggerMapEvent0E	Pointer $15:$8F36 (Command $00 callback operand parsed from a pointer-delimited effect script)	A,Y	A,P,Y		$D218
15	ABF3	Wait180FramesThenTriggerMapEvent0F	Pointer $15:$8F4A (Command $00 callback operand parsed from a pointer-delimited effect script)	A,Y	A,P,Y		$D218
15	ABF8	Wait180FramesThenTriggerMapEvent14	Pointer $15:$8DE6 (Command $00 callback operand parsed from a pointer-delimited effect script)	A,Y	A,P,Y		$D218
15	ABFD	ProcessStoryGateDialogueFlow	Pointer $15:$90A8 (Command $01 callback operand parsed from a pointer-delimited effect script)		P		
15	AC37	ResolveTieredDialogueBranch	Pointer $15:$912C (Command $01 callback operand parsed from a pointer-delimited effect script)		P		
15	AC45	AdvanceConditionalDialogueBranches	Guarded flow recovery: Coherent routine block immediately after RTI $AC44; 8 instructions, jumps and merges into existing code	A,X,Y	A,P,X	$00,$0F	$9AC9,$A660
15	AC5D	Wait180FramesThenTriggerMapEvent16	Pointer $15:$8DEC (Command $00 callback operand parsed from a pointer-delimited effect script)	A,Y	A,P,Y		$D218
15	AC62	RollTripledRandomDialogueOffset	Pointer $15:$8E1D (Command $01 callback operand parsed from a pointer-delimited effect script)	A,X,Y	A,P,X	$00,$0F,$DA,$DB	$C827,$C891
15	AC75	Wait180FramesThenTriggerMapEvent19	Pointer $15:$9305 (Command $00 callback operand parsed from a pointer-delimited effect script)	A,Y	A,P,Y		$D218
15	AC7A	TriggerMapEvent1AAndSetStatus01	Pointer $15:$938B (Command $00 callback operand parsed from a pointer-delimited effect script)		A,P		
15	AC82	RunDelayedActorCommandAndFinish	Pointer $15:$9396 (Command $00 callback operand parsed from a pointer-delimited effect script)	A	A,P	$E7	$A48C
15	AC88	ResolveEventAvailabilityDialogueBranch	Pointer $15:$9352 (Command $01 callback operand parsed from a pointer-delimited effect script)		P		
15	ACAE	RouteDialogueByActorClassState	Pointer $15:$937E (Command $01 callback operand parsed from a pointer-delimited effect script)		P		
15	ACB5	RouteSilentNpcDialogueByClass	Guarded flow recovery: Coherent routine block immediately after RTI $ACB4; 13 instructions, 1 BRK service calls, returns and jumps and merges into existing code	A,X,Y	A,P,X	$00,$0F	
15	ACD2	RouteSilentNpcDialogueBySavedSelector	Pointer $15:$9378 (Command $01 callback operand parsed from a pointer-delimited effect script)		P		
15	ACDB	ProcessSilentNpcDialogueByClass	Guarded flow recovery: Coherent routine block immediately after RTI $ACDA; 28 instructions, 2 BRK service calls, returns and jumps and merges into existing code	A,X,Y	A,P,X	$00,$0F	$A66A
15	AD19	RunGardenburHostageSelection	Pointer $15:$936D (Command $00 callback operand parsed from a pointer-delimited effect script)		P		
15	AD64	RunGardenburQueenTrial	Pointer $15:$8032 (26-entry code dispatch table)		P		$A4C9
15	AD8A	Wait180FramesThenTriggerMapEvent1D	Pointer $15:$93A7 (Command $00 callback operand parsed from a pointer-delimited effect script)	A,Y	A,P,Y		$D218
15	AD8F	DispatchShopCustomerPolicy	Pointer $15:$93AB (Command $00 callback operand parsed from a pointer-delimited effect script)	A,X,Y	A,P,X,Y	$07C5,$DB,$F9	$B1EF,$B7B5,$B7FB,$B810,$BA5D,$BACD,$BAEF
15	ADB0	RunDialogueStatesUntilSelectionClears	Pointer $15:$9423 (Command $01 callback operand parsed from a pointer-delimited effect script)	A,X,Y	A,P,X	$00,$0F	$9AC9,$A65C,$A660,$A664
15	ADD4	TriggerMapEvent1E	Pointer $15:$9418 (Command $00 callback operand parsed from a pointer-delimited effect script)		A,P		
15	ADDA	BranchOnInitialDialogueChoice	Guarded flow recovery: Coherent routine block immediately after RTS $ADD9; 9 instructions, 2 BRK service calls, jumps and merges into existing code		A,P		
15	ADF1	WaitShortThenTriggerMapEvent22	Pointer $15:$9467 (Command $00 callback operand parsed from a pointer-delimited effect script)	A,Y	A,P,Y		$D214
15	ADF6	ResolveDialogueTierWithUpperBound	Pointer $15:$9480 (Command $01 callback operand parsed from a pointer-delimited effect script)	A,X,Y	A,P,X	$00,$0F	$9AC9,$A660,$A66A
15	AE26	ProcessSelectedEventScene	Pointer $15:$948D (Command $01 callback operand parsed from a pointer-delimited effect script)		P		
15	AEA6	RepeatSceneUpdateForResolvedCount	Direct call from $15:$A6BF; Direct call from $15:$A70F; Direct call from $15:$AF45		P		
15	AEBC	ClearMessageArgumentsAndPrintBaseLine	Pointer $15:$94AB (Command $01 callback operand parsed from a pointer-delimited effect script); Pointer $15:$9546 (Command $01 callback operand parsed from a pointer-delimited effect script); Pointer $15:$95C9 (Command $01 callback operand parsed from a pointer-delimited effect script)		A,P		
15	AEC7	RunEffectStateZero	Tail jump from $15:$AECD	A,X,Y	A,P,X	$00,$0F	
15	AECA	CopyHeroNameAndPrintBaseLine	Pointer $15:$9451 (Command $01 callback operand parsed from a pointer-delimited effect script); Pointer $15:$9457 (Command $01 callback operand parsed from a pointer-delimited effect script); Pointer $15:$949B (Command $01 callback operand parsed from a pointer-delimited effect script); Pointer $15:$94A0 (Command $01 callback operand parsed from a pointer-delimited effect script); Pointer $15:$94B1 (Command $01 callback operand parsed from a pointer-delimited effect script); Pointer $15:$94BE (Command $01 callback operand parsed from a pointer-delimited effect script); Pointer $15:$94D5 (Command $01 callback operand parsed from a pointer-delimited effect script)	A,X,Y	A,P,X	$00,$0F	$B067
15	AED0	ProcessEventAvailabilityDialogueBranches	Pointer $15:$94CB (Command $01 callback operand parsed from a pointer-delimited effect script)		P		
15	AF0F	RunLuciaFarewell	Pointer $15:$94DB (Command $01 callback operand parsed from a pointer-delimited effect script)		P		
15	AF24	ProcessPackedWorldStateDialogue	Pointer $15:$94E1 (Command $01 callback operand parsed from a pointer-delimited effect script)	A	A,P		$A65C,$A660,$A668,$A66A
15	AF65	Wait180FramesThenTriggerMapEvent25	Pointer $15:$94EE (Command $00 callback operand parsed from a pointer-delimited effect script)	A,Y	A,P,Y		$D218
15	AF69	Wait180FramesThenTriggerMapEvent26	Pointer $15:$94FD (Command $00 callback operand parsed from a pointer-delimited effect script)	A,Y	A,P,Y		$D218
15	AF6E	Wait180FramesThenTriggerMapEvent27	Pointer $15:$9503 (Command $00 callback operand parsed from a pointer-delimited effect script)	A,X,Y	A,P,X,Y	$DA,$DB	$D218
15	AF72	AnimateActorSwapAndTriggerProgressEvent	Pointer $15:$9509 (Command $01 callback operand parsed from a pointer-delimited effect script)	A,X	A,P,X	$DA,$DB	
15	AFAC	TriggerMapEvent2EThenWaitShort	Pointer $15:$8BBE (Command $00 callback operand parsed from a pointer-delimited effect script)		A,P		
15	AFB4	CompleteDelayedInteractionAndSetStatus	Pointer $15:$828A (Command $00 callback operand parsed from a pointer-delimited effect script)		P		$D214
15	AFBD	CopyActorAppearanceAndRender	Direct call from $15:$B128; Pointer $15:$9518 (Command $00 callback operand parsed from a pointer-delimited effect script)	A,X	A,P,X	$00,$6FE6+X,$7006+X,$7046+X	
15	B012	WaitShortThenTriggerMapEvent31	Pointer $15:$8B59 (Command $00 callback operand parsed from a pointer-delimited effect script)	A,Y	A,P,Y		$D214
15	B017	ShowHectorWorkingAtTunnel	Pointer $15:$963F (Command $00 callback operand parsed from a pointer-delimited effect script and overlapping the script pointer table boundary)		P		
15	B030	PlayJingle10AndResumeMapMusic	Direct call from $15:$B7A9		P		
15	B036	PlayJingle33AndResumeMapMusic	Direct call from $15:$B6D5		P		
15	B03C	PlayJingle2DAndResumeMapMusic	Pointer $15:$8C9A (Command $00 callback operand parsed from a pointer-delimited effect script)		P		
15	B03F	WaitForAudioAndResumeMapMusic	Direct call from $15:$9E68; Direct call from $15:$A10E; Direct call from $15:$A6B1; Direct call from $15:$AFFA		P		
15	B046	LoadCasinoCoinsIntoMessageNumberArgument	Direct call from $15:$A79A; Direct call from $15:$A87A	A	A,P	$FD,$FE,$FF	
15	B056	EffectScript_LoadPointerOperandIntoE0E1	Direct call from $15:$9C5D	A,Y	A,P,Y	$E0,$E1	
15	B067	CopyHeroNameToDialogueBuffer	Direct call from $15:$AECA	A,X	A,P,X	$0554+X,$0555+X,$0558	
15	B089	CommitAvailableEventValue	Direct call from $15:$9E33; Direct call from $15:$9E95; Direct call from $15:$A4F2; Direct call from $15:$AC23; Direct call from $15:$AC96; Direct call from $15:$AEDF; Direct call from $15:$AF02	A	P	$00	
15	B09A	LoadEventAvailabilityResult	Direct call from $15:$A053; Direct call from $15:$A514	A,Y	A,P	$E0	
15	B0AE	SetScriptInterpreterStatusReady	Direct call from $15:$A068; Direct call from $15:$A24C; Direct call from $15:$A489; Direct call from $15:$A48F; Direct call from $15:$A498; Tail jump from $15:$AC85	A	A,P	$E7	
15	B0B6	SetEffectInterpreterStatus80	Tail jump from $15:$9D5F	A	A,P	$E7	
15	B0BB	RejectDirectPartyMemberTalk	Direct call from $15:$9939	A	P		
15	B0CE	WaitShortThenTriggerMapEventAndSetStatus01	Direct call from $15:$B133; Tail jump from $15:$AACE; Tail jump from $15:$ADF3; Tail jump from $15:$B014	A,Y	A,P,Y		$D214
15	B0D7	Wait180FramesThenTriggerMapEventAndSetStatus01	Direct call from $15:$A043; Tail jump from $15:$9D59; Tail jump from $15:$A09F; Tail jump from $15:$AAC5; Tail jump from $15:$ABF0; Tail jump from $15:$ABF5; Tail jump from $15:$ABFA; Tail jump from $15:$AC5F; Tail jump from $15:$AC77; Tail jump from $15:$AD8C; Tail jump from $15:$AF6B	A,Y	A,P,Y		$D218
15	B0DD	FinishEffectDelayAndSetStatus	Tail jump from $15:$B0D4	A	A,P,Y		
15	B0E6	RunCaptivePrisonerRescueDialogue	Direct call from $15:$993F	A	A,P	$DA	
15	B1EF	LoadShopStock	Direct call from $15:$A2FB; Direct call from $15:$B84E; Pointer $15:$8000 (26-entry code dispatch table)	A,X,Y	A,P,X,Y	$07BD+Y,$07C4,$DA,$DB	$B243,$B2A3,$BFA4
15	B243	Shop_AppendSpecialStockItems	Direct call from $15:$B231	A,X,Y	A,P,X,Y	$07BD,$07BD+Y,$07BE,$07BF,$07C0	$9CE5,$B28C
15	B28C	IsSpecialShopCandidateListContext	Direct call from $15:$B243	A	A,P		
15	B2A3	Shop_AdvanceStockPointerToCurrentMap	Direct call from $15:$B219	A	A,P	$DA,$DB	$B2C8,$BFA4
15	B2C8	Shop_AdvanceStockPointer	Direct call from $15:$B2A6; Direct call from $15:$B2B4; Direct call from $15:$B2BF		P	$DA,$DB	
15	B2CF	Shop_LoadItemPrice	Direct call from $15:$9F12; Direct call from $15:$A310; Direct call from $15:$A588; Direct call from $15:$AA00; Direct call from $15:$BAA4; Pointer $15:$8006 (26-entry code dispatch table); Tail jump from $15:$BA7F	A,X,Y	A,P,X,Y	$00,$01,$02	
15	B35F	Shop_LoadItemSellPrice	Direct call from $15:$A44C; Direct call from $15:$B9B3; Direct call from $15:$BA86; Pointer $15:$8004 (26-entry code dispatch table)	A,X,Y	A,P,X		
15	B374	Bank15_InitializeInventoryStorage	Pointer $15:$800A (26-entry code dispatch table)	A,Y	A,P,Y	$61DB,$61DB+Y,$625B,$625C	
15	B38A	InventoryStorage_FindFirstEmptySlot	Direct call from $15:$9EC8; Direct call from $15:$9F55; Direct call from $15:$9F61; Direct call from $15:$B3AC; Direct call from $15:$BC7D; Direct call from $15:$BCEE; Direct call from $15:$BDAA; Pointer $15:$800C (26-entry code dispatch table)	A,Y	A,P,Y	$E7	
15	B3A1	InventoryStorage_TryAppendValue	Direct call from $15:$9F2E; Direct call from $15:$BCE4; Pointer $15:$800E (26-entry code dispatch table)	A,Y	A,P,Y	$61DB+Y,$61DC+Y,$E8,$E9	$B38A
15	B3CA	InventoryStorage_RemoveSlotAndCompact	Direct call from $15:$9FC7; Direct call from $15:$BEB1; Pointer $15:$8010 (26-entry code dispatch table)	A,Y	A,P,Y	$61DB+Y,$E8	
15	B3F2	EffectMath_Multiply0002By10	Direct call from $15:$B500	A	A,P	$00,$01,$02,$03,$04,$05	
15	B424	EffectMath_Divide0002By10ClampToOne	Direct call from $15:$A3FE	A	A,P	$00	$B432
15	B432	EffectMath_Divide0002By10	Direct call from $15:$B424; Pointer $15:$8002 (26-entry code dispatch table)	A,Y	A,P,Y	$00,$0003+Y,$01,$02,$03,$04,$05,$E8,$E9	
15	B47C	EffectMath_Scale0002ToThreeQuarters	Direct call from $15:$B36B	A,Y	A,P,Y	$00,$0003+Y,$01,$02,$03,$04,$05	
15	B4B9	VaultGold_AddThousands	Direct call from $15:$BC74; Direct call from $15:$BDA2; Pointer $15:$8016 (26-entry code dispatch table)	A	A,P	$625B,$625C	
15	B4CB	VaultGold_TrySubtractThousands	Direct call from $15:$BD56; Pointer $15:$8018 (26-entry code dispatch table)	A	A,P	$03,$625B,$625C	
15	B4E3	VaultGold_LoadThousands	Direct call from $15:$BC07; Direct call from $15:$BC4C; Direct call from $15:$BD1C; Direct call from $15:$BDED; Pointer $15:$801A (26-entry code dispatch table)	A	A,P	$00,$01	
15	B4EE	EffectMath_Multiply0001By1000	Direct call from $15:$BD6B; Direct call from $15:$BECC; Pointer $15:$801C (26-entry code dispatch table)	A,X	A,P,X	$02,$03,$04,$05	$B3F2
15	B513	InitializeHouseOfHealingVisit	Pointer $15:$802C (26-entry code dispatch table)		P		
15	B524	ShowHouseOfHealingFarewell	Pointer $15:$8026 (26-entry code dispatch table)		P		
15	B528	RunEffectLookupAndAudioCue	Tail jump from $15:$9CE2		A,P		$B7B5
15	B530	RunHouseOfHealingService	Pointer $15:$82AF (Command $00 callback operand parsed from a pointer-delimited effect script); Pointer $15:$82E0 (Command $00 callback operand parsed from a pointer-delimited effect script); Pointer $15:$92F7 (Command $00 callback operand parsed from a pointer-delimited effect script)		P		
15	B766	RunHouseOfHealingPaymentPrompt	Direct call from $15:$B5D1; Direct call from $15:$B624; Direct call from $15:$B69D	A	A,P	$FD,$FE,$FF	
15	B7A6	CompleteHouseOfHealingTreatment	Direct call from $15:$B5D7; Direct call from $15:$B62A; Direct call from $15:$B6A6		P		
15	B7B5	InvokeScriptLookupPreservingInterpreterState	Direct call from $15:$9ACB; Direct call from $15:$9EF7; Direct call from $15:$9F5E; Direct call from $15:$A300; Direct call from $15:$A4D1; Direct call from $15:$A545; Direct call from $15:$A6AB; Direct call from $15:$A7BD; Direct call from $15:$A896; Direct call from $15:$A8D2; Direct call from $15:$A902; Direct call from $15:$A9E1; Direct call from $15:$AA27; Direct call from $15:$AD28; Direct call from $15:$B518; Direct call from $15:$B52A; Direct call from $15:$B563; Direct call from $15:$B56B; Direct call from $15:$B5A7; Direct call from $15:$B5F0; Direct call from $15:$B643; Direct call from $15:$B6C7; Direct call from $15:$B6E3; Direct call from $15:$B6F4; Direct call from $15:$B74B; Direct call from $15:$B777; Direct call from $15:$B77C; Direct call from $15:$B806; Direct call from $15:$B817; Direct call from $15:$B858; Direct call from $15:$B886; Direct call from $15:$B938; Direct call from $15:$BA24; Direct call from $15:$BBDB; Direct call from $15:$BBE0; Direct call from $15:$BBF6; Direct call from $15:$BC1F; Direct call from $15:$BC95; Direct call from $15:$BD0B; Direct call from $15:$BD33; Direct call from $15:$BDBC; Direct call from $15:$BE17; Direct call from $15:$BF08; Tail jump from $15:$A6B9	A,X,Y	A,P,X	$0E,$0F,$6BDE	
15	B7FB	PrepareShopSelectionContext	Direct call from $15:$9972; Direct call from $15:$B0C4; Direct call from $15:$B12B; Direct call from $15:$B16E; Direct call from $15:$B196; Direct call from $15:$B822; Direct call from $15:$B829; Direct call from $15:$B830; Direct call from $15:$BBCE	A	A,P		
15	B810	LoadShopContextAndResolveEntry	Direct call from $15:$B83D		P		
15	B81F	EnterShopBuyMenu	Pointer $15:$8580 (Command $00 callback operand parsed from a pointer-delimited effect script); Pointer $15:$8EE0 (Command $00 callback operand parsed from a pointer-delimited effect script)	A	A,P,X	$07C5,$DB,$F9	$B1EF,$B7B5,$B7FB,$B810,$BA5D,$BACD,$BAEF
15	B822	PrepareAndRunShopBuyMenu	Tail jump from $15:$ADAD	A	A,P,X	$07C5,$DB,$F9	$B1EF,$B7B5,$B7FB,$B810,$BA5D,$BACD,$BAEF
15	B825	RunShopBuyMenu	Tail jump from $15:$B81F	A	A,P,X	$07C5,$DB,$F9	$B1EF,$B7B5,$B7FB,$B810,$BA5D,$BACD,$BAEF
15	B829	PrepareAndRunShopSellMenu	Tail jump from $15:$9D33	A	A,P,X	$07C5,$DB,$F9	$B1EF,$B7B5,$B7FB,$B810,$BA5D,$BACD,$BAEF
15	B833	RunShopSellMenu	Direct call from $15:$BEF6; Pointer $15:$8030 (26-entry code dispatch table)	A	A,P,X	$07C5,$DB,$F9	$B1EF,$B7B5,$B810,$BA5D,$BACD,$BAEF
15	BA10	TestShopStateAndResetDisplay	Direct call from $15:$B9E0; Direct call from $15:$BCD5		A,P		
15	BA20	Shop_LoadSelectedStockEntryContext	Direct call from $15:$B98F; Direct call from $15:$BCC2	A	A,P,X	$DF	$B7B5
15	BA3E	TestShopIndexAgainstSelectionLimit	Direct call from $15:$B8DB; Direct call from $15:$BE58		A,P		
15	BA55	IsSelectedShopEntryTypeEight	Direct call from $15:$A8EF; Direct call from $15:$B8B6		P,X		
15	BA5D	CompareSelectedItemPrice	Direct call from $15:$B862		P		$A47C,$BA73
15	BA73	LoadSelectedItemPrice	Direct call from $15:$A8A0; Direct call from $15:$BA5D	A,X,Y	A,P,X,Y	$00,$01,$02,$DC,$DF,$F9	
15	BA82	ValidateSelectedItemSellPrice	Direct call from $15:$B9ED	A	A,P	$00,$70,$71	$B35F
15	BAA0	ValidateSelectedItemBuyPrice	Direct call from $15:$B925	A	A,P	$00,$70,$71	$B2CF
15	BAC0	PlayShopTransactionJingleAndResumeMusic	Direct call from $15:$BA19		P		
15	BACD	RemapShopEntryForSpecialContext	Direct call from $15:$B874	A	A,P	$DC	
15	BAEF	PrintShopMessageForShopType	Direct call from $15:$B83A; Direct call from $15:$B853; Direct call from $15:$B869; Direct call from $15:$B871; Direct call from $15:$B87F; Direct call from $15:$B8A0; Direct call from $15:$B8AE; Direct call from $15:$B8BD; Direct call from $15:$B8C8; Direct call from $15:$B8D5; Direct call from $15:$B8E2; Direct call from $15:$B8FD; Direct call from $15:$B90E; Direct call from $15:$B91A; Direct call from $15:$B922; Direct call from $15:$B933; Direct call from $15:$B955; Direct call from $15:$B967; Direct call from $15:$B978; Direct call from $15:$B98C; Direct call from $15:$B999; Direct call from $15:$B9A9; Direct call from $15:$B9BB; Direct call from $15:$B9C5; Direct call from $15:$B9CD; Direct call from $15:$B9DD; Direct call from $15:$B9E7; Direct call from $15:$B9FC; Direct call from $15:$BA04; Direct call from $15:$BA0C	A,X,Y	A,P,X,Y	$00	
15	BE7A	UnreachableInventoryCarryBranch	Direct ROM analysis: Dormant BRK $53,$2B / BCS $BE9B block skipped by the always-taken BEQ at $BE78; carry-clear flow merges at $BE7F		P		
15	BECC	LoadThousandsIntoMessageNumberArgument	Direct call from $15:$BC34; Direct call from $15:$BD2B; Direct call from $15:$BD48	A	A,P	$FD,$FE,$FF	$B4EE
15	BED2	RunTemporaryOverlayMapSelection	Pointer $15:$802E (26-entry code dispatch table)	A	A,P	$0553,$63,$64	$A4C9,$B833,$BF0E,$C891,$D218
15	BF0E	RunInnService	Direct call from $15:$BEF0; Pointer $15:$8328 (Command $00 callback operand parsed from a pointer-delimited effect script)		P		$9CE5
15	BF4F	LoadMapScaledValueIntoMessageNumberArgument	Direct call from $15:$BF1B	A	A,P,X	$FE,$FF	
15	BFA4	EffectScript_ReadBankedByteFromDaPointer	Direct call from $15:$B20A; Direct call from $15:$B20F; Direct call from $15:$B21C; Direct call from $15:$B2A3; Direct call from $15:$B2B1; Direct call from $15:$B2BC; Direct call from $15:$BF64; Direct call from $15:$BF70; Direct call from $15:$BF90	A,X	A,P,X	$E9	$C3EA
16	8028	Bank16_WindowServices	Pointer $16:$8008 (20-entry text and user-interface service directory)		P		$8036,$85C8,$85F9,$872B
16	8036	RunTextDecodeAndDispatchLoop	Direct call from $16:$8031; Tail jump from $16:$803C		P		$803F,$8094
16	803F	DecodeNextTextSymbolAndNormalizeLookahead	Direct call from $16:$8036	A,X,Y	A,P,X	$57,$5D,$6E89+X,$6E8A+X,$6E8B+X	$8051,$8678
16	8051	NormalizeTextLookaheadAtIndex	Direct call from $16:$804C	A,X,Y	A,P	$57,$5D,$6E89+X,$6E8A+X,$6E8B+X	
16	8094	DispatchTextCommandOrAppendCharacter	Direct call from $16:$8039	A,X	A,P,X	$00,$01,$5D	$80EA,$836B,$8373,$868F
16	80B5	AppendDecodedDialogueCharacter	Tail jump from $16:$8121	A	A,P		$80EA,$836B,$8373,$868F
16	80EA	ResolvePendingTextLineState	Direct call from $16:$80B9	A,X	A,P,X	$0551,$55,$60	$83CD,$85E7,$8626
16	810C	HandleTextCommand4FStartPrompt	Pointer $16:$80E2 (Nineteen-entry text/UI command handler table selected by clamped command values $40-$52 at $8094-$80B2)	A,X	A,P,X	$0551,$55,$57	$80EA,$8146,$816D,$836B,$8373,$85E7,$868F
16	8124	HandleTextCommand40Stop	Pointer $16:$80C4 (Nineteen-entry text/UI command handler table selected by clamped command values $40-$52 at $8094-$80B2); Tail jump from $16:$8164; Tail jump from $16:$816A		A,P		$812A
16	812A	WaitForPendingTextPpuUpdate	Direct call from $16:$8124; Direct call from $16:$8138		A,P		$C62D
16	8138	HandleTextCommand4BPause	Pointer $16:$80DA (Nineteen-entry text/UI command handler table selected by clamped command values $40-$52 at $8094-$80B2)		P,X		$812A
16	8140	HandleTextCommand41ResetColumn	Direct call from $16:$8153; Direct call from $16:$8161; Pointer $16:$80C6 (Nineteen-entry text/UI command handler table selected by clamped command values $40-$52 at $8094-$80B2)	A	A,P	$0551,$55	$83CD,$85E7,$8626
16	8146	HandleTextCommand43AlignLine	Direct call from $16:$810C; Direct call from $16:$815A; Direct call from $16:$8167; Pointer $16:$80CA (Nineteen-entry text/UI command handler table selected by clamped command values $40-$52 at $8094-$80B2)	A	A,P	$0551,$55	$83CD,$85E7,$8626
16	8153	HandleTextCommand42ResetColumnAndPrompt	Pointer $16:$80C8 (Nineteen-entry text/UI command handler table selected by clamped command values $40-$52 at $8094-$80B2)		P		$8140,$816D
16	815A	HandleTextCommand44AlignLineAndPrompt	Pointer $16:$80CC (Nineteen-entry text/UI command handler table selected by clamped command values $40-$52 at $8094-$80B2)		P		$8146,$816D
16	8161	HandleTextCommand45ResetColumnAndStop	Pointer $16:$80CE (Nineteen-entry text/UI command handler table selected by clamped command values $40-$52 at $8094-$80B2)		A,P		$812A,$8140
16	8167	HandleTextCommand46AlignLineAndStop	Pointer $16:$80D0 (Nineteen-entry text/UI command handler table selected by clamped command values $40-$52 at $8094-$80B2)		A,P		$812A,$8146
16	816D	ShowDialogueAdvancePromptAndWaitInput	Direct call from $16:$810F; Direct call from $16:$8156; Direct call from $16:$815D	A	A,P	$00,$0551,$55,$56,$59	$8199,$81B0,$81CC,$8393,$85E7
16	8190	RunDialogueAdvancePromptLoop	Tail jump from $16:$8196		P		$8199,$81B0
16	8199	BlinkDialogueAdvancePrompt	Direct call from $16:$8190	A,X	A,P,X	$59	$C62D,$C65A
16	81A1	DrawDialogueAdvancePromptFrame	Direct call from $16:$81BB	A,X	A,P	$59	$C62D,$C65A
16	81B0	PollDialogueAdvanceInput	Direct call from $16:$8193	A	A,P,X		$81A1,$C8EC
16	81C7	HandleTextCommand4EClearLineWidth	Pointer $16:$80E0 (Nineteen-entry text/UI command handler table selected by clamped command values $40-$52 at $8094-$80B2)	X	P,X	$55	
16	81CC	AdvanceDialogueLineOrScroll	Direct call from $16:$8175; Tail jump from $16:$8143; Tail jump from $16:$8150	A	A,P	$0551,$55	$85E7,$8626
16	81EA	HandleTextCommand52PlayJingle	Pointer $16:$80E8 (Nineteen-entry text/UI command handler table selected by clamped command values $40-$52 at $8094-$80B2)	A,X	A,P,X		
16	821C	HandleTextCommand51RunServiceAndStop	Pointer $16:$80E6 (Nineteen-entry text/UI command handler table selected by clamped command values $40-$52 at $8094-$80B2)		P,X		
16	8225	HandleTextCommand47AppendNumericValue	Pointer $16:$80D2 (Nineteen-entry text/UI command handler table selected by clamped command values $40-$52 at $8094-$80B2)	A,X,Y	A,P,X,Y	$0554+Y,$57,$5C,$60,$72,$73,$74	$80EA,$836B,$8373,$868F,$BD31
16	8257	HandleTextCommand48AppendLookupText	Pointer $16:$80D4 (Nineteen-entry text/UI command handler table selected by clamped command values $40-$52 at $8094-$80B2)	A,X	A,P,X	$57,$5C,$60	$80EA,$8356,$836B,$8373,$868F
16	826B	HandleTextCommand49AppendPartyValueText	Pointer $16:$80D6 (Nineteen-entry text/UI command handler table selected by clamped command values $40-$52 at $8094-$80B2)	A,X	A,P,X	$57,$5C,$60	$80EA,$8356,$836B,$8373,$868F
16	8309	HandleTextCommand4AAppendLookupText	Pointer $16:$80D8 (Nineteen-entry text/UI command handler table selected by clamped command values $40-$52 at $8094-$80B2)	A,X	A,P,X	$57,$5C,$60	$80EA,$8356,$836B,$8373,$868F
16	831B	HandleTextCommand4CAppendCode1DIfNeeded	Pointer $16:$80DC (Nineteen-entry text/UI command handler table selected by clamped command values $40-$52 at $8094-$80B2)	A	A,P	$57	$80EA,$836B,$8373,$868F
16	8331	HandleTextCommand4DNoOp	Pointer $16:$80DE (Nineteen-entry text/UI command handler table selected by clamped command values $40-$52 at $8094-$80B2)		P		
16	8332	HandleTextCommand50ReplayDialogueLine	Pointer $16:$80E4 (Nineteen-entry text/UI command handler table selected by clamped command values $40-$52 at $8094-$80B2)	A,X	A,P,X	$57,$5C,$60	$80EA,$836B,$8373,$868F
16	8336	AppendStoredDialogueCharacter	Tail jump from $16:$8254	A,X	A,P,X	$57,$5C,$60	$80EA,$836B,$8373,$868F
16	8356	ReadTextCommandOperand	Direct call from $16:$825B; Direct call from $16:$826F; Direct call from $16:$830D	X	A,P,X	$5B	
16	835D	CopyTextScratchToDialogueLine	Direct call from $16:$8265; Direct call from $16:$82E7; Direct call from $16:$8315	A,Y	A,P,Y	$0554+Y	
16	836B	AppendDialogueCharacter	Direct call from $16:$80BD	A,X	P,X	$06AA+X,$52	
16	8373	RenderDialogueCharacterAndAdvanceCursor	Direct call from $16:$80C0	A	A,P	$56	$8386,$8393,$83A4,$83C0
16	8386	QueueCurrentDialogueCharacterTile	Direct call from $16:$837A		A,P		
16	838B	FlushDialogueCharacterIfVisible	Tail jump from $16:$8383		A,P		
16	8393	ComputeTextOutputPosition	Direct call from $16:$8182; Direct call from $16:$8377	A	A,P	$00,$01	
16	83A4	PlayTextBlip	Direct call from $16:$8380	A	A,P		
16	83C0	AdvanceTextCursor	Direct call from $16:$837D	A	A,P	$0551,$0552	$83FB,$85E7,$870E,$C62D
16	83CD	ResetTextCursorColumn	Direct call from $16:$8140	A	A,P	$0551,$0552	$83FB,$85E7,$C62D
16	83D2	AdvanceTextCursorRow	Direct call from $16:$81C1	A	A,P	$0552	$83FB,$85E7,$C62D
16	83FB	BuildDialogueWindowUpdate	Direct call from $16:$83EF		A,P		$8442,$844F,$848A,$84C4,$84EE,$8529,$8565,$858F,$85AD
16	8442	AdvanceDialogueWindowTileRow	Direct call from $16:$8409; Direct call from $16:$840F; Direct call from $16:$8415; Direct call from $16:$841B; Direct call from $16:$8427; Direct call from $16:$842D; Direct call from $16:$8433; Direct call from $16:$8439; Tail jump from $16:$843F		P		
16	844F	BuildDialogueWindowTopRow	Direct call from $16:$8406	A,X,Y	A,P,X,Y	$0480,$0480+X,$0480+Y,$59,$5A	$84B1,$85A2
16	848A	BuildDialogueWindowMiddleRow	Direct call from $16:$840C; Direct call from $16:$8412; Direct call from $16:$8418	A,X,Y	A,P,X,Y	$0480,$0480+X,$0480+Y,$5A	$84B1,$85A2
16	84B1	CopyDialogueLineToWindowBuffer	Direct call from $16:$84A8; Direct call from $16:$84AB	A,X,Y	A,P,X,Y	$0480+Y,$59	
16	84C4	BuildDialogueWindowBottomRow	Direct call from $16:$841E	A,X,Y	A,P,X,Y	$0480,$0480+X,$0480+Y	$85A2
16	84EE	BuildOffsetDialogueWindowTopRow	Direct call from $16:$8424	A,X,Y	A,P,X,Y	$0481,$0481+Y,$0483+X,$0483+Y,$59,$5A	$8550,$85A2
16	8529	BuildOffsetDialogueWindowMiddleRow	Direct call from $16:$842A; Direct call from $16:$8430; Direct call from $16:$8436	A,X,Y	A,P,X,Y	$0481,$0481+Y,$0483+X,$0483+Y,$5A	$8550,$85A2
16	8550	CopyOffsetDialogueLineToWindowBuffer	Direct call from $16:$8547; Direct call from $16:$854A	A,X,Y	A,P,X,Y	$0480+Y,$59	
16	8565	BuildOffsetDialogueWindowBottomRow	Direct call from $16:$843C	A,X,Y	A,P,X,Y	$0481,$0481+Y,$0483+X,$0483+Y	$85A2
16	858F	SelectDialogueWindowPpuOrigin	Direct call from $16:$83FB	A,X,Y	A,P,X,Y	$0480+X,$04F2,$04F3	
16	85A2	ClearDialogueWindowTileBuffer	Direct call from $16:$848A; Direct call from $16:$84C4; Direct call from $16:$8529; Direct call from $16:$8565	A,X	A,P,X	$0480+X	
16	85AD	ScrollDialogueTextBuffer	Direct call from $16:$83FE	A,X,Y	A,P,X,Y	$06AA+X	
16	85C8	InitializeDialogueTextLayout	Direct call from $16:$802B	A,X,Y	A,P,X,Y	$0551,$52,$53,$54,$58,$5B,$5C,$60	
16	85E7	ComputeDialogueTextBufferOffset	Direct call from $16:$811A; Direct call from $16:$8172; Direct call from $16:$81E5; Direct call from $16:$83D5; Direct call from $16:$83F7	A,X	A,P,X	$52	
16	85F9	FillDecodedTextLookaheadBuffer	Direct call from $16:$802E	A,X	A,P,X	$55,$6E8A,$6E8A+X,$6E8B	$87A8
16	8626	DetectPromptInTextLookahead	Direct call from $16:$81CF	A,X	A,P,X	$55	
16	8652	ClearDialogueTextBuffer	Direct call from $16:$A3C2; Direct call from $16:$A407; Pointer $16:$800A (20-entry text and user-interface service directory)	A,X	A,P,X	$0551,$0552,$06AA+X	
16	8664	ScheduleDialogueRowUpdate	Pointer $16:$800C (20-entry text and user-interface service directory)	A,X	A,P,X	$051A,$0552,$1F	$FF74
16	8678	AdvanceDecodedTextLookahead	Direct call from $16:$8043; Direct call from $16:$8727	A,X	A,P,X,Y	$6E89+X,$6E9A	$87A8
16	868F	WrapDialogueLineAtWordBoundary	Direct call from $16:$80B6	A,X,Y	A,P,X,Y	$0551,$0552	$83FB,$85E7,$C62D
16	870E	PrepareNextTextSymbolForLineWrap	Direct call from $16:$83CA	A,X	A,P,X	$5C	$8678
16	872B	InitializeTextStreamAndSkipSubmessage	Direct call from $16:$8028; Direct call from $16:$8786	A,X	A,P,X	$5E,$60	$874C,$8769,$87A8,$DF7A
16	874C	Bank16_SelectTextGroup	Direct call from $16:$872C	A,X,Y	A,P,Y	$0595,$49,$4A,$5F	
16	8769	SelectTextBankForGroup	Direct call from $16:$872F	A,X,Y	A,P,X	$51	
16	8786	CountTextSegmentsUntilTerminalCommand	Pointer $16:$8010 (20-entry text and user-interface service directory)	A	A,P	$00	$872B,$87A8
16	878D	ScanTextSegmentCommands	Tail jump from $16:$87A5	A	P	$00	$87A8
16	87A8	Bank16_DecodeHuffmanSymbol	Direct call from $16:$8604; Direct call from $16:$8617; Direct call from $16:$8678; Direct call from $16:$8740; Direct call from $16:$878D	A,X,Y	A,P,X,Y	$5E,$5F,$98,$99,$9A	$DF7A
16	8892	HideMapEntitiesUnderWindows	Direct call from $16:$8BC9; Direct call from $16:$8D30; Direct call from $16:$9691; Pointer $16:$8014 (20-entry text and user-interface service directory)		P		
16	88C1	UpdateVisibleEntityFlag10	Direct call from $16:$889B	A,X	A,P,X	$55,$7020+X	$88F5,$890E,$8932
16	88F5	ComputeEntityOffsetFromTextOrigin	Direct call from $16:$88C1	A,X	A,P,X	$5F,$60	
16	890E	TestEntityClassBitsAgainst46	Direct call from $16:$88C6	A,X	A,P,X		
16	891D	InitializeEntityWindowScanOrigin	Direct call from $16:$8898	A	A,P	$54,$55,$57	
16	8932	TestEntityOccupancyBitmap	Direct call from $16:$88CB; Pointer $16:$8016 (20-entry text and user-interface service directory)	A,X,Y	A,P,X,Y	$5F	
16	8A08	RunWindowRecordWithDirectOperands	Pointer $16:$8000 (20-entry text and user-interface service directory)	A,X,Y	A,P,X,Y	$F6,$F7	$8AA5
16	8A18	RunWindowRecordWithInlineValue	Pointer $16:$8002 (20-entry text and user-interface service directory)	A,X,Y	A,P,X,Y	$00,$01,$0105+X,$0106+X,$F6,$F7	$8AA5,$C3EA
16	8A45	RunWindowRecordWithInlineValuePreservingXY	Pointer $16:$800E (20-entry text and user-interface service directory)	A,X,Y	A,P,X,Y	$00,$01,$0106+X,$0107+X,$F6	$8AA5,$C3EA
16	8A72	RunWindowRecordWithInlineValueAndListIndex	Pointer $16:$8012 (20-entry text and user-interface service directory)	A,X,Y	A,P,X,Y	$00,$01,$0106+X,$0107+X,$F6,$F7	$8AA5,$C3EA
16	8AA4	ReturnWithoutProcessingWindowRecord	Pointer $16:$8004 (20-entry text and user-interface service directory)		P		
16	8AA5	RunWindowRecord	Direct call from $16:$8A0E; Direct call from $16:$8A3B; Direct call from $16:$8A68; Direct call from $16:$8A9A; Pointer $16:$8006 (20-entry text and user-interface service directory)	A,X,Y	A,P,X,Y	$03C2+X,$03D4,$03DF,$03E0,$03E1,$047E+X,$047F+X,$049A+X,$049B+X,$04E0+Y,$04F2,$04F3,$076C+X,$076D+X,$0788,$07B4,$0C,$0D,$0E,$0F,$6E+X,$F5,$F7,$F8	$8892,$8BDA,$8C96,$8D5E,$8DD4,$8E18,$8EC0,$8F8C,$8FAA,$9022,$90C4,$90F0,$9543,$95AF,$95FF,$963D,$9CCB
16	8BDA	InitializeWindowRecordPlacement	Direct call from $16:$8AAE	A,X,Y	A,P,X,Y	$03C2+X,$03D4,$03DF,$03E0,$03E1,$0788+X,$07A0+X,$07A8+X,$07B4,$0C,$0D,$0E,$0F,$6E+X,$F5,$F7,$F8	$8892,$8D5E,$8E18,$8EC0,$9553,$9CCB
16	8C5C	StoreWindowRecordInCurrentSlot	Direct call from $16:$8C6F	A,X	A,P	$0788+X,$07A0+X,$07A8+X	$9CCB
16	8C6F	StoreWindowRecordAndAdvancePlacement	Guarded flow recovery: Coherent routine block immediately after RTS $8C6E; 7 instructions, returns and merges into existing code	A	A,P	$03D4	$8C5C,$8C96
16	8C96	PrepareWindowRecordSlotState	Direct call from $16:$8ADE; Direct call from $16:$8B0B; Direct call from $16:$8C72; Direct call from $16:$91A8	A,X,Y	A,P,X,Y	$03C2+X,$03D4,$03DF,$03E0,$03E1,$0C,$0D,$0E,$0F,$6E+X,$F5,$F7,$F8	$8892,$8D5E,$8E18,$8EC0
16	8D5E	BuildWindowOccupancyTileBuffers	Direct call from $16:$8CFB	A,X,Y	A,P,X,Y	$00,$01,$02,$03,$04,$0480+Y,$0481+Y,$04A0+Y,$04A1+Y,$04E0+X,$04E0+Y,$076A+X,$076B+X,$0C,$0D,$0E,$0F	$8DD4
16	8DD4	LoadFourMapTileBytesAtUiOffset	Direct call from $16:$8B8B; Direct call from $16:$8DA2	A,X,Y	A,P,X,Y	$0000+Y,$04,$53,$54	$D251,$D3E6,$D486,$D4F3
16	8E18	MergeWindowSlotMasksForPhase	Direct call from $16:$8CF5	A,Y	A,P	$02	$8E49,$8E4E,$8E8F
16	8E49	MergeWindowMaskInto0C0D	Direct call from $16:$8E38	A,X,Y	A,P,X	$02,$03E0,$0C+X,$0D+X	
16	8E4E	MergeWindowMaskInto0E0F	Direct call from $16:$8E45	A,X,Y	A,P,X	$02,$03E0,$0C+X,$0D+X	
16	8E50	MergeWindowMaskForMatchingPhase	Tail jump from $16:$8E4B	A,X,Y	A,P	$02,$03E0,$0C+X,$0D+X	
16	8E8F	DecodePackedWindowMask	Direct call from $16:$8E1D	A,X	A,P,X	$00,$01	
16	8EC0	RenderWindowMaskSlots	Direct call from $16:$8CFE	A,X,Y	A,P,X,Y	$00,$02,$03DF,$03E0,$04A0+X,$04F2,$04F3,$F4	$91C6,$931B,$933F,$9349,$952B,$9543,$95AF,$95FF,$963D
16	8F8C	DrainWindowPendingColumns	Direct call from $16:$8AC8; Direct call from $16:$9DA3	A	A,P		$91BF,$91C6,$933F,$952B,$95FF
16	8FAA	UpdateWindowRecordFlags	Direct call from $16:$8ACB	A,Y	A,P,Y	$03D4,$07B4,$F5	$998C
16	8FE0	MarkWindowRecordDeferred	Tail jump from $16:$8FF7	A	A,P	$03D4,$F5	
16	8FFA	ClearWindowRecordNavigationFlags	Tail jump from $16:$901F	A	A,P	$07B4	
16	9022	CommitWindowRecordSlot	Direct call from $16:$8ACE	A,X,Y	A,P,X,Y	$03D4,$03DA,$0788+X,$0790+X,$0798+X,$07A0+X,$07A8+X,$F0	$975A,$9CCB,$A4F4
16	90C4	InitializeWindowRecordInputState	Direct call from $16:$8AAB	A	A,P	$03CC,$03CD,$03D4,$03E2,$F5,$F8	$9CC7,$C8EC
16	90F0	AdvanceWindowRecordState	Direct call from $16:$8AF7	A,X,Y	A,P,Y	$03D4,$0788+X,$07B4,$F5	$8C96,$9CCB
16	91BF	InterpretWindowRecordAndBuildOutput	Direct call from $16:$8FA3		P		$91C6,$92A2
16	91C6	InterpretWindowRecordCommands	Direct call from $16:$8EF5; Direct call from $16:$8F99; Direct call from $16:$91BF	A,Y	A,P,Y	$00F4,$04F2,$F0,$F2	$9230,$924B,$93AE,$952B,$975A,$982D
16	9230	HandleWindowRecordCursorControl	Direct call from $16:$91F4	A	A,P	$F2	$98B3,$9901
16	924B	EmitWindowCursorMetric	Direct call from $16:$922C	A,X,Y	A,P,X,Y	$0480+X,$04A0+X,$04C0+X,$09,$F2	$9976
16	92A2	BuildWindowOutputBuffers	Direct call from $16:$91C2	A,X,Y	A,P,X,Y	$00,$0480+X,$04E0+Y,$04F3	$92C5,$931B,$932C,$94EA,$94F4,$96E3
16	92C5	FinalizeWindowOutputTransfer	Direct call from $16:$9314	A	A,P		
16	931B	CopyWindowBufferSpan	Direct call from $16:$8F5A; Direct call from $16:$8F62; Direct call from $16:$92F6; Direct call from $16:$9304; Direct call from $16:$9309; Direct call from $16:$930E	A,X,Y	A,P,X,Y	$01,$0480+Y	
16	932C	TestWindowCursorPhaseMismatch	Direct call from $16:$92AC; Direct call from $16:$9945; Direct call from $16:$997C	A	A,P		
16	933F	AdvanceWindowCommandUntilTerminal	Direct call from $16:$8EDE; Direct call from $16:$8F92; Direct call from $16:$8F9C	A	P		$9349
16	9349	InterpretNextWindowCommand	Direct call from $16:$8ED8; Direct call from $16:$933F; Direct call from $16:$964A	A,X	A,P	$00F3,$03D2,$03D3,$F5	$93AE,$94EA,$94F4,$975A
16	9352	ScanNextWindowCommand	Tail jump from $16:$9391	A,X	A,P	$00F3,$03D2,$03D3,$F5	$93AE,$94F4,$975A
16	9394	ReturnWindowCommandType	Tail jump from $16:$93AB	A	A,P		
16	93AE	AdvanceWindowCommandPointer	Direct call from $16:$91FE; Direct call from $16:$9352	A,X,Y	A,P,X,Y	$00F4,$03C6,$F0	$94EA,$94FE,$9517
16	941B	HandleWindowOpcodes0_1_B_C	Pointer $16:$93F0 (Sixteen text/UI handlers pushed by LDA $93F1,Y / LDA $93F0,Y at $93E2-$93E6 and entered by RTS at $93EF; CMP #$C6 at $93ED sets the flags that handler $9477 tests); Pointer $16:$93F2 (Sixteen text/UI handlers pushed by LDA $93F1,Y / LDA $93F0,Y at $93E2-$93E6 and entered by RTS at $93EF; CMP #$C6 at $93ED sets the flags that handler $9477 tests); Pointer $16:$9406 (Sixteen text/UI handlers pushed by LDA $93F1,Y / LDA $93F0,Y at $93E2-$93E6 and entered by RTS at $93EF; CMP #$C6 at $93ED sets the flags that handler $9477 tests); Pointer $16:$9408 (Sixteen text/UI handlers pushed by LDA $93F1,Y / LDA $93F0,Y at $93E2-$93E6 and entered by RTS at $93EF; CMP #$C6 at $93ED sets the flags that handler $9477 tests)	A	A,P	$00F4	
16	942B	HandleWindowOpcode4	Guarded flow recovery: Coherent routine block immediately after RTS $942A; 6 instructions, returns and merges into existing code; Pointer $16:$93F8 (Sixteen text/UI handlers pushed by LDA $93F1,Y / LDA $93F0,Y at $93E2-$93E6 and entered by RTS at $93EF; CMP #$C6 at $93ED sets the flags that handler $9477 tests)	A	A,P	$00F4	
16	943D	HandleWindowOpcode8	Guarded flow recovery: Coherent routine block immediately after RTS $943C; 14 instructions, returns and merges into existing code; Pointer $16:$9400 (Sixteen text/UI handlers pushed by LDA $93F1,Y / LDA $93F0,Y at $93E2-$93E6 and entered by RTS at $93EF; CMP #$C6 at $93ED sets the flags that handler $9477 tests)	A	A,P	$00F4	$94EA
16	9458	HandleWindowOpcode5	Guarded flow recovery: Coherent routine block immediately after RTS $9457; 9 instructions, returns; Pointer $16:$93FA (Sixteen text/UI handlers pushed by LDA $93F1,Y / LDA $93F0,Y at $93E2-$93E6 and entered by RTS at $93EF; CMP #$C6 at $93ED sets the flags that handler $9477 tests)	A	A,P	$00F4	
16	946A	HandleWindowOpcode9	Guarded flow recovery: Coherent routine block immediately after RTS $9469; 14 instructions, returns and merges into existing code; Pointer $16:$9402 (Sixteen text/UI handlers pushed by LDA $93F1,Y / LDA $93F0,Y at $93E2-$93E6 and entered by RTS at $93EF; CMP #$C6 at $93ED sets the flags that handler $9477 tests)	A	A,P	$00F4	$94EA
16	9477	HandleWindowOpcodeD	Pointer $16:$940A (Sixteen text/UI handlers pushed by LDA $93F1,Y / LDA $93F0,Y at $93E2-$93E6 and entered by RTS at $93EF; CMP #$C6 at $93ED sets the flags that handler $9477 tests)	A	A,P	$00F4	
16	9487	HandleWindowOpcode2	Pointer $16:$93F4 (Sixteen text/UI handlers pushed by LDA $93F1,Y / LDA $93F0,Y at $93E2-$93E6 and entered by RTS at $93EF; CMP #$C6 at $93ED sets the flags that handler $9477 tests)	A	A,P	$00F4,$03D3	$94EA
16	9494	HandleWindowOpcode6	Pointer $16:$93FC (Sixteen text/UI handlers pushed by LDA $93F1,Y / LDA $93F0,Y at $93E2-$93E6 and entered by RTS at $93EF; CMP #$C6 at $93ED sets the flags that handler $9477 tests)	A,Y	A,P,Y	$00F4,$F0	
16	94B9	HandleWindowOpcodeA	Pointer $16:$9404 (Sixteen text/UI handlers pushed by LDA $93F1,Y / LDA $93F0,Y at $93E2-$93E6 and entered by RTS at $93EF; CMP #$C6 at $93ED sets the flags that handler $9477 tests)	A	A,P	$00F4,$03D3	$94EA
16	94C9	HandleWindowOpcodeE	Guarded flow recovery: Coherent routine block immediately after RTS $94C8; 4 instructions, merges into existing code; Pointer $16:$940C (Sixteen text/UI handlers pushed by LDA $93F1,Y / LDA $93F0,Y at $93E2-$93E6 and entered by RTS at $93EF; CMP #$C6 at $93ED sets the flags that handler $9477 tests)	A	A,P	$00F4,$03D3	$94EA
16	94E1	HandleWindowOpcodes3And7	Pointer $16:$93F6 (Sixteen text/UI handlers pushed by LDA $93F1,Y / LDA $93F0,Y at $93E2-$93E6 and entered by RTS at $93EF; CMP #$C6 at $93ED sets the flags that handler $9477 tests); Pointer $16:$93FE (Sixteen text/UI handlers pushed by LDA $93F1,Y / LDA $93F0,Y at $93E2-$93E6 and entered by RTS at $93EF; CMP #$C6 at $93ED sets the flags that handler $9477 tests)	A	A,P,X	$00F4	
16	94E9	HandleWindowOpcodeFNoOp	Pointer $16:$940E (Sixteen text/UI handlers pushed by LDA $93F1,Y / LDA $93F0,Y at $93E2-$93E6 and entered by RTS at $93EF; CMP #$C6 at $93ED sets the flags that handler $9477 tests)		P		
16	94EA	AdvanceWindowTileRow	Direct call from $16:$9317; Direct call from $16:$93A5; Direct call from $16:$9410; Direct call from $16:$943E; Direct call from $16:$946B; Direct call from $16:$9488; Direct call from $16:$94BA; Direct call from $16:$94CA; Direct call from $16:$9509	A	A,P	$04F2	
16	94F4	RewindWindowTileRow	Direct call from $16:$9311; Direct call from $16:$938B	A	A,P	$04F2	
16	94FE	TestWindowInlineRangeAndSelectMode7	Direct call from $16:$93D1	A,Y	A,P,X	$00F4	$94EA
16	9517	TestWindowInlineHighNibbleD0	Direct call from $16:$93D6	A,Y	A,P,X	$00F4	
16	952B	InitializeWindowRecordMetrics	Direct call from $16:$8EFF; Direct call from $16:$8F8F; Direct call from $16:$91D7	A	A,P		$991D,$9976,$A39C
16	9543	LoadWindowRecordSlot	Direct call from $16:$8AB7; Direct call from $16:$8EC9	A,X,Y	A,P,X,Y	$03C7,$03D5,$0A,$0B,$EE,$EF,$F0,$F1,$F5,$F7,$F8	
16	9553	ResolveWindowRecordPointer	Direct call from $16:$8BDC	A,X,Y	A,P,X,Y	$03D5,$0A,$0B,$EE,$EF,$F0,$F1,$F5	
16	95AF	ParseWindowRecordHeader	Direct call from $16:$8ABA; Direct call from $16:$8ECC	A,Y	A,P,Y	$03C8,$03C9,$03CB,$03D4,$F0	$A4DE,$A4E9
16	95FF	InitializeWindowCommandParser	Direct call from $16:$8ABD; Direct call from $16:$8ECF; Direct call from $16:$8ED5; Direct call from $16:$8F8C	A,Y	A,P,Y	$00F4,$03D3,$03D6,$03D7,$03DB,$04F2,$04F3,$F0	
16	963D	ScanWindowRecordCommandStream	Direct call from $16:$8AC0; Direct call from $16:$8ED2	A,Y	A,P,Y	$03C9,$03D5,$03D8,$03D9,$07B4,$F5	$8892,$9349,$96C5,$96F3,$998C
16	96C5	CollectWindowCommandFlags	Direct call from $16:$9661	A,Y	A,P,Y	$03D5	
16	96E3	DecodePackedWindowDimensions	Direct call from $16:$92B1; Direct call from $16:$92EE; Direct call from $16:$92FC; Direct call from $16:$994A; Direct call from $16:$9967; Direct call from $16:$9986	A	A,P,X		
16	96F3	ApplyWindowOccupancyMask	Direct call from $16:$968E	A,X	A,P,X	$00,$01,$02,$076A+X,$076B+X	
16	975A	ScanBackwardWindowDirectives	Direct call from $16:$907B; Direct call from $16:$91DA; Direct call from $16:$937C	A,Y	A,P,Y	$03DA	$978C,$97BB
16	9768	ScanPreviousWindowDirective	Tail jump from $16:$9789	A,Y	A,P,Y		$978C,$97BB
16	978C	DispatchWindowDirectiveByThreshold	Direct call from $16:$977E	A,X,Y	A,P,X,Y	$03D2,$0A,$0B	$9798
16	9798	DispatchWindowDirective	Direct call from $16:$97B4	A,X,Y	A,P,X,Y	$0A,$0B	
16	97BB	ApplyExtendedWindowDirective	Direct call from $16:$9784	A,X	A,P,X,Y	$00F3,$03D0,$03D2,$03D6,$03D7,$F2,$F5	
16	982D	EmitWindowCommandRecord	Direct call from $16:$91FB	A,Y	A,P,X,Y	$0A,$0B,$0C	$987F,$9882,$98B3
16	9846	ExpandWindowCommandRecord	Tail jump from $16:$987C	A,Y	A,P,X,Y		$987F,$9882,$98B3
16	986A	AppendNestedWindowRecordBytes	Tail jump from $16:$9876	A,Y	A,P,X,Y		$987F,$9882,$98B3
16	987F	JumpToResolvedWindowCommandHandler	Direct call from $16:$9862		P		
16	9882	ResolveWindowCommandRecord	Direct call from $16:$9830; Direct call from $16:$985D	A,X,Y	A,P,X,Y	$00,$01,$02,$0D,$0E,$0F	
16	98B3	AppendByteToPrimaryWindowBuffer	Direct call from $16:$9244; Direct call from $16:$984F; Direct call from $16:$9873; Direct call from $16:$AC1E; Direct call from $16:$AC43; Direct call from $16:$AE48; Direct call from $16:$AE6A; Direct call from $16:$AE8C; Direct call from $16:$AEA8; Direct call from $16:$AECF; Direct call from $16:$AED4; Direct call from $16:$AEE6; Direct call from $16:$AEF4; Direct call from $16:$AF38; Direct call from $16:$AF43; Direct call from $16:$AF4F; Direct call from $16:$AFB9; Direct call from $16:$AFC1; Direct call from $16:$AFC6; Direct call from $16:$B02E; Direct call from $16:$B200; Direct call from $16:$B214; Direct call from $16:$B21E; Direct call from $16:$B22A; Direct call from $16:$B295; Direct call from $16:$B352; Direct call from $16:$B372; Direct call from $16:$BA6D; Direct call from $16:$BA72; Direct call from $16:$BA7F; Direct call from $16:$BA95; Direct call from $16:$BB16; Direct call from $16:$BB4E; Direct call from $16:$BB79; Direct call from $16:$BB9B; Direct call from $16:$BBAB; Direct call from $16:$BBB0; Direct call from $16:$BBB5; Direct call from $16:$BBC6; Direct call from $16:$BBD7; Direct call from $16:$BBE1; Direct call from $16:$BBEB; Direct call from $16:$BC0B; Direct call from $16:$BC10; Direct call from $16:$BC2C; Direct call from $16:$BC7E; Direct call from $16:$BCB6; Direct call from $16:$BECF; Pointer $16:$801A (20-entry text and user-interface service directory); Tail jump from $16:$BBF5	A,X	A,P,X	$0480+X,$04C0+X,$09,$F2	
16	98D2	AppendByteToSecondaryWindowBuffer	Direct call from $16:$98FB; Direct call from $16:$AD6E; Direct call from $16:$AE42; Direct call from $16:$AE64; Direct call from $16:$AE86; Direct call from $16:$AEA3; Direct call from $16:$AFCB; Direct call from $16:$BA38; Direct call from $16:$BB10; Direct call from $16:$BB2F; Direct call from $16:$BB96; Direct call from $16:$BBA6; Direct call from $16:$BBDC; Direct call from $16:$BBE6; Direct call from $16:$BBF0; Tail jump from $16:$ACCD; Tail jump from $16:$AD84	A,X	A,P,X	$04A0+X,$04C0+X,$09	
16	98FB	AppendSecondaryByteAndAdvance	Direct call from $16:$B309; Direct call from $16:$B323; Direct call from $16:$BB85; Tail jump from $16:$B334		P	$F2	$98D2
16	98FE	AdvanceWindowOutputCursor	Direct call from $16:$AB46; Direct call from $16:$AC67; Direct call from $16:$AD2E; Direct call from $16:$B355; Direct call from $16:$B358; Direct call from $16:$BB32; Direct call from $16:$BCF3		P	$F2	
16	9901	LoadCurrentWindowOutputBytePair	Direct call from $16:$923B; Direct call from $16:$AC11	A,Y	A,P,X,Y	$09	
16	991D	RebuildPrimaryWindowBufferFromDimensions	Direct call from $16:$9531	A,X,Y	A,P,X,Y	$0480+X,$0480+Y,$04F2,$04F3	$932C,$96E3
16	9976	SetWindowOutputCursorFromMode	Direct call from $16:$926A; Direct call from $16:$9534; Direct call from $16:$BA33	A,X	A,P	$F2	$932C,$96E3
16	998C	DispatchWindowControlCode	Direct call from $16:$8FDB; Direct call from $16:$901C; Direct call from $16:$9672	A,Y	A,P,Y	$03CA,$03CE,$03CF,$F8	$99DF,$9A32,$9A80,$9AC0,$9AD7,$9B25,$9B5A,$9B7D,$9BB4,$9BBE,$9C0F,$9CC3
16	99DF	CancelWindowSelectionWhenRequested	Direct call from $16:$99CA	A	A,P	$F8	$9C0F
16	99EB	RunWindowSelectionLoop	Tail jump from $16:$9F7F; Tail jump from $16:$9F91; Tail jump from $16:$9FA3; Tail jump from $16:$9FB3	A	A,P	$03CA,$F8	$9A32,$9A80,$9AC0,$9AD7,$9B25,$9B5A,$9B7D,$9BB4,$9BBE,$9C0F,$9CC3
16	9A32	HandleWindowControlMode1	Direct call from $16:$99C2; Direct call from $16:$99F4; Direct call from $16:$9EF1	A	A,P	$03D1,$07B4,$F8	$9BBE,$9C0F
16	9A80	HandleWindowControlMode2	Direct call from $16:$99F9; Direct call from $16:$9EF6	A	A,P	$F8	$9C0F
16	9AC0	RefreshSignedWindowCursor	Direct call from $16:$99C7; Direct call from $16:$99FE; Direct call from $16:$9D0C; Direct call from $16:$9EFB	A,Y	A,P,Y	$03CA	$9C19
16	9AD7	HandleWindowControlMode5	Direct call from $16:$9A01	A	A,P,X	$03CF,$07B4,$F8	$9C06,$9C0F
16	9B10	CommitWindowCursorMove	Tail jump from $16:$9B22		P		$9C0F
16	9B25	HandleWindowControlMode6	Direct call from $16:$9A06	A	A,P	$03CF	$9C06,$9C0F
16	9B5A	HandleWindowControlMode7	Direct call from $16:$9A0B	A	A,P	$03CF	$9C06,$9C0F
16	9B7D	HandleWindowControlMode8	Direct call from $16:$9A10	A,X	A,P,X	$03CF	$9C06,$9C0F
16	9BB4	ApplyWindowMetricService	Direct call from $16:$99D1; Direct call from $16:$9A29; Direct call from $16:$9F06	X	A,P,X		
16	9BBE	ComputeWindowResultFromCursorAndMetric	Direct call from $16:$9A1B; Direct call from $16:$9A67; Direct call from $16:$9DB2	A,X,Y	A,P,X,Y	$03DA,$F8	
16	9C06	ClearWindowCursorMarkerAndRefresh	Direct call from $16:$9AF7; Direct call from $16:$9B0A; Direct call from $16:$9B3D; Direct call from $16:$9B6A; Direct call from $16:$9B93; Direct call from $16:$9E1A	A	A,P	$03CA	$9C20
16	9C0F	SetWindowCursorMarker81AndRefresh	Direct call from $16:$9A24; Direct call from $16:$9A79; Direct call from $16:$9AB9; Direct call from $16:$9B05; Direct call from $16:$9B10; Direct call from $16:$9B53; Direct call from $16:$9B76; Direct call from $16:$9BAD; Direct call from $16:$9D98; Direct call from $16:$9DB5; Direct call from $16:$9DE6; Direct call from $16:$9E38	A	A,P	$03CA	$9C20,$C62D
16	9C19	RefreshWindowCursorAndWait	Direct call from $16:$9AD3; Direct call from $16:$A049; Direct call from $16:$A0A8; Tail jump from $16:$A0DE		P		$9C20,$C62D
16	9C20	QueueWindowCursorTile	Direct call from $16:$9C0B; Direct call from $16:$9C19	A,X,Y	A,P,X,Y	$00,$01,$03E2	$C65A
16	9CBF	CompareWindowControlMode	Direct ROM analysis: Four-byte compare-and-return routine immediately after the UI metric tables	A	P		
16	9CC3	PollWindowInput	Direct call from $16:$99BF; Direct call from $16:$99EF; Direct call from $16:$9CFF; Direct call from $16:$9EEE; Direct call from $16:$9FD8; Direct call from $16:$A130		P		
16	9CC7	PollWindowRepeatInput	Direct call from $16:$90E0		P		
16	9CCB	LoadWindowPlacementIndex	Direct call from $16:$8AB4; Direct call from $16:$8C09; Direct call from $16:$8C38; Direct call from $16:$8C5C; Direct call from $16:$9022; Direct call from $16:$90BA; Direct call from $16:$9160	A	A,P,X		
16	9CD7	RunSixChoiceWindowSelection	Direct ROM analysis: Coherent text/UI routine block immediately after RTS $9CD6 and before decoded entry $9F58; Pointer $16:$99A7 (Ten text/UI command handlers for command values of 6 and above, dispatched by LDA $99A4,Y/$99A3,Y and RTS at $99A2; the table ends at $99B7, the BEQ $99B7 target at $9991 executed at runtime)	A,X,Y	A,P,X,Y	$03CA,$03CF,$03D1,$03DA,$03DB,$03DC	$9AC0,$9CC3,$9D4F,$9D71,$9DBA,$9DF1
16	9D4F	BuildWindowSelectionMaskFromSixProbes	Direct call from $16:$9CFC; Direct call from $16:$9D2E; Direct call from $16:$9D95	A	A,P,Y	$03DB,$6E,$6F	
16	9D71	ConfirmSixChoiceWindowSelection	Direct call from $16:$9D02	A	A,P	$03D1,$03DB,$03DC	$8F8C,$9BBE,$9C0F,$9D4F
16	9DBA	CancelSixChoiceWindowSelection	Direct call from $16:$9D07	A	A,P	$F8	$9C0F
16	9DF1	AdvanceWindowMappedSelectionA	Direct call from $16:$9D0F	A,X,Y	A,P,X,Y	$03DA	$9E1A,$9E3C
16	9E1A	CommitWindowMappedSelection	Direct call from $16:$9E16; Direct call from $16:$9F54	A,X	A,P,X	$03CF,$03DA	$9C06,$9C0F
16	9E3C	ComputeWindowSelectionMapIndex	Direct call from $16:$9DFA; Direct call from $16:$9F30	A,X	A,P,X,Y	$03DA	
16	9EE7	ProcessWindowSelectionMapB	Direct ROM analysis: Coherent text/UI selection routine block immediately after indexed lookup tables; Pointer $16:$99A9 (Ten text/UI command handlers for command values of 6 and above, dispatched by LDA $99A4,Y/$99A3,Y and RTS at $99A2; the table ends at $99B7, the BEQ $99B7 target at $9991 executed at runtime)	A	A,P	$03CA	$9A32,$9A80,$9AC0,$9BB4,$9CC3,$9F0F,$9F27
16	9F0F	BuildWindowSelectionMaskFromEightProbes	Direct call from $16:$9EEB	A	A,P,Y	$6E,$6F	
16	9F27	AdvanceWindowMappedSelectionB	Direct call from $16:$9EFE	A,X,Y	A,P,X,Y	$03DA	$9E1A,$9E3C
16	9F58	ResolveWindowSelectionOrdinal	Pointer $16:$99AB (Ten text/UI command handlers for command values of 6 and above, dispatched by LDA $99A4,Y/$99A3,Y and RTS at $99A2; the table ends at $99B7, the BEQ $99B7 target at $9991 executed at runtime)	A,Y	A,P,Y	$03CA,$6E,$6F,$F8	$9A32,$9A80,$9AC0,$9AD7,$9B25,$9B5A,$9B7D,$9BB4,$9BBE,$9C0F,$9CC3,$BCEB
16	9F82	SeedWindowRowFromPrimaryEntry	Guarded flow recovery: Coherent routine block immediately after JMP $9F7F; 7 instructions, 1 BRK service calls, jumps and merges into existing code; Pointer $16:$99A3 (Ten text/UI command handlers for command values of 6 and above, dispatched by LDA $99A4,Y/$99A3,Y and RTS at $99A2; the table ends at $99B7, the BEQ $99B7 target at $9991 executed at runtime)	A	A,P,X	$03CA,$F8	$9A32,$9A80,$9AC0,$9AD7,$9B25,$9B5A,$9B7D,$9BB4,$9BBE,$9C0F,$9CC3
16	9F94	SeedWindowRowFromAlternateEntry	Pointer $16:$99A5 (Ten text/UI command handlers for command values of 6 and above, dispatched by LDA $99A4,Y/$99A3,Y and RTS at $99A2; the table ends at $99B7, the BEQ $99B7 target at $9991 executed at runtime)	A	A,P,X	$03CA,$F8	$9A32,$9A80,$9AC0,$9AD7,$9B25,$9B5A,$9B7D,$9BB4,$9BBE,$9C0F,$9CC3
16	9FA6	ResolveWindowSelectionThroughListHandler	Pointer $16:$99AD (Ten text/UI command handlers for command values of 6 and above, dispatched by LDA $99A4,Y/$99A3,Y and RTS at $99A2; the table ends at $99B7, the BEQ $99B7 target at $9991 executed at runtime)	A	A,P,X,Y	$03CA,$F8	$9A32,$9A80,$9AC0,$9AD7,$9B25,$9B5A,$9B7D,$9BB4,$9BBE,$9C0F,$9CC3,$B747
16	9FB6	InitializeWindowSelectionCursor60	Direct ROM analysis: Coherent text/UI routine family after the terminal jump at $9FB3 with bounded loops and local helper calls; Direct call from $16:$A0E1	A,X	A,P,X	$02+X,$03CA,$03CF,$03DB,$03DC,$03DD	$9CC3,$A004,$A020,$A032,$A04D,$A067,$A07C,$A0AC
16	9FBB	InitializeWindowSelectionCursor20	Direct ROM analysis: Alternate LDA #$20 entry joining the main text/UI routine at $9FBD; Pointer $16:$99B5 (Ten text/UI command handlers for command values of 6 and above, dispatched by LDA $99A4,Y/$99A3,Y and RTS at $99A2; the table ends at $99B7, the BEQ $99B7 target at $9991 executed at runtime)	A,X	A,P,X	$02+X,$03CA,$03CF,$03DB,$03DC,$03DD	$9CC3,$A004,$A020,$A032,$A04D,$A067,$A07C,$A0AC
16	9FBD	RunWindowGridSelection	Tail jump from $16:$9FB8	A,X	A,P,X	$02+X,$03CA,$03CF,$03DB,$03DC,$03DD	$9CC3,$A004,$A020,$A032,$A04D,$A067,$A07C,$A0AC
16	A004	HandleGridControlMode1SelectIndex	Direct call from $16:$9FDB	A	A,P	$F8	$A0D0
16	A020	HandleGridControlMode2Cancel	Direct call from $16:$9FE0	A	A,P	$F8	$A0D0
16	A032	UpdateSignedGridCursorMarker	Direct call from $16:$9FE5	A,Y	A,P,Y	$03CA	$9C19
16	A04D	HandleGridControlMode5MoveRight	Direct call from $16:$9FE8	A	A,P	$03DB	$A0D0
16	A067	HandleGridControlMode6MoveLeft	Direct call from $16:$9FEB	A	A,P	$03DB	$A0D0
16	A07C	HandleGridControlMode7MoveUp	Direct call from $16:$9FEE	A,X	A,P,X	$03CA,$03CF,$03DB,$03DC	$9C19,$A0D0
16	A0AC	HandleGridControlMode8MoveDown	Direct call from $16:$9FF1	A,X	A,P,X	$03CA,$03CF,$03DB,$03DC	$9C19,$A0D0
16	A0D0	CommitGridCursorColumn	Direct call from $16:$A019; Direct call from $16:$A02B; Direct call from $16:$A063; Direct call from $16:$A078; Direct call from $16:$A08C; Direct call from $16:$A0BD	A,X	A,P,X	$02+X,$03CA	$9C20,$C62D
16	A0E1	InitializeGridCursorAndRender	Direct ROM analysis: Dormant helper after the terminal JMP at $A0DE; calls $9FB6, invokes BRK service $03,$E7, and returns; Pointer $16:$99B3 (Ten text/UI command handlers for command values of 6 and above, dispatched by LDA $99A4,Y/$99A3,Y and RTS at $99A2; the table ends at $99B7, the BEQ $99B7 target at $9991 executed at runtime)		P		$9FB6
16	A0E8	ProcessWindowRecordListSelection	Pointer $16:$99B1 (Ten text/UI command handlers for command values of 6 and above, dispatched by LDA $99A4,Y/$99A3,Y and RTS at $99A2; the table ends at $99B7, the BEQ $99B7 target at $9991 executed at runtime)	A,X,Y	A,P,X,Y	$00,$01,$02,$03CA,$03CF,$03DC,$03E3,$03E3+X,$08,$09	$9CC3,$A15A,$A215,$A231,$A248,$A27B,$A2B1,$A2DB
16	A15A	HandleListControlMode1	Direct call from $16:$A133	A,X,Y	A,P,X,Y	$02,$03E3,$03E3+X,$03E4+X,$04,$F8	$A314,$A362,$A391,$A397
16	A1F3	AppendListSelectionByte	Tail jump from $16:$A212	A,X,Y	A,P	$02,$03E3+X	$A314,$A397
16	A215	HandleListControlMode2	Direct call from $16:$A138	A,X	A,P,X	$02,$03E3,$03E3+X,$03E4+X,$F8	$A314,$A397
16	A231	ToggleSignedListCursorMarker	Direct call from $16:$A13D	A,X	A,P,X	$00,$01,$03CA	$A334
16	A248	HandleListControlMode5MovePrevious	Direct call from $16:$A140	A,Y	A,P,Y	$00,$01,$03CA,$08,$09	$A327,$A334,$A362,$A37F
16	A27B	HandleListControlMode6MoveNext	Direct call from $16:$A143	A,Y	A,P,Y	$00,$01,$03CA,$08,$09	$A327,$A334,$A362,$A37F
16	A2B1	HandleListControlMode7MoveUp	Direct call from $16:$A146	A,Y	A,P,Y	$00,$01,$03CA,$08,$09	$A327,$A334,$A362,$A37F
16	A2DB	HandleListControlMode8MoveDown	Direct call from $16:$A149	A,Y	A,P,Y	$00,$01,$03CA,$08,$09	$A327,$A334,$A362,$A37F
16	A314	CommitListCursorAndWait	Direct call from $16:$A1B8; Direct call from $16:$A1FD; Direct call from $16:$A227	A	A,P	$00,$01,$03CA	$A334
16	A327	ClearListCursorAndQueue	Direct call from $16:$A311	A	A,P	$00,$01,$03CA,$03E2	$C65A
16	A334	QueueListCursorTile	Direct call from $16:$A321	A	A,P	$00,$01,$03E2	$C65A
16	A362	ResolveWindowListRecordPointer	Direct call from $16:$A163; Direct call from $16:$A258; Direct call from $16:$A28E; Direct call from $16:$A2BB; Direct call from $16:$A2E5	A,X	A,P,X,Y	$00,$01	
16	A37F	SaveWindowListCursor	Direct call from $16:$A24F; Direct call from $16:$A282; Direct call from $16:$A2B8; Direct call from $16:$A2E2	A	A,P	$0A,$0B	
16	A391	AdvanceWindowListSelection	Direct call from $16:$A1B3		P		
16	A397	RefreshWindowListSelection	Direct call from $16:$A1FA		P		
16	A39B	ReturnFromWindowStyleHandler	Pointer $16:$99AF (Ten text/UI command handlers for command values of 6 and above, dispatched by LDA $99A4,Y/$99A3,Y and RTS at $99A2; the table ends at $99B7, the BEQ $99B7 target at $9991 executed at runtime)		P		
16	A39C	DispatchWindowStyleHandler	Direct call from $16:$953F	A,Y	A,P,Y		
16	A3AF	EmitWindowFrameAndAdvance	Pointer $16:$A3A7 (Four text/UI handlers dispatched by LDA $A3A8,Y/$A3A7,Y and RTS at $A3A6; the first entry resumes at $A3AF, the executed code that ends the table); Tail jump from $16:$A3C5	A	A,P	$F2	$A446
16	A3B5	ClearDialogueAndEmitWindowFrame	Pointer $16:$A3AB (Four text/UI handlers dispatched by LDA $A3A8,Y/$A3A7,Y and RTS at $A3A6; the first entry resumes at $A3AF, the executed code that ends the table)	A	A,P	$F2	$8652,$A446
16	A3C8	EmitMode3WindowFrameFill	Pointer $16:$A3AD (Four text/UI handlers dispatched by LDA $A3A8,Y/$A3A7,Y and RTS at $A3A6; the first entry resumes at $A3AF, the executed code that ends the table)	A,Y	A,P,Y	$F2	$A446,$A44C,$A49A
16	A3FA	EmitWindowFrameRows	Pointer $16:$A3A9 (Four text/UI handlers dispatched by LDA $A3A8,Y/$A3A7,Y and RTS at $A3A6; the first entry resumes at $A3AF, the executed code that ends the table)	A,Y	A,P,Y	$F2	$8652,$A483,$A498,$A49A
16	A446	EmitWindowFrameRowForCurrentMode	Direct call from $16:$A3AF	A,Y	A,P,Y	$F2	$A49A
16	A44C	EmitWindowFrameRow	Direct call from $16:$A3D3	A,Y	A,P	$F2	$A49A
16	A483	AdvanceWindowFrameCursor	Direct call from $16:$A440; Tail jump from $16:$A3B2	A	A,P	$F2	
16	A498	AppendZeroToWindowFrameBuffers	Direct call from $16:$A413; Direct call from $16:$A43A	A,X	A,P,X	$00,$0480+X,$04A0+X,$04C0+X,$09,$F2	
16	A49A	AppendByteToWindowFrameBuffers	Direct call from $16:$A3E3; Direct call from $16:$A419; Direct call from $16:$A42B; Direct call from $16:$A437; Direct call from $16:$A452; Direct call from $16:$A464; Direct call from $16:$A470	A,X	A,P,X	$00,$0480+X,$04A0+X,$04C0+X,$09,$F2	
16	A4DE	DispatchPrimaryWindowHandler	Direct call from $16:$95CE	A,Y	A,P,Y		
16	A4E9	DispatchHeaderWindowHandler	Direct call from $16:$95EA	A,Y	A,P,Y		
16	A4F4	DispatchChainedWindowHandler	Direct call from $16:$90B1	A,Y	A,P,Y		
16	AAEF	FormatSelectedWindowValue	Pointer $16:$A5E9 (Fifty-four primary text/UI handlers selected when the doubled command index is below $6C at $9882-$98B0 and dispatched through $9841/$987F)	A,X	A,P,X	$03DB	$98B3,$BA64
16	AAF7	ResolveSelectedWindowValueAndAppendTerminator	Pointer $16:$A5EB (Fifty-four primary text/UI handlers selected when the doubled command index is below $6C at $9882-$98B0 and dispatched through $9841/$987F)	Y	A,P,X,Y	$03DD	$BA0E,$BEE8
16	AB2F	FormatWindowValueWithPrimaryStyle	Pointer $16:$A5ED (Fifty-four primary text/UI handlers selected when the doubled command index is below $6C at $9882-$98B0 and dispatched through $9841/$987F)	A,X,Y	A,P,X,Y	$03DB	$98B3,$BB56
16	AB3A	FormatWindowValueWithPaddingTable	Pointer $16:$A5EF (Fifty-four primary text/UI handlers selected when the doubled command index is below $6C at $9882-$98B0 and dispatched through $9841/$987F)		P,X		
16	AB60	FormatResolvedWindowAttribute	Pointer $16:$A5F1 (Fifty-four primary text/UI handlers selected when the doubled command index is below $6C at $9882-$98B0 and dispatched through $9841/$987F)		P,X		
16	AB68	FormatWindowPrimaryFieldValue	Pointer $16:$A5F3 (Fifty-four primary text/UI handlers selected when the doubled command index is below $6C at $9882-$98B0 and dispatched through $9841/$987F)	A,X,Y	A,P,X,Y	$03DC	$98B3,$BB56
16	AB70	FormatZeroInitializedWindowValue	Pointer $16:$A5F5 (Fifty-four primary text/UI handlers selected when the doubled command index is below $6C at $9882-$98B0 and dispatched through $9841/$987F)	A,X,Y	A,P,X,Y	$72,$73,$74	$98B3,$BD41
16	AB82	MapWindowCountToFormatter	Pointer $16:$A5F7 (Fifty-four primary text/UI handlers selected when the doubled command index is below $6C at $9882-$98B0 and dispatched through $9841/$987F)	A	A,P,X		$BCEB
16	AB8B	ResolveWindowValueByRecordSelectors	Pointer $16:$A5F9 (Fifty-four primary text/UI handlers selected when the doubled command index is below $6C at $9882-$98B0 and dispatched through $9841/$987F)	A	A,P,X	$03DC	$BEE8
16	ABAD	ResolveOrdinalServiceValue	Pointer $16:$A5FB (Fifty-four primary text/UI handlers selected when the doubled command index is below $6C at $9882-$98B0 and dispatched through $9841/$987F)	A,Y	A,P,X,Y	$6F	$BCEB
16	ABC7	FormatResolvedWindowValue	Pointer $16:$A5FD (Fifty-four primary text/UI handlers selected when the doubled command index is below $6C at $9882-$98B0 and dispatched through $9841/$987F)		A,P,X		
16	ABDB	FormatIndexedWindowListValue	Pointer $16:$A5FF (Fifty-four primary text/UI handlers selected when the doubled command index is below $6C at $9882-$98B0 and dispatched through $9841/$987F)	X	A,P,X		
16	ABE3	FormatIndexedSavedWindowValue	Pointer $16:$A601 (Fifty-four primary text/UI handlers selected when the doubled command index is below $6C at $9882-$98B0 and dispatched through $9841/$987F)	X	A,P,X		
16	ABEB	ClearWindowFieldAndFormat	Pointer $16:$A603 (Fifty-four primary text/UI handlers selected when the doubled command index is below $6C at $9882-$98B0 and dispatched through $9841/$987F)	A,X,Y	A,P,X,Y	$03DC	$98B3,$BB56
16	ABF3	AdvanceWindowFieldAndFormat	Pointer $16:$A605 (Fifty-four primary text/UI handlers selected when the doubled command index is below $6C at $9882-$98B0 and dispatched through $9841/$987F)	X,Y	A,P,X,Y	$03DC	$98B3,$BB56
16	ABF9	FormatAndAppendWorkingValue	Tail jump from $16:$AB6D; Tail jump from $16:$ABF0; Tail jump from $16:$AC0C; Tail jump from $16:$AF75	X,Y	A,P,X,Y		$98B3,$BB56
16	ABFF	SetWindowModeFromRecordAndFormat	Pointer $16:$A607 (Fifty-four primary text/UI handlers selected when the doubled command index is below $6C at $9882-$98B0 and dispatched through $9841/$987F)	A,X,Y	A,P,X,Y	$03DB,$03DC,$03DD	$98B3,$BCC1
16	AC07	FormatWindowSecondaryFieldValue	Pointer $16:$A609 (Fifty-four primary text/UI handlers selected when the doubled command index is below $6C at $9882-$98B0 and dispatched through $9841/$987F)	A,X,Y	A,P,X,Y	$03DC	$98B3,$BB56
16	AC0F	AppendContextualCursorGlyphPair	Pointer $16:$A60B (Fifty-four primary text/UI handlers selected when the doubled command index is below $6C at $9882-$98B0 and dispatched through $9841/$987F)	A,X,Y	A,P,X,Y	$0480+X,$04C0+X,$09,$F2	$98B3,$9901
16	AC52	FormatWindowAttributeValue	Pointer $16:$A60D (Fifty-four primary text/UI handlers selected when the doubled command index is below $6C at $9882-$98B0 and dispatched through $9841/$987F)		A,P,X		
16	AC5C	AppendConditionalWindowMarker	Pointer $16:$A60F (Fifty-four primary text/UI handlers selected when the doubled command index is below $6C at $9882-$98B0 and dispatched through $9841/$987F)	A	A,P,X	$03DB	$98FE,$BA44,$BA6D
16	AC7F	AppendPartySlotText	Pointer $16:$A611 (Fifty-four primary text/UI handlers selected when the doubled command index is below $6C at $9882-$98B0 and dispatched through $9841/$987F)	A,X,Y	A,P,X,Y		
16	ACC3	AppendListEntryClassCode	Pointer $16:$A613 (Fifty-four primary text/UI handlers selected when the doubled command index is below $6C at $9882-$98B0 and dispatched through $9841/$987F)	A,X,Y	A,P,X,Y	$04A0+X,$04C0+X,$09	
16	ACD0	FormatWindowValueFromAvailableOrdinal	Pointer $16:$A615 (Fifty-four primary text/UI handlers selected when the doubled command index is below $6C at $9882-$98B0 and dispatched through $9841/$987F)	A,X,Y	A,P,X,Y	$03DB,$0480+X,$04C0+X,$09,$F2	$98FE,$BA44,$BA6D,$BC43,$BD05
16	ACDF	FormatFourByteListValue	Pointer $16:$A617 (Fifty-four primary text/UI handlers selected when the doubled command index is below $6C at $9882-$98B0 and dispatched through $9841/$987F)	A,X,Y	A,P,X,Y	$03DB,$0480+X,$04C0+X,$09,$72,$73,$74,$75,$F2	$98FE,$BA6D,$BD05
16	ACFF	SetWindowModeFromRecordOffset	Pointer $16:$A619 (Fifty-four primary text/UI handlers selected when the doubled command index is below $6C at $9882-$98B0 and dispatched through $9841/$987F)	A,X,Y	A,P,X,Y	$03DB,$03DC,$03DD	$98B3,$BCC1
16	AD0A	FormatWindowRecordValue	Pointer $16:$A61B (Fifty-four primary text/UI handlers selected when the doubled command index is below $6C at $9882-$98B0 and dispatched through $9841/$987F)		P		
16	AD10	MapWindowEntryByHeaderMode	Pointer $16:$A61D (Fifty-four primary text/UI handlers selected when the doubled command index is below $6C at $9882-$98B0 and dispatched through $9841/$987F)	A,X,Y	A,P,X,Y		
16	AD2E	AppendWindowValueWithContextualSuffix	Pointer $16:$A61F (Fifty-four primary text/UI handlers selected when the doubled command index is below $6C at $9882-$98B0 and dispatched through $9841/$987F)	A,X	A,P,X,Y	$03DB,$0480+X,$04C0+X,$09,$F2	$98FE,$BA44,$BA6D,$BD05
16	AD4A	FormatWindowValueThroughDirectWriter	Pointer $16:$A621 (Fifty-four primary text/UI handlers selected when the doubled command index is below $6C at $9882-$98B0 and dispatched through $9841/$987F)	A,X,Y	A,P,X,Y	$03DB,$0480+X,$04C0+X,$09,$F2	$BA44,$BA7B,$BD05
16	AD58	EmitWindowNumericFormatWithPrefix	Pointer $16:$A623 (Fifty-four primary text/UI handlers selected when the doubled command index is below $6C at $9882-$98B0 and dispatched through $9841/$987F)	A,X,Y	A,P,X,Y		$98B3,$BB56
16	AD5B	EmitAlternateWindowNumericFormatWithPrefix	Pointer $16:$A625 (Fifty-four primary text/UI handlers selected when the doubled command index is below $6C at $9882-$98B0 and dispatched through $9841/$987F)	A,X,Y	A,P,X,Y		$98B3,$BB56
16	AD5E	EmitWindowSlotLookupFormat	Pointer $16:$A627 (Fifty-four primary text/UI handlers selected when the doubled command index is below $6C at $9882-$98B0 and dispatched through $9841/$987F)		P,X		
16	AD61	EmitFourByteWindowValueAndTrailingNonzero	Pointer $16:$A629 (Fifty-four primary text/UI handlers selected when the doubled command index is below $6C at $9882-$98B0 and dispatched through $9841/$987F)	A,X,Y	A,P,X,Y	$03DB,$04A0+X,$04C0+X,$09,$F2	$98D2,$BA44,$BD05
16	AD87	FormatScaledThreeByteWindowValue	Pointer $16:$A62B (Fifty-four primary text/UI handlers selected when the doubled command index is below $6C at $9882-$98B0 and dispatched through $9841/$987F)	A,X	A,P,X	$00	
16	ADCC	FormatActiveWindowListValue	Pointer $16:$A62D (Fifty-four primary text/UI handlers selected when the doubled command index is below $6C at $9882-$98B0 and dispatched through $9841/$987F)	A,X,Y	A,P,X,Y	$03DB,$0480+X,$04C0+X,$09,$F2	$BA78,$BD05
16	ADDA	FormatWindowValueFromActiveRecord	Pointer $16:$A62F (Fifty-four primary text/UI handlers selected when the doubled command index is below $6C at $9882-$98B0 and dispatched through $9841/$987F)	A,X,Y	A,P,X,Y	$03DB,$0480+X,$04C0+X,$09,$F2	$BA44,$BA6D,$BD05
16	ADE8	SetAlternateWindowModeAndFormat	Pointer $16:$A631 (Fifty-four primary text/UI handlers selected when the doubled command index is below $6C at $9882-$98B0 and dispatched through $9841/$987F)	A,X,Y	A,P,X,Y	$03DB,$03DC,$03DD	$98B3,$BCC1
16	ADF0	FormatSelectedWindowEntryAsThreeByteValue	Pointer $16:$A633 (Fifty-four primary text/UI handlers selected when the doubled command index is below $6C at $9882-$98B0 and dispatched through $9841/$987F)	A,X,Y	A,P,X,Y	$72,$73,$74	$98B3,$BD41
16	AE00	FormatWorkingWindowValue	Pointer $16:$A635 (Fifty-four primary text/UI handlers selected when the doubled command index is below $6C at $9882-$98B0 and dispatched through $9841/$987F)	A,X	A,P,X	$F2	$98D2,$9976
16	AE06	ResolveSelectedWindowValueOrMissing	Pointer $16:$A637 (Fifty-four primary text/UI handlers selected when the doubled command index is below $6C at $9882-$98B0 and dispatched through $9841/$987F)	Y	A,P,X,Y		$BEE8
16	AE32	CopyShortDialogueAttributeBlock	Pointer $16:$A639 (Fifty-four primary text/UI handlers selected when the doubled command index is below $6C at $9882-$98B0 and dispatched through $9841/$987F)	A,X,Y	A,P,X,Y		$98B3,$98D2
16	AE54	CopyLongDialogueAttributeBlock	Pointer $16:$A63B (Fifty-four primary text/UI handlers selected when the doubled command index is below $6C at $9882-$98B0 and dispatched through $9841/$987F)	A,X,Y	A,P,X,Y		$98B3,$98D2
16	AE76	AppendScratchTextPairs	Pointer $16:$A63D (Fifty-four primary text/UI handlers selected when the doubled command index is below $6C at $9882-$98B0 and dispatched through $9841/$987F)		P		
16	AE95	AppendSentinelTerminatedSpacingSequence	Pointer $16:$A63F (Fifty-four primary text/UI handlers selected when the doubled command index is below $6C at $9882-$98B0 and dispatched through $9841/$987F)		P		
16	AEBF	EmitWindowPaddingPattern	Pointer $16:$A641 (Fifty-four primary text/UI handlers selected when the doubled command index is below $6C at $9882-$98B0 and dispatched through $9841/$987F)	A,X,Y	A,P,X,Y	$00	$98B3
16	AF02	AppendSelectedWindowListRow	Pointer $16:$A643 (Fifty-four primary text/UI handlers selected when the doubled command index is below $6C at $9882-$98B0 and dispatched through $9841/$987F)	A,X,Y	A,P,X,Y	$00,$01	$98B3
16	AF57	FormatSelectedWindowDigit	Pointer $16:$A645 (Fifty-four primary text/UI handlers selected when the doubled command index is below $6C at $9882-$98B0 and dispatched through $9841/$987F)	A,X,Y	A,P,X,Y	$03DB,$0480+X,$04C0+X,$09,$F2	$98FE,$BA44,$BA6D,$BD05
16	AF65	AppendSelectedWindowValue	Pointer $16:$A647 (Fifty-four primary text/UI handlers selected when the doubled command index is below $6C at $9882-$98B0 and dispatched through $9841/$987F)	A,X	A,P,X	$03DB	$98B3,$BA44,$BA64
16	AF70	FormatWindowTertiaryFieldValue	Pointer $16:$A649 (Fifty-four primary text/UI handlers selected when the doubled command index is below $6C at $9882-$98B0 and dispatched through $9841/$987F)	A,X,Y	A,P,X,Y	$03DC	$98B3,$BB56
16	AF78	FormatEmptyWindowListValue	Pointer $16:$A64B (Fifty-four primary text/UI handlers selected when the doubled command index is below $6C at $9882-$98B0 and dispatched through $9841/$987F)		A,P,X		
16	AFD8	FormatNonemptyWindowListValue	Pointer $16:$A64D (Fifty-four primary text/UI handlers selected when the doubled command index is below $6C at $9882-$98B0 and dispatched through $9841/$987F)		A,P,X		
16	B014	EmitConditionalWindowMarker	Pointer $16:$A64F (Fifty-four primary text/UI handlers selected when the doubled command index is below $6C at $9882-$98B0 and dispatched through $9841/$987F)	A,X,Y	A,P,X,Y	$00,$01,$02,$03,$04,$05,$06	$98B3,$BE9E,$BFA6
16	B021	AppendWindowScratchText	Pointer $16:$A651 (Fifty-four primary text/UI handlers selected when the doubled command index is below $6C at $9882-$98B0 and dispatched through $9841/$987F)	A,X	A,P,X	$03DB	$98B3,$BA64
16	B037	AppendPrimaryWindowField	Pointer $16:$A653 (Fifty-four primary text/UI handlers selected when the doubled command index is below $6C at $9882-$98B0 and dispatched through $9841/$987F)		A,P,X		
16	B1C1	InitializeWindowLookupWindow	Pointer $16:$A6DF (Ten secondary text/UI handlers selected when the doubled command index is below $14 at $9882-$98B0 and dispatched through $9841/$987F)	A,X,Y	A,P,X,Y	$03DB,$03DC,$03DD	$98B3,$BCC1
16	B1D8	EmitWindowCodeFromPrimaryLookup	Pointer $16:$A6E1 (Ten secondary text/UI handlers selected when the doubled command index is below $14 at $9882-$98B0 and dispatched through $9841/$987F)	A,X,Y	A,P,X,Y	$00,$01,$02,$03,$04,$05,$06	$98B3,$BE9E
16	B1F9	EmitWindowRecordSummary	Pointer $16:$A6E3 (Ten secondary text/UI handlers selected when the doubled command index is below $14 at $9882-$98B0 and dispatched through $9841/$987F)	A,X,Y	A,P,X,Y		$98B3,$B747,$BE97
16	B24A	RouteActiveRecordToPrimaryCommandLookup	Pointer $16:$A6E5 (Ten secondary text/UI handlers selected when the doubled command index is below $14 at $9882-$98B0 and dispatched through $9841/$987F)		A,P,X		
16	B24F	EmitValidatedWindowSelectionOffset	Pointer $16:$A6E7 (Ten secondary text/UI handlers selected when the doubled command index is below $14 at $9882-$98B0 and dispatched through $9841/$987F)	A,X	A,P,X	$03DC,$6F	$BA0E,$BEFA
16	B278	RenderWindowChoiceIndicators	Pointer $16:$A6E9 (Ten secondary text/UI handlers selected when the doubled command index is below $14 at $9882-$98B0 and dispatched through $9841/$987F)	A,X,Y	A,P,X,Y	$01,$02,$0480+X,$04C0+X,$09,$F2	$98B3,$BEFA
16	B2AB	EmitBattleSlotValueWithDuplicateMarker	Pointer $16:$A6EB (Ten secondary text/UI handlers selected when the doubled command index is below $14 at $9882-$98B0 and dispatched through $9841/$987F)	X	A,P,X		
16	B2DA	CountMatchingBattleSlotValues	Direct call from $16:$B2B6	A,X,Y	A,P,X,Y		
16	B307	EmitTwoWindowRecordValues	Pointer $16:$A6ED (Ten secondary text/UI handlers selected when the doubled command index is below $14 at $9882-$98B0 and dispatched through $9841/$987F)	A,Y	A,P,Y	$72,$73,$74,$F2	$98D2,$98FB,$B337,$BB81,$BD41
16	B337	LoadWindowListBasePointer	Direct call from $16:$B30C; Direct call from $16:$B326	A	A,P	$00,$01	
16	B342	EmitSecondaryCommandRecord	Pointer $16:$A6EF (Ten secondary text/UI handlers selected when the doubled command index is below $14 at $9882-$98B0 and dispatched through $9841/$987F)	A,X,Y	A,P,X,Y		$98B3,$98FE,$B747,$BE97
16	B37F	FormatSecondaryCommandSelection	Pointer $16:$A6F1 (Ten secondary text/UI handlers selected when the doubled command index is below $14 at $9882-$98B0 and dispatched through $9841/$987F)	A,X,Y	A,P,X,Y	$04,$72,$73,$74	$98B3,$B747,$BD41
16	B4B6	QueryWindowEntryCount	Pointer $16:$A73B (Thirty text/UI handlers selected through pointer base $A73B at $9798-$97AF, which pushes each value and returns to value+1)	A	A,P	$03DD	
16	B4BF	QueryWindowLowOption	Guarded flow recovery: Coherent routine block immediately after RTS $B4BE; 3 instructions, 1 BRK service calls, merges into existing code; Pointer $16:$A73D (Thirty text/UI handlers selected through pointer base $A73B at $9798-$97AF, which pushes each value and returns to value+1)	A	A,P	$03DD	
16	B4C9	QueryWindowHighOption	Guarded flow recovery: Coherent routine block immediately after RTS $B4C8; 3 instructions, 1 BRK service calls, merges into existing code; Pointer $16:$A73F (Thirty text/UI handlers selected through pointer base $A73B at $9798-$97AF, which pushes each value and returns to value+1)	A	A,P	$03DD	
16	B4D3	QueryWindowMiddleOption	Guarded flow recovery: Coherent routine block immediately after RTS $B4D2; 3 instructions, 1 BRK service calls, merges into existing code; Pointer $16:$A741 (Thirty text/UI handlers selected through pointer base $A73B at $9798-$97AF, which pushes each value and returns to value+1)	A	A,P	$03DD	
16	B4DD	BuildPartySelectionListExcludingCurrent	Guarded flow recovery: Coherent routine block immediately after RTS $B4DC; 18 instructions, 1 BRK service calls, merges into existing code; Pointer $16:$A743 (Thirty text/UI handlers selected through pointer base $A73B at $9798-$97AF, which pushes each value and returns to value+1)		P		
16	B504	LoadWindowEntryCount	Pointer $16:$A745 (Thirty text/UI handlers selected through pointer base $A73B at $9798-$97AF, which pushes each value and returns to value+1)	A	A,P,X	$03DC	
16	B514	ReturnNarrowWindowSelectionWidth	Pointer $16:$A747 (Thirty text/UI handlers selected through pointer base $A73B at $9798-$97AF, which pushes each value and returns to value+1)		A,P		
16	B517	CountMatchingWindowEntries	Guarded flow recovery: Coherent routine block immediately after RTS $B516; 16 instructions, 1 BRK service calls, merges into existing code; Pointer $16:$A749 (Thirty text/UI handlers selected through pointer base $A73B at $9798-$97AF, which pushes each value and returns to value+1)	A	A,P,X,Y	$6F	
16	B538	ReturnMediumWindowSelectionWidth	Pointer $16:$A74B (Thirty text/UI handlers selected through pointer base $A73B at $9798-$97AF, which pushes each value and returns to value+1)		A,P		
16	B53B	ReturnWideWindowSelectionWidth	Direct ROM analysis: Dormant LDA #$08 / RTS helper immediately before the decoded entry at $B53E; Pointer $16:$A74D (Thirty text/UI handlers selected through pointer base $A73B at $9798-$97AF, which pushes each value and returns to value+1)		A,P		
16	B53E	LoadWindowAttributeValue	Guarded flow recovery: Coherent routine block immediately after RTS $B53D; 4 instructions, 1 BRK service calls, merges into existing code; Pointer $16:$A74F (Thirty text/UI handlers selected through pointer base $A73B at $9798-$97AF, which pushes each value and returns to value+1)		A,P,X		
16	B548	LoadIndexedWindowEntryValue	Pointer $16:$A751 (Thirty text/UI handlers selected through pointer base $A73B at $9798-$97AF, which pushes each value and returns to value+1)	A,Y	A,P,X,Y	$6F	$BCEB
16	B55B	ComputeAvailablePartySlotCount	Guarded flow recovery: Coherent routine block immediately after RTS $B55A; 21 instructions, 2 BRK service calls, returns and merges into existing code; Pointer $16:$A753 (Thirty text/UI handlers selected through pointer base $A73B at $9798-$97AF, which pushes each value and returns to value+1)	A,Y	A,P,Y	$03D2	$BF8E
16	B574	NormalizeFourSlotListAndCount	Guarded flow recovery: Coherent routine block immediately after RTS $B573; 23 instructions, 2 BRK service calls, returns and merges into existing code; Pointer $16:$A755 (Thirty text/UI handlers selected through pointer base $A73B at $9798-$97AF, which pushes each value and returns to value+1)	A,Y	A,P,Y	$07B0+Y	$BCEB,$BF8E
16	B590	MapRecordModeToWindowCount	Guarded flow recovery: Coherent routine block immediately after RTS $B58F; 6 instructions, returns; Pointer $16:$A757 (Thirty text/UI handlers selected through pointer base $A73B at $9798-$97AF, which pushes each value and returns to value+1)	A,X,Y	A,P,X,Y		
16	B59D	SelectWindowCountForBossContext	Pointer $16:$A759 (Thirty text/UI handlers selected through pointer base $A73B at $9798-$97AF, which pushes each value and returns to value+1)	X	A,P,X		
16	B5B2	BuildPartySlotSelectionList	Guarded flow recovery: Coherent routine block immediately after RTS $B5B1; 45 instructions, 4 BRK service calls, jumps and merges into existing code; Pointer $16:$A75B (Thirty text/UI handlers selected through pointer base $A73B at $9798-$97AF, which pushes each value and returns to value+1)		P,X		
16	B61B	ReturnWindowConditionAsByte	Guarded flow recovery: Coherent routine block immediately after RTS $B61A; 3 instructions, 1 BRK service calls, merges into existing code; Pointer $16:$A75D (Thirty text/UI handlers selected through pointer base $A73B at $9798-$97AF, which pushes each value and returns to value+1)		P		
16	B622	ReturnWindowEntryCount4	Pointer $16:$A75F (Thirty text/UI handlers selected through pointer base $A73B at $9798-$97AF, which pushes each value and returns to value+1)		A,P		
16	B625	LoadCurrentWindowListCount	Guarded flow recovery: Coherent routine block immediately after RTS $B624; 5 instructions, 1 BRK service calls, merges into existing code; Pointer $16:$A761 (Thirty text/UI handlers selected through pointer base $A73B at $9798-$97AF, which pushes each value and returns to value+1)	A	A,P		
16	B632	RefreshWindowList	Pointer $16:$A763 (Thirty text/UI handlers selected through pointer base $A73B at $9798-$97AF, which pushes each value and returns to value+1)		P		
16	B636	QuerySecondaryWindowEntry	Guarded flow recovery: Coherent routine block immediately after RTS $B635; 4 instructions, 1 BRK service calls, merges into existing code; Pointer $16:$A765 (Thirty text/UI handlers selected through pointer base $A73B at $9798-$97AF, which pushes each value and returns to value+1)	A	A,P,X	$03DC	
16	B641	TestWindowEntryTypeFive	Guarded flow recovery: Coherent routine block immediately after RTS $B640; 7 instructions, 1 BRK service calls, merges into existing code; Pointer $16:$A767 (Thirty text/UI handlers selected through pointer base $A73B at $9798-$97AF, which pushes each value and returns to value+1)		P,X		
16	B650	ReturnWindowListCount4	Pointer $16:$A769 (Thirty text/UI handlers selected through pointer base $A73B at $9798-$97AF, which pushes each value and returns to value+1)		A,P		
16	B653	LoadWindowListDescriptor	Pointer $16:$A76B (Thirty text/UI handlers selected through pointer base $A73B at $9798-$97AF, which pushes each value and returns to value+1)	A,X,Y	A,P,X,Y	$00,$01,$03DD,$07B0,$07B1,$07B2,$07B3	
16	B656	LoadWindowListDescriptorByIndex	Tail jump from $16:$B760	A,X,Y	A,P,X,Y	$00,$01,$03DD,$07B0,$07B1,$07B2,$07B3	
16	B720	LoadCurrentWindowRow	Pointer $16:$A76D (Thirty text/UI handlers selected through pointer base $A73B at $9798-$97AF, which pushes each value and returns to value+1)		P,X		
16	B726	SetWindowFlag20	Guarded flow recovery: Coherent routine block immediately after RTS $B725; 3 instructions, merges into existing code; Pointer $16:$A76F (Thirty text/UI handlers selected through pointer base $A73B at $9798-$97AF, which pushes each value and returns to value+1)	A	A,P	$F5	
16	B72D	PlayWindowSoundUnlessSuppressed	Guarded flow recovery: Coherent routine block immediately after RTS $B72C; 4 instructions, 1 BRK service calls, merges into existing code; Pointer $16:$A771 (Thirty text/UI handlers selected through pointer base $A73B at $9798-$97AF, which pushes each value and returns to value+1)	A	A,P		
16	B737	CopyFirstListEntryToWorkingState	Pointer $16:$A773 (Thirty text/UI handlers selected through pointer base $A73B at $9798-$97AF, which pushes each value and returns to value+1)	A	A,P	$03DB	
16	B73E	ClearWindowFlag04	Pointer $16:$A775 (Thirty text/UI handlers selected through pointer base $A73B at $9798-$97AF, which pushes each value and returns to value+1)	A	A,P	$07B4	
16	B747	ResolveWindowListSelection	Direct call from $16:$9FAE; Direct call from $16:$B223; Direct call from $16:$B34B; Direct call from $16:$B36B; Direct call from $16:$B383; Direct call from $16:$B390		P		
16	B74B	MapD6ComparisonMaskToPartyCount	Pointer $16:$A777 (Eight text/UI handlers selected through pointer base $A777 at $9798-$97AF, which pushes each value and returns to value+1)	A,X	A,P	$03DC	$B78C
16	B75D	LoadActiveWindowListDescriptor	Direct ROM analysis: Dormant LDA $07B7 / JMP $B656 helper; the jump high operand at $B762 was previously misidentified as an entry byte; Pointer $16:$A779 (Eight text/UI handlers selected through pointer base $A777 at $9798-$97AF, which pushes each value and returns to value+1)	A,X,Y	A,P,X,Y	$00,$01,$03DD,$07B0,$07B1,$07B2,$07B3	
16	B763	TestFirstListEntryWithBFA6	Pointer $16:$A77B (Eight text/UI handlers selected through pointer base $A777 at $9798-$97AF, which pushes each value and returns to value+1)		A,P,X		$BFA6
16	B773	MapD6ComparisonMaskToSelectionCount	Pointer $16:$A77D (Eight text/UI handlers selected through pointer base $A777 at $9798-$97AF, which pushes each value and returns to value+1)	A,X	A,P,X	$03DC	$B78C
16	B78C	BuildD6ComparisonMask	Direct call from $16:$B74B; Direct call from $16:$B773	A,X,Y	A,P,X,Y		
16	B7A0	ReturnWindowCount2	Pointer $16:$A77F (Eight text/UI handlers selected through pointer base $A777 at $9798-$97AF, which pushes each value and returns to value+1)		A,P		
16	B7A3	ReturnWindowCount3	Pointer $16:$A781 (Eight text/UI handlers selected through pointer base $A777 at $9798-$97AF, which pushes each value and returns to value+1)		A,P		
16	B7A6	CountBattleSlotsBeforeFF	Guarded flow recovery: Coherent routine block immediately after RTS $B7A5; 9 instructions, merges into existing code; Pointer $16:$A783 (Eight text/UI handlers selected through pointer base $A777 at $9798-$97AF, which pushes each value and returns to value+1)	A,X	A,P,X		
16	B7B7	SetWindowFlag02	Guarded flow recovery: Coherent routine block immediately after RTS $B7B6; 3 instructions, merges into existing code; Pointer $16:$A785 (Eight text/UI handlers selected through pointer base $A777 at $9798-$97AF, which pushes each value and returns to value+1)	A	A,P	$F5	
16	B7BE	InitializeWindowPartySelectionLayout	Pointer $16:$A787 (Six text/UI handlers dispatched through the RTS-stack helper at $A4DE, which pushes each value and returns to value+1)	A,Y	A,P,Y	$00,$03C8,$03C9,$03DC	$BCEB
16	B83B	LoadWindowDisplayValuesFromPartyCount	Pointer $16:$A789 (Six text/UI handlers dispatched through the RTS-stack helper at $A4DE, which pushes each value and returns to value+1)	A,Y	A,P,Y	$00,$03C9	$BCEB
16	B868	LoadWindowDisplayValueFromPartyCount	Pointer $16:$A78B (Six text/UI handlers dispatched through the RTS-stack helper at $A4DE, which pushes each value and returns to value+1)	A,X	A,P,X	$03C8	$BCEB
16	B875	LoadWindowDisplayValueByMapMode	Pointer $16:$A78D (Six text/UI handlers dispatched through the RTS-stack helper at $A4DE, which pushes each value and returns to value+1)	A	A,P	$03C8	
16	B882	LoadWindowDisplayPairByMapMode	Guarded flow recovery: Coherent routine block immediately after RTS $B881; 12 instructions, returns; Pointer $16:$A78F (Six text/UI handlers dispatched through the RTS-stack helper at $A4DE, which pushes each value and returns to value+1)	A,X	A,P,X	$03C8,$03C9	
16	B8A0	LoadWindowDisplayPairByLeadMonster	Pointer $16:$A791 (Six text/UI handlers dispatched through the RTS-stack helper at $A4DE, which pushes each value and returns to value+1)	A,Y	A,P,Y	$03C8,$03C9	
16	B8C2	TransformWindowResultThroughPartyContext	Pointer $16:$A793 (Twelve text/UI handlers dispatched through the RTS-stack helpers at $A4E9/$A4F4, which push each value and return to value+1)	X	A,P,X	$6E	
16	B8C5	TransformWindowResultThroughPartyLookup	Tail jump from $16:$B8D3	X	P,X	$6E	
16	B8D1	TransformWindowResultUsingFixedPartyContext	Pointer $16:$A795 (Twelve text/UI handlers dispatched through the RTS-stack helpers at $A4E9/$A4F4, which push each value and return to value+1)	X	A,P,X	$6E	
16	B8D6	LoadF8IndexedListEntry	Pointer $16:$A797 (Twelve text/UI handlers dispatched through the RTS-stack helpers at $A4E9/$A4F4, which push each value and return to value+1)	A,X	A,P,X	$F8	
16	B8DE	NormalizeWindowSelectionList	Guarded flow recovery: Coherent routine block immediately after RTS $B8DD; 45 instructions, jumps and merges into existing code; Pointer $16:$A799 (Twelve text/UI handlers dispatched through the RTS-stack helpers at $A4E9/$A4F4, which push each value and return to value+1)	A,X,Y	A,P,X,Y	$006E+Y,$07B0+X,$F3,$F8	$B92C,$BC43,$BCEB,$BFA6
16	B92C	NormalizeWindowResultForCursorRow	Direct call from $16:$B8E8; Guarded flow recovery: Coherent routine block immediately after RTS $B92B; 11 instructions, merges into existing code; Pointer $16:$A79B (Twelve text/UI handlers dispatched through the RTS-stack helpers at $A4E9/$A4F4, which push each value and return to value+1)	A	A,P	$F8	
16	B944	CopyFourSlotListTo6E	Guarded flow recovery: Coherent routine block immediately after RTS $B943; 5 instructions, merges into existing code; Pointer $16:$A79D (Twelve text/UI handlers dispatched through the RTS-stack helpers at $A4E9/$A4F4, which push each value and return to value+1)	A,Y	A,P,Y	$006E+Y	
16	B950	MapWindowResultThroughB964Tables	Pointer $16:$A79F (Twelve text/UI handlers dispatched through the RTS-stack helpers at $A4E9/$A4F4, which push each value and return to value+1)	A,X	A,P,X	$F8	
16	B975	MapWindowResultThroughB232Tables	Pointer $16:$A7A1 (Twelve text/UI handlers dispatched through the RTS-stack helpers at $A4E9/$A4F4, which push each value and return to value+1)	A,X	A,P,X	$F8	
16	B989	InitializeWindowResultList	Pointer $16:$A7A3 (Twelve text/UI handlers dispatched through the RTS-stack helpers at $A4E9/$A4F4, which push each value and return to value+1)	A,X	A,P,X	$07B0,$07B1,$07B2,$6F	$BCEB
16	B9B0	ClearWindowListPointerState	Pointer $16:$A7A5 (Twelve text/UI handlers dispatched through the RTS-stack helpers at $A4E9/$A4F4, which push each value and return to value+1)	A	A,P	$07B5,$07B6,$07B7,$07B8	
16	B9BF	CommitWindowResultAndSetRefreshFlags	Guarded flow recovery: Coherent routine block immediately after RTS $B9BE; 39 instructions, returns and jumps and merges into existing code; Pointer $16:$A7A7 (Twelve text/UI handlers dispatched through the RTS-stack helpers at $A4E9/$A4F4, which push each value and return to value+1)	A	A,P	$03D4,$07B4,$F5	$BEF0
16	B9E2	ToggleWindowListModeAndSetRefreshFlags	Guarded flow recovery: Coherent routine block immediately after RTS $B9E1; 19 instructions, returns; Pointer $16:$A7A9 (Twelve text/UI handlers dispatched through the RTS-stack helpers at $A4E9/$A4F4, which push each value and return to value+1)	A	A,P	$03D4,$07B4,$07B5,$F5	
16	BA0E	ComputeWindowFormatterIndex	Direct call from $16:$AAF7; Direct call from $16:$B24F	A,Y	A,P,Y	$6F	
16	BA29	StripWindowValueHighBitAndMarkSecondary	Direct call from $16:$ABBD; Direct call from $16:$ABD0; Tail jump from $16:$AE03	A,X	A,P,X	$F2	$98D2,$9976
16	BA44	ResolveWorkingWindowValue	Direct call from $16:$AC61; Direct call from $16:$ACD6; Direct call from $16:$AD36; Direct call from $16:$AD4F; Direct call from $16:$AD66; Direct call from $16:$ADDF; Direct call from $16:$AF5C; Direct call from $16:$AF6A; Direct call from $16:$BB92	A	A,P	$6E	
16	BA64	LoadScratchTextForWorkingIndex	Direct call from $16:$B026; Direct call from $16:$BA78; Direct call from $16:$BA88	A	P,X		
16	BA6D	AppendWorkingValueWithZeroPrefix	Direct call from $16:$AC64; Direct call from $16:$ACD9; Direct call from $16:$ACF9; Direct call from $16:$AD39; Direct call from $16:$ADE2; Direct call from $16:$AF5F	X	A,P,X		$98B3
16	BA78	LoadScratchAndAppendFourWorkingBytes	Direct call from $16:$ADD4; Pointer $16:$8020 (20-entry text and user-interface service directory); Pointer $16:$BCE9 (Nine text/UI handlers dispatched by LDA $BCDA,Y/$BCD9,Y and RTS at $BCC9 from $BCA3; all nine targets executed at runtime and the table ends at executed code $BCEB); Tail jump from $16:$AAF4; Tail jump from $16:$AF6D	X	A,P,X		$98B3,$BA64
16	BA7B	AppendFourWorkingBytes	Direct call from $16:$AD52; Tail jump from $16:$BA75	X	A,P,X		$98B3
16	BA88	AppendNonzeroWorkingBytes	Guarded flow recovery: Coherent routine block immediately after RTS $BA87; 12 instructions, returns and merges into existing code	A,X,Y	A,P,X,Y		$98B3,$BA64
16	BA9F	AppendScratchTextSelector0	Pointer $16:$8022 (20-entry text and user-interface service directory)		P,X		
16	BAA9	AppendIndexedTextField	Tail jump from $16:$B24C		P,X		
16	BAAE	AppendInterleavedScratchTextSelector3	Pointer $16:$8024 (20-entry text and user-interface service directory); Tail jump from $16:$ABAA; Tail jump from $16:$ABE0; Tail jump from $16:$ABE8		P,X		
16	BAB3	AppendInterleavedScratchTextSelector4	Pointer $16:$8026 (20-entry text and user-interface service directory)		P,X		
16	BABD	AppendAlternateIndexedTextField	Tail jump from $16:$AD2B		P,X		
16	BAC4	AppendInterleavedIndexedTextField	Tail jump from $16:$BAB0; Tail jump from $16:$BAB5		P		
16	BACA	AppendFinalIndexedTextField	Tail jump from $16:$AB88		P,X		
16	BACC	AppendIndexedTextFieldValue	Tail jump from $16:$BAA1		P		
16	BB56	FormatWorkingValueBySelectorTable	Direct call from $16:$AB34; Direct call from $16:$ABF9; Direct call from $16:$BBCA; Direct call from $16:$BBD2	A,X	A,P,X	$6E	
16	BB75	AppendWorkingBytesToPrimaryBuffer	Pointer $16:$801E (20-entry text and user-interface service directory); Tail jump from $16:$AB37; Tail jump from $16:$AB7F; Tail jump from $16:$ABFC; Tail jump from $16:$ADFD; Tail jump from $16:$BBCD	X,Y	A,P,X,Y		$98B3
16	BB81	AppendWorkingBytesToSecondaryBuffer	Direct call from $16:$B31E	X,Y	A,P,X,Y		$98FB
16	BB8D	EmitFormattedFourByteWorkingValue	Pointer $16:$BCD9 (Nine text/UI handlers dispatched by LDA $BCDA,Y/$BCD9,Y and RTS at $BCC9 from $BCA3; all nine targets executed at runtime and the table ends at executed code $BCEB)	A,Y	A,P,Y	$03DD	$98B3,$98D2,$BA44
16	BBB9	EmitFormatSelector0BWithCode2C	Pointer $16:$BCDB (Nine text/UI handlers dispatched by LDA $BCDA,Y/$BCD9,Y and RTS at $BCC9 from $BCA3; all nine targets executed at runtime and the table ends at executed code $BCEB); Pointer $16:$BCE3 (Nine text/UI handlers dispatched by LDA $BCDA,Y/$BCD9,Y and RTS at $BCC9 from $BCA3; all nine targets executed at runtime and the table ends at executed code $BCEB); Tail jump from $16:$AD58	A,X,Y	A,P,X,Y		$98B3,$BB56
16	BBC1	EmitFormatSelector0CWithCode31	Pointer $16:$BCDF (Nine text/UI handlers dispatched by LDA $BCDA,Y/$BCD9,Y and RTS at $BCC9 from $BCA3; all nine targets executed at runtime and the table ends at executed code $BCEB); Pointer $16:$BCE5 (Nine text/UI handlers dispatched by LDA $BCDA,Y/$BCD9,Y and RTS at $BCC9 from $BCA3; all nine targets executed at runtime and the table ends at executed code $BCEB); Tail jump from $16:$AD5B	A,X,Y	A,P,X,Y		$98B3,$BB56
16	BBC6	AppendLabeledFormattedValue	Tail jump from $16:$BBBE	X,Y	A,P,X,Y		$98B3,$BB56
16	BBD0	EmitSeparatedThreeByteValueSelector5	Pointer $16:$BCDD (Nine text/UI handlers dispatched by LDA $BCDA,Y/$BCD9,Y and RTS at $BCC9 from $BCA3; all nine targets executed at runtime and the table ends at executed code $BCEB)	A,X	A,P,X	$0480+X,$04C0+X,$09,$F2	$98B3,$98D2,$BB56
16	BBD2	AppendSeparatedThreeByteValue	Tail jump from $16:$BBFA	A,X	A,P,X	$0480+X,$04C0+X,$09,$F2	$98B3,$98D2,$BB56
16	BBF8	EmitSeparatedThreeByteValueSelector6	Pointer $16:$BCE1 (Nine text/UI handlers dispatched by LDA $BCDA,Y/$BCD9,Y and RTS at $BCC9 from $BCA3; all nine targets executed at runtime and the table ends at executed code $BCEB)	A,X	A,P,X	$0480+X,$04C0+X,$09,$F2	$98B3,$98D2,$BB56
16	BBFD	EmitSlotLookupValueAndSuffix	Pointer $16:$BCE7 (Nine text/UI handlers dispatched by LDA $BCDA,Y/$BCD9,Y and RTS at $BCC9 from $BCA3; all nine targets executed at runtime and the table ends at executed code $BCEB); Tail jump from $16:$AD5E		P,X		
16	BC43	FindNthMissingListIndex	Direct call from $16:$ACD0; Direct call from $16:$B8F9; Direct call from $16:$B909	A,X,Y	A,P,X,Y	$00,$02	
16	BC6D	FormatCompositeWindowValue	Tail jump from $16:$AC04; Tail jump from $16:$AD07; Tail jump from $16:$ADED; Tail jump from $16:$B1D5	A,X,Y	A,P,X,Y	$03DB,$03DC,$03DD	$98B3,$BCC1
16	BCC1	DispatchWindowFormatterByIndex	Direct call from $16:$BCA3	A,Y	A,P		
16	BCEB	LoadWindowRecordFlagHighNibble	Direct call from $16:$9F6B; Direct call from $16:$AB82; Direct call from $16:$ABB1; Direct call from $16:$B54C; Direct call from $16:$B574; Direct call from $16:$B7C9; Direct call from $16:$B824; Direct call from $16:$B83B; Direct call from $16:$B868; Direct call from $16:$B90E; Direct call from $16:$B992		A,P		
16	BCF3	AdvanceAndEmitFirstFormattedDigit	Tail jump from $16:$ACDC; Tail jump from $16:$ACFC; Tail jump from $16:$AF62	A,X,Y	A,P,X,Y	$0480+X,$04C0+X,$09,$F2	$98FE,$BD05
16	BCF6	EmitFirstSignificantFormattedDigit	Tail jump from $16:$AD55; Tail jump from $16:$ADD7; Tail jump from $16:$ADE5	A,X,Y	A,P,X,Y	$0480+X,$04C0+X,$09,$F2	$BD05
16	BD05	MapFormattedDigitBySignAndPosition	Direct call from $16:$AD41; Direct call from $16:$AD7A; Direct call from $16:$BCF8	X,Y	A,P,X		
16	BD31	FormatThreeByteValuePreserveRegisters	Direct call from $16:$8235; Pointer $16:$8018 (20-entry text and user-interface service directory)	A,X,Y	A,P,X,Y		$BD41
16	BD41	ConvertThreeByteValueToDisplayDigits	Direct call from $16:$AB7A; Direct call from $16:$ADC6; Direct call from $16:$ADFA; Direct call from $16:$AFB2; Direct call from $16:$B31B; Direct call from $16:$B39D; Direct call from $16:$BB63; Direct call from $16:$BC1F; Direct call from $16:$BD38; Pointer $16:$801C (20-entry text and user-interface service directory)	A,X,Y	A,P,X,Y	$06,$07	$BD91,$BDC9,$BE64,$BE82
16	BD91	ClampValueAndInitializeDigitBuffer	Direct call from $16:$BD5E	A,X,Y	A,P,X	$00+X,$72,$73,$74	
16	BDC9	ConvertThreeByteValueToDigits	Direct call from $16:$BD61	A,X,Y	A,P,X,Y	$00+X,$72,$73,$74	$BE47
16	BE47	AddDigitWithCarryPropagation	Direct call from $16:$BDE3	A,X	A,P,X	$00+X	
16	BE64	FinalizeWindowDigitBuffer	Direct call from $16:$BD64	A,X,Y	A,P,X,Y	$00+X	
16	BE82	CopyZeroPageSpanToDigitBuffer	Direct call from $16:$BD6E	A,X,Y	A,P,X,Y	$00+X	
16	BE90	EmitWindowCommandRecordSet1	Guarded flow recovery: Coherent routine block immediately after RTS $BE8F; 3 instructions, jumps and merges into existing code	A,X,Y	A,P,X,Y	$00,$01,$02,$03,$04,$05,$06	$98B3,$BE9E
16	BE97	EmitWindowCommandRecordByActiveSet	Direct call from $16:$B1FB; Direct call from $16:$B344; Tail jump from $16:$B01E	A,X,Y	A,P,X,Y	$00,$01,$02,$03,$04,$05,$06	$98B3,$BE9E
16	BE9C	InitializeWindowCommandRecordExpansion	Tail jump from $16:$BE94	A,X,Y	A,P,X,Y	$00,$01,$02,$03,$04,$05	$98B3,$BE9E
16	BE9E	EmitNestedWindowCommandRecord	Direct call from $16:$BEDC	A,X,Y	A,P,X,Y	$00,$01,$02,$04,$05	$98B3,$BE9E
16	BEA2	ExpandNestedWindowCommandRecord	Tail jump from $16:$BEE5	A,X,Y	A,P,X,Y	$00,$01,$02,$04,$05	$98B3,$BE9E
16	BEE8	IsWindowEntryBelowEight	Direct call from $16:$AB06; Direct call from $16:$AB8F; Direct call from $16:$AE1B	A	P		
16	BEF0	StoreMappedHighNibbleInPackedList	Direct call from $16:$B9C8	A,X,Y	A,P,X,Y	$00,$01,$07B5+Y	$BF02,$BF4C
16	BEFA	MapLowNibbleThroughWindowTable	Direct call from $16:$B257; Direct call from $16:$B27A	A	A,P		$BF02
16	BF02	MapWindowValueThroughPackedState	Direct call from $16:$BEF0; Direct call from $16:$BEFA	A,X	A,P,X	$03	$BF2D,$BF4C
16	BF2D	BuildThreeBitWindowServiceMask	Direct call from $16:$BF04	A	A,P,X	$02	
16	BF4C	LoadPackedTwoBitWindowField	Direct call from $16:$BF07; Direct call from $16:$BF7C	A,X,Y	A,P,X,Y		
16	BF64	StorePackedTwoBitWindowField	Guarded flow recovery: Coherent routine block immediately after RTS $BF63; 19 instructions, returns and jumps and merges into existing code; Tail jump from $16:$BEF7	A,X,Y	A,P,X,Y	$00,$01,$07B5+Y	$BF4C
16	BF8E	LoadActiveWindowEntryCount	Direct call from $16:$B56C; Direct call from $16:$B586	A	A,P	$03DD	$BFA6
16	BFA6	TestWindowSpecialSaveState	Direct call from $16:$B016; Direct call from $16:$B768; Direct call from $16:$B8E3; Direct call from $16:$BF8E		P		
17	804C	RunPokerGame	Pointer $17:$8000 (38-entry mixed map-system directory followed by code at $804C)	A	A,P	$0505,$0508,$0509,$1F	$C54E,$C5C5
17	806C	InitializePokerGame	Direct ROM analysis: Resume after three-byte inline BRK service at $8068		P		$80B1,$81D7,$89EE,$8AAC,$8C04,$8C69,$8C83,$8C9D,$8D7F,$8ED6,$8F37,$8F64,$91AF,$91E7,$9242,$92B4,$9372,$C543,$C5BF,$C62D
17	8084	StartNextPokerHand	Tail jump from $17:$80AE		P		$80B1,$81D7,$89EE,$8AAC,$8C69,$8C9D,$8D7F,$8ED6,$8F37,$8F64,$9242,$92B4
17	80B1	ResolvePokerHandAndPayout	Direct call from $17:$809C	A,X	A,P,X	$14,$36,$37,$62B0+X,$62B1+X,$82,$8A	$8141,$818F,$819F,$81B2,$81DD,$81F2,$8237,$8286,$8A3F,$8C39,$9242,$92B4,$92F6,$C62D,$C827,$C8EC,$FF74
17	80BC	ExitPokerRoundThroughSharedCleanup	Direct ROM analysis: Resume after two-byte inline BRK service at $80B9	A	A,P	$36,$37,$38	$8C39,$92B4,$C62D,$D210
17	8141	UpdatePokerChoiceCursor	Direct call from $17:$8137; Direct call from $17:$8929	A	A,P	$0203,$0207	
17	817C	EnterPokerDoubleOrNothing	Direct ROM analysis: Resume after two-byte inline BRK service at $8179; jumps directly to $8654	A	A,P,Y	$82,$83,$84,$85	$8244,$86A6,$86BC,$8C9D,$8D25,$8D43,$8F37,$8F64,$8F8B,$9242,$92B4,$C891
17	818F	DisplayPokerWagerValue	Direct call from $17:$80FD; Direct call from $17:$886D	A	A,P	$FD,$FE,$FF	
17	819E	ReturnAfterPokerWagerDisplay	Direct ROM analysis: Resume after two-byte inline BRK service at $819B		P		
17	819F	DisplayDoubledPokerWager	Direct call from $17:$811B; Direct call from $17:$8910	A	A,P	$FD,$FE,$FF	
17	81B1	ReturnAfterPokerPayoutDisplay	Direct ROM analysis: Resume after two-byte inline BRK service at $81AE		P		
17	81B2	DisplayPokerRoundCounter	Direct call from $17:$8122; Direct call from $17:$8915	A	A,P	$FD,$FE,$FF	
17	81C1	ReturnAfterPokerRoundCounterDisplay	Direct ROM analysis: Resume after two-byte inline BRK service at $81BE		P		
17	81C2	RunPokerUiCompletionService	Direct call from $17:$88B6; Direct call from $17:$8ABD; Direct call from $17:$9EF7		P		
17	81D7	EvaluateAndDisplayPokerHand	Direct call from $17:$8090	X	A,P,X		$81F2
17	81DD	PlayPokerHandJingleAndRenderCategory	Direct call from $17:$8100	X	A,P,X		
17	81EE	RunPokerUiService	Direct ROM analysis: Resume after two-byte inline BRK service at $81EB		P		$9446
17	81F2	ClassifyPokerHand	Direct call from $17:$80B1; Direct call from $17:$81D7	A,X	A,P	$7E,$7F,$80,$81	$84A0,$84CD,$84EF,$8510,$8522,$8532,$8544,$8564,$8572,$860C,$861F
17	8237	AdvancePokerResultReveal	Direct call from $17:$8107; Direct call from $17:$812E; Direct call from $17:$87A9; Direct call from $17:$8920; Direct call from $17:$8D8E	A,X,Y	A,P,X,Y	$00,$01,$36,$7F	$8286,$82A9,$C65A
17	8244	RestorePokerResultDisplay	Direct call from $17:$817C; Direct call from $17:$87E3; Direct call from $17:$88F6; Direct call from $17:$896E; Direct call from $17:$8DBE	A	A,P	$36	$8286,$82A9
17	8286	WritePokerCategoryText	Direct call from $17:$80C3; Direct call from $17:$8256; Direct call from $17:$9203	A,X,Y	A,P,X,Y	$00,$01	$C65A
17	82A9	ComputeAndDisplayPokerPayout	Direct call from $17:$8251; Direct call from $17:$926A	A,X	A,P,X	$72,$73,$74	$C827
17	82C5	SelectPokerPayoutDisplayFormat	Direct ROM analysis: Resume after two-byte inline BRK service at $82C2	A,X	A,P,X	$00,$01	$8C56
17	83CD	ShowPokerStatistics	Direct ROM analysis: Coherent UI update routine adjacent to verified pointer tables; Direct call from $17:$8B3A		P		$83DA,$847C,$848E,$C8CC
17	83DA	RenderPokerStatisticsCounters	Direct ROM analysis: Coherent UI update routine adjacent to verified pointer tables; Direct call from $17:$83D0		P		$83E1,$8434
17	83E1	RenderPokerCategoryCounters	Direct call from $17:$83DA	A,X	A,P,X	$72,$73,$74,$9D,$9E	
17	840E	WritePokerCounterRow	Direct ROM analysis: Resume after two-byte inline BRK service at $840B	A,X	A,P,X	$00,$01,$72,$73,$74,$9D,$9E	$8C56,$C62D,$C65A
17	8434	RenderPokerTotalCounter	Direct call from $17:$83DD	A,X	A,P,X	$72+X	
17	8441	RenderAlternatePokerTotalCounter	Direct ROM analysis: Resume after two-byte inline BRK service at $843E	A,X	A,P,X	$72+X	$8455
17	8453	RenderPokerTotalAtDestination1A	Direct ROM analysis: Resume after two-byte inline BRK service at $8450	A,X	A,P,X	$00,$01	$8C56,$C65A
17	8455	RenderPokerThreeByteValue	Direct call from $17:$8443	A,X	A,P	$00,$01	$8C56,$C65A
17	847C	ScrollPokerStatisticsIntoView	Direct call from $17:$83CD	A	A,P	$0508	$FF74
17	848E	ScrollPokerStatisticsOutOfView	Direct call from $17:$83D6; Tail jump from $17:$849C	A	A,P	$0508	$FF74
17	849F	NoOpPokerUiHook	Direct ROM analysis: Single-byte return stub adjacent to the map-system update routines		P		
17	84A0	DecodePokerCardsToRanksAndSuits	Direct call from $17:$81F6	A,X,Y	A,P,X,Y	$0029+Y,$002E+Y,$29+X,$33	$8F8B
17	84B9	StoreDecodedPokerCardRankAndSuit	Tail jump from $17:$84CA	A,X,Y	A,P,X,Y	$0029+Y,$002E+Y,$29+X,$33	$8F8B
17	84CD	BuildPokerRankHistogram	Direct call from $17:$81F9	A,X,Y	A,P,X,Y	$7634+X,$7635+X	
17	84E0	FinishPokerRankHistogram	Tail jump from $17:$84EC	X,Y	P,X,Y	$7634+X,$7635+X	
17	84EF	TestPokerStraightFlushCategories	Direct call from $17:$81FC	A	A,P,X		$8564,$8572,$8647
17	8510	TestPokerFiveOfKind	Direct call from $17:$8201	A,X	A,P,X		
17	8522	TestPokerStraightFlush	Direct call from $17:$8206		P,X		$8564,$8572
17	8532	TestPokerFourOfKind	Direct call from $17:$820B	A,X	A,P,X		
17	8544	TestPokerFullHouse	Direct call from $17:$8210	A,X	A,P,X		$860C,$860E,$8637,$8647
17	8564	TestPokerFlush	Direct call from $17:$8215; Direct call from $17:$84EF; Direct call from $17:$8522	A,X	A,P,X		
17	8572	TestPokerStraight	Direct call from $17:$821A; Direct call from $17:$84F4; Direct call from $17:$8527	A,X,Y	A,P,X,Y	$33	$8592,$8647
17	8592	TestFiveConsecutivePokerRanks	Direct call from $17:$85A2	X,Y	A,P,X,Y		
17	860C	TestPokerThreeOfKind	Direct call from $17:$821F; Direct call from $17:$8544	A,X	A,P,X		
17	860E	FindPokerThreeOfKindFromIndex	Direct call from $17:$855B	A,X	A,P,X		
17	861F	TestPokerTwoPair	Direct call from $17:$8224	X	P,X		$8637,$8639,$8647
17	8637	TestPokerPair	Direct call from $17:$8551; Direct call from $17:$8624	A,X	A,P,X		
17	8639	FindPokerPairFromIndex	Direct call from $17:$862C	A,X	A,P,X		
17	8647	FindMissingPokerRank	Direct call from $17:$84F9; Direct call from $17:$854A; Direct call from $17:$8572; Direct call from $17:$861F	X	A,P,X		
17	8654	InitializePokerDoubleOrNothing	Tail jump from $17:$818C	A	A,P,Y	$82,$83,$84,$85	$86A6,$86BC,$8C9D,$8D25,$8D43,$8F64,$8F8B,$9242,$C891
17	866D	StartPokerDoubleOrNothingRound	Tail jump from $17:$86A3; Tail jump from $17:$88E7		A,P,Y		$86A6,$86BC,$8C9D,$8D25,$8D43,$8F64,$8F8B,$9242
17	868F	RunPokerDoubleOrNothingRound	Direct ROM analysis: Resume after two-byte inline BRK service at $868C		A,P,Y	$82	$86A6,$86BC,$8785,$87F1,$87F7,$87FD,$890A,$8C9D,$8D25,$8D43,$8F64,$8F8B,$9242
17	86A6	HandlePokerSpecialCard34	Direct call from $17:$8689	A	A,P,X		$877B,$87F1,$C90C
17	86BC	ArrangePokerRoundCards	Direct call from $17:$8676	A,X,Y	A,P,X,Y	$7600,$7600+X,$7600+Y	$C891
17	877B	ClearPokerCardHoldFlags	Direct call from $17:$86B2; Direct call from $17:$8796	A,X	A,P,X	$2F+X	
17	8785	RunPokerCardSelectionLoop	Direct call from $17:$868F	A,X	A,P,X	$0200+X,$29,$8A	$8237,$877B,$87B2,$87D1,$8DC4,$8E30,$FF74
17	879D	RunPokerCardSelectionFrame	Tail jump from $17:$87AF		P		$8237,$87B2,$87D1,$8DC4,$8E30,$FF74
17	87B2	UpdatePokerCardSelection	Direct call from $17:$87A6	A,X	A,P,X	$29,$34	
17	87D1	ConfirmPokerCardSelection	Direct call from $17:$87A3	A,X	A,P,X	$2F,$2F+X	$8244,$8E52,$8F37
17	87F1	RenderPokerCardsOneThroughFour	Direct call from $17:$8695; Direct call from $17:$86B5		P,Y		$8F0E
17	87F7	RenderPokerHoldMarkers	Direct call from $17:$8698		P,Y		$8F1E
17	87FD	CompareSelectedPokerCardRank	Direct call from $17:$869B	A,X,Y	A,P,X,Y	$29,$2A,$36,$37,$38	$818F,$8C39,$8F8B,$C62D
17	882A	UpdateHighestPokerWager	Direct ROM analysis: Resume after two-byte inline BRK service at $8827	A,X	A,P,X	$36,$37,$38,$62C0+X	$8C39,$92B4,$C62D,$D210
17	88A2	HandlePokerComparisonResult	Direct ROM analysis: Resume after two-byte inline BRK service at $889F	A,X	A,P,X	$62C0+X,$62C3+X	$81C2,$8244,$9242,$9446,$FF74
17	88B3	ResumeMapMusicAfterPokerResult	Direct ROM analysis: Second consecutive BRK service after $88B0		P		
17	88B6	FinishPokerComparisonUi	Direct ROM analysis: Resume after two-byte inline BRK service at $88B3	A,X	A,P,X	$62C0+X,$62C3+X	$81C2,$8244,$9242
17	88DD	AdvancePokerDoubleOrNothingRound	Direct ROM analysis: Resume after two-byte inline BRK service at $88DA		A,P,Y	$82	$86A6,$86BC,$88EA,$8C9D,$8D25,$8D43,$8F64,$8F8B,$9242,$92B4
17	88EA	RunPokerRoundTransition9A	Direct call from $17:$88DD		P		
17	88ED	WaitFortyFiveFrames	Direct ROM analysis: Resume after two-byte inline BRK service at $88EA		P,X		$C90C
17	88F6	RestorePokerRoundAndCheckCursor	Direct ROM analysis: Resume after two-byte inline BRK service at $88F3	A,X	A,P,X	$62C0+X,$62C3+X	$8244,$8F37,$9242,$92B4
17	890A	PromptPokerDoubleOrNothingChoice	Direct call from $17:$869E		A,P	$82	$8141,$819F,$81B2,$8237,$8A3F,$9242,$92B4,$92F6,$C8EC,$FF74
17	8920	RunPokerDoubleOrNothingChoiceFrame	Tail jump from $17:$8931		A,P		$8141,$8237,$C8EC,$FF74
17	8974	CollectPokerWinnings	Direct ROM analysis: Resume after two-byte inline BRK service at $8971	A	A,P	$36,$37,$38,$62C9,$62CA,$62CB	$89A7,$8C04,$8C39,$9446,$C62D
17	89A7	AddToCasinoCoinsCapped	Direct call from $17:$8974; Direct call from $17:$9E08; Pointer $17:$804A (38-entry mixed map-system directory followed by code at $804C)	A	A,P	$62AD,$62AE,$62AF	
17	89EE	OpenPokerWagerPrompt	Direct call from $17:$809F		P		$9242
17	89F4	RunPokerWagerChoiceLoop	Direct ROM analysis: Resume after two-byte inline BRK service at $89F1	A	A,P	$0203,$0207	$8A3F,$92F6,$C8EC,$FF74
17	8A11	WaitForPokerWagerChoiceInput	Tail jump from $17:$8A3C	A	A,P	$0203,$0207	$C8EC,$FF74
17	8A3F	InitializePokerChoiceCursorOam	Direct call from $17:$812B; Direct call from $17:$891D; Direct call from $17:$89F7	A,X	A,P,X	$0200+X	
17	8A53	Bank17_CasinoExitService	Direct ROM analysis: BRK-backed minigame service routine after the OAM template		P		
17	8A56	ExitPokerWagerChoice	Direct ROM analysis: Resume after two-byte inline BRK service at $8A53	A	A,P		$8A69,$C5BF,$C5C5
17	8A69	RestoreFieldDisplayAfterCasino	Direct call from $17:$8A60		P,X		
17	8A6E	RestoreCasinoExitEntitySetup	Direct ROM analysis: Resume after two-byte inline BRK service at $8A6B		P,X		
17	8A73	ReloadFullFontTilesAfterCasino	Direct ROM analysis: Consecutive BRK service after the continuation at $8A6E		P		
17	8A76	RebuildMapTileUsageAfterCasino	Direct ROM analysis: Resume after two-byte inline BRK service at $8A73		P		$C5AF
17	8A7C	ReloadTilesetGraphicsAfterCasino	Direct ROM analysis: Resume after two-byte inline BRK service at $8A79		A,P		
17	8A81	ReloadSpecialMapTileGraphicsAfterCasino	Direct ROM analysis: Resume after two-byte inline BRK service at $8A7E		A,P		
17	8A87	ReloadMapPaletteAfterCasino	Direct ROM analysis: Consecutive BRK service after the continuation at $8A81		P		
17	8A8A	ClearEntityHiddenFlagsAfterCasino	Direct ROM analysis: Resume after two-byte inline BRK service at $8A87	A,X	A,P,X	$7020+X	
17	8AA0	FinishCasinoExitRendering	Direct ROM analysis: Resume after two-byte inline BRK service at $8A9D	A	A,P	$0553,$1F	
17	8AAC	InitializePokerWager	Direct call from $17:$8087	A,X	A,P,X	$04F4,$0551,$0552,$29,$34,$36,$37,$38	$8BCD,$9242,$9266
17	8ABD	ExitPokerWhenNoCoins	Direct ROM analysis: Resume after two-byte inline BRK service at $8ABA		A,P		$81C2,$8A69,$C5BF,$C5C5
17	8AFD	RunPokerWagerInputLoop	Direct ROM analysis: Resume after two-byte inline BRK service at $8AFA; Tail jump from $17:$8B12		P		$8B15,$8B32,$8B3E,$8BA0,$8C04,$8C24,$C62D
17	8B15	ApplyCasinoInputRepeatDelay	Direct call from $17:$8AFD	A	A,P	$14,$9D,$9E	$C8EC
17	8B32	OpenPokerStatisticsOnButtonChord	Direct call from $17:$8B06	A	A,P		$83CD
17	8B3E	AdjustPokerWagerFromInput	Direct call from $17:$8B00	A	A,P	$04F4,$29,$34,$36,$62AD,$62AE,$62AF,$62C6,$62C7,$62C8	$8BCD,$8C04,$8C39,$9266,$C62D
17	8B74	ReturnAfterPokerWagerIncrement	Direct ROM analysis: Resume after two-byte inline BRK service at $8B71		P		
17	8B96	ReturnAtMinimumPokerWager	Direct ROM analysis: Resume after two-byte inline BRK service at $8B93		P		
17	8BA0	ConfirmPokerWager	Direct call from $17:$8B03	A	A,P		
17	8BA9	CommitPokerWagerCounters	Direct ROM analysis: Resume after two-byte inline BRK service at $8BA6	A	A,P	$04F4,$62C6,$62C7,$62C8	$8C04,$8C39,$C62D
17	8BCD	SubtractOneCasinoCoin	Direct call from $17:$8AE7; Direct call from $17:$8B6B; Direct call from $17:$8B97; Direct call from $17:$9F32	A	A,P	$62AD,$62AE,$62AF	
17	8BE7	ConvertCasinoCoinBalance	Direct call from $17:$8C04; Direct call from $17:$9FFC	A,X	A,P,X	$72+X	
17	8BF4	InitializePokerDigitBuffer	Direct ROM analysis: Resume after two-byte inline BRK service at $8BF1	A,X	A,P,X	$02+X	
17	8C04	RenderCasinoCoinBalance	Direct call from $17:$8078; Direct call from $17:$8998; Direct call from $17:$8B09; Direct call from $17:$8BA9	A,X,Y	A,P,X,Y	$00,$01,$0F	$8BE7,$C65A
17	8C24	AdvancePokerWagerDigitAnimation	Direct ROM analysis: Coherent numeric conversion routine called through adjacent code; Direct call from $17:$8B0C	A,X,Y	A,P,X,Y	$00,$01,$02+X,$0F,$29,$72+X	$C65A
17	8C39	ConvertPokerWagerToDigits	Direct call from $17:$80F7; Direct call from $17:$8858; Direct call from $17:$8867; Direct call from $17:$899B; Direct call from $17:$8BAC	A,X	A,P,X	$72+X	
17	8C45	RenderPokerWagerDigits	Direct ROM analysis: Resume after two-byte inline BRK service at $8C42; Tail jump from $17:$8C36	A,X,Y	A,P,X,Y	$00,$01,$0F	$C65A
17	8C56	RenderFiveConvertedDigits	Direct call from $17:$82DF; Direct call from $17:$8427; Direct call from $17:$8476	A,X	A,P,X	$00,$0F	$C65A
17	8C69	RenderAllFivePokerCards	Direct call from $17:$808D		P,Y		$8D1A,$8D1F
17	8C83	RenderAllFivePokerCardBacks	Direct call from $17:$807E		P,Y		$8CD0
17	8C9D	RenderAllFivePokerCardFaces	Direct call from $17:$80AB; Direct call from $17:$8670		P,Y		$8CB7
17	8CB7	RenderPokerCardFaceAtSlot	Direct call from $17:$8C9F; Direct call from $17:$8CA4; Direct call from $17:$8CA9; Direct call from $17:$8CAE; Direct call from $17:$8CB3; Direct call from $17:$8EE4	A,Y	A,P	$04F2	$8CFD
17	8CC3	RenderPokerCardLayoutB	Direct ROM analysis: Resume after two-byte inline BRK service at $8CC0		P		$8CED
17	8CC9	RenderPokerCardLayoutA	Direct ROM analysis: Resume after two-byte inline BRK service at $8CC6		P		$8CDD
17	8CCF	ReturnAfterPokerCardRender	Direct ROM analysis: Resume after two-byte inline BRK service at $8CCC		P		
17	8CD0	RenderPokerCardBackAtSlot	Direct call from $17:$8C85; Direct call from $17:$8C8A; Direct call from $17:$8C8F; Direct call from $17:$8C94; Direct call from $17:$8C99	A,Y	A,P	$04F2	$8CDD
17	8CDC	ReturnAfterPokerCardBackRender	Direct ROM analysis: Resume after two-byte inline BRK service at $8CD9		P		
17	8CDD	BuildPokerCardLayoutA	Direct call from $17:$8CC9; Direct call from $17:$8CD6	A,X	A,P,X	$0480+X,$04E0+X,$04F3	
17	8CED	BuildPokerCardLayoutB	Direct call from $17:$8CC3; Direct call from $17:$8D49	A,X	A,P,X	$0480+X,$04E0+X,$04F3	
17	8CFD	BuildPokerCardLayoutC	Direct call from $17:$8CBD; Direct call from $17:$8D4F	A,X	A,P,X	$0480+X,$04E0+X,$04F3	
17	8D0A	InitializePokerCardLayoutAttributes	Tail jump from $17:$8CEA; Tail jump from $17:$8CFA	A,X	A,P,X	$04E0+X,$04F3	
17	8D1A	DealPokerCardAfterDelay	Direct call from $17:$8C70; Direct call from $17:$8C75; Direct call from $17:$8C7A; Direct call from $17:$8C7F		P,X		$8D43,$8D58,$8F5A,$8F9E,$C90C
17	8D1F	DealAndRenderPokerCard	Direct call from $17:$8C6B		P		$8D43,$8D58,$8F5A,$8F9E
17	8D25	InsertPokerCardGraphicsAndRender	Direct call from $17:$8686; Direct call from $17:$8F31		P		$8D58,$8F9E
17	8D2E	BuildAndRenderPokerCardLayoutB	Direct ROM analysis: Resume after two-byte inline BRK service at $8D2B		P		$8D5D
17	8D34	BuildPokerCardLayoutAndPlaySoundB3	Direct ROM analysis: Resume after two-byte inline BRK service at $8D31		P		$8D67
17	8D3A	RenderPokerCard	Direct ROM analysis: Resume after two-byte inline BRK service at $8D37		P		
17	8D3D	ReturnAfterPokerCardRenderService	Direct ROM analysis: Resume after two-byte inline BRK service at $8D3A		P		
17	8D43	RenderPokerCardBackWithDelay	Direct call from $17:$867B; Direct call from $17:$8D1F; Direct call from $17:$8F25	A,Y	A,P	$04F2	$8CED
17	8D4F	BuildLayoutCAndRenderPokerCard	Direct ROM analysis: Resume after two-byte inline BRK service at $8D4C		P		$8CFD
17	8D55	BuildDefaultPokerUiLayout	Direct ROM analysis: Resume after two-byte inline BRK service at $8D52	A,X	A,P,X	$04B0+X,$04E0+X	
17	8D58	CopyPokerCardCenterColumn	Direct call from $17:$8D28	A,X,Y	A,P,X,Y	$0480+X	
17	8D5D	CopyPokerCardInnerColumns	Direct ROM analysis: Coherent selector routine targeting $8D6E; Direct call from $17:$8D2E	A,X,Y	A,P,X,Y	$0480+X	$8D6E
17	8D67	CopyPokerCardOuterColumns	Direct call from $17:$8D34	A,X,Y	A,P,X,Y	$0480+X	$8D6E
17	8D6E	CopyPokerCardLayoutColumn	Direct call from $17:$8D5F; Direct call from $17:$8D69; Tail jump from $17:$8D5A; Tail jump from $17:$8D64	A,X,Y	A,P,X,Y	$0480+X	
17	8D7F	RunPokerHoldSelection	Direct call from $17:$8093		P		$92C5,$9314
17	8D88	RunPokerHoldSelectionLoop	Direct ROM analysis: Resume after two-byte inline BRK service at $8D85		P		$8237,$8DA0,$8DC4,$8DE5,$8E30,$8EA9,$FF74
17	8D8B	RunPokerHoldSelectionFrame	Tail jump from $17:$8D9D		P		$8237,$8DA0,$8DC4,$8DE5,$8E30,$FF74
17	8DA0	ToggleSelectedPokerCardHold	Direct call from $17:$8D94	A,X	A,P,X	$2F+X,$34	$8E52
17	8DBE	FinishPokerHoldSelection	Direct ROM analysis: Resume after two-byte inline BRK service at $8DBB		A,P		$8244
17	8DC4	ApplyCasinoInputRepeat	Direct call from $17:$87A0; Direct call from $17:$8D91; Direct call from $17:$9CB5; Direct call from $17:$9F24	A,Y	A,P,Y	$14,$34,$35	$C8EC
17	8DE5	HandlePokerHoldDirectionalInput	Direct ROM analysis: Input handler called by bank $17:$8D97; Direct call from $17:$8D97	A,X	A,P,X	$29,$34,$8A	
17	8E30	UpdatePokerHoldCursorOam	Direct call from $17:$879D; Direct call from $17:$8D8B	A,X	A,P,X	$0200,$0203,$0204,$0207	
17	8E52	RenderPokerHoldMarker	Direct call from $17:$87E0; Direct call from $17:$8DB1	A,X	A,P	$00,$01,$2A,$2B,$2C,$2D	$C65A
17	8EA1	SubmitPokerHoldMarkerUpdate	Direct ROM analysis: Resume after two-byte inline BRK service at $8E9E		P		
17	8EA9	InitializePokerHoldSelectionState	Direct ROM analysis: UI initializer called by bank $17:$8D88; Direct call from $17:$8D88	A,X	A,P,X	$0200+X,$29,$2F+X,$34,$35,$8A	
17	8ED6	ReplaceUnheldPokerCards	Direct call from $17:$8099	A,X,Y	A,P,X,Y	$7600+X,$7600+Y	$8CB7,$8F1E,$8F37
17	8F0E	RevealUnheldPokerCards	Direct call from $17:$87F3	A,Y	A,P,Y		$8F1E
17	8F1E	RevealPokerCardAtSlot	Direct call from $17:$87F9; Direct call from $17:$8F15	A,Y	A,P,X,Y		$8D25,$8D43,$8F8B,$C90C
17	8F37	HidePokerSelectionCursor	Direct call from $17:$80A2; Direct call from $17:$817F; Direct call from $17:$87D7; Direct call from $17:$88F9; Direct call from $17:$8ED6	A	A,P	$0200,$0204	
17	8F42	InitializePokerCardLayoutWorkspace	Direct ROM analysis: UI template copier reached from bank $17:$8D55; Tail jump from $17:$8D55	A,X	A,P,X	$04B0+X,$04E0+X	
17	8F5A	DealNextPokerCard	Direct call from $17:$8D22	A,X	A,P,X	$2E	
17	8F64	ShufflePokerDeck	Direct call from $17:$8084; Direct call from $17:$8673	A	A,P	$29,$2E	
17	8F71	SelectPokerShuffleIndex	Direct ROM analysis: Resume after two-byte inline BRK service at $8F6E	A	A,P,X		
17	8F77	SwapPokerDeckCards	Direct ROM analysis: Resume after two-byte inline BRK service at $8F74	A,X,Y	A,P,Y	$29,$7600+X,$7600+Y	
17	8F8B	DecodePokerCardRankAndSuit	Direct call from $17:$84A7; Direct call from $17:$8681; Direct call from $17:$8800; Direct call from $17:$8812; Direct call from $17:$8F2E; Tail jump from $17:$8F61	A,X	A,P,X		
17	8F9E	RenderDecodedPokerCardFace	Direct call from $17:$8D25	A,X,Y	A,P,X,Y	$04B0,$04B0+X,$04B0+Y,$04BD,$04BE,$04BF,$04D8,$04E0+X,$29,$2A,$2B,$2C,$2D	
17	9016	FillPokerCardPaletteAttributes	Tail jump from $17:$905A	A,X	A,P,X	$04E0+X	
17	91AF	InitializePokerDeckAndUiState	Direct call from $17:$8075	A,X	A,P,X	$0480+X,$04F3,$04F4,$0553,$05FC	
17	91D2	BuildRotatedPokerDeck	Direct ROM analysis: Resume after two-byte inline BRK service at $91CF	A,X,Y	A,P,X,Y	$7600+Y	
17	91E7	RenderPokerMainUiLayout	Direct call from $17:$8072	A,X	A,P,X	$0480+X,$04F2,$04F3	
17	91FF	UploadPokerLabelsAndStatisticsLayout	Direct ROM analysis: Resume after two-byte inline BRK service at $91FC	A,X,Y	A,P,X,Y	$2006,$2007	$8286,$92B4,$9346,$C58F,$C5AF
17	9242	RefreshCasinoInterface	Direct call from $17:$808A; Direct call from $17:$8096; Direct call from $17:$80A5; Direct call from $17:$80B6; Direct call from $17:$8118; Direct call from $17:$866D; Direct call from $17:$8692; Direct call from $17:$88B9; Direct call from $17:$88FF; Direct call from $17:$890A; Direct call from $17:$89EE; Direct call from $17:$8AB7; Direct call from $17:$9C94; Direct call from $17:$9D01; Direct call from $17:$9EF1; Direct call from $17:$9EFD; Direct call from $17:$A05E		A,P		
17	9247	ReturnAfterCasinoRefresh	Direct ROM analysis: Resume after two-byte inline BRK service at $9244		P		
17	9266	RenderAllPokerPayoutValues	Direct call from $17:$8AED; Direct call from $17:$8B6E; Direct call from $17:$8B90; Direct call from $17:$8B9A	A,X	A,P,X		$82A9,$C62D
17	92B4	RenderPokerLayoutAt91	Direct call from $17:$80A8; Direct call from $17:$8125; Direct call from $17:$8182; Direct call from $17:$884A; Direct call from $17:$88E0; Direct call from $17:$88FC; Direct call from $17:$890D; Direct call from $17:$923B		A,P		$9331
17	92BC	RenderPokerLayoutAtA1	Direct ROM analysis: Resume after two-byte inline BRK service at $92B9	A	A,P	$04F2	
17	92C4	ReturnAfterPokerLayoutA1	Direct ROM analysis: Resume after two-byte inline BRK service at $92C1		P		
17	92C5	RenderSmallPokerLayoutAt91	Direct call from $17:$8D7F	A,X	A,P,X	$0480+X	$9331
17	92D8	ReturnAfterSmallPokerLayout	Direct ROM analysis: Resume after two-byte inline BRK service at $92D5		P		
17	92F6	RenderPokerChoicePromptLayout	Direct call from $17:$8128; Direct call from $17:$891A; Direct call from $17:$89F4	A,X	A,P,X	$048A+X	$9331
17	9309	ReturnAfterPokerChoicePrompt	Direct ROM analysis: Resume after two-byte inline BRK service at $9306		P		
17	9314	RenderPokerHoldLegendLayout	Direct call from $17:$8D82	A	A,P	$048D,$048E,$048F,$0490	$9331
17	9330	ReturnAfterPokerHoldLegend	Direct ROM analysis: Resume after two-byte inline BRK service at $932D		P		
17	9331	InitializePokerLayoutBuffer	Direct call from $17:$92B6; Direct call from $17:$92C7; Direct call from $17:$92F8; Direct call from $17:$9316; Direct call from $17:$9348	A,X	A,P,X	$0480+X,$04F2,$04F3	
17	9346	RenderPokerStatisticsFrame	Direct ROM analysis: Routine called from bank $17:$923D; Direct call from $17:$923E	A,X	A,P,X	$0481,$0481+X,$049A,$049D,$04B6,$04F3	$9331
17	9371	ReturnAfterPokerStatisticsFrame	Direct ROM analysis: Resume after two-byte inline BRK service at $936E		P		
17	9372	UploadPokerUiGraphics	Direct call from $17:$806F	A,X	A,P,X	$05FC+X,$2006,$2007	$93AA,$93EF,$C58F,$C5AF,$FF74
17	93AA	UploadPokerGraphicsBlock	Direct call from $17:$937A; Direct call from $17:$937F	A,X,Y	A,P,X,Y	$2006,$2007,$29,$2A,$2B	
17	93EF	UploadPokerGraphicsBlockWithZeroRows	Direct call from $17:$9384; Direct call from $17:$9387	A,X,Y	A,P,X,Y	$2006,$2007,$29,$2A,$2B	
17	9446	ResumeMapMusicAfterCasinoWait	Direct ROM analysis: Coherent UI service routine immediately after PPU descriptor table; Direct call from $17:$81EE; Direct call from $17:$88A7; Direct call from $17:$89A1; Direct call from $17:$9D14		P,X		$C90C,$F0C7
17	9451	ReturnAfterPokerUiService	Direct ROM analysis: Resume after two-byte inline BRK service at $944E		P		
17	9BFA	StartFiveSlotCasinoInterface	Pointer $17:$8004 (38-entry mixed map-system directory followed by code at $804C)	A	A,P	$1F	$C5C5
17	9C07	SetUpSlotMachineDisplay	Direct ROM analysis: Resume after three-byte inline BRK service at $9C03		P		$9C35,$9C5F,$9C7E,$A57A,$A599,$A7FE,$A875,$C54E,$C58F,$C596,$C5AF,$C5C5
17	9C2E	ClearCasinoInterfaceRenderingMode	Direct ROM analysis: Resume after two-byte inline BRK service at $9C2B	A	A,P	$1F	
17	9C35	RunFiveSlotCasinoGameLoop	Direct call from $17:$9C22		P		$9C94,$9CFE,$9E76,$9EE6,$9FE4,$9FFC,$A026,$A050,$A33C,$C5BF,$FF74
17	9C44	RunFiveSlotCasinoRoundLoop	Tail jump from $17:$9C5C		P		$9C94,$9CFE,$9E76,$9EE6,$9FE4,$A050,$A33C,$FF74
17	9C5F	InitializeFiveSlotCasinoState	Direct call from $17:$9C1C	A,X	A,P,X	$04FF,$29,$29+X,$2A,$2B,$51+X	$C891
17	9C7E	ResetFiveSlotCasinoDisplayState	Direct call from $17:$9C07	A	A,P	$0505,$0508,$0509,$0553	
17	9C94	ExitFiveSlotCasinoInterface	Direct call from $17:$9C59		P		$9242
17	9C9A	RunCasinoBinaryChoiceLoop	Direct ROM analysis: Resume after two-byte inline BRK service at $9C97	A	A,P,X	$5A	$8DC4,$9CD8,$C8EC,$C90C,$FF74
17	9CD8	RenderCasinoBinaryChoice	Direct call from $17:$9CAF	A,Y	A,P,Y	$1C,$1D,$1E	$C636
17	9CFE	ProcessFiveSlotCasinoRound	Direct call from $17:$9C50		A,P		$9242,$9D41,$9DD0,$9FE4
17	9D11	ShowFiveSlotCasinoRoundResult	Direct ROM analysis: Resume after two-byte inline BRK service at $9D0E		P		$9446,$9D23,$9DE6
17	9D20	RunCasinoRoundCompletionService	Direct ROM analysis: Resume after two-byte inline BRK service at $9D1D		P		
17	9D23	PlayCasinoPayoutJingle	Direct call from $17:$9D11	A	A,P		
17	9D32	ReturnAfterCasinoResult2E	Direct ROM analysis: Resume after two-byte inline BRK service at $9D2F		P		
17	9D3C	ReturnAfterCasinoResult2F	Direct ROM analysis: Resume after two-byte inline BRK service at $9D39		P		
17	9D3D	PlayHighCasinoPayoutJingle	Direct ROM analysis: Second BRK service selected by the branch at $9D27		P		
17	9D40	ReturnAfterCasinoResult30	Direct ROM analysis: Resume after two-byte inline BRK service at $9D3D		P		
17	9D41	InitializeFiveCasinoResultMarkers	Direct ROM analysis: Map UI scan routine adjacent to the service-return stub; Direct call from $17:$9D08	Y	A,P,Y	$01	$9FC6
17	9D56	LoadCasinoSymbolPatternPointer	Direct ROM analysis: Map UI routine called directly from $9D70; Direct call from $17:$9D70; Direct call from $17:$9D8C	A,Y	A,P,Y	$1C,$1D,$5B	
17	9D70	RenderCasinoSymbolPattern	Direct call from $17:$9E28	A,Y	A,P,Y	$1E,$82	$9D56,$C636
17	9DA9	AdvanceCasinoSymbolAnimation	Direct call from $17:$9E1C; Direct call from $17:$9F9D	A	A,P	$83	$9DB8,$9DC0
17	9DB8	RenderCasinoSymbolPhaseStart	Direct call from $17:$9DA9	A,X,Y	A,P,X,Y	$0200+X,$0201+X,$0202+X,$0203+X,$1E,$82	$9D56,$9FC6,$C636
17	9DC0	RenderCasinoSymbolPhaseHalf	Direct call from $17:$9DAC	A,Y	A,P,Y	$1E,$82	$9D56,$C636
17	9DD0	SumCasinoLinePayoutValues	Direct call from $17:$9D0B	Y	A,P,Y	$FD,$FE,$FF	$9E33
17	9DE6	AwardFiveSlotCasinoPayouts	Direct ROM analysis: Map UI update routine adjacent to verified code; Direct call from $17:$9D17	A,Y	A,P,X,Y	$34,$36,$37,$38,$59,$81,$83	$89A7,$9D70,$9E33,$9FFC,$A022
17	9E16	AnimateCasinoPayoutCredit	Direct ROM analysis: Resume after two-byte inline BRK service at $9E13	A,Y	A,P,X,Y	$36,$59,$81,$83	$89A7,$9D70,$9DA9,$9E33,$9E68,$9F52,$9FFC,$A022,$FF74
17	9E33	LoadCasinoSymbolPayoutValue	Direct call from $17:$9DDD; Direct call from $17:$9DF5	A,X	A,P,X	$32,$33,$FD,$FE	
17	9E68	DecrementCasinoPayoutRemainder	Direct ROM analysis: Arithmetic helper called by map UI update routine; Direct call from $17:$9E19	A	A,P	$32,$33	
17	9E76	GenerateFiveSlotCasinoResults	Direct call from $17:$9C4D	A,X,Y	A,P,X,Y	$04FA+Y,$60,$7B+X,$7E+X,$81+X	$9EB8,$A38D
17	9EB8	EvaluateCasinoResultLine	Direct call from $17:$9EA8	A,X,Y	A,P,X		
17	9EE6	RequireCasinoCoinsForFiveSlotGame	Direct call from $17:$9C47	A	A,P		$9242
17	9EF7	ExitFiveSlotCasinoWhenNoCoins	Direct ROM analysis: Resume after two-byte inline BRK service at $9EF4		A,P		$81C2
17	9F03	CollectFiveSlotCasinoWager	Direct ROM analysis: Resume after two-byte inline BRK service at $9F00	A	A,P,X	$36	$8BCD,$8DC4,$C8EC,$C90C
17	9F38	AnimateCasinoCoinInsertion	Direct ROM analysis: Resume after two-byte inline BRK service at $9F35	A,X	A,P,X,Y	$36	$8BCD,$8DC4,$9F58,$9FC5,$9FFC,$A022,$C90C
17	9F4F	WaitForCasinoWagerNmi	Direct ROM analysis: Resume after two-byte inline BRK service at $9F4C		P		
17	9F52	AnimateCasinoPayoutSpritesUp	Direct ROM analysis: Map UI sprite routine called directly from $9E16; Direct call from $17:$9E16	A,X,Y	A,P,X,Y	$00,$01,$0200+X,$0200+Y,$0201+X	$9DA9,$A58F,$FF74
17	9F58	AnimateCasinoWagerSpritesDown	Direct ROM analysis: Alternate signed-direction entry for the sprite movement routine; Direct call from $17:$9F3E	A,X,Y	A,P,X,Y	$00,$01,$0200+X,$0200+Y,$0201+X	$9DA9,$A58F,$FF74
17	9FC5	InitializePreviousCasinoResultMarker	Direct ROM analysis: Alternate entry decrements the object index before the OAM writer; Direct call from $17:$9F43	A,X,Y	A,P,X,Y	$0200+X,$0201+X,$0202+X,$0203+X	
17	9FC6	InitializeCasinoResultMarker	Direct call from $17:$9D4A; Direct call from $17:$9DA0	A,X,Y	A,P,X	$0200+X,$0201+X,$0202+X,$0203+X	
17	9FCE	WriteCasinoResultMarkerOam	Direct call from $17:$9FEA	A,X,Y	A,P	$0200+X,$0201+X,$0202+X,$0203+X	
17	9FE4	InitializeFiveCasinoResultMarkerSprites	Direct call from $17:$9C3B; Direct call from $17:$9C53; Direct call from $17:$9CFE	X,Y	A,P,X,Y		$9FCE
17	9FFC	BuildCasinoCoinDigitSprites	Direct call from $17:$9C35; Direct call from $17:$9E0D; Direct call from $17:$9F38	A,X	A,P,X	$01,$04F3+X,$04F4+X	$8BE7
17	A022	RenderCasinoCoinSpritesAtOamZero	Direct ROM analysis: Map UI setup helper called directly from $9E11; Direct call from $17:$9E10; Direct call from $17:$9F3B	A,X,Y	A,P,X,Y	$0200+Y,$0201+Y,$0202+Y,$0203+Y	
17	A026	RenderCasinoCoinSpritesAtOamD0	Direct call from $17:$9C38	A,X,Y	A,P,X,Y	$0200+Y,$0201+Y,$0202+Y,$0203+Y	
17	A050	WaitForCasinoConfirmRelease	Direct call from $17:$9C4A	A,X	A,P,X,Y	$03,$2C,$2D,$2E,$2F+X,$35,$37	$9242,$A0F3,$A1B9,$A1FF,$A206,$A226,$A261,$C8EC,$FF74
17	A05E	OpenFiveSlotCasinoPrompt	Direct ROM analysis: Verified fallthrough map UI service sequence		P		$9242
17	A064	RunFiveSlotCasinoSpinLoop	Direct ROM analysis: Resume after two-byte inline BRK service at $A061	A,X	A,P,X,Y	$03,$2C,$2D,$2E,$2F+X,$35,$37	$A0F3,$A1B9,$A1FF,$A206,$A226,$A261,$C8EC,$FF74
17	A099	HandleCasinoReelStopInput	Direct ROM analysis: Verified fallthrough path when fixed status byte is zero	A,X	A,P,X,Y	$03,$2C,$2D,$2E,$2F+X,$35,$37	$A0F3,$A1B9,$A1FF,$A206,$A261,$C8EC,$FF74
17	A0B9	ToggleCasinoSpinInputPhase	Direct ROM analysis: Resume after two-byte inline BRK service at $A0B6	A,X	A,P,X,Y	$03,$2C,$2D,$2E,$2F+X,$35,$37	$A0F3,$A1B9,$A1FF,$A206,$A261,$C8EC,$FF74
17	A0F3	AdvanceStoppingCasinoReels	Direct call from $17:$A091	A,X,Y	A,P,X,Y	$00,$0D+X,$2C+X,$2F+X,$32+X	$A15B,$A34F
17	A143	RestoreCasinoReelIndex	Direct ROM analysis: Resume after two-byte inline BRK service at $A140	A,X,Y	A,P,X,Y	$00,$0D+X,$2C+X,$2F+X,$32+X	$A15B,$A34F
17	A15B	SelectCasinoReelDecelerationDelay	Direct call from $17:$A11F	A,X,Y	A,P,Y	$2F+X,$5D+X	$C891
17	A160	SelectCasinoReelDelayByIndex	Direct ROM analysis: Verified fallthrough path from $A15B	A,X,Y	A,P,Y	$2F+X,$5D+X	$C891
17	A1B9	InitializeCasinoReelStopDelay	Direct call from $17:$A0AE; Direct call from $17:$A214	A,X,Y	A,P,Y	$32+X	$C891
17	A1BE	InitializeCasinoReelDelayByIndex	Direct ROM analysis: Verified fallthrough path from $A1B9	A,X,Y	A,P,Y	$32+X	$C891
17	A1FF	DecrementCasinoAutoStopTimer	Direct call from $17:$A081		P	$5B,$5C	
17	A206	AutoStopNextCasinoReel	Direct call from $17:$A084	A,X	A,P,X	$2F+X,$35,$5B,$5C	$A1B9
17	A226	InitializeCasinoReelState	Direct call from $17:$A064	A,Y	A,P,Y	$000A+Y,$002F+Y,$03,$04FA+Y,$04FF,$2C,$2D,$2E,$35,$37,$38,$5B,$5C	
17	A254	InitializeFastCasinoAutoStopTimer	Direct ROM analysis: Verified branch path in map UI initialization	A	A,P	$5B,$5C	
17	A261	AdvanceCasinoReel	Direct call from $17:$A071; Direct call from $17:$A076; Direct call from $17:$A07B	A,X,Y	A,P,X,Y	$00,$01,$02,$0200+X,$0201+X,$0202+X,$0203+X,$0204+X,$0205+X,$0206+X,$0207+X,$0A+X,$0D+X,$29+X,$2F+X	$A315,$A34F,$A38D
17	A2B4	ReturnAfterCasinoReelCompletion	Direct ROM analysis: Resume after two-byte inline BRK service at $A2B1		P		
17	A2BB	FinishCasinoReelStep	Tail jump from $17:$A2B4		P		
17	A315	MoveCasinoReelSpritesDown	Direct call from $17:$A271	A,X	A,P,X	$00,$0200+X	
17	A33C	RenderAllCasinoReels	Direct call from $17:$9C3E; Direct call from $17:$9C44	A,X,Y	A,P,X,Y	$00,$01,$0200+Y,$0201+Y,$0202+Y,$0203+Y,$0204+Y,$0205+Y,$0206+Y,$0207+Y,$0208+Y,$0209+Y,$020A+Y,$020B+Y,$020C+Y,$020D+Y,$020E+Y,$020F+Y	$A34F,$A38D,$A516
17	A34F	RenderCasinoReelColumn	Direct call from $17:$A13D; Direct call from $17:$A2AE; Direct call from $17:$A343; Direct call from $17:$A34A	A,X,Y	A,P,X,Y	$01,$0200+Y,$0201+Y,$0202+Y,$0203+Y,$0204+Y,$0205+Y,$0206+Y,$0207+Y,$0208+Y,$0209+Y,$020A+Y,$020B+Y,$020C+Y,$020D+Y,$020E+Y,$020F+Y	$A516
17	A38D	LoadCasinoReelPatternConfiguration	Direct call from $17:$9E76; Direct call from $17:$A2E6; Direct call from $17:$A33C	A,X,Y	A,P,X,Y	$51,$52,$53+X	
17	A516	RenderCasinoSymbolSpriteGroup	Direct call from $17:$A35F; Direct call from $17:$A374; Tail jump from $17:$A38A	A,X,Y	A,P,X	$0200+Y,$0201+Y,$0202+Y,$0203+Y,$0204+Y,$0205+Y,$0206+Y,$0207+Y,$0208+Y,$0209+Y,$020A+Y,$020B+Y,$020C+Y,$020D+Y,$020E+Y,$020F+Y	
17	A57A	InitializeCasinoReelOamRegions	Direct call from $17:$9C19; Tail jump from $17:$9FC2	A,Y	A,P,Y	$0200+Y	$A58F
17	A58F	FillCasinoOamGroupY	Direct call from $17:$A588	A,Y	P,Y	$0200+Y	
17	A599	UploadFiveSlotCasinoNametable	Direct call from $17:$9C16	A,X,Y	A,P,X,Y	$03,$04,$05,$2006,$2007	$A62E
17	A62E	WriteRleMapTilePattern	Direct call from $17:$A5A9; Direct call from $17:$A5D2; Direct call from $17:$A5D6; Direct call from $17:$A5DA	A,Y	A,P,Y	$00,$01,$02,$2007	
17	A7FE	UploadFiveSlotCasinoGraphics	Direct call from $17:$9C13	A,X,Y	A,P,X,Y	$00,$01,$2006,$2007	
17	A875	LoadFiveSlotCasinoPpuSetup	Direct call from $17:$9C0D	A,X	A,P,X	$05FC+X	
18	995A	InitializeBattleActionLists	Pointer $18:$8004 (35-entry mixed bank directory; known data targets are excluded)	A,X,Y	A,P,X,Y	$6D8C+X,$7B	$9997
18	9982	BuildBattleActionsForCurrentSlot	Pointer $18:$8006 (35-entry mixed bank directory; known data targets are excluded)	A,X,Y	A,P,X,Y	$00,$02,$6D8C+X,$6DC2+X,$7B	$99BD,$99DE,$99F9
18	9991	BuildDefaultBattleActionList	Pointer $18:$8008 (35-entry mixed bank directory; known data targets are excluded)	A,X,Y	A,P,X,Y	$00,$02,$6D8C+X,$6DC2+X,$7B	$99BD,$99F9
18	9997	BuildBattleActionList	Direct call from $18:$997A	A,X,Y	A,P,X,Y	$00,$02,$6D8C+X,$6DC2+X	$99BD,$99F9
18	99BD	ResolveMonsterBattleActionSource	Direct call from $18:$9997	A,X,Y	A,P,Y		
18	99DE	SelectPartyBattleActionId	Direct call from $18:$998E		P		
18	99F9	DecodeMonsterBattleActionRecordPreserveState	Direct call from $18:$999C; Pointer $18:$8022 (35-entry mixed bank directory; known data targets are excluded)	A	A,P	$756B,$86,$87,$8A,$8B,$8C	$9A21
18	9A21	DecodeMonsterBattleActionRecord	Direct call from $18:$9A0E	A,X,Y	A,P,X,Y	$756B+X,$7571+X,$8A,$8B	$9A72,$9B94
18	9A72	AccumulateMonsterBattleActionWeight	Direct call from $18:$9A55	A,X,Y	A,P,X,Y	$756B+X,$7571+X,$8C	
18	9AC1	LoadMonsterAttackPower	Pointer $18:$8020 (35-entry mixed bank directory; known data targets are excluded)	A,X,Y	A,P,Y	$0C,$0D	$9B94
18	9AD6	LoadMonsterMaximumHp	Pointer $18:$801E (35-entry mixed bank directory; known data targets are excluded)	A,X,Y	A,P,X,Y	$02,$03	$9B94,$9BCC
18	9AF7	BuildMonsterResistanceRecords	Pointer $18:$8024 (35-entry mixed bank directory; known data targets are excluded)	A,X,Y	A,P,X,Y	$754B+X,$81	$9B3F,$9BCC
18	9B3F	PackMonsterResistanceRecord	Direct call from $18:$9B37	A,X,Y	A,P,X,Y	$754B+X,$754C+X,$754D+X,$754E+X	$9B94
18	9B94	SelectMonsterRecordPointer	Direct call from $18:$9A32; Direct call from $18:$9AC4; Direct call from $18:$9AE5; Direct call from $18:$9B3F	A,X	A,P,X	$00+X,$01+X	$C827
18	9B96	SelectMonsterRecordPointerAtX	Direct call from $18:$9BBB	A,X	A,P	$00+X,$01+X	$C827
18	9BB3	LoadMonsterRecordField	Pointer $18:$8026 (35-entry mixed bank directory; known data targets are excluded)	A,X,Y	A,P,X,Y	$7364,$79	$9B96
18	9BCC	SelectBattleSlotMonsterRecord	Direct call from $18:$9AD8; Direct call from $18:$9B07	A,X	A,P	$86,$87	
18	9BE6	TryInitializeRandomEncounter	Pointer $18:$8000 (35-entry mixed bank directory; known data targets are excluded)	A,X	A,P,X	$7396	$9C19,$9C88,$9CB2,$9CCC,$9CE8,$9CF6,$9D45,$9D58,$9D6B,$9D9C,$9DBB,$9DDE,$9E0D,$9FB8,$A069,$A0BA,$A0F9,$A20E,$C891
18	9C19	SelectWorldEncounterZone	Direct call from $18:$9C04	A,X,Y	A,P,X,Y	$00,$01,$06,$07,$0B,$0E	$C81D,$C827
18	9C88	SelectBattleFormationRecord	Direct call from $18:$9F95	A,X,Y	A,P,X,Y	$00,$01,$07,$0B,$0E	$C81D,$C827
18	9CB2	ComputeTerrainEncounterRate	Direct call from $18:$9C0A	A,X	A,P,X	$0E,$0F	$A231,$C827
18	9CCC	ComputeEncounterWeightOffset	Direct call from $18:$9C07; Direct call from $18:$9F98	A,X	A,P,X	$0F,$6E42	
18	9CE8	ScaleEncounterRateByFourteen	Direct call from $18:$9F9D; Tail jump from $18:$9CC9	A	A,P,X	$0E,$0F	$C827
18	9CF6	RollRandomEncounterThreshold	Direct call from $18:$9C10; Direct call from $18:$9FAF	A	A,P	$0E,$6BEB	$C891
18	9D45	SelectFormationWeightTableOffset	Direct call from $18:$9D2D	A	A,P,X	$0E,$0F	
18	9D58	LoadFormationControlByte	Direct call from $18:$9D30	A,Y	A,P,Y	$00,$01,$6E01	
18	9D6B	InitializeFormationAvailabilityMasks	Direct call from $18:$9D33	A	A,P	$82,$83,$D2,$D3	$A231
18	9D9C	MaskUnavailableFormationEntries	Direct call from $18:$9D36; Direct call from $18:$9F51	A,X,Y	A,P,X,Y	$82+X,$D2+X	$A257
18	9DBB	SumAvailableFormationWeights	Direct call from $18:$9D39; Direct call from $18:$9F54	A,X,Y	A,P,X,Y	$04,$05,$82+X	
18	9DDE	SelectWeightedFormationEntry	Direct call from $18:$9D3C; Direct call from $18:$9F57	A,X,Y	A,P,X,Y	$D2,$D3,$D4	$C891
18	9E0D	ExpandSelectedBattleFormation	Direct call from $18:$9D3F	A,X,Y	A,P,X,Y	$08,$0A,$0D,$0E,$6E00,$6E45,$6E46,$6E47+Y,$6E49,$6E49+X,$6E4A,$6E4B+Y,$CD,$CE	$9F34,$A262,$C81D,$C827,$C891
18	9F34	SelectWeightedMonsterId	Direct call from $18:$9EBE; Direct call from $18:$9EE4; Direct call from $18:$9F67	A,Y	A,P	$D2,$D3	$9D9C,$9DBB,$9DDE,$A231
18	9FB8	ApplyMap33EncounterSuppression	Direct call from $18:$9F8F	A,X,Y	A,P,X,Y	$6E05	
18	A069	LoadMapEncounterRecord	Direct call from $18:$9F92	A,X,Y	A,P,X,Y	$0E,$0F,$6E06,$6E07,$6E08	
18	A0BA	ApplyRepelEffect	Direct call from $18:$9C0D	A,X,Y	A,P,X,Y	$0E,$0F,$6E41	$C827
18	A0F9	ClearBattleFormationState	Direct call from $18:$9BF3	A	A,P	$0E,$0F,$6E45,$6E46,$6E47,$6E48,$6E49,$6E4A,$6E4B,$6E4C	
18	A123	PresentEncounterAndInitializeBattle	Direct call from $18:$A207	A,X	A,P,X		
18	A1AD	LoadBattleFormationById	Pointer $18:$8002 (35-entry mixed bank directory; known data targets are excluded)	A,Y	A,P,X,Y	$04,$05,$6E44,$6E45+Y	$A123,$C827
18	A20E	SelectEncounterPresentationVariant	Direct call from $18:$A120	A,X	A,P,X,Y	$04	
18	A231	CompareBattleTimeToNightThreshold	Direct call from $18:$9CBC; Direct call from $18:$9D70; Direct call from $18:$9F42	A	A,P		
18	A257	BuildLowBitsClearMask	Direct call from $18:$9DA5	A,X	A,P,X		
18	A262	SelectChapterEncounterThresholdRow	Direct call from $18:$9F08; Direct call from $18:$9F16	A,Y	A,P,Y		
18	A813	RunMonsterArenaRound	Pointer $18:$8028 (35-entry mixed bank directory; known data targets are excluded)	A	A,P	$6E82	
18	A840	SelectMonsterArenaCombatants	Direct call from $18:$A821	A,X,Y	A,P,X,Y	$0F,$2E,$6E35+Y,$6E45+Y	$A8B6,$A8C8,$ABB8
18	A8B6	ComputeEightByteBattleRecordOffset	Direct call from $18:$A873; Direct call from $18:$A893	A	A,P	$29,$2A	
18	A8C8	AddBaseToBattleRecordPointer	Direct call from $18:$A87C; Direct call from $18:$A89A	A,X,Y	A,P	$29,$2A	
18	A8D4	SelectMonsterArenaWinner	Direct call from $18:$A824	A	A,P	$07B5,$07B6	$A906,$AD90
18	A906	RandomizeMonsterArenaStrengths	Direct call from $18:$A8D4	A,X,Y	A,P,X,Y	$30	
18	A98A	BuildMonsterArenaPayoutPresentation	Direct call from $18:$A82E	A,X,Y	A,P,X,Y	$02	
18	AA06	ResolveMonsterArenaWager	Direct call from $18:$A834		P		$AA0D,$AA52
18	AA0D	ValidateMonsterArenaResult	Direct call from $18:$AA06	A	A,P		
18	AA52	SettleMonsterArenaWager	Direct call from $18:$AA09	A	A,P	$6E83,$6E84,$6E85	$AAE0,$AB42
18	AAB9	AddArenaWagerToCasinoCoins	Direct call from $18:$AA3A; Direct call from $18:$AAB0; Direct call from $18:$AB7E; Direct call from $18:$AC1A	A	A,P	$36,$37,$38	
18	AACC	ShowArenaWinningsAndFanfare	Direct call from $18:$AAB3; Direct call from $18:$AB81		P		
18	AAE0	ComputeMonsterArenaPayout	Direct call from $18:$AA7F; Pointer $18:$8032 (35-entry mixed bank directory; known data targets are excluded)	A,X,Y	A,P,X,Y	$00,$01,$02	
18	AB42	AwardMonsterArenaPayout	Direct call from $18:$AA91	A	A,P	$FD,$FE,$FF	
18	AB8D	InitializeMonsterArenaDisplay	Direct call from $18:$A831		P		
18	ABA3	RunMonsterArenaBattleService	Direct ROM analysis: Dormant BRK $14,$1F path skipped by the invariant nonzero fixed-bank byte loaded from $C000 at $AB9E		P		
18	ABB8	SelectUniqueMonsterArenaOpponent	Direct call from $18:$A85E		A,P,Y		
18	ABD8	TestRecentMonsterArenaOpponent	Direct call from $18:$ABBF	A,X	P,X		
18	ABE6	RefreshMonsterArenaOpponentDisplay	Direct call from $18:$AA45; Direct call from $18:$AA62; Direct call from $18:$AA9A		P		
18	ABEB	StartMonsterArenaWagerSelection	Direct call from $18:$A829		A,P		$AC1F
18	AC1A	CommitMonsterArenaWagerSelection	Tail jump from $18:$AC6F		P		$AAB9
18	AC1F	TestCasinoCoinBalanceNonzero	Direct call from $18:$ABF0		A,P		
18	AC32	IncrementMonsterArenaWager	Direct call from $18:$AC0D	A	A,P	$6E82,$6E83	$AC44,$ACBF
18	AC44	RunMonsterArenaWagerLoop	Direct call from $18:$AC38; Tail jump from $18:$AC50		P		$AC53,$AC72,$ACD9,$AD49
18	AC53	HandleMonsterArenaConfirmCancel	Direct call from $18:$AC4D	A	A,P	$6E83	$AAB9
18	AC72	AdjustMonsterArenaWager	Direct call from $18:$AC4A	A	A,P	$34,$62AD,$62AE,$62AF,$6E82	$ACBF
18	ACBF	SubtractOneCasinoCoinForArena	Direct call from $18:$AC35; Direct call from $18:$AC99	A	A,P	$62AD,$62AE,$62AF	
18	ACD9	RenderMonsterArenaCoinAndWagerValues	Direct call from $18:$AC07; Direct call from $18:$AC44		P		$ACE3,$AD1C,$C62D
18	ACE3	RenderMonsterArenaCoinBalance	Direct call from $18:$AAD0; Direct call from $18:$ACD9	A,X	A,P,X	$72+X	
18	AD1C	RenderMonsterArenaWager	Direct call from $18:$ACDC	A	A,P	$72,$73,$74	
18	AD49	ApplyMonsterArenaInputRepeat	Direct call from $18:$AC47	A,Y	A,P,Y	$14,$33,$34	$C8EC
18	AD6A	ResetMonsterArenaRoundState	Direct call from $18:$A81E	A	A,P,X	$29,$30,$6E49,$6E4A,$6E4B,$6E4C,$6E82,$6E83,$6E84,$6E85	
18	AD90	InitializeMonsterArenaCombatantCounts	Direct call from $18:$A8D7	A	A,P	$6E49,$6E4A,$6E4B,$6E4C	
18	AE4F	RunBattlePresentationAnimation	Pointer $18:$8016 (35-entry mixed bank directory; known data targets are excluded)	A	A,P	$0506,$1F	$AEA7,$B1A5,$B226,$C543,$FF74
18	AEA7	RunBattleAnimationCommandStreams	Direct call from $18:$AE64	A,Y	A,P,Y	$00,$01,$02,$03,$04,$DA,$DB,$DC,$DD,$DE,$DF,$E0,$E1	$AFB9,$AFC9,$AFD8,$B120,$C62D
18	AED3	ProcessBattleAnimationCommand	Tail jump from $18:$AFAB	A,Y	A,P,Y	$00,$01,$02,$03,$04,$DA,$DB	$AFB9,$AFC9,$AFD8,$C62D
18	AFB9	DecodeMirroredBattleAnimationCommand	Direct call from $18:$AF47; Direct call from $18:$AF6D	A,Y	A,P	$02,$04	
18	AFC9	DecodeSignedBattleAnimationOffset	Direct call from $18:$AEFC; Direct call from $18:$AF06; Direct call from $18:$AF51; Direct call from $18:$AF70	A	A,P,X		
18	AFD8	QueueBattleAnimationRegion	Direct call from $18:$AEEC; Direct call from $18:$AF44; Direct call from $18:$AF6A; Direct call from $18:$AFA7	A,X	A,P,X	$03,$0300+X,$0301+X,$0302+X,$0303+X,$04,$05,$050A,$050B,$06,$07,$08,$09	$B0FA
18	B0FA	AppendBattleAnimationPpuFill	Direct call from $18:$B0B5; Tail jump from $18:$B0E2	A,X	A,P,X	$03,$0300+X,$0301+X,$0302+X,$0303+X,$050A,$050B	
18	B120	InitializeBattleAnimationNametableOrigin	Direct call from $18:$AEC9	A	A,P	$00,$01,$E7,$E8,$E9	$C662
18	B149	QueueBattleAnimationMaskTile	Direct call from $18:$B1B8; Direct call from $18:$B1C2; Direct call from $18:$B1F2	A,Y	A,P,Y	$02,$03,$04	$C62D,$C65A
18	B1A5	RunBattleAnimationScreenWipe	Direct call from $18:$AE6A	A,Y	A,P,X,Y	$00,$01,$DA,$DB	$B149,$C62D
18	B226	BlinkBattleAnimationNametable	Direct call from $18:$AE50; Pointer $18:$800A (35-entry mixed bank directory; known data targets are excluded)	A,X	A,P,X	$0506	$C90C
18	B798	LoadFullFontTiles	Pointer $18:$8010 (35-entry mixed bank directory; known data targets are excluded)	A,X,Y	A,P,X,Y	$00,$16,$17,$2006,$2007	$B7D8,$C5AF,$C888
18	B79E	LoadUppercaseBattleFontTiles	Pointer $18:$8018 (35-entry mixed bank directory; known data targets are excluded)	A,X,Y	A,P,X,Y	$00,$16,$17,$2006,$2007	$B7D8,$C5AF,$C888
18	B7D8	WriteBlankFontBitplane	Direct call from $18:$B7BB; Direct call from $18:$B7BE; Direct call from $18:$B7CE	A,X	A,P,X	$2007	
18	B7E7	QueueBattleFontTileBlock	Pointer $18:$8012 (35-entry mixed bank directory; known data targets are excluded)	A,Y	A,P,X,Y	$0300,$0301,$0302,$050B,$16	$B81C,$C62D
18	B81C	AppendBattleFontTileRow	Direct call from $18:$B7FC; Direct call from $18:$B7FF; Direct call from $18:$B802; Direct call from $18:$B805	A,X,Y	A,P,X,Y	$0303+X	
18	BE7D	IncrementAudioStateInterruptStub	Pointer $18:$8036 (35-entry mixed bank directory; known data targets are excluded)		P	$E1C0	
19	8014	ResetApuChannelsService	Direct ROM scan: JMP to fixed trampoline $C01C; Pointer $19:$8004 (Ten-entry audio service directory with entries for APU reset, track control, completion, audio settings, waiting, and map music)		P		
19	8017	StartAudioTrackService	Direct ROM scan: JMP to fixed trampoline $C01F; Direct call from $19:$8030; Pointer $19:$8006 (Ten-entry audio service directory with entries for APU reset, track control, completion, audio settings, waiting, and map music)		P		
19	801A	SetAudioCompletionFlagsService	Direct ROM scan: JMP to fixed trampoline $C022; Pointer $19:$8008 (Ten-entry audio service directory with entries for APU reset, track control, completion, audio settings, waiting, and map music)		P		
19	801D	StartAudioTrackWithCompletionFlagsService	Direct ROM scan: JMP to fixed trampoline $C025; Pointer $19:$800A (Ten-entry audio service directory with entries for APU reset, track control, completion, audio settings, waiting, and map music)		P		
19	8020	SetAudioGlobalSettingService	Direct ROM scan: JMP to fixed trampoline $C028; Pointer $19:$800C (Ten-entry audio service directory with entries for APU reset, track control, completion, audio settings, waiting, and map music)		P		
19	8023	WaitForAudioCompletionService	Direct ROM scan: JMP to fixed trampoline $C02B; Pointer $19:$800E (Ten-entry audio service directory with entries for APU reset, track control, completion, audio settings, waiting, and map music)		P		
19	8026	PlayCurrentMapMusic	Pointer $19:$8012 (Ten-entry audio service directory with entries for APU reset, track control, completion, audio settings, waiting, and map music)	A	A,P	$6E,$6E0A	$8017,$803B
19	803B	SelectMapMusicTrack	Direct call from $19:$802D; Pointer $19:$8010 (Ten-entry audio service directory with entries for APU reset, track control, completion, audio settings, waiting, and map music)	A,X	A,P,X		
19	8050	ResolveMapMusicAfterFieldCheck	Direct ROM analysis: Resume after three-byte inline BRK service at $804C	A,X	A,P,X		
19	806F	ResolveFinalChapterMapMusic	Direct ROM analysis: Resume after three-byte inline BRK service at $806B	A,X	A,P,X		
19	80CC	ResolveChapterConditionMapMusic	Direct ROM analysis: Resume after three-byte inline BRK service at $80C8	X	A,P		
19	80F5	ResolveStoryFlagMapMusic	Direct ROM analysis: Resume after three-byte inline BRK service at $80F1		A,P		
1B	8020	ScanMapOverlayAndRunTransition	Pointer $1B:$8000 (Sixteen-entry mixed event-service directory and text overlay)	A,X,Y	A,P,Y	$0515,$44,$45,$63,$64	$8097,$C5C5
1B	8097	FindEntityInMapOverlayRecords	Direct call from $1B:$8022; Direct call from $1B:$8029	A,X,Y	A,P,X		
1B	80BA	TestMapOverlayRestrictedLocation	Pointer $1B:$8004 (Sixteen-entry mixed event-service directory and text overlay)	A	A,P		
1B	80E0	BuildCurrentMapOverlayRecords	Pointer $1B:$8002 (Sixteen-entry mixed event-service directory and text overlay)	A	A,P		$810D
1B	810D	CollectCurrentMapOverlayRecords	Direct call from $1B:$80E0	A	A,P,X,Y	$51,$52	$814F,$815D,$8207
1B	8127	AdvanceMapOverlayRecordPointer	Tail jump from $1B:$814C	A	A,P,Y	$51,$52	$814F,$815D,$8207
1B	814F	CopyMapOverlayCoordinatePair	Direct call from $1B:$8137; Direct call from $1B:$8144	A,X,Y	A,P,X,Y	$05A0+X	
1B	815D	CopyMapOverlayPayload	Direct call from $1B:$813C; Direct call from $1B:$8149	A,X,Y	A,P,X,Y	$059E+X,$059F+X,$05A0+X	$81CB,$81ED,$81FA
1B	81C8	HaltOnMapOverlayBufferOverflow	Tail jump from $1B:$81C8		P		
1B	81CB	ResolveOverlayMapVariant	Direct call from $1B:$816A; Direct call from $1B:$8218	A	A,P		
1B	81ED	ResolveOverlayTileVariant	Direct call from $1B:$8174	A	A,P		
1B	81FA	ResolveOverlaySubmapVariant	Direct call from $1B:$8180	A	P		
1B	8207	MatchMapSubmapOverlayRecord	Direct call from $1B:$811B; Direct call from $1B:$8122	A,X,Y	A,P,Y	$05A0+X	$81CB
1B	8712	RunMapGraphicsAnimationAndFinalize	Pointer $1B:$8006 (Sixteen-entry mixed event-service directory and text overlay)		P		$8719
1B	8719	RunMapGraphicsAnimationLoop	Direct call from $1B:$8712		P		$8728,$87AE,$87C0,$87E9
1B	871C	RunMapGraphicsAnimationPhaseLoop	Tail jump from $1B:$8725		P		$8728,$87AE,$87C0
1B	8728	RenderMapGraphicsAnimationFrame	Direct call from $1B:$871F	A,X	A,P,X		$873D,$877E
1B	873D	AnimateFourMapGraphicsPoints	Direct call from $1B:$872B		A,P	$053E,$053F,$0540,$0541	$8774
1B	8774	RenderMapGraphicsPoint	Direct call from $1B:$8740; Direct call from $1B:$874F; Direct call from $1B:$875B; Direct call from $1B:$876A		P,X,Y		
1B	877E	CopyAnimatedMapGraphicsSlices	Direct call from $1B:$8728	A,X,Y	A,P,X,Y	$7600+Y	
1B	87AE	AdvanceMapGraphicsAnimationPhase	Direct call from $1B:$8722	A	A,P	$56,$57	
1B	87C0	QueueFourMapGraphicsBlocks	Direct call from $1B:$871C	A	A,P	$55	$87D3,$8853,$887D,$C62D
1B	87C4	QueueMapGraphicsBlockLoop	Tail jump from $1B:$87D0		P		$87D3,$8853,$887D,$C62D
1B	87D3	AdvanceMapGraphicsSourcePage	Direct call from $1B:$87CD	A	A,P	$53,$54,$55	
1B	87E9	InitializeMapGraphicsAnimationWorkspace	Direct call from $1B:$8719	A,X,Y	A,P,X,Y	$53,$54,$56,$57,$7700+X,$7701+X,$7710+Y	
1B	8853	SelectMapGraphicsPpuAddress	Direct call from $1B:$87C4	A,X	A,P,X	$51,$52,$6F40+X,$6F41+X	
1B	887D	AppendMapGraphicsPpuBlock	Direct call from $1B:$87C7	A,X,Y	A,P,X,Y	$0300+X,$050A,$050B	
1B	88AC	UploadCurrentMapGraphicsPage	Pointer $1B:$8008 (Sixteen-entry mixed event-service directory and text overlay)	A,X,Y	A,P,X,Y	$00,$01,$2006,$2007,$6F40+Y,$6F41+Y	
1B	9135	RunMapSpriteMotionAnimation	Pointer $1B:$800C (Sixteen-entry mixed event-service directory and text overlay)		P		$91A8,$9227,$924B,$9292,$92B3,$FF74
1B	917E	AdvanceMapSpriteMotionFrame	Direct call from $1B:$914E; Direct call from $1B:$9154	A	A,P		$918E,$924B,$93BF
1B	918E	MoveMapSpriteViewportUpLeft	Direct call from $1B:$9184	A	A,P	$0505,$0508,$0509	
1B	91A8	RunMapSpriteJitterPhase	Direct call from $1B:$9144	A	A,P	$52	$91C3,$91E6,$9209,$9323,$932D,$FF74
1B	91C3	ApplyRandomHorizontalSpriteJitter	Direct call from $1B:$91AE	A	A,P	$0508,$53	$C891
1B	91E6	MoveTwelveSpritesHorizontally	Direct call from $1B:$91B1	A,X,Y	A,P,X,Y	$0203+X,$54	
1B	9209	UpdateMapSpriteAnimationTiming	Direct call from $1B:$91AB	A,Y	A,P,X,Y		$9227,$9241,$924B,$C90C
1B	9227	MoveTwelveSpritesVertically	Direct call from $1B:$913B; Direct call from $1B:$9209	A,X	A,P,X	$0200+X	
1B	9241	SubtractMapAnimationScrollDelta	Direct call from $1B:$920C	A	A,P	$0509	
1B	924B	QueueMapAnimationBlankRows	Direct call from $1B:$913E; Direct call from $1B:$9187; Direct call from $1B:$920F	A,X	A,P,X	$00,$01,$0300,$0301,$0302,$0303+X,$0323,$0324,$0325,$0326+X,$050B	$C626,$C662
1B	9292	InitializeMapAnimationOamRange	Direct call from $1B:$9138	A,X	A,P,X	$0200+X,$0202+X,$0509,$51,$52	
1B	92B3	UploadMapAnimationSpriteGraphics	Direct call from $1B:$9135	A	A,P	$060F,$0610,$0611,$49,$4A,$4B,$4C,$55	$92E5,$C5B9
1B	92E5	UploadNextMapAnimationGraphicsBlock	Direct call from $1B:$92C9	A,Y	A,P,Y	$0300,$0301,$0302,$0303+Y,$050B,$49,$4A,$4B,$4C	$C62D
1B	9323	InitializeMapAnimationFrameZero	Direct call from $1B:$91A8	A	A,P	$56	$9331
1B	932D	InitializeMapAnimationFrameTwo	Direct call from $1B:$91B4	A,X	A,P,X	$56,$57,$58	$947E,$C90C,$FF74
1B	9331	UpdateMapAnimationFrame	Direct call from $1B:$9327	A,X	A,P,X	$57,$58	$947E,$C90C,$FF74
1B	93BF	UpdateMapAnimationLatePhase	Direct call from $1B:$918A	A,X,Y	A,P,X,Y	$0200+X,$0203+X,$57,$58,$59,$5A	$9449,$947E
1B	9430	SelectMapAnimationLayoutFromPhase	Tail jump from $1B:$9427	A,X	A,P,X	$0200+X,$0203+X,$57,$58	$947E
1B	9432	BuildOffsetMapAnimationFrame	Tail jump from $1B:$942D	A,X	A,P,X	$0200+X,$0203+X,$57,$58	$947E
1B	9449	OffsetTwelveAnimationSprites	Direct call from $1B:$93ED	A,X	A,P,X	$0200+X,$0203+X	
1B	947E	BuildMapAnimationSpriteLayout	Direct call from $1B:$934E; Direct call from $1B:$93EA; Direct call from $1B:$9446	A,X,Y	A,P,X,Y	$0230,$0230+Y,$0231,$0233,$0233+Y,$0234,$0234+Y,$0235,$0237,$0237+Y,$0238,$0238+Y,$0239,$023B,$023B+Y,$023C,$023C+Y,$023D,$023F,$023F+Y,$0240+Y,$0243+Y,$55,$56	$94AA,$94EB,$956D,$9586,$959F,$95B9
1B	94AA	BuildTwentySpriteAnimationRow	Direct call from $1B:$949E; Direct call from $1B:$94A1; Direct call from $1B:$94A4; Direct call from $1B:$94A7	A,Y	A,P	$0230+Y,$0233+Y,$0234+Y,$0237+Y,$0238+Y,$023B+Y,$023C+Y,$023F+Y,$0240+Y,$0243+Y,$55	$94EB
1B	94EB	CopyAnimationLayoutSprite	Direct call from $1B:$94D4; Direct call from $1B:$94D7; Direct call from $1B:$94DA; Direct call from $1B:$94DD; Direct call from $1B:$94E0	A,X,Y	A,P,X,Y	$0230+Y,$0231+Y	
1B	956D	BuildWideAnimationSpriteRow	Direct call from $1B:$9567; Direct call from $1B:$956A	A	A,P	$55,$56	$959F
1B	9586	BuildCompactAnimationSpriteRow	Direct call from $1B:$9580; Direct call from $1B:$9583	A	A,P	$55,$56	$959F
1B	959F	WriteAnimationSpriteOam	Direct call from $1B:$958C; Direct call from $1B:$958F; Direct call from $1B:$9592; Direct call from $1B:$9595	A,X,Y	A,P,X,Y	$0200+Y,$0201+Y,$0203+Y,$56	
1B	95B9	HideMapAnimationOamRange	Direct call from $1B:$94FF	A,X	A,P,X	$0200+X	
1B	9E8F	BeginScriptedGraphicsReveal	Pointer $1B:$800A (Sixteen-entry mixed event-service directory and text overlay)		P		
1B	9E97	RunScriptedGraphicsReveal	Pointer $1B:$800E (Sixteen-entry mixed event-service directory and text overlay)		P,X		$C90C
1B	9ED0	RotateRevealPaletteForFortyFrames	Direct call from $1B:$9EB4	A,X	A,P,X	$0300,$0301,$0302,$0303,$0304,$0305,$050B,$0603,$0604,$0605,$1F	$FF74
1B	9F16	QueueRevealGraphicsBlock	Direct call from $1B:$9EA2	A,X,Y	A,P,X,Y	$0300+X,$0301+X,$0302+X,$050A,$050B,$49,$4A	$9F51
1B	9F51	InitializeRevealPpuRows	Direct call from $1B:$9F1A	A,X	A,P,X	$0300+X,$0301+X,$0302+X,$0303+X,$0304+X,$0305+X,$0306+X,$0307+X,$0308+X,$0309+X,$050A,$050B	
1B	9F91	InitializeGraphicsRevealTransfer	Direct call from $1B:$9E9F	A,X	A,P,X	$49,$4A,$51,$52,$53,$54,$55	$9FB3,$C662
1B	9FB3	SetGraphicsRevealOrigin	Direct call from $1B:$9F9F	A	A,P	$00,$01	
1B	A0FE	RunRasterWaveMapTransition	Pointer $1B:$8012 (Sixteen-entry mixed event-service directory and text overlay)		P		
1B	A11D	RunExpandingRasterWaveTransition	Direct call from $1B:$A101		P		$A137,$A29E,$A2D3
1B	A127	RunContractingRasterWaveTransition	Direct call from $1B:$A119		P		$A168,$A203,$A2D3,$C592,$C5A8
1B	A137	AnimateExpandingRasterWave	Direct call from $1B:$A123	A	A,P	$51,$52,$53	$A194,$A2D9,$A2E9,$A32D,$A380
1B	A168	AnimateContractingRasterWave	Direct call from $1B:$A133	A	A,P	$51,$52,$53	$A194,$A2D9,$A2E9,$A320,$A3C8
1B	A188	AdvanceContractingRasterWaveCycle	Tail jump from $1B:$A191	A	A,P	$51,$52,$53	$A194,$A2D9,$A2E9,$A320,$A3C8
1B	A194	RenderRasterScrollTable	Direct call from $1B:$A13D; Direct call from $1B:$A16E	A,X,Y	A,P,X,Y	$2000,$2005,$56,$58	
1B	A203	BuildContractingWaveScrollTable	Direct call from $1B:$A130	A,X,Y	A,P,X,Y	$51,$52,$53,$54,$55,$7700+Y,$7701+Y	
1B	A29E	InitializeRasterWaveScrollTable	Direct call from $1B:$A120	A,X	A,P,X	$51,$52,$53,$54,$55,$7700+X,$7782+X	
1B	A2D3	ResetOamAndWaitForRasterFrame	Direct call from $1B:$A11D; Direct call from $1B:$A12D		P		$C543
1B	A2D9	LatchRasterWavePpuUpdate	Direct call from $1B:$A13A; Direct call from $1B:$A16B	A	A,P	$1F	$FF74
1B	A2E9	RotateRasterWaveTables	Direct call from $1B:$A140; Direct call from $1B:$A171	A,X	A,P,X	$55,$7700,$7700+X,$7701,$7782,$7782+X	
1B	A320	SelectContractingWaveAmplitude	Direct call from $1B:$A168	A,X,Y	A,P,X,Y	$0300+X,$050B,$57	
1B	A32D	QueueRasterWavePpuCommand	Direct call from $1B:$A137	A,X,Y	A,P,X,Y	$0300+X,$050B,$57	
1B	A33B	BuildRasterWavePpuCommand	Tail jump from $1B:$A32A	A,X,Y	A,P,X,Y	$0300+X,$050B,$57	
1B	A380	ApplyForwardRasterWaveOffsets	Direct call from $1B:$A147	A,X,Y	A,P,X,Y	$59,$7700+Y,$7701+Y,$7782+Y	
1B	A3B0	ToggleRasterWaveNametableOnWrap	Direct call from $1B:$A3E9	A,Y	A,P,Y	$7782+Y	
1B	A3C8	ApplyReverseRasterWaveOffsets	Direct call from $1B:$A178	A,X,Y	A,P,X,Y	$59,$7700+Y,$7701+Y	$A3B0
1B	A498	ClearTransitionNametablesAndOam	Direct call from $1B:$A113	A,X,Y	A,P,X,Y	$0400+X,$2006,$2007	$A4DD,$C00A,$C5AF
1B	A4D7	RestoreDisplayAfterRasterTransition	Direct ROM scan: JSR to fixed trampoline $C00A		P		$C00A
1B	A4DD	FillNametableAttributeTableAA	Direct call from $1B:$A4C2; Direct call from $1B:$A4CA	A,X	A,P,X	$2006,$2007	
1B	A4EF	RunChapterTitlePresentation	Pointer $1B:$8016 (Sixteen-entry mixed event-service directory and text overlay)	A	A,P	$1F	
1B	A530	RunChapterTitleOpeningSequence	Direct call from $1B:$A506	A	A,P,X	$0505,$1F	$A580,$C54E,$C58F,$C5AF,$C5BF,$C5C5,$C90C,$F3FB
1B	A580	WriteChapterTitlePpuStreamOffset	Direct call from $1B:$A537; Direct call from $1B:$A53C; Direct call from $1B:$A552	A,X,Y	A,P,X,Y	$00,$01,$02,$03,$04,$2006,$2007	$A588
1B	A588	WriteChapterTitlePpuStream	Direct call from $1B:$A581; Direct call from $1B:$A7A1; Direct call from $1B:$A7A6; Tail jump from $1B:$A7AF	A,X,Y	A,P,X,Y	$00,$01,$02,$03,$04,$2006,$2007	
1B	A58C	WriteChapterTitlePpuStreamWithOffset	Tail jump from $1B:$A585	A,X,Y	A,P,X,Y	$00,$01,$02,$03,$04,$2006,$2007	
1B	A6F0	FillNametableAttributes55	Direct call from $1B:$A739	A,X	A,P,X	$2006,$2007	
1B	A706	InitializeChapterTitlePalette	Direct call from $1B:$A500	A,X	A,P,X	$05FC+X	
1B	A71C	BlankPaletteToBlack	Direct call from $1B:$A4FA; Direct call from $1B:$A50B; Direct call from $1B:$A527; Pointer $1B:$8018 (Sixteen-entry mixed event-service directory and text overlay)	A,X	A,P,X	$05FC+X	$C5B9
1B	A72C	ShowChapterTitleWithoutMusicWait	Pointer $1B:$801A (Sixteen-entry mixed event-service directory and text overlay)	A	A,P,X	$0F	$A6F0,$A75B,$A77B,$C58F,$C5C5,$C8E1,$D218,$FF74
1B	A730	ShowChapterTitleWithMusicWait	Direct call from $1B:$ABF0	A	A,P,X	$0F	$A6F0,$A75B,$A77B,$C58F,$C5C5,$C8E1,$D218,$FF74
1B	A75B	InstallChapterTitlePalette	Direct call from $1B:$A73C	A,X	A,P,X	$05FC+X,$0600	
1B	A77B	BuildChapterTitleNametable	Direct call from $1B:$A734	A,X,Y	A,P,X,Y	$00,$01,$02,$03,$04,$0505,$0506,$0508,$0509,$2006,$2007	$A588,$C54E,$C5AF,$C5C5,$F3FB
1B	A7B2	EnterChapterTitleInteraction	Direct call from $1B:$A50E	A	A,P,X	$05FD,$0D,$0E,$0F,$1F,$58	$A816,$A82B,$A85A,$A8A8,$A9F0,$AF67,$C03A,$C54E,$C592,$C5A8,$C5AF,$C8EC,$F3FB,$FECD,$FF10,$FF74
1B	A7BE	RunChapterTitleInteractionLoop	Direct ROM scan: JSR to fixed trampoline $C03A	A	A,P,X	$05FD,$0D,$0E,$0F,$1F,$58	$A816,$A82B,$A85A,$A8A8,$A9F0,$C03A,$C592,$C5A8,$C5AF,$C8EC,$F3FB,$FECD,$FF10,$FF74
1B	A816	HandleChapterTitleMusicTransition	Direct call from $1B:$A7F3	A,X	A,P,X	$58	$A85A
1B	A82B	FadeOutChapterTitlePalette	Direct call from $1B:$A809	A	A,P,X	$16	$A83D,$A85A,$C5DE,$FF10
1B	A83D	AdvanceChapterTitlePaletteFade	Direct call from $1B:$A834; Direct call from $1B:$A837; Direct call from $1B:$A83A	A	A,P	$16	$C5DE,$FF10
1B	A85A	InstallChapterTitlePpuTemplateAndWait	Direct call from $1B:$A7D4; Direct call from $1B:$A827; Direct call from $1B:$A82D		P		$A860
1B	A860	InstallChapterTitlePpuTemplate	Direct call from $1B:$A85A; Direct call from $1B:$AA20	A,X,Y	A,P,X,Y	$05FC+Y,$060B	
1B	A8A8	BuildChapterTitleScreenBuffers	Direct call from $1B:$A7C9	A,X	A,P,X,Y	$00,$01,$03,$04	$A8D8,$A91E,$A969,$A9A2,$A9B1
1B	A8D8	UploadChapterTitlePatternTiles	Direct call from $1B:$A8D4	A,X	A,P,X	$00,$2006	$A902
1B	A902	UploadChapterTitlePatternRow	Direct call from $1B:$A8EB; Direct call from $1B:$A8F3	A,X,Y	A,P,X,Y	$2007	
1B	A91E	FillChapterTitleNametableRuns	Direct call from $1B:$A8CE	A,X,Y	A,P,X,Y	$02,$03,$78C0+Y	
1B	A969	AppendChapterTitleTileRun	Direct call from $1B:$A8BD; Direct call from $1B:$A8C4; Direct call from $1B:$A8CB	A,X,Y	A,P,X,Y	($00),Y,$00,$01,$02	
1B	A9A2	ClearChapterTitleNametableBuffers	Direct call from $1B:$A8A8	A,Y	A,P,Y	$7800+Y,$7900+Y	
1B	A9B1	UploadChapterTitleNametableBuffers	Direct call from $1B:$A8D1	A,X,Y	A,P,X,Y	$2006,$2007	$A9E9
1B	A9E9	WriteRepeatedPpuByte	Direct call from $1B:$A9E2	A,X	P,X	$2007	
1B	A9F0	AdvanceChapterTitleGraphicAnimation	Direct call from $1B:$A7ED	A,X,Y	A,P,X,Y	$00,$01,$02,$03,$0300+X,$0300+Y,$0301+Y,$0302+Y,$0303+X,$04,$05,$050B,$06,$0D,$0E,$0F	$A860
1B	AAF9	DispatchChapterCompletionCheck	Pointer $1B:$801C (Sixteen-entry mixed event-service directory and text overlay)	A,X	A,P,X	$00,$01	
1B	AB0D	CheckChapterOneCompletion	Pointer $1B:$AC5B (Five-entry chapter event handler table selected by doubled SaveCurrentChapterMinus1 and dispatched at $AAFA-$AB0A)	A	A,P		
1B	AB39	CheckChapterTwoCompletion	Pointer $1B:$AC5D (Five-entry chapter event handler table selected by doubled SaveCurrentChapterMinus1 and dispatched at $AAFA-$AB0A)	A	A,P		
1B	AB52	CheckChapterThreeCompletion	Pointer $1B:$AC5F (Five-entry chapter event handler table selected by doubled SaveCurrentChapterMinus1 and dispatched at $AAFA-$AB0A)	A	A,P	$3D	
1B	AB75	CheckChapterFourCompletion	Pointer $1B:$AC61 (Five-entry chapter event handler table selected by doubled SaveCurrentChapterMinus1 and dispatched at $AAFA-$AB0A)		P		
1B	ABA6	CheckGameEndingTrigger	Pointer $1B:$AC63 (Five-entry chapter event handler table selected by doubled SaveCurrentChapterMinus1 and dispatched at $AAFA-$AB0A)		P		
1B	AC43	PromptChapterEndSaveYesNo	Direct call from $1B:$AC2F; Direct call from $1B:$AC3C	A	A,P	$6BDE	
1B	ACA0	HaltAfterEnding	Direct ROM scan: JSR to fixed trampoline $C031		P		$C031
1B	ACB5	AdvanceScriptedMapEventFrames	Direct call from $1B:$AC85	A,X	A,P,X		$ACC5,$C9ED
1B	ACC5	ResetScriptedMapEventObjects	Direct call from $1B:$ACB9	A	A,P	$0530,$0531,$0532,$0533,$6BE7,$6BE8,$6BE9,$6BEA	
1B	ACEA	PrepareScriptedMapEventScene	Direct call from $1B:$AC82	A	A,P	$62ED	
1B	AD25	ContinuePreparingScriptedMapEventScene	Direct ROM analysis: Live continuation of PrepareScriptedMapEventScene after BRK $2A,$EB,$40; the apparent RTI at $AD39 is the inline $40 operand byte at $AD39	A	A,P	$060A,$3C	$C5BF
1B	AD3A	FinishPreparingScriptedMapEventScene	Direct ROM analysis: Live continuation after BRK $2A,$EB,$40 at $AD36; runs the following BRK-backed event preparation and returns at $AD48	A	A,P	$060A	$C5BF
1B	AD49	BeginScriptedMapEventPresentation	Direct call from $1B:$AC70		P		
1B	AD6B	RunScriptedMapEventPaletteSequence	Direct ROM scan: JSR to fixed trampoline $C037	A,Y	A,P,X,Y	$00,$01,$02,$0505,$0508,$0509,$05FC,$05FC+Y	$ADD4,$ADF5,$C037,$C592,$C5B9,$FECD,$FF74
1B	ADD4	FadeScriptedMapEventPalette	Direct call from $1B:$ADCC	A	A,P	$16	$ADE1,$C5DE,$FF10
1B	ADE1	AdvanceScriptedMapEventPaletteFade	Direct call from $1B:$ADD8; Direct call from $1B:$ADDB; Direct call from $1B:$ADDE	A	A,P	$16	$C5DE,$FF10
1B	ADF5	WaitFixedEngineTicks	Direct call from $1B:$ADB8; Direct call from $1B:$ADC0	A,X	A,P,X		$FF10
1B	AE32	InitializeScriptedMapEventStream	Direct call from $1B:$AC73		P		
1B	AE7A	LoadScriptedMapEventSpriteSlot	Direct call from $1B:$AE65; Direct call from $1B:$AE6A; Direct call from $1B:$AE6F; Direct call from $1B:$AE74		A,P		
1B	AE80	DecodeNextMapEventStreamRecord	Direct call from $1B:$AC7C	A,X,Y	A,P,X,Y	$0530,$0531,$0532,$0533,$41,$44,$45,$51,$52,$62ED,$63,$64,$69,$6A,$6B,$7E00+Y	$AEA5
1B	AEA5	AdvanceMapEventStreamPointer	Direct call from $1B:$AE88; Direct call from $1B:$AE8D; Direct call from $1B:$AE92; Direct call from $1B:$AE97; Direct call from $1B:$AEB1; Direct call from $1B:$AEB6; Direct call from $1B:$AEBB; Direct call from $1B:$AEC2	Y	A,P	$69,$6A	
1B	AF67	InitializeScriptedMapEventRam	Direct call from $1B:$A7BB; Direct call from $1B:$AD63	A,Y	A,P,Y	$77FF+Y	
1B	AFF7	RunDayNightTransitionPresentation	Pointer $1B:$801E (Sixteen-entry mixed event-service directory and text overlay)	A	A,P,X,Y	$62ED	$B05E,$B0F2,$B309,$B32A,$B32E,$B4D6,$C543,$C90C,$D1F3,$FF74
1B	B05E	AnimateDayNightTransitionForward	Direct call from $1B:$B012	A,X	A,P,X	$0503,$0504,$16,$53	$B09A,$B0DC,$B32E,$C543,$C5DE,$FF74
1B	B09A	AdvanceDayNightTransitionPalette	Direct call from $1B:$B091; Direct call from $1B:$B094; Direct call from $1B:$B097	A,X	A,P,X	$0503,$0504,$16	$B0DC,$B32E,$C543,$C5DE,$FF74
1B	B0B0	AnimateDayNightTransitionReverse	Direct ROM analysis: Coherent dormant sibling of the active eight-call loop at $B05E, ending with RTS at $B0DB	A	A,P	$53	$B0E7,$B0EC
1B	B0DC	AdvanceDayNightTransitionForward	Direct call from $1B:$B065; Direct call from $1B:$B068; Direct call from $1B:$B06B; Direct call from $1B:$B06E; Direct call from $1B:$B074; Direct call from $1B:$B077; Direct call from $1B:$B07A; Direct call from $1B:$B07D; Direct call from $1B:$B09A	A,X	A,P,X	$53,$6E8A+X,$6F8A+X,$708A+X,$718A+X,$728A+X,$72BA+X,$73BA+X,$74BA+X	$B112,$B36F
1B	B0E7	AdvanceDayNightTransitionReverse	Direct ROM analysis: Coherent decrementing sibling of $B0DC, ending with JMP $B511 at $B0EF; Direct call from $1B:$B0B7; Direct call from $1B:$B0BA; Direct call from $1B:$B0BD; Direct call from $1B:$B0C0; Direct call from $1B:$B0C6; Direct call from $1B:$B0C9; Direct call from $1B:$B0CC; Direct call from $1B:$B0CF	A,X	A,P,X	$53,$6E8A+X,$6F8A+X,$708A+X,$718A+X,$728A+X,$72BA+X,$73BA+X,$74BA+X	$B112,$B36F
1B	B0EC	RefreshDayNightTransitionBuffers	Direct call from $1B:$B0D8	A,X	A,P,X	$6E8A+X,$6F8A+X,$708A+X,$718A+X,$728A+X,$72BA+X,$73BA+X,$74BA+X	$B112
1B	B0F2	BuildFirstGeneratedPpuReadProgram	Direct call from $1B:$B00C	A	A,P	$4B,$4C,$52	$B13D,$B149,$B158,$B2C8
1B	B112	BuildSecondGeneratedPpuReadProgram	Direct call from $1B:$B0E1; Direct call from $1B:$B0EC	A	A,P,X,Y	$52	$B143,$B164,$B176,$B2C8,$B309,$B319,$B346
1B	B13D	TerminateFirstGeneratedPpuProgram	Direct call from $1B:$B0F2	A,Y	A,P	($49),Y	$B182
1B	B143	TerminateSecondGeneratedPpuProgram	Direct call from $1B:$B119	A,Y	A,P	($49),Y	$B198
1B	B149	AdvanceGeneratedPpuSourceFirstStride	Direct call from $1B:$B0FB	A	A,P	$75BB,$75C0	
1B	B158	PatchFirstGeneratedPpuProgramBoundary	Direct call from $1B:$B0F5	A	A,P	$7A96	
1B	B164	AdvanceGeneratedPpuSourceSecondStride	Direct call from $1B:$B131	A	A,P	$75BB,$75C0	
1B	B176	PatchSecondGeneratedPpuProgramBoundary	Direct call from $1B:$B12B	A	A,P	$7BB9	
1B	B182	EmitFirstGeneratedPpuReadLoop	Direct call from $1B:$B13D	A,X	A,P,X,Y		$B1AE,$B262
1B	B198	EmitSecondGeneratedPpuReadLoop	Direct call from $1B:$B143	X	P,X,Y		$B219,$B293
1B	B1AE	AppendPpuReadStoreBlock	Direct call from $1B:$B184	A,Y	A,P,Y	($49),Y,$49,$4A	
1B	B219	AppendPpuReadSetupBlock	Direct call from $1B:$B19A	A,Y	A,P,Y	($49),Y,$49,$4A	
1B	B262	AppendPpuReadStoreTail	Direct call from $1B:$B191	A,Y	A,P,Y	($49),Y,$49,$4A	
1B	B293	AppendZeroPpuWriteInstruction	Direct call from $1B:$B19F; Direct call from $1B:$B1A7	A,Y	A,P,Y	($49),Y,$49,$4A	
1B	B2C3	AppendRtsToGeneratedPpuProgram	Tail jump from $1B:$B140; Tail jump from $1B:$B146	A,Y	A,P	($49),Y	
1B	B2C8	ExecuteGeneratedPpuTransfer	Direct call from $1B:$B0F8; Direct call from $1B:$B12E	A	A,P,Y	$51	
1B	B2D3	Bank1B_NmiPpuUpdateCallback	Pointer $1B:$B342 (Two-entry NMI callback table selected with X=$00/$02 at $B32A-$B341)	A,X,Y	A,P	$2000,$2005,$2006,$2007,$51	$75BA
1B	B309	InitializeGeneratedPpuCodePointers	Direct call from $1B:$B006; Direct call from $1B:$B116; Direct call from $1B:$B120	A,X,Y	A,P	$49,$4A,$4B,$4C,$51,$52	
1B	B319	SelectGeneratedPpuTransferSource	Direct call from $1B:$B125; Direct call from $1B:$B371	A,X	A,P	$4B,$4C	
1B	B32A	InstallGeneratedPpuNmiCallback	Direct call from $1B:$B009; Tail jump from $1B:$B0AD	A,X	A,P,X	$0503,$0504	$FF74
1B	B32E	RestoreNmiCallbackAfterGeneratedTransfer	Direct call from $1B:$B015; Direct call from $1B:$B09D	A,X	A,P,X	$0503,$0504	$FF74
1B	B346	CopyGeneratedPpuProgramToSource	Direct call from $1B:$B128	X	P,X,Y		$B359
1B	B359	CopyGeneratedPpuProgramByte	Direct call from $1B:$B34A; Direct call from $1B:$B352	A,Y	A,P	($4B),Y,$49,$4A,$4B,$4C	
1B	B36F	GenerateDayNightTileMaskTable	Direct call from $1B:$B0DC; Direct call from $1B:$B0E7	X	P,X		$B319,$B37D
1B	B37D	GenerateDayNightTileMaskGroup	Direct call from $1B:$B376	A	A,P,Y	$4B,$4C	$B38E
1B	B38E	GenerateDayNightTileMaskPair	Direct call from $1B:$B37F	A,Y	A,P,Y	($4B),Y	$B391,$B3E9,$B3F4,$B3FF,$B40C,$B419
1B	B391	ExpandDayNightTileMaskPattern	Direct call from $1B:$B38E	A,Y	A,P,Y	($4B),Y	$B3E9,$B3F4,$B3FF,$B40C,$B419
1B	B3E9	SelectPhaseFourPreviousMaskByte	Direct call from $1B:$B3A0; Direct call from $1B:$B3B2	A,Y	A,P,Y		
1B	B3F4	SelectPhaseEightPreviousMaskByte	Direct call from $1B:$B3A9	A,Y	A,P,Y		
1B	B3FF	SelectPhaseFourPriorPairMaskByte	Direct call from $1B:$B3C8; Direct call from $1B:$B3DE	A,Y	A,P,Y		
1B	B40C	SelectPhaseEightPriorPairMaskByte	Direct call from $1B:$B3D3	A,Y	A,P,Y		
1B	B419	DecodeDayNightPackedMaskByte	Direct call from $1B:$B397; Direct call from $1B:$B3BD	A,Y	A,P		
1B	B4D6	BackupDayNightAnimationWorkspace	Direct call from $1B:$B00F	A,X	A,P,X	$0200+X,$0300+X,$0400+X,$7BCF+X,$7CCF+X,$7DCF+X,$7ECF+X,$7FCF+X	
1B	B511	RestoreDayNightAnimationWorkspace	Tail jump from $1B:$B0E4; Tail jump from $1B:$B0EF	A,X	A,P,X	$6E8A+X,$6F8A+X,$708A+X,$718A+X,$728A+X,$72BA+X,$73BA+X,$74BA+X	
1B	B54C	BeginScrollingMapEventFinale	Direct call from $1B:$AC9D	A	A,P,X	$05FD,$05FF,$1F,$52	$B597,$B5AF,$B5FF,$B626,$B6C6,$C034,$C54E,$C58F,$C5AF,$C5BF,$C5C5,$C90C,$F3FB
1B	B55A	RunScrollingMapEventFinale	Direct ROM scan: JSR to fixed trampoline $C034	A	A,P,X	$05FD,$05FF,$1F,$52	$B597,$B5AF,$B5FF,$B626,$B6C6,$C034,$C58F,$C5BF,$C90C
1B	B57B	RunScrollingFinaleFrameLoop	Tail jump from $1B:$B594	A	A,P,X	$52	$B597,$B5AF,$B626,$B6C6,$C90C
1B	B597	AdvanceFinaleVerticalScroll	Direct call from $1B:$B57B	A	A,P	$0505,$0509	
1B	B5AF	QueueBlankFinaleNametableRow	Direct call from $1B:$B584	A,X	A,P,X	$0300,$0301,$0302,$0302+X,$050A,$050B,$1F,$4B,$4C	
1B	B5FF	InitializeScrollingFinaleState	Direct call from $1B:$B55D	A	A,P,X	$0505,$0508,$0509,$4B,$4C,$52	$B64F
1B	B626	AdvanceFinaleGraphicsStream	Direct call from $1B:$B587	X	A,P,X		$B64F,$C90C
1B	B64F	DecodeNextFinaleGraphicsRun	Direct call from $1B:$B609; Direct call from $1B:$B628	A,X,Y	A,P,X,Y	$0303+X,$0323+X,$06,$07,$08,$09,$0A	
1B	B6C6	QueueFinalePatternUpdate	Direct call from $1B:$B58A	A,X,Y	A,P,X,Y	$0300,$0301,$0302,$0303+Y,$030B+Y,$0313+Y,$031B+Y,$050B,$1F	
1C	96C7	DecodeMapEntityData	Pointer $1C:$8002 (22-entry mixed map and entity service directory)	A	A,P	$00,$64	$96FC
1C	96E7	CopyMapEntityDataPointerToDecoder	Direct call from $1C:$96FC; Direct call from $1C:$97B9	X	P,X	$DA,$DB	
1C	96F0	ReadEntityVariantFlagAndSelectField3	Direct call from $1C:$973D; Direct call from $1C:$975C	A	A,P,Y	$05	$994E
1C	96FC	DecodeMapEntityRecordHeader	Direct call from $1C:$96DE	A,X,Y	A,P,X,Y	$00,$01,$02,$03,$04	$96E7,$96F0,$9798,$994E,$9B71,$9BB0,$9BBA,$9BD9
1C	9798	TestMapEntityRecordTimeVariant	Direct call from $1C:$9712; Direct call from $1C:$971A	A	A,P,Y		$994E,$9BD9
1C	97B3	InitializeMapEntityDecoder	Direct call from $1C:$97CB		P		
1C	97BC	ClearMapEntityGraphicsCache	Direct call from $1C:$986B	A,X	A,P,X	$6E5E+X	
1C	97C7	DecodeMapEntityGraphicsRecords	Pointer $1C:$8004 (22-entry mixed map and entity service directory)	A,Y	A,P,X,Y	$00,$03,$DC	$97B3,$994E,$9A37,$9B71,$9BB0,$9BBA,$9BD9
1C	984A	SelectMapEntityGraphicsVariant	Direct call from $1C:$97B6; Direct call from $1C:$9865		A,P		
1C	985A	InitializeMapEntityRuntimeSlots	Pointer $1C:$8000 (22-entry mixed map and entity service directory)	A,X	A,P,X	$46,$67,$6F60+X,$6F80+X,$6FA0+X,$6FC0+X,$7020+X,$70E0+X,$7140+X	
1C	9890	CacheTilesUnderMapEntities	Pointer $1C:$8006 (22-entry mixed map and entity service directory)	A,X,Y	A,P,X,Y	$7140+X	$D3E6
1C	98B3	ResetAllMapEntitySlots	Pointer $1C:$8012 (22-entry mixed map and entity service directory)	A,X	A,P,X	$46,$6F60+X,$6F80+X,$6FA0+X,$6FC0+X,$7020+X,$70E0+X,$7140+X	
1C	98D8	DecodeMapEntityIntoRuntimeSlot	Direct call from $1C:$9886	A,X,Y	A,P,X,Y	$01,$06,$07,$08	$994E,$995C,$9B71,$9BB0,$9BC4,$9BD9,$9BDF
1C	994E	ReadMapEntityRecordByte	Direct call from $1C:$96F0; Direct call from $1C:$9704; Direct call from $1C:$972D; Direct call from $1C:$9740; Direct call from $1C:$974D; Direct call from $1C:$9766; Direct call from $1C:$976F; Direct call from $1C:$9782; Direct call from $1C:$9792; Direct call from $1C:$979F; Direct call from $1C:$97A8; Direct call from $1C:$97D0; Direct call from $1C:$97D7; Direct call from $1C:$97E3; Direct call from $1C:$97FD; Direct call from $1C:$9822; Direct call from $1C:$9829; Direct call from $1C:$9844; Direct call from $1C:$987A; Direct call from $1C:$988B; Direct call from $1C:$98DA; Direct call from $1C:$9969; Direct call from $1C:$9976; Direct call from $1C:$9991; Direct call from $1C:$999E; Direct call from $1C:$99B5; Direct call from $1C:$99BD; Direct call from $1C:$99D1; Direct call from $1C:$99E4; Direct call from $1C:$99F0; Direct call from $1C:$9A33; Direct call from $1C:$9B49; Direct call from $1C:$9B59; Direct call from $1C:$9B79; Direct call from $1C:$9BC6	A,X	A,P,X	$0E	$C3EA
1C	995C	PopulateMapEntityRuntimeFields	Direct call from $1C:$98FC	A,X,Y	A,P,Y	$0F,$6F60+X,$6F80+X,$6FA0+X,$6FC0+X,$7000+X,$7060+X,$7080+X,$70E0+X,$DC	$994E,$9A2B,$9A37,$9A74,$9B71,$9BB0,$9BC4
1C	9A2B	MergeEntityVariantStateAndReadField2	Direct call from $1C:$9982; Direct call from $1C:$99AB	A,X	A,P,Y	$70E0+X	$994E
1C	9A37	ResolveMapEntityGraphicsSlot	Direct call from $1C:$9836; Direct call from $1C:$99DF	A,X,Y	A,P,Y	$00,$6E5E+Y,$6FE0+X	
1C	9A74	InitializeMapEntityMotionState	Direct call from $1C:$9989; Direct call from $1C:$99B0	A,X,Y	A,P,Y	$00,$00DF+Y,$7040+X	$9AE7,$9AFB
1C	9AE7	SetEntityPackedMotionState	Direct call from $1C:$9A95; Direct call from $1C:$9AC0	A,X	A,P	$7040+X	$9AFB
1C	9AFB	ShiftEntityMotionNibbleLeft	Direct call from $1C:$9A7F; Direct call from $1C:$9AD4; Direct call from $1C:$9AF0	A	A,P		
1C	9B00	LoadCurrentMapEntityDataPointer	Direct call from $1C:$9868	A,Y	A,P,X,Y	$00,$02,$03,$3A,$3B,$67,$DA,$DB,$E0,$E1	$994E,$9B71,$9BB0,$9BBA,$9CC1,$C3EA
1C	9B71	AdvanceMapEntityRecordPointer	Direct call from $1C:$9709; Direct call from $1C:$971F; Direct call from $1C:$9839; Direct call from $1C:$9945; Direct call from $1C:$99FB; Direct call from $1C:$9B4E	A,Y	A,P,Y	$00,$01,$03,$DA,$DB	$994E
1C	9BB0	SkipEntityRecordBlockForFlag10	Direct call from $1C:$970C; Direct call from $1C:$9722; Direct call from $1C:$983C; Direct call from $1C:$9948; Direct call from $1C:$9A01; Direct call from $1C:$9A25; Direct call from $1C:$9B51	A	A,P		$9BC4
1C	9BBA	SkipEntityRecordBlockForFlag08	Direct call from $1C:$970F; Direct call from $1C:$9725; Direct call from $1C:$983F; Direct call from $1C:$9B54; Tail jump from $1C:$994B; Tail jump from $1C:$9A28	A	A,P		$9BC4
1C	9BC4	SkipLengthPrefixedEntityRecordBlock	Direct call from $1C:$9BB6; Direct call from $1C:$9BC0	A	A,P,Y	$DA,$DB	$994E
1C	9BD9	CompareEntityRecordTimeToNightThreshold	Direct call from $1C:$9736; Direct call from $1C:$979A; Direct call from $1C:$97DC; Direct call from $1C:$98DF	A	A,P		
1C	9BDF	ClearMapEntityRuntimeSlot	Direct call from $1C:$98EA; Direct call from $1C:$9907	A,X	A,P	$6FE0+X,$7000+X,$7020+X,$7040+X,$7060+X,$7080+X,$70A0+X,$70C0+X,$70E0+X,$7100+X,$7120+X,$7140+X,$7160+X,$7180+X,$71E0+X	
1C	9BE1	FillMapEntityRuntimeSlot	Direct call from $1C:$9C1F	A,X	P	$6FE0+X,$7000+X,$7020+X,$7040+X,$7060+X,$7080+X,$70A0+X,$70C0+X,$70E0+X,$7100+X,$7120+X,$7140+X,$7160+X,$7180+X,$71E0+X	
1C	9C0F	ResetDynamicMapEntitySlots	Direct call from $1C:$986E	A,X	A,P,X	$6F60+X,$6F80+X,$6FA0+X,$6FC0+X	$9BE1
1C	9C28	TestMapEntitySuppressionFlags	Direct call from $1C:$987F	A,X,Y	A,P,X,Y		
1C	9C6F	ApplySpecialMapEntitySuppression	Direct call from $1C:$9CF7		A,P		
1C	9CC1	LoadSavedMapEntityOverridePointer	Direct call from $1C:$9B00	A,X,Y	A,P,X,Y	$67,$DA,$DB,$DC,$DD	$9C6F
1C	9EA6	ApplyMapEntityPostInitialization	Pointer $1C:$8010 (22-entry mixed map and entity service directory)		A,P		$9EB5,$A010,$AD32
1C	9EB5	ApplyTrackedEntityMapOverrides	Direct call from $1C:$9EAB	A,X,Y	A,P,X,Y	$0534,$054E,$054F,$0598,$6F66+Y,$6F86+Y,$6FA6+Y,$6FC6+Y,$7006+Y,$70E6+Y,$7146+Y	$D3E6
1C	9EBE	SkipDaytimeEntityOverrideRecords	Tail jump from $1C:$9EC9	A,X,Y	A,P,X,Y	$0534,$054E,$054F,$0598,$6F66+Y,$6F86+Y,$6FA6+Y,$6FC6+Y,$7006+Y,$70E6+Y,$7146+Y	$D3E6
1C	A010	DispatchMapSubmapEntityHandler	Direct call from $1C:$9EAE; Runtime and direct call analysis: Runtime-executed map/submap key dispatcher called directly from bank $1C:$9EAE	A,X	A,P,X	$00,$01	
1C	A035	HideMapEntityCoordinates	Direct call from $1C:$A08F; Direct call from $1C:$A0A2; Direct call from $1C:$A0A7; Direct call from $1C:$A0AF; Direct call from $1C:$A0B4; Direct call from $1C:$A0B9; Direct call from $1C:$A0C3; Direct call from $1C:$A0C8; Direct call from $1C:$A0CD; Direct call from $1C:$A0D2; Direct call from $1C:$A0DD; Direct call from $1C:$A0E2; Direct call from $1C:$A0EE; Direct call from $1C:$A0F3; Direct call from $1C:$A107; Direct call from $1C:$A125; Direct call from $1C:$A13B; Direct call from $1C:$A140; Direct call from $1C:$A145; Direct call from $1C:$A157; Direct call from $1C:$A169; Direct call from $1C:$A17B; Direct call from $1C:$A1B6; Direct call from $1C:$A1C8; Direct call from $1C:$A1DF; Direct call from $1C:$A200; Direct call from $1C:$A205; Direct call from $1C:$A234; Direct call from $1C:$A23E; Direct call from $1C:$A243; Direct call from $1C:$A249; Direct call from $1C:$A262; Direct call from $1C:$A268; Direct call from $1C:$A26D; Direct call from $1C:$A272; Direct call from $1C:$A27D; Direct call from $1C:$A282; Direct call from $1C:$A287; Direct call from $1C:$A28C; Direct call from $1C:$A291; Direct call from $1C:$A296; Direct call from $1C:$A2AE; Direct call from $1C:$A2C2; Direct call from $1C:$A2D2; Direct call from $1C:$A2DD; Direct call from $1C:$A2E2; Direct call from $1C:$A2EA; Direct call from $1C:$A31D; Direct call from $1C:$A339; Direct call from $1C:$A34F; Direct call from $1C:$A359; Direct call from $1C:$A35E; Direct call from $1C:$A37C; Direct call from $1C:$A38F; Direct call from $1C:$A394; Direct call from $1C:$A39A; Direct call from $1C:$A39F; Direct call from $1C:$A3A4; Direct call from $1C:$A3B0; Direct call from $1C:$A3B5; Direct call from $1C:$A3CE; Direct call from $1C:$A3EF; Direct call from $1C:$A3FA; Direct call from $1C:$A420; Direct call from $1C:$A425; Direct call from $1C:$A42A; Direct call from $1C:$A432; Direct call from $1C:$A467; Direct call from $1C:$A485; Direct call from $1C:$A491; Direct call from $1C:$A49C; Direct call from $1C:$A4A8; Direct call from $1C:$A4BF; Direct call from $1C:$A4D0; Direct call from $1C:$A4D5; Direct call from $1C:$A4F0; Direct call from $1C:$A4FA; Direct call from $1C:$A505; Direct call from $1C:$A510; Direct call from $1C:$A51A; Direct call from $1C:$A52D; Direct call from $1C:$A545; Direct call from $1C:$A557; Direct call from $1C:$A564; Direct call from $1C:$A5A9; Direct call from $1C:$A5AE; Direct call from $1C:$A5C1; Direct call from $1C:$A5C6; Direct call from $1C:$A5CB; Direct call from $1C:$A621; Direct call from $1C:$A62B; Direct call from $1C:$A63F; Direct call from $1C:$A65F; Direct call from $1C:$A68B; Direct call from $1C:$A690; Direct call from $1C:$A6A1; Direct call from $1C:$A6C1; Direct call from $1C:$A6D2; Direct call from $1C:$A6DA; Direct call from $1C:$A6E4; Direct call from $1C:$A712; Direct call from $1C:$A720; Direct call from $1C:$A725; Direct call from $1C:$A744; Direct call from $1C:$A749; Direct call from $1C:$A75F; Direct call from $1C:$A764; Direct call from $1C:$A769; Direct call from $1C:$A76E; Direct call from $1C:$A773; Direct call from $1C:$A778; Direct call from $1C:$A78F; Direct call from $1C:$A794; Direct call from $1C:$A7C1; Direct call from $1C:$A7CD; Direct call from $1C:$A7F9; Direct call from $1C:$A810; Direct call from $1C:$A83D; Direct call from $1C:$A858; Direct call from $1C:$A85D; Direct call from $1C:$A862; Direct call from $1C:$A867; Direct call from $1C:$A878; Direct call from $1C:$A88A; Direct call from $1C:$A8C3; Direct call from $1C:$A8CF; Direct call from $1C:$A8D4; Direct call from $1C:$A939; Direct call from $1C:$A93E; Direct call from $1C:$A943; Direct call from $1C:$A948; Direct call from $1C:$A953; Direct call from $1C:$A959; Direct call from $1C:$A95E; Direct call from $1C:$A963; Direct call from $1C:$A987; Direct call from $1C:$A993; Direct call from $1C:$A9A8; Direct call from $1C:$A9B8; Direct call from $1C:$A9D4; Direct call from $1C:$A9E0; Direct call from $1C:$A9EA; Direct call from $1C:$A9F5; Direct call from $1C:$A9FA; Direct call from $1C:$AA06; Direct call from $1C:$AA33; Direct call from $1C:$AA38; Direct call from $1C:$AA3D; Direct call from $1C:$AA49; Direct call from $1C:$AA5E; Direct call from $1C:$AA74; Direct call from $1C:$AA79; Direct call from $1C:$AA7E; Direct call from $1C:$AA8A; Direct call from $1C:$AA8F; Direct call from $1C:$AAB0; Direct call from $1C:$AAB5; Direct call from $1C:$AABA; Direct call from $1C:$AAE2; Direct call from $1C:$ABB4; Direct call from $1C:$ABBE; Direct call from $1C:$AD4F; Tail jump from $1C:$A1EA; Tail jump from $1C:$A40C; Tail jump from $1C:$A6A6; Tail jump from $1C:$A734; Tail jump from $1C:$AB4F	A,X	A,P	$6F66+X,$6F86+X,$6FA6+X,$6FC6+X	
1C	A044	CompareMapEntityTimeToNightThreshold	Direct call from $1C:$A099; Direct call from $1C:$A0F7; Direct call from $1C:$A118; Direct call from $1C:$A1D8; Direct call from $1C:$A1E3; Direct call from $1C:$A1F9; Direct call from $1C:$A255; Direct call from $1C:$A2A1; Direct call from $1C:$A2F3; Direct call from $1C:$A32C; Direct call from $1C:$A460; Direct call from $1C:$A4AC; Direct call from $1C:$A4F3; Direct call from $1C:$A513; Direct call from $1C:$A530; Direct call from $1C:$A53E; Direct call from $1C:$A5FC; Direct call from $1C:$A624; Direct call from $1C:$A642; Direct call from $1C:$A658; Direct call from $1C:$A6B5; Direct call from $1C:$A7DC; Direct call from $1C:$A7F2; Direct call from $1C:$A813; Direct call from $1C:$A836; Direct call from $1C:$A871; Direct call from $1C:$A894; Direct call from $1C:$A8D7; Direct call from $1C:$A8F4; Direct call from $1C:$A967; Direct call from $1C:$A980; Direct call from $1C:$A9E3; Direct call from $1C:$AB01	A	A,P		
1C	A04A	SetMapEntityCoordinates	Direct call from $1C:$A06C; Direct call from $1C:$AA67; Direct call from $1C:$AA70; Direct call from $1C:$AAAA; Direct call from $1C:$AAEC; Direct call from $1C:$AAF5; Direct call from $1C:$AB12; Direct call from $1C:$AB42; Direct call from $1C:$ABA0; Direct call from $1C:$ABDA	A,X,Y	A,P	$6F66+X,$6F86+X,$6FA6+X,$6FC6+X	
1C	A058	ApplyFrenorEntityVisibility	Pointer $1C:$AC8A (74-entry map/submap event handler table selected by the key scan at $A010-$A032)	A	A,P,X		$A035,$A0C6
1C	A0C6	HideFrenorEntitiesFourteenThroughSixteen	Direct call analysis: Map-event routine called directly from bank $1C:$A0AA; Direct call from $1C:$A0AA		P,X		$A035
1C	A0D6	ApplyBrancaEndorTunnelEntityVisibility	Pointer $1C:$AC8C (74-entry map/submap event handler table selected by the key scan at $A010-$A032)		P,X		$A035
1C	A0E6	ApplyLochTowerEntityVisibility	Pointer $1C:$AC8E (74-entry map/submap event handler table selected by the key scan at $A010-$A032)		P		
1C	A0F7	ApplySanteemSubmap2EntityVisibility	Pointer $1C:$AC90 (74-entry map/submap event handler table selected by the key scan at $A010-$A032)	A	A,P,X		$A035,$A044
1C	A10B	ApplySanteemEntityVisibility	Pointer $1C:$AC92 (74-entry map/submap event handler table selected by the key scan at $A010-$A032)	A	A,P		
1C	A149	ApplySanteemSubmap1EntityVisibility	Pointer $1C:$AC94 (74-entry map/submap event handler table selected by the key scan at $A010-$A032)		P		
1C	A171	ApplyBurlandSubmap1EntityVisibility	Pointer $1C:$AC96 (74-entry map/submap event handler table selected by the key scan at $A010-$A032)		P		
1C	A1AE	ApplyIzmitSubmap2EntityVisibility	Pointer $1C:$AC98 (74-entry map/submap event handler table selected by the key scan at $A010-$A032)		P		
1C	A1C4	HideIzmitSubmap2EntityTwoBeforeProgress	Guarded flow recovery: Coherent routine block immediately after RTI $A1C3; 4 instructions, returns and merges into existing code		P,X		$A035
1C	A1CC	ApplyBurlandEntityVisibility	Pointer $1C:$AC9A (74-entry map/submap event handler table selected by the key scan at $A010-$A032)		P		
1C	A1E3	ApplyBurlandDayNightEntityVisibility	Guarded flow recovery: Coherent routine block immediately after RTS $A1E2; 6 instructions, jumps and merges into existing code	A,X	A,P,X	$6F66+X,$6F86+X,$6FA6+X,$6FC6+X	$A035,$A044
1C	A1ED	ApplyLakanabaSubmap1EntityVisibility	Pointer $1C:$AC9C (74-entry map/submap event handler table selected by the key scan at $A010-$A032)		P		
1C	A227	ApplySecretPlaygroundSubmap3EntityVisibility	Pointer $1C:$AC9E (74-entry map/submap event handler table selected by the key scan at $A010-$A032)		P		
1C	A24F	ApplyBurlandSubmap3EntityVisibility	Pointer $1C:$ACA0 (74-entry map/submap event handler table selected by the key scan at $A010-$A032)		P		
1C	A25E	ContinueBurlandSubmap3EntityVisibility	Guarded flow recovery: Coherent routine block immediately after RTS $A25D; 3 instructions, merges into existing code		P,X		$A035
1C	A266	ApplyLochTowerSubmap4EntityVisibility	Pointer $1C:$ACA2 (74-entry map/submap event handler table selected by the key scan at $A010-$A032)		P,X		$A035
1C	A29A	ApplyLakanabaEntityVisibility	Pointer $1C:$ACA4 (74-entry map/submap event handler table selected by the key scan at $A010-$A032)		P		
1C	A326	ApplyLakanabaSubmap2EntityVisibility	Pointer $1C:$ACA6 (74-entry map/submap event handler table selected by the key scan at $A010-$A032)		P		
1C	A33D	ApplyIzmitEntityVisibility	Pointer $1C:$ACA8 (74-entry map/submap event handler table selected by the key scan at $A010-$A032)	A,X	A,P,X	$6F66+X,$6F86+X,$6FA6+X,$6FC6+X,$7046+X	$A035
1C	A36E	ApplyFrenorSubmap1EntityVisibility	Pointer $1C:$ACAA (74-entry map/submap event handler table selected by the key scan at $A010-$A032)	A	A,P,X		$A035
1C	A380	ApplyEndorSubmap7EntityVisibility	Pointer $1C:$ACAC (74-entry map/submap event handler table selected by the key scan at $A010-$A032)	A	A,P,X		$A035
1C	A3A8	ApplyBirdsongTowerEntityVisibility	Pointer $1C:$ACAE (74-entry map/submap event handler table selected by the key scan at $A010-$A032)		P		
1C	A3B9	ApplyEndorEntityVisibility	Pointer $1C:$ACB0 (74-entry map/submap event handler table selected by the key scan at $A010-$A032)	A,X	A,P,X	$6F66+X,$6F86+X,$6FA6+X,$6FC6+X,$7046+X	$A035
1C	A40F	ApplyMonbarabaSubmap3EntityVisibility	Pointer $1C:$ACB2 (74-entry map/submap event handler table selected by the key scan at $A010-$A032)		P,X		
1C	A454	ApplyKeeleonEntityVisibility	Pointer $1C:$ACB4 (74-entry map/submap event handler table selected by the key scan at $A010-$A032)		P		
1C	A489	ApplyBonmalmoEntityVisibility	Pointer $1C:$ACB6 (74-entry map/submap event handler table selected by the key scan at $A010-$A032)		P		
1C	A4A0	ApplySphereOfSilenceCaveSubmap3EntityVisibility	Pointer $1C:$ACB8 (74-entry map/submap event handler table selected by the key scan at $A010-$A032)		P		
1C	A4AC	ApplyBonmalmoSubmap1EntityVisibility	Pointer $1C:$ACBA (74-entry map/submap event handler table selected by the key scan at $A010-$A032)		P		$A044
1C	A4E2	ApplyEndorSubmap8EntityVisibility	Pointer $1C:$ACBC (74-entry map/submap event handler table selected by the key scan at $A010-$A032)		P		
1C	A51E	ApplyEndorSubmap11EntityVisibility	Pointer $1C:$ACBE (74-entry map/submap event handler table selected by the key scan at $A010-$A032)	A,X	A,P,X	$6F66+X,$6F86+X,$6FA6+X,$6FC6+X	$A035,$A044
1C	A549	ApplyFoxvilleSubmap1EntityVisibility	Pointer $1C:$ACC0 (74-entry map/submap event handler table selected by the key scan at $A010-$A032)		P		
1C	A55B	ApplySilverStatuetteCaveEntityVisibility	Pointer $1C:$ACC2 (74-entry map/submap event handler table selected by the key scan at $A010-$A032)	A	A,P,X		$A035
1C	A568	ApplySilverStatuetteCaveSubmap4EntityVisibility	Pointer $1C:$ACC4 (74-entry map/submap event handler table selected by the key scan at $A010-$A032)	A,X	A,P,X	$6F66+X,$6F86+X,$6FA6+X,$6FC6+X	
1C	A57F	ApplyEndorSubmap1EntityVisibility	Pointer $1C:$ACC6 (74-entry map/submap event handler table selected by the key scan at $A010-$A032)	A,X	A,P,X	$6F66+X,$6F86+X,$6FA6+X,$6FC6+X	
1C	A5A0	ApplyBrancaEndorTunnelSubmap1EntityVisibility	Pointer $1C:$ACC8 (74-entry map/submap event handler table selected by the key scan at $A010-$A032)	A	A,P,X		$A035
1C	A5B2	ApplyDesertInnEntityVisibility	Pointer $1C:$ACCA (74-entry map/submap event handler table selected by the key scan at $A010-$A032)	A	A,P		
1C	A5CF	ApplyHometownEntityVisibility	Pointer $1C:$ACCC (74-entry map/submap event handler table selected by the key scan at $A010-$A032)	A,X	A,P,X	$6F66+X,$6F86+X,$6FA6+X,$6FC6+X,$7006+X,$7046+X	
1C	A5F6	ApplyKonenberSubmap6EntityVisibility	Pointer $1C:$ACCE (74-entry map/submap event handler table selected by the key scan at $A010-$A032)	A,X	A,P,X	$6F86+X,$6FC6+X,$7006+X	$A044
1C	A683	ApplyHometownSubmap1EntityVisibility	Pointer $1C:$ACD0 (74-entry map/submap event handler table selected by the key scan at $A010-$A032)	A,X	A,P,X	$6F66+X,$6F86+X,$6FA6+X,$6FC6+X	$A035
1C	A6A9	ApplyLighthouseSubmap4EntityVisibility	Pointer $1C:$ACD2 (74-entry map/submap event handler table selected by the key scan at $A010-$A032)		P		
1C	A6B5	ApplyBrancaEntityVisibility	Pointer $1C:$ACD4 (74-entry map/submap event handler table selected by the key scan at $A010-$A032)	X	A,P,X		$A035,$A044
1C	A6CA	ApplyMintosSubmap1EntityVisibility	Pointer $1C:$ACD6 (74-entry map/submap event handler table selected by the key scan at $A010-$A032)		P		
1C	A70E	ContinueMintosSubmap1EntityVisibility	Guarded flow recovery: Coherent routine block immediately after RTI $A70D; 6 instructions, 1 BRK service calls, merges into existing code		P,X		$A035,$A732
1C	A732	HideMintosSubmap1EntityThree	Direct call from $1C:$A715	A,X	A,P,X	$6F66+X,$6F86+X,$6FA6+X,$6FC6+X	
1C	A737	ApplyCaveOfBetrayalSubmap2EntityVisibility	Pointer $1C:$ACD8 (74-entry map/submap event handler table selected by the key scan at $A010-$A032)	A	A,P,X		$A035
1C	A77C	ApplyCaveOfBetrayalSubmap1EntityVisibility	Pointer $1C:$ACDA (74-entry map/submap event handler table selected by the key scan at $A010-$A032)	A	A,P,X		$A035
1C	A798	ApplyLighthouseSubmap2EntityVisibility	Pointer $1C:$ACDC (74-entry map/submap event handler table selected by the key scan at $A010-$A032)		P,X		
1C	A7C5	ApplyPadequiaCaveSubmap1EntityVisibility	Pointer $1C:$ACDE (74-entry map/submap event handler table selected by the key scan at $A010-$A032)		P		
1C	A7D6	ApplyHavilleEntityVisibility	Pointer $1C:$ACE0 (74-entry map/submap event handler table selected by the key scan at $A010-$A032)		P		
1C	A7EC	ApplyHavilleSubmap1NightEntityVisibility	Pointer $1C:$ACE2 (74-entry map/submap event handler table selected by the key scan at $A010-$A032)		P		
1C	A802	ApplyAktemtoEntityVisibility	Pointer $1C:$ACE4 (74-entry map/submap event handler table selected by the key scan at $A010-$A032)		P		
1C	A830	ApplyKievsEntityVisibility	Pointer $1C:$ACE6 (74-entry map/submap event handler table selected by the key scan at $A010-$A032)		P		
1C	A850	ApplyLighthouseEntityVisibility	Pointer $1C:$ACE8 (74-entry map/submap event handler table selected by the key scan at $A010-$A032)		P		
1C	A86B	ApplyKievsSubmap1EntityVisibility	Pointer $1C:$ACEA (74-entry map/submap event handler table selected by the key scan at $A010-$A032)		P		
1C	A87C	ApplyCaveOfBetrayalEntityVisibility	Pointer $1C:$ACEC (74-entry map/submap event handler table selected by the key scan at $A010-$A032)		P		
1C	A88E	ApplyKeeleonSubmap2EntityVisibility	Pointer $1C:$ACEE (74-entry map/submap event handler table selected by the key scan at $A010-$A032)		P		
1C	A8B5	ApplyHouseOfProphecyEntityVisibility	Pointer $1C:$ACF0 (74-entry map/submap event handler table selected by the key scan at $A010-$A032)		P		
1C	A8C7	ApplyMonbarabaEntityVisibility	Pointer $1C:$ACF2 (74-entry map/submap event handler table selected by the key scan at $A010-$A032)		P		
1C	A8FE	ApplyKeeleonSubmap1EntityVisibility	Pointer $1C:$ACF4 (74-entry map/submap event handler table selected by the key scan at $A010-$A032)	A	A,P,X		$A035
1C	A957	HideKeeleonSubmap1EntitiesOneThroughThree	Direct call from $1C:$A914		P,X		$A035
1C	A967	ApplyMonbarabaSubmap1EntityVisibility	Pointer $1C:$ACF6 (74-entry map/submap event handler table selected by the key scan at $A010-$A032)		P,X		$A044
1C	A97A	ApplyBurlandSubmap2EntityVisibility	Pointer $1C:$ACF8 (74-entry map/submap event handler table selected by the key scan at $A010-$A032)		P		
1C	A98B	ApplyGardenburSubmap1EntityVisibility	Pointer $1C:$ACFA (74-entry map/submap event handler table selected by the key scan at $A010-$A032)		P		
1C	A9A0	ApplyGardenburSubmap3EntityVisibility	Pointer $1C:$ACFC (74-entry map/submap event handler table selected by the key scan at $A010-$A032)		P		
1C	A9A4	ContinueGardenburSubmap3EntityVisibility	Guarded flow recovery: Coherent routine block immediately after RTI $A9A3; 4 instructions, merges into existing code	A,X,Y	A,P,X,Y		$A035,$B78E
1C	A9D8	ApplyRosavilleEntityVisibility	Pointer $1C:$ACFE (74-entry map/submap event handler table selected by the key scan at $A010-$A032)		P		
1C	A9FE	ApplyRosavilleSubmap3EntityVisibility	Pointer $1C:$AD00 (74-entry map/submap event handler table selected by the key scan at $A010-$A032)		P		
1C	AA14	ApplyAktemtoMineSubmap6EntityVisibility	Pointer $1C:$AD02 (74-entry map/submap event handler table selected by the key scan at $A010-$A032)		P		
1C	AA41	ApplyAktemtoMineSubmap5EntityVisibility	Pointer $1C:$AD04 (74-entry map/submap event handler table selected by the key scan at $A010-$A032)		P		
1C	AA4D	ApplyBakorsHideoutEntityVisibility	Pointer $1C:$AD06 (74-entry map/submap event handler table selected by the key scan at $A010-$A032)	A	A,P,X		$A035
1C	AA82	ApplyDirePalaceSubmap1EntityVisibility	Pointer $1C:$AD08 (74-entry map/submap event handler table selected by the key scan at $A010-$A032)		P		
1C	AABE	ApplyWorldTreeEntityVisibility	Pointer $1C:$AD0A (74-entry map/submap event handler table selected by the key scan at $A010-$A032)		P		
1C	AAC9	ApplyZenithiaSubmap1EntityVisibility	Pointer $1C:$AD0C (74-entry map/submap event handler table selected by the key scan at $A010-$A032)		P		
1C	AB01	ApplyAneauxEntityVisibility	Pointer $1C:$AD0E (74-entry map/submap event handler table selected by the key scan at $A010-$A032)		P		$A044
1C	AB16	ApplyStanciaSubmap6EntityVisibility	Pointer $1C:$AD10 (74-entry map/submap event handler table selected by the key scan at $A010-$A032)	A,X	A,P,X	$6F66+X,$6F86+X,$6FA6+X,$6FC6+X,$70E6+X	$AD1E
1C	AB37	ApplyRivertonEntityVisibility	Pointer $1C:$AD12 (74-entry map/submap event handler table selected by the key scan at $A010-$A032)	A,X	A,P,X,Y	$6F66+X,$6F86+X,$6FA6+X,$6FC6+X,$7006+X	$A04A
1C	AB52	ApplyAneauxSubmap2EntityVisibility	Pointer $1C:$AD14 (74-entry map/submap event handler table selected by the key scan at $A010-$A032)	A,X	A,P,X	$6F86+X,$6FC6+X	
1C	AB63	ApplyShrineOfColossusOutsideEntityVisibility	Pointer $1C:$AD16 (74-entry map/submap event handler table selected by the key scan at $A010-$A032)		P		
1C	ABAC	ApplyZenithiaEntityVisibility	Pointer $1C:$AD18 (74-entry map/submap event handler table selected by the key scan at $A010-$A032)		P		
1C	ABC6	ApplyFinalCaveSubmap2EntityVisibility	Pointer $1C:$AD1A (74-entry map/submap event handler table selected by the key scan at $A010-$A032)	A,X	A,P,X,Y	$70E6+X	$A04A
1C	ABDE	ApplyHavilleSubmap3EntityVisibility	Pointer $1C:$AD1C (74-entry map/submap event handler table selected by the key scan at $A010-$A032)		P		
1C	AD1E	CacheTileUnderMapEntity	Direct call from $1C:$A1AA; Direct call from $1C:$A44E; Direct call from $1C:$A92E; Direct call from $1C:$AB33	A,X,Y	A,P,X,Y	$7146+X	$D3E6
1C	AD32	ApplyChapterSpecificEntitySuppression	Direct call from $1C:$9EB1	A,Y	A,P,X,Y		$A035
1C	AD5F	DispatchMapEntityEventById	Pointer $1C:$800E (22-entry mixed map and entity service directory)	A,X	A,P,X	$00,$01	
1C	AD6E	FightSarosShadow	Pointer $1C:$BF4B (51-entry map event handler table consumed by the indirect dispatcher at $AD5F-$AD6D)		A,P		
1C	ADCA	ActivateEntitiesTwoThroughFourAndStart85	Pointer $1C:$BF4D (51-entry map event handler table consumed by the indirect dispatcher at $AD5F-$AD6D)	A,X	A,P,X	$0530,$0531,$0532,$0533,$6280,$7046+X,$70E6+X	
1C	ADF0	FightRabidhoundsAndChameleon	Pointer $1C:$BF4F (51-entry map event handler table consumed by the indirect dispatcher at $AD5F-$AD6D)	A	A,P	$29	
1C	AEDF	PositionEventEntityBesidePlayer	Direct call from $1C:$AE1D; Direct call from $1C:$AE27	A,X,Y	A,P	$6F66+X,$6F86+X,$6FA6+X,$6FC6+X,$7006+X,$7026+X	
1C	AEFC	RunEndorTournamentRoundSequence	Pointer $1C:$BF51 (51-entry map event handler table consumed by the indirect dispatcher at $AD5F-$AD6D)	A,X	A,P,X	$6285	
1C	AFD7	LoadMapEventScriptOffsetPlusFour	Direct call from $1C:$AFA6	A	A,P,X		
1C	AFDA	LoadMapEventScriptRecord	Direct call from $1C:$AF71	A	A,P,X		
1C	AFF4	FightBalzackFirst	Pointer $1C:$BF53 (51-entry map event handler table consumed by the indirect dispatcher at $AD5F-$AD6D)		A,P		$BF12,$D218
1C	B030	AssignEntityThreeScriptPointerToEntityOne	Pointer $1C:$BF55 (51-entry map event handler table consumed by the indirect dispatcher at $AD5F-$AD6D)		P		
1C	B05E	AnimateEntityTwoSpritesUpward	Pointer $1C:$BF57 (51-entry map event handler table consumed by the indirect dispatcher at $AD5F-$AD6D)		P		
1C	B0B9	ActivateEntitiesTwoAndThreePresentation8F	Pointer $1C:$BF59 (51-entry map event handler table consumed by the indirect dispatcher at $AD5F-$AD6D)	A,X	A,P,X	$0530,$0531,$0532,$0533,$7046+X	
1C	B0C8	TransferEntityOneOrTwoToFour	Pointer $1C:$BF5B (51-entry map event handler table consumed by the indirect dispatcher at $AD5F-$AD6D)	A,X	A,P,X,Y	$7046+X	
1C	B0FC	RunTaloonShopOpeningScene	Pointer $1C:$BF5D (51-entry map event handler table consumed by the indirect dispatcher at $AD5F-$AD6D)	A	A,P	$05FD,$6BDE	$BF46,$C54E,$C5BF,$C5C5
1C	B159	ReturnAfterSubmapTransitionScene	Pointer $1C:$BF5F (51-entry map event handler table consumed by the indirect dispatcher at $AD5F-$AD6D)		P		
1C	B15A	InitializePresentationAndClearScriptArgs	Pointer $1C:$BF61 (51-entry map event handler table consumed by the indirect dispatcher at $AD5F-$AD6D)	A,X	A,P,X,Y	$7046+X,$F9,$FA,$FB,$FC	$BF12,$BF25
1C	B177	RunMonsterCastsReturnScene	Pointer $1C:$BF63 (51-entry map event handler table consumed by the indirect dispatcher at $AD5F-$AD6D)		P		
1C	B1C6	MoveEntityZeroSpritesDown	Direct call from $1C:$B19A	A,X,Y	A,P,X	$0200+Y,$0204+Y,$0208+Y,$020C+Y,$52	$C78C,$FF74
1C	B1CB	MoveEntityZeroSpritesVertically	Direct call from $1C:$B191	A,X,Y	A,P,X	$0200+Y,$0204+Y,$0208+Y,$020C+Y,$52	$C78C,$FF74
1C	B1CD	AnimateEntityZeroSpritesVertically	Tail jump from $1C:$B1C8	A,X,Y	A,P,X	$0200+Y,$0204+Y,$0208+Y,$020C+Y,$52	$C78C,$FF74
1C	B22B	PulseMapVerticalScroll	Direct call from $1C:$B197	A,X	A,P,X	$0509,$51	$FF74
1C	B24A	InitializeWorldMapEntityScene	Pointer $1C:$BF65 (51-entry map event handler table consumed by the indirect dispatcher at $AD5F-$AD6D)	A,X	A,P,X,Y	$7046+X	$B2B4
1C	B29E	AddCharacterToParty	Direct call from $1C:$B61B; Direct call from $1C:$B625; Direct call from $1C:$B63F; Direct call from $1C:$B786; Direct call from $1C:$B915; Direct call from $1C:$B9CA; Direct call from $1C:$B9CF; Direct call from $1C:$B9DA; Direct call from $1C:$BB21; Pointer $1C:$802A (22-entry mixed map and entity service directory)	A	P		
1C	B2B4	TransferMapEntitySlot	Direct call from $1C:$B24E; Direct call from $1C:$B253; Direct call from $1C:$B258; Direct call from $1C:$B25D	A,X,Y	A,P,Y	$6F60+X,$6F80+X,$6FA0+X,$6FC0+X,$6FE0+X,$7000+X,$7020+X,$7020+Y,$7040+X,$70E0+X	
1C	B314	FightMinidemon	Pointer $1C:$BF67 (51-entry map event handler table consumed by the indirect dispatcher at $AD5F-$AD6D)		A,P		
1C	B31D	RunMapSceneServices1FAnd08	Direct call from $1C:$B720		P		
1C	B323	RefreshMapSceneAndResumeRendering	Direct call from $1C:$BA1B; Direct call from $1C:$BA50; Direct call from $1C:$BA85; Direct call from $1C:$BABA		P		
1C	B32C	FightBalzackSecond	Pointer $1C:$BF69 (51-entry map event handler table consumed by the indirect dispatcher at $AD5F-$AD6D)		A,P		
1C	B372	RunMap37SubmapOneCoordinateEffect	Pointer $1C:$BF6B (51-entry map event handler table consumed by the indirect dispatcher at $AD5F-$AD6D)	A	A,P,X,Y		$C90C
1C	B398	FightVampireBatsAndUrchins	Pointer $1C:$BF6D (51-entry map event handler table consumed by the indirect dispatcher at $AD5F-$AD6D)		A,P		
1C	B3BA	ProcessThreeSelectedMapEntities	Pointer $1C:$BF6F (51-entry map event handler table consumed by the indirect dispatcher at $AD5F-$AD6D)	X	P,X	$5B	
1C	B498	RunIndexedFourStepMapEffect	Direct call from $1C:$B46E; Direct call from $1C:$B478	A,X	A,P,X,Y		$B49B
1C	B49B	RunNextIndexedMapEffect	Direct call from $1C:$B498	A,X	A,P,X,Y		
1C	B4BC	AnimateFourEntitySpritesWithScroll	Direct call from $1C:$B473; Direct call from $1C:$B47D	A,Y	A,P,Y	$0200,$0203,$0204,$0207,$0208,$020B,$020C,$020F,$0509	$FF74
1C	B50B	RunTwoEntitySelectionScene	Pointer $1C:$BF71 (51-entry map event handler table consumed by the indirect dispatcher at $AD5F-$AD6D)		P,X		$B56A
1C	B56A	TurnMapEntityTowardPlayer	Direct call from $1C:$B50D; Direct call from $1C:$B512	A,X	A,P	$7006+X	
1C	B577	TransferSelectedEntityToPartySlot	Direct call from $1C:$B544; Direct call from $1C:$B551	A,X,Y	A,P,Y	$6F60+Y,$6F66+X,$6F80+Y,$6F86+X,$6FA0+Y,$6FA6+X,$6FC0+Y,$6FC6+X,$7000+Y,$7020+Y,$7026+X	
1C	B5C2	FightKeeleon	Pointer $1C:$BF73 (51-entry map event handler table consumed by the indirect dispatcher at $AD5F-$AD6D)		A,P		
1C	B614	BreyJoinsParty	Pointer $1C:$BF75 (51-entry map event handler table consumed by the indirect dispatcher at $AD5F-$AD6D)		A,P		$B29E,$BF14
1C	B623	RagnarJoinsParty	Pointer $1C:$BF77 (51-entry map event handler table consumed by the indirect dispatcher at $AD5F-$AD6D)	A,X	A,P,X	$7046+X	$B29E
1C	B638	PanonJoinsParty	Pointer $1C:$BF79 (51-entry map event handler table consumed by the indirect dispatcher at $AD5F-$AD6D)		A,P		$B29E,$BF14
1C	B652	InitializeCoordinateSelectedScene	Pointer $1C:$BF7B (51-entry map event handler table consumed by the indirect dispatcher at $AD5F-$AD6D)	A,X	A,P,X	$7046+X	
1C	B6E8	ActivateEntityTwelveAndPresent	Pointer $1C:$BF7D (51-entry map event handler table consumed by the indirect dispatcher at $AD5F-$AD6D)	A,X	A,P,X	$0530,$0531,$0532,$0533,$7046+X	
1C	B6F2	FightBakor	Pointer $1C:$BF7F (51-entry map event handler table consumed by the indirect dispatcher at $AD5F-$AD6D)		A,P		
1C	B6FB	RunGardenburThiefSurrenderScene	Guarded flow recovery: Coherent routine block immediately after RTI $B6FA; 23 instructions, 3 BRK service calls, returns and merges into existing code		P		
1C	B733	RunSelectedWorldMapEntityTransition	Pointer $1C:$BF81 (51-entry map event handler table consumed by the indirect dispatcher at $AD5F-$AD6D)	A,Y	A,P,X		
1C	B78E	NormalizeWorldMapSelectionId	Direct call from $1C:$A9C0; Direct call from $1C:$B779	A,Y	A,P,Y		
1C	B7A5	RunRosavilleDreamSequence	Pointer $1C:$BF83 (51-entry map event handler table consumed by the indirect dispatcher at $AD5F-$AD6D)		P		$B827,$C54E
1C	B827	ClearMapTransitionEntityBuffers	Direct call from $1C:$B7A8	A,X	A,P,X	$0508,$6F60+X,$7800+X	
1C	B83A	RunRosasDeathScene	Direct ROM analysis: Coherent adjacent map-entity initialization and transition routine family after RTS $B839 and before the registered service at $B8F5	A	A,P	$44,$45,$63,$64	
1C	B8BF	HideEntityAndPauseFortyFiveFrames	Direct call from $1C:$B878; Direct call from $1C:$B87D; Direct call from $1C:$B882		P		$BF37
1C	B8CD	LoadRosavilleDreamDestination	Direct ROM analysis: Standalone map-coordinate initializer after the terminal jump at $B8CA and ending with RTS at $B8DD; Direct call from $1C:$B7D2	A	A,P	$44,$45,$63,$64	
1C	B8DE	HideFirstSixMapEntities	Direct call from $1C:$B7DC; Direct call from $1C:$B84D	A,X	A,P,X	$7020+X	
1C	B8EC	PositionPlayerForTravelArrival	Direct call from $1C:$B81F	A	A,P	$44,$45	
1C	B8F5	FightSaroknight	Pointer $1C:$BF85 (51-entry map event handler table consumed by the indirect dispatcher at $AD5F-$AD6D)		A,P		
1C	B901	SaveTravelArrivalWorldPosition	Pointer $1C:$BF87 (51-entry map event handler table consumed by the indirect dispatcher at $AD5F-$AD6D)		P		
1C	B910	RunStoredWorldMapTransition	Pointer $1C:$BF89 (51-entry map event handler table consumed by the indirect dispatcher at $AD5F-$AD6D)	A	A,P		$B29E
1C	B93F	HideTrackedSceneEntityAndRefresh	Pointer $1C:$BF8B (51-entry map event handler table consumed by the indirect dispatcher at $AD5F-$AD6D)	Y	A,P		
1C	B954	AnimateEntityOneSpritesUpward	Pointer $1C:$BF8D (51-entry map event handler table consumed by the indirect dispatcher at $AD5F-$AD6D)		P		$D1F3
1C	B96A	MoveEntityOneSpritesUp	Direct call from $1C:$B960	A,X,Y	A,P,X	$0200+Y,$0204+Y,$0208+Y,$020C+Y	$C78C,$FF74
1C	B995	FightRhinokingAndBengal	Pointer $1C:$BF8F (51-entry map event handler table consumed by the indirect dispatcher at $AD5F-$AD6D)		A,P		
1C	B9A1	FightEsturk	Pointer $1C:$BF91 (51-entry map event handler table consumed by the indirect dispatcher at $AD5F-$AD6D)		A,P		
1C	B9C8	CristoAlenaBreyJoinParty	Pointer $1C:$BF93 (51-entry map event handler table consumed by the indirect dispatcher at $AD5F-$AD6D)		A,P		$B29E
1C	B9E5	HideEntitiesThreeFourSixAndRefresh	Guarded flow recovery: Coherent routine block immediately after RTI $B9E4; 8 instructions, 1 BRK service calls, jumps and merges into existing code		P,X		$BF37
1C	B9FA	FightGigademonGuardian	Pointer $1C:$BF95 (51-entry map event handler table consumed by the indirect dispatcher at $AD5F-$AD6D)		A,P		
1C	BA2F	FightAnderougGuardians	Pointer $1C:$BF97 (51-entry map event handler table consumed by the indirect dispatcher at $AD5F-$AD6D)		A,P		
1C	BA38	ContinueAnderougGuardianDefeatScene	Guarded flow recovery: Coherent routine block immediately after RTI $BA37; 25 instructions, 8 BRK service calls, returns and jumps and merges into existing code		P		
1C	BA64	FightInfurnusShadowGuardian	Pointer $1C:$BF99 (51-entry map event handler table consumed by the indirect dispatcher at $AD5F-$AD6D)		A,P		
1C	BA99	FightRadimviceAndDemighouls	Pointer $1C:$BF9B (51-entry map event handler table consumed by the indirect dispatcher at $AD5F-$AD6D)		A,P		
1C	BACE	RunBarrierShieldBreakingScene	Direct call from $1C:$BA29; Direct call from $1C:$BA5E; Direct call from $1C:$BA93; Direct call from $1C:$BAC8		P		
1C	BAE5	ActivateEntityTwoAndPresentation8F	Pointer $1C:$BF9D (51-entry map event handler table consumed by the indirect dispatcher at $AD5F-$AD6D)	A,X	A,P,X	$7006+X	
1C	BB02	DoranJoinsParty	Pointer $1C:$BF9F (51-entry map event handler table consumed by the indirect dispatcher at $AD5F-$AD6D)		P		
1C	BB3F	FightNecrosaroAndRunEnding	Pointer $1C:$BFA1 (51-entry map event handler table consumed by the indirect dispatcher at $AD5F-$AD6D)		P		$BF46
1C	BCEF	FindPartyMemberIndexById	Direct call from $1C:$BC41; Direct call from $1C:$BC48; Direct call from $1C:$BC4F; Direct call from $1C:$BC56	A	P,X	$00	
1C	BCFF	BuildFixedEntitySpriteBlock	Direct call from $1C:$BBDE	A	A,P,X	$7F70,$7F71,$7F72,$7F73,$7F74,$7F75,$7F76,$7F77,$7F78,$7F79,$7F7A,$7F7B,$7F7C,$7F7D,$7F7E,$7F7F	$D864,$D876
1C	BD54	SaveAndHideOamRange30To6F	Direct call from $1C:$BBE1	A,X	A,P,X	$0200+X,$7F00+X	
1C	BD67	RestoreOamRange30To6F	Direct call from $1C:$BBF3	A,X	A,P,X	$0200+X	
1C	BD75	RestoreOamRange70To7F	Direct call from $1C:$BBE4	A,X	A,P,X	$0200+X	
1C	BD83	SaveAndHideOamRange70To7F	Direct call from $1C:$BBF0; Direct call from $1C:$BC09	A,X	A,P,X	$0200+X,$7F00+X	
1C	BD96	EnterScriptedArrivalScene	Pointer $1C:$BFA3 (51-entry map event handler table consumed by the indirect dispatcher at $AD5F-$AD6D)	A	A,P	$44,$45,$64	
1C	BDD2	GrantHeroTenThousandExperience	Entry pointer analysis: BRK-backed map-event handler targeted by pointer $1C:$BFA5; Pointer $1C:$BFA5 (51-entry map event handler table consumed by the indirect dispatcher at $AD5F-$AD6D)		P		
1C	BE1F	Bank1C_QueueExperienceDigitsUpdate	Direct call from $1C:$BE09	A	A,P	$00,$01	$C662
1C	BE58	StartMapPresentation83	Pointer $1C:$BFA7 (51-entry map event handler table consumed by the indirect dispatcher at $AD5F-$AD6D)	A,X	A,P,X	$0530,$0531,$0532,$0533	
1C	BE5D	RunScrollPulsesThenLoadFollowupMap	Pointer $1C:$BFA9 (51-entry map event handler table consumed by the indirect dispatcher at $AD5F-$AD6D)	A	A,P	$44,$45,$63,$64	$BE90,$C5C5
1C	BE90	RunMapPulseAndScrollSixteenSteps	Direct call from $1C:$BE5D; Direct call from $1C:$BE60; Direct call from $1C:$BE63; Direct call from $1C:$BE66; Direct call from $1C:$BE69		P		
1C	BE98	TransitionToShrineOfColossusSubmap	Pointer $1C:$BFAB (51-entry map event handler table consumed by the indirect dispatcher at $AD5F-$AD6D)	A	A,P	$44,$45,$63,$64	$C5C5
1C	BEB3	FightLiclicks	Pointer $1C:$BFAD (51-entry map event handler table consumed by the indirect dispatcher at $AD5F-$AD6D)		A,P		
1C	BED3	AdvanceMapEntityMotion	Direct call analysis: BRK-backed map-event helper called directly from bank $1C:$AE03/$AE13; Direct call from $1C:$AE03; Direct call from $1C:$AE13		P		
1C	BED6	RunPresentationPulseAndAdvancePhase	Direct call analysis: BRK-backed map-event helper called or jumped to from bank $1C:$AE40/$AEF9; Direct call from $1C:$AE40		P		
1C	BEF2	RunRepeatedVerticalScrollPulses	Direct call from $1C:$BEDB	A,X	A,P,X	$51	$BEFE
1C	BEFE	PulseVerticalScrollOnce	Direct call from $1C:$BEF7	A	A,P	$0509	$FF74
1C	BF12	StartDefaultMapPresentation	Direct call analysis: Routine called or jumped to directly from bank $1C:$AFF7/$B0C5/$B169/$B6EF; Direct call from $1C:$AFF7; Direct call from $1C:$B0F4; Direct call from $1C:$B169; Direct call from $1C:$BDBF; Tail jump from $1C:$B0C5; Tail jump from $1C:$B6EF	A,X	A,P,X	$0530,$0531,$0532,$0533	
1C	BF14	StartMapPresentation	Direct call analysis: Alternate entry jumped to or called directly from bank $1C:$ADED/$B616/$B63A; Direct call from $1C:$B36C; Direct call from $1C:$B60A; Direct call from $1C:$B616; Direct call from $1C:$B63A; Direct call from $1C:$B716; Tail jump from $1C:$ADED; Tail jump from $1C:$BE5A	A,X	A,P,X	$0530,$0531,$0532,$0533	
1C	BF16	InitializeMapPresentationState	Direct call analysis: Alternate entry called directly from bank $1C:$B26E; Direct call from $1C:$ADC2; Direct call from $1C:$B26E	A,X	A,P	$0530,$0531,$0532,$0533	
1C	BF25	SetEntityCurrentAndTargetCoordinates	Direct call analysis: Entity-coordinate helper called directly from bank $1C:$B15F; Direct call from $1C:$AD8E; Direct call from $1C:$AD9F; Direct call from $1C:$B15F	A,X,Y	A,P	$6F66+X,$6F86+X,$6FA6+X,$6FC6+X	
1C	BF33	SetEntityCoordinateSentinel80	Direct call from $1C:$AD80; Direct call from $1C:$AD85	A,X	A,P	$6F66+X,$6F86+X,$6FA6+X,$6FC6+X	
1C	BF37	SetEntityCoordinateSentinel81	Direct call analysis: Entity-coordinate initializer called directly from bank $1C:$B922/$B94B; Direct call from $1C:$ADB0; Direct call from $1C:$ADB5; Direct call from $1C:$B33A; Direct call from $1C:$B88A; Direct call from $1C:$B8BF; Direct call from $1C:$B922; Direct call from $1C:$B94B; Direct call from $1C:$B9E7; Direct call from $1C:$B9EC; Direct call from $1C:$B9F1; Direct call from $1C:$BB26; Direct call from $1C:$BC11; Direct call from $1C:$BC16; Direct call from $1C:$BC1B; Direct call from $1C:$BC20; Direct call from $1C:$BEC0; Direct call from $1C:$BEC5	A,X	A,P	$6F66+X,$6F86+X,$6FA6+X,$6FC6+X	
1C	BF46	OpenFieldMessageWindowForEntityEvent	Direct call analysis: BRK-backed helper called directly from bank $1C:$AF6C/$AFBA/$B107/$B149/$B1BF; Direct call from $1C:$ADA8; Direct call from $1C:$AEBE; Direct call from $1C:$AF6C; Direct call from $1C:$AFBA; Direct call from $1C:$B107; Direct call from $1C:$B149; Direct call from $1C:$B1BF; Direct call from $1C:$B723; Direct call from $1C:$BA1E; Direct call from $1C:$BA53; Direct call from $1C:$BA88; Direct call from $1C:$BABD; Direct call from $1C:$BB16; Direct call from $1C:$BB3F; Direct call from $1C:$BBD4; Direct call from $1C:$BCAB		P		
1D	802A	Bank1D_MapGraphicsAndEventServices	Pointer $1D:$8004 (21-entry mixed map-event service directory)	A,X,Y	A,P,X,Y	$00,$0573,$0574+Y,$057C+Y,$0584+Y,$058D	
1D	8B1E	UpdateAnimatedMapGraphics	Pointer $1D:$8000 (21-entry mixed map-event service directory)	A,X	A,P,X		$8B4A,$8CE6
1D	8B4A	QueueAnimatedMapGraphicsCommands	Direct call from $1D:$8B40	A,X,Y	A,P,X,Y	$00,$02,$03,$0300+Y,$0301+Y,$0302+Y,$0303+Y,$0304+Y,$0305+Y,$04,$050A,$050B,$05FE,$05FF,$0600,$0601,$0603,$0604,$0605,$0606,$0607,$0608,$1F	$8CAC,$8D2C,$C626
1D	8CAC	AppendSixteenByteMapGraphicsCommand	Direct call from $1D:$8C9A; Direct call from $1D:$8C9D; Direct call from $1D:$8CA0; Direct call from $1D:$8CA3; Direct call from $1D:$8D56; Direct call from $1D:$8D59; Direct call from $1D:$8D5C; Direct call from $1D:$8D5F	A,X,Y	A,P,X,Y	$00,$01,$0300+X,$0301+X,$0302+X,$0303+X,$04,$050A,$050B	
1D	8CE6	ApplyRandomMapMotion	Direct call from $1D:$8B43	A,X,Y	A,P,X,Y	$0508,$0509	$8D06,$C891
1D	8D06	ApplyMapMotionOffsetsAndWait	Direct call from $1D:$8D01	A,X,Y	A,P	$0508,$0509	
1D	8D2C	QueueTilesetThreePpuPayload	Direct call from $1D:$8BC5	A,X	A,P,X,Y	$00,$02,$03,$04,$1F	$8CAC
1D	8DED	RunMapGraphicsTransitionSequence	Pointer $1D:$8002 (21-entry mixed map-event service directory)	A	A,P	$65	$8E50,$8E68,$8E91,$8EA9,$8EC4,$8EE0,$8EF9,$C02E,$C54E,$C58F,$C5AF,$C5BF,$C5C5,$C8CC
1D	8E15	FinishMapGraphicsTransitionSequence	Direct ROM scan: JSR to fixed trampoline $C02E	A	A,P		$8EF9,$C02E,$C5C5,$C8CC
1D	8E50	InitializeMapGraphicsEffectState	Direct call from $1D:$8E12	A	A,P	$0300,$0301,$0302,$7D,$7E,$7F,$82	
1D	8E68	FillPpuPatternRowsWithSequence	Direct call from $1D:$8E03	A,X,Y	A,P,X,Y	$2006,$2007,$51,$52	
1D	8E91	ClearPpuPatternTable1000	Direct call from $1D:$8E06	A,X,Y	A,P,X,Y	$2006,$2007	
1D	8EA9	ResetMapGraphicsEffectScroll	Direct call from $1D:$8DFA	A	A,P	$0505,$0508,$0509,$51,$52	
1D	8EC4	LoadMapGraphicsPpuSetup	Direct call from $1D:$8DFD	A,X	A,P,X	$05FC+X,$0609+X	
1D	8EE0	UploadMapGraphicsPatternBlock	Direct call from $1D:$8E09	A,X	A,P,X	$2006,$2007	
1D	8EF9	PositionMapGraphicsEffectSprites	Direct call from $1D:$8E1A	A	A,P	$0200,$0201,$0202,$0203,$0204,$0205,$0206,$0207	
1D	8F52	RunMapDisplacementAnimation	Pointer $1D:$8018 (21-entry mixed map-event service directory)		P		$8F5F,$8F6A,$9073,$FF74
1D	8F5F	InitializeMapDisplacementAnimation	Direct call from $1D:$8F52		P,X,Y		$902F,$9062
1D	8F6A	RunMapDisplacementAnimationLoop	Direct call from $1D:$8F5B; Tail jump from $1D:$8F82		P		$8F85,$8FC2,$8FC3,$8FD3,$9021,$908C,$90B2,$FF74
1D	8F85	WriteTwoScanlineScrollPasses	Direct call from $1D:$8F73	A,X,Y	A,P,X,Y	$2005	
1D	8F87	WriteScanlineScrollBuffer	Direct call from $1D:$926D; Direct call from $1D:$9461	A,X,Y	A,P,X,Y	$2005	
1D	8FC2	NoOpMapDisplacementCallback	Direct call from $1D:$8F76		P		
1D	8FC3	WaitForMapEffectVblank	Direct call from $1D:$8F70	X,Y	P,X,Y		
1D	8FD3	QueueMapDisplacementPpuCommand	Direct call from $1D:$8F79	A,X,Y	A,P,X,Y	$0300+X,$0301+X,$0302+X,$0303+X,$050B,$1F,$54	
1D	9021	FinishMapDisplacementAtPhase40	Direct call from $1D:$8F7F; Direct call from $1D:$927C; Direct call from $1D:$9470	A	A,P	$059D	
1D	902F	QueueMapGraphicsInitializationTemplate	Direct call from $1D:$8F5F	A,X	A,P,X	$0300+X,$0301+X,$0302+X,$0303+X,$050B	$C62D
1D	9062	InitializeMapEffectSprite	Direct call from $1D:$8F66	A,X,Y	A,P	$0200,$0201,$0202,$0203	
1D	9073	InitializeMapDisplacementBuffers	Direct call from $1D:$8F55; Direct call from $1D:$9428	A,X	A,P,X	$51,$52,$53,$7F00+X,$7F40+X	
1D	908C	RotateMapDisplacementBuffers	Direct call from $1D:$8F6D; Direct call from $1D:$9262; Direct call from $1D:$9456	A,X	A,P,X	$51,$7F00+X,$7F3F,$7F40+X,$7F7F	
1D	90B2	AdvanceMapDisplacementWave	Direct call from $1D:$8F6A; Direct call from $1D:$9453	A,X,Y	A,P,X,Y	$52,$53,$7F00+Y,$7F40+Y	
1D	918E	RunSymmetricPpuBlankWipe	Pointer $1D:$801A (21-entry mixed map-event service directory)		P		$919B,$91AE,$91B9,$91C4
1D	919B	BlankPrimaryNametableRowsForward	Direct call from $1D:$9194	A,Y	A,P,Y	$00,$01	$91F0
1D	91AE	BlankPpuRowsReverse	Direct call from $1D:$9197	Y	P,Y		$91F0
1D	91B9	BlankSecondaryNametableRowsReverse	Direct call from $1D:$9191	Y	P,Y		$91D7
1D	91C4	BlankSecondaryNametableRowsForward	Direct call from $1D:$918E	A,Y	A,P,Y	$00,$01	$91D7
1D	91D7	BlankPpuRowAndAdvance	Direct call from $1D:$91BB; Direct call from $1D:$91CE	A	A,P	$00,$01,$2006	$91F6
1D	91E4	AdvancePpuRowAddress	Tail jump from $1D:$91F3	A	A,P	$00,$01	
1D	91F0	BlankRightAlignedPpuRowAndAdvance	Direct call from $1D:$91A5; Direct call from $1D:$91B0	A	A,P	$00,$01	$9204
1D	91F6	WriteIndexedPpuBlankWidth	Direct call from $1D:$91E1	A,X,Y	A,P,X	$2007	
1D	9204	WriteRightAlignedPpuBlankWidth	Direct call from $1D:$91F0	A,X,Y	A,P,X	$2006,$2007	
1D	922A	RunContractingMapDisplacementEffect	Pointer $1D:$801C (21-entry mixed map-event service directory)		P		$9240,$924D,$925C,$93CA,$C543,$FF74
1D	9240	InstallMapDisplacementCallbackA	Direct call from $1D:$9233	A	A,P	$0503,$0504	
1D	924D	RestoreDefaultNmiCallback	Direct call from $1D:$9239; Direct call from $1D:$943A	A	A,P	$0503,$0504	
1D	925C	RunContractingMapDisplacementLoop	Direct call from $1D:$9236; Tail jump from $1D:$927F	X	P,X,Y	$0F	$8F87,$908C,$9282,$938D,$93F0
1D	9270	WaitForContractingDisplacementNmi	Tail jump from $1D:$9270		P		
1D	9273	Bank1D_NmiCallbackA	Direct ROM analysis: NMI callback address installed through the little-endian pointer at $925A	X	A,P,X,Y	$0F	$8F87,$9021,$908C,$9282,$92B5,$938D,$93F0
1D	9282	WaitForMapEffectPpuTimingWindow	Direct call from $1D:$925C; Direct call from $1D:$9450		A,P		
1D	92B5	UploadMapEffectPaletteBuffer	Direct call from $1D:$9279; Direct call from $1D:$946D	A	A,P	$2005,$2006,$2007	
1D	938D	RetreatMapDisplacementWave	Direct call from $1D:$925F	A,X,Y	A,P,X,Y	$52,$53,$7F00+Y,$7F40+Y	
1D	93CA	BuildMapEffectPaletteBuffer	Direct call from $1D:$922A; Direct call from $1D:$942B	A,X,Y	A,P,X,Y	$0300+X,$51,$52,$53	
1D	93F0	ApplyContractingMapEffectPhase	Direct call from $1D:$9265	A,X,Y	A,P,X,Y	$0300+X,$54	
1D	9423	RunExpandingMapDisplacementEffect	Pointer $1D:$801E (21-entry mixed map-event service directory)	A	A,P	$059D	$9073,$924D,$93CA,$9441,$9450,$C543,$FF74
1D	9441	InstallMapDisplacementCallbackB	Direct call from $1D:$9434	A	A,P	$0503,$0504	
1D	9450	RunExpandingMapDisplacementLoop	Direct call from $1D:$9437; Tail jump from $1D:$9473	X	P,X,Y	$0F	$8F87,$908C,$90B2,$9282,$9476
1D	9464	WaitForExpandingDisplacementNmi	Tail jump from $1D:$9464		P		
1D	9467	Bank1D_NmiCallbackB	Direct ROM analysis: NMI callback address installed through the little-endian pointer at $944E	X	A,P,X,Y	$0F	$8F87,$9021,$908C,$90B2,$9282,$92B5,$9476
1D	9476	ApplyExpandingMapEffectPhase	Direct call from $1D:$9459	A,X,Y	A,P,X,Y	$0300+X,$54	
1D	9484	RunScriptedMapEntityOamSequence	Pointer $1D:$8020 (21-entry mixed map-event service directory)		P		
1D	94AC	SetEntitySixDirectionTwoAndRender	Direct call from $1D:$949D		P		
1D	94C4	AnimateEventSpritesDownAndHideEntities	Direct call from $1D:$949A	A,X	A,P,X	$7000+X	$D804
1D	9501	RunSaroAndRosaDialogue	Direct call from $1D:$9497		P		
1D	9509	AnimateEventEntityExchange	Direct call from $1D:$9494		P,X,Y		$958A
1D	958A	MoveFourEventSpritesUpRepeatedly	Direct call from $1D:$950D; Direct call from $1D:$956A	A,X,Y	A,P,X,Y		$95EC,$960D,$C90C
1D	95A2	SetSaroScenePropTile	Direct call from $1D:$9491		A,P,X,Y		
1D	95AF	PlayMapEventJingleAndWait	Direct call from $1D:$948E		P		
1D	95B6	RunEventSpriteMotionUntilPhase40	Direct call from $1D:$948B		P	$51	$95C7,$95D8,$960D,$FF74
1D	95B9	RunEntityEightOamMotionFrameLoop	Tail jump from $1D:$95C4		P	$51	$95D8,$960D,$FF74
1D	95C7	InitializeEntityEightOamMotion	Direct call from $1D:$95B6	A,X,Y	A,P,X	$51,$7B	$C78C
1D	95D8	AdvanceEntityEightOamMotion	Direct call from $1D:$95B9	A,X	A,P,X	$0200+X,$0203+X,$0204+X,$0207+X,$0208+X,$020B+X,$020C+X,$020F+X,$7000+X	
1D	95EC	MoveFourEventSpritesUp	Direct call from $1D:$958E	X	P,X	$0200+X,$0204+X,$0208+X,$020C+X	
1D	960D	RefreshEntityEightEventSprites	Direct call from $1D:$94E6; Direct call from $1D:$9591; Direct call from $1D:$95BC		P,X		$CBB4,$D804
1D	9616	InitializeSixteenMapEffectSprites	Direct ROM analysis: Coherent dormant OAM/state update routine after RTS $9615 and ending at RTS $9696; Direct call from $1D:$9488	A,X,Y	A,P,X,Y	$0200,$0203,$0204,$0207,$0208,$020B,$020C,$020F,$0210,$0213,$0214,$0217,$0218,$021B,$021C,$021F,$0220,$0223,$0224,$0227,$0228,$022B,$022C,$022F,$0230,$0233,$0234,$0237,$0238,$023B,$023C,$023F,$1F	$FF74
1D	9697	DispatchCurrentMapSubmapInitializer	Pointer $1D:$8006 (21-entry mixed map-event service directory)	A,X	A,P,X	$49,$4A	
1D	96DF	InitializeFinalCaveSubmap7State	Pointer $1D:$96D1 (Seven-entry map/submap handler table selected by key pairs $96B5-$96C2 and dispatched at $96CE)	A	A,P	$7684,$7685,$7686,$7687	
1D	96EE	InitializeSanteemSubmap2State	Pointer $1D:$96D3 (Seven-entry map/submap handler table selected by key pairs $96B5-$96C2 and dispatched at $96CE)		P		
1D	96FA	InitializeCaveOfBetrayalState	Pointer $1D:$96D5 (Seven-entry map/submap handler table selected by key pairs $96B5-$96C2 and dispatched at $96CE)		P		
1D	9713	InitializeKeeleonSubmap1State	Pointer $1D:$96D7 (Seven-entry map/submap handler table selected by key pairs $96B5-$96C2 and dispatched at $96CE)		P		
1D	9724	InitializeCascadeCaveState	Pointer $1D:$96DB (Seven-entry map/submap handler table selected by key pairs $96B5-$96C2 and dispatched at $96CE)		P		
1D	9730	InitializeKievsState	Pointer $1D:$96DD (Seven-entry map/submap handler table selected by key pairs $96B5-$96C2 and dispatched at $96CE)	A	A,P	$788F,$78AE	
1D	973E	InitializeIronSafeCaveSubmap4State	Pointer $1D:$96D9 (Seven-entry map/submap handler table selected by key pairs $96B5-$96C2 and dispatched at $96CE)	A,X	A,P,X	$0108+X	$9751,$9771,$97A4
1D	9751	InitializeSpecialMapEventState	Direct call from $1D:$974D	A,X	A,P,X	$62A0,$62A3,$7876,$7877,$788D,$788E	
1D	9771	LoadSpecialMapEventEntityRecords	Direct call from $1D:$974A	A,X	A,P,X	$6F59+X,$7664+X,$76D9+X	
1D	97A4	UploadSpecialMapEventPatternData	Direct call from $1D:$9747	A,X	A,P,X	$2006,$2007	
1D	989F	DispatchMapEventById	Pointer $1D:$8008 (21-entry mixed map-event service directory)	A,X	A,P,X	$4F,$50	
1D	98BD	FindOpenEntityMovementCandidate	Direct call from $1D:$9BDB; Direct call from $1D:$A21E; Direct call from $1D:$AA2C	A,X,Y	A,P,Y	$5D,$5E	$98D2,$98DB,$98E1
1D	98D2	TestForwardEntityMovementCandidate	Direct call from $1D:$98C8		A,P		$98F9,$9906,$9916,$9926,$9935
1D	98DB	TestCurrentEntityMovementCandidate	Direct call from $1D:$98CB		A,P		$98F9,$9906,$9916,$9926
1D	98E1	TestAlternateEntityMovementCandidate	Direct call from $1D:$98CE		A,P		$98F9,$9906,$9916,$9926,$992F
1D	98E7	FindPassableUnoccupiedEntityMove	Tail jump from $1D:$98D8; Tail jump from $1D:$98DE		A,P		$9906,$9916,$9926
1D	98F9	LoadEntityCandidateCoordinates	Direct call from $1D:$98D2; Direct call from $1D:$98DB; Direct call from $1D:$98E1	A,X	A,P,X	$5F,$60	
1D	9906	IsPlayerAtCandidateCoordinates	Direct call from $1D:$98EF	A	A,P		
1D	9916	IsCandidateTileImpassable	Direct call from $1D:$98EA	A,X	A,P,X,Y		$D3E6
1D	9926	ApplySecondAlternateDirectionOffset	Direct call from $1D:$98E7	A,Y	A,P,Y	$5F,$60	
1D	992F	ApplyFirstAlternateDirectionOffset	Direct call from $1D:$98E4	A,Y	A,P,Y	$5F,$60	
1D	9935	ApplyDirectionOffsetToCandidate	Direct call from $1D:$98D5; Tail jump from $1D:$992C	A,Y	A,P	$5F,$60	
1D	995E	OpenFieldMessageWindowForMapEvent	Direct call from $1D:$9AEF; Direct call from $1D:$A24C; Direct call from $1D:$A2B1; Direct call from $1D:$A480; Direct call from $1D:$A5AA; Direct call from $1D:$A6F7; Direct call from $1D:$A732; Direct call from $1D:$A8D6; Direct call from $1D:$A8E9; Direct call from $1D:$A945; Direct call from $1D:$A9E2; Direct call from $1D:$AAA5; Direct call from $1D:$AAE3; Direct call from $1D:$AB08; Direct call from $1D:$AB7A; Direct call from $1D:$ABB0; Direct call from $1D:$AC9D; Direct call from $1D:$ADB8; Direct call from $1D:$AF13; Direct call from $1D:$B03D; Direct call from $1D:$B07E; Direct call from $1D:$B0E8; Direct call from $1D:$B123; Direct call from $1D:$B1BB; Direct call from $1D:$B3D7; Direct call from $1D:$B436		P		
1D	9963	SetEntityCoordinateColumns	Direct call from $1D:$A712; Direct call from $1D:$B052; Direct call from $1D:$B057; Direct call from $1D:$B05C	A,X	P	$6F66+X,$6F86+X,$6FA6+X,$6FC6+X	
1D	9970	ApplyPlayerPositionEventCounterBonus	Pointer $1D:$B62A (128-entry low-half map-event handler table selected by event ID and dispatched at $98AD)	A,X,Y	A,P,X,Y	$7060+X,$7080+X	
1D	99A5	HandleThreeByThreeMapTrigger	Pointer $1D:$B62C (128-entry low-half map-event handler table selected by event ID and dispatched at $98AD)	A	A,P		$9B6B
1D	99D0	TestPlayerLocalYEquals09	Pointer $1D:$B62E (128-entry low-half map-event handler table selected by event ID and dispatched at $98AD)	A	A,P		
1D	99DA	LoadUpperMapEventProgress	Pointer $1D:$B630 (128-entry low-half map-event handler table selected by event ID and dispatched at $98AD)		A,P		
1D	99E1	TestPlayerAtLowerRightRow12	Pointer $1D:$B632 (128-entry low-half map-event handler table selected by event ID and dispatched at $98AD)	A	A,P		
1D	99F1	UpdateSubmapZeroDirectionalTriggerFlags	Pointer $1D:$B634 (128-entry low-half map-event handler table selected by event ID and dispatched at $98AD)	A,X	A,P,X	$627C	$9B6B
1D	99F9	ScanSubmapDirectionalTriggers	Tail jump from $1D:$9B3F	A,X	A,P,X	$627C	$9B6B
1D	9A5F	ScanDirectionalTriggerTable	Tail jump from $1D:$9B33; Tail jump from $1D:$9B3A; Tail jump from $1D:$9B68	A,X	A,P,X	$627C	$9B6B
1D	9AC5	TryAwardRandomChapterFiveCasinoCoins	Pointer $1D:$B636 (128-entry low-half map-event handler table selected by event ID and dispatched at $98AD)	A	A,P		
1D	9B2F	TestDirectionalTriggerGroupAtIndex00	Pointer $1D:$B638 (128-entry low-half map-event handler table selected by event ID and dispatched at $98AD)	A,X	A,P,X	$627C	$9B6B
1D	9B36	TestDirectionalTriggerGroupAtIndex08	Pointer $1D:$B63A (128-entry low-half map-event handler table selected by event ID and dispatched at $98AD)	A,X	A,P,X	$627C	$9B6B
1D	9B3D	TestDirectionalTriggerGroupAtIndex06	Pointer $1D:$B63C (128-entry low-half map-event handler table selected by event ID and dispatched at $98AD)	A,X	A,P,X	$627C	$9B6B
1D	9B42	StartMapTriggerPresentation	Pointer $1D:$B63E (128-entry low-half map-event handler table selected by event ID and dispatched at $98AD)	A	A,P		$A23A
1D	9B64	TestDirectionalTriggerGroupAtIndex10	Pointer $1D:$B640 (128-entry low-half map-event handler table selected by event ID and dispatched at $98AD)	A,X	A,P,X	$627C	$9B6B
1D	9B6B	RequireFlyingShoesForMapEvent	Direct call from $1D:$99B8; Direct call from $1D:$9A35		A,P		
1D	9B77	IsMapTriggerProgressionComplete	Pointer $1D:$B642 (128-entry low-half map-event handler table selected by event ID and dispatched at $98AD)		P		
1D	9B81	ReturnMapEventCarryClear	Pointer $1D:$B644 (128-entry low-half map-event handler table selected by event ID and dispatched at $98AD)		P		
1D	9B83	TestPlayerAtRightEdgeRow05	Pointer $1D:$B646 (128-entry low-half map-event handler table selected by event ID and dispatched at $98AD)	A	A,P		
1D	9B93	TestPlayerAtRightEdgeRow07	Pointer $1D:$B648 (128-entry low-half map-event handler table selected by event ID and dispatched at $98AD)	A	A,P		
1D	9BA3	TestChapterSpecificPlayerCoordinate	Pointer $1D:$B64A (128-entry low-half map-event handler table selected by event ID and dispatched at $98AD)		P,Y		
1D	9BCE	LoadShiftedMapEventProgress	Pointer $1D:$B64C (128-entry low-half map-event handler table selected by event ID and dispatched at $98AD)		A,P		
1D	9BD3	UpdateEntitySixMovementFromSaveFlag	Pointer $1D:$B64E (128-entry low-half map-event handler table selected by event ID and dispatched at $98AD)		P		
1D	9BF7	IsPlayerAtMapTriggerBoundary	Pointer $1D:$B650 (128-entry low-half map-event handler table selected by event ID and dispatched at $98AD)	A	A,P		
1D	9C07	TestPlayerAndEntityBlockMapEvent	Pointer $1D:$B652 (128-entry low-half map-event handler table selected by event ID and dispatched at $98AD)		P		
1D	9C26	IsMapTriggerPositionOccupied	Pointer $1D:$B654 (128-entry low-half map-event handler table selected by event ID and dispatched at $98AD)	A,X	A,P,X		$9C40
1D	9C34	IsMapTriggerBlockedByLeadingEntities	Direct call from $1D:$9C19	A,X	A,P,X		$9C40
1D	9C40	IsEntityAtMapTriggerPosition	Direct call from $1D:$9C36; Tail jump from $1D:$9C3D	A,X	A,P		
1D	9C52	StartClayDollBattle	Pointer $1D:$B656 (128-entry low-half map-event handler table selected by event ID and dispatched at $98AD)	A,X	A,P,X	$6F60+X,$6F80+X,$6FA0+X,$6FC0+X	$9C93
1D	9C93	NormalizeMapEntitiesAfterHide	Direct call from $1D:$9C80	A,X	A,P,X	$3E,$6FA0+X,$6FC0+X,$7000+X	
1D	9CB4	SynchronizeFollowerFacingForMapEvent	Direct ROM scan: JMP to fixed trampoline $C010		P		
1D	9CB7	HandlePairedMapTrigger	Pointer $1D:$B658 (128-entry low-half map-event handler table selected by event ID and dispatched at $98AD)	A	A,P		
1D	9CDD	RunMapEntityFormationStateMachine	Pointer $1D:$B65A (128-entry low-half map-event handler table selected by event ID and dispatched at $98AD)	A,X	A,P,X		$9E2D,$9E42
1D	9D29	TestMapFormationColumnOccupancy	Tail jump from $1D:$9D35	X	P,X		$9E42
1D	9D9D	CommitMapFormationStateBit02	Inline service continuation: Nested BRK service $1F,$CB followed by JMP $9E20 in the $9D99 event path		P		
1D	9E05	FinishMapFormationAnimation	Inline service continuation: Countdown/wait and clear loops after BRK service $05,$DF at $9E02, falling into decoded code at $9E20	A,Y	A,P,Y		
1D	9E2D	FindActiveEntityOnRow	Direct call from $1D:$9CEB; Direct call from $1D:$9CF1; Direct call from $1D:$9D10	A,X,Y	A,P,Y		
1D	9E42	FindActiveEntityInColumn	Direct call from $1D:$9D00; Direct call from $1D:$9D06; Direct call from $1D:$9D29	A,X,Y	A,P,Y		
1D	9E44	ScanActiveEntitiesInColumn	Tail jump from $1D:$9E50	A,X,Y	A,P,Y		
1D	9E53	RenderMapEntityFormationTiles	Direct ROM analysis: Coherent coordinate-driven map-event routine with local calls at $9F51/$9F79; Direct call from $1D:$9D45	X,Y	A,P,X,Y		$9F79
1D	9F51	PlaceMapFormationTile	Direct call from $1D:$9E9F; Direct call from $1D:$9EAC; Direct call from $1D:$9EBC; Direct call from $1D:$9ECA; Direct call from $1D:$9EDA; Direct call from $1D:$9EE8; Direct call from $1D:$9F05; Direct call from $1D:$9F13; Direct call from $1D:$9F22; Direct call from $1D:$9F2F; Direct call from $1D:$9F3E; Direct call from $1D:$9F4B	X,Y	A,P,X,Y		
1D	9F79	PlaceConditionalMapFormationTile	Direct call from $1D:$9E5B; Direct call from $1D:$9E67; Direct call from $1D:$9E73; Direct call from $1D:$9E80		P		
1D	9F8F	LoadMapEntityFormationTemplate	Direct ROM analysis: Coherent 24-byte graphics copy helper ending at RTS $9FB0; Direct call from $1D:$9D42		P,X,Y		
1D	9FF9	OperateColossusLever	Pointer $1D:$B65C (128-entry low-half map-event handler table selected by event ID and dispatched at $98AD)		P		
1D	A04E	CompleteMapTriggerSequence	Pointer $1D:$B65E (128-entry low-half map-event handler table selected by event ID and dispatched at $98AD)		P		
1D	A05D	RunFakePrincessThiefsKeyScene	Pointer $1D:$B660 (128-entry low-half map-event handler table selected by event ID and dispatched at $98AD)	A	A,P		
1D	A097	CopyEntityScriptPointersForScene	Pointer $1D:$B662 (128-entry low-half map-event handler table selected by event ID and dispatched at $98AD)	A,X,Y	A,P,X,Y	$7060+Y,$7080+Y	$A0A5,$A23A
1D	A0A5	CopyEntityScriptPointer	Direct call from $1D:$A0A0	A,X,Y	A,P	$7060+Y,$7080+Y	
1D	A0B3	RunFakePrincessImposterDialogue	Pointer $1D:$B664 (128-entry low-half map-event handler table selected by event ID and dispatched at $98AD)		P		
1D	A0C8	AnimateNineMapEffectPositions	Pointer $1D:$B666 (128-entry low-half map-event handler table selected by event ID and dispatched at $98AD)	A,X	A,P,X,Y	$54	
1D	A164	MovePlayerUpAndToggleFirstEntities	Pointer $1D:$B668 (128-entry low-half map-event handler table selected by event ID and dispatched at $98AD)	A,X	A,P,X	$3E,$45,$6F80,$7001+X	$A179,$C007
1D	A176	PropagateFollowerOffsetsAndToggleFirstEntities	Direct ROM scan: JSR to fixed trampoline $C007	A,X	A,P,X	$7001+X	$C007
1D	A179	ToggleFirstThreeEntityStateBits	Direct call from $1D:$A173	A,X	A,P,X	$7001+X	
1D	A18C	InitializeEntityDelayAndScriptTarget	Pointer $1D:$B66A (128-entry low-half map-event handler table selected by event ID and dispatched at $98AD)	A,X	A,P,X	$70A0+X,$70C0+X,$7180+X	$C891
1D	A1AF	TransferAndHideMapEntity	Direct call from $1D:$ACB1; Direct call from $1D:$B8B3; Pointer $1D:$800C (21-entry mixed map-event service directory)	A,X,Y	A,P,Y	$00,$6F61+Y,$6F66+X,$6F81+Y,$6F86+X,$6FA1+Y,$6FA6+X,$6FC1+Y,$6FC6+X,$6FE1+Y,$7001+Y,$7021+Y	
1D	A1F5	LoadMapEventProgressHighNibble	Pointer $1D:$B66C (128-entry low-half map-event handler table selected by event ID and dispatched at $98AD)	A	A,P		
1D	A1FD	LoadInvertedMapEventProgressBit	Pointer $1D:$B66E (128-entry low-half map-event handler table selected by event ID and dispatched at $98AD)	A	A,P		
1D	A204	ClearFirstThreeEntityDirections	Pointer $1D:$B670 (128-entry low-half map-event handler table selected by event ID and dispatched at $98AD)	A,X	A,P,X	$7000+X	
1D	A213	AssignEntityScriptOffsetAndStartScene	Pointer $1D:$B672 (128-entry low-half map-event handler table selected by event ID and dispatched at $98AD)	A,X,Y	A,P,X,Y	$0530,$0531,$0532,$0533,$7060+X,$7080+X	$98BD,$A21C
1D	A21C	AssignScriptToOpenEntityAndStartScene	Direct call from $1D:$A215	A,X,Y	A,P,X,Y	$0530,$0531,$0532,$0533,$7060+X,$7080+X	$98BD
1D	A23A	StartMapEventPresentation	Direct call from $1D:$9B54; Direct call from $1D:$A033; Direct call from $1D:$A099; Direct call from $1D:$A68B; Direct call from $1D:$A866; Direct call from $1D:$AA48; Direct call from $1D:$AA89; Direct call from $1D:$AE33; Direct call from $1D:$AFC2; Direct call from $1D:$B036; Direct call from $1D:$B1FA; Direct call from $1D:$B330; Direct call from $1D:$B495; Direct call from $1D:$B4B7; Direct call from $1D:$B5C7; Direct call from $1D:$B5F2; Direct call from $1D:$B607	A	A,P	$0530,$0531,$0532,$0533	
1D	A24C	SendPartyToJail	Pointer $1D:$B674 (128-entry low-half map-event handler table selected by event ID and dispatched at $98AD)		P		$995E
1D	A25A	LoadEventInteriorDestination	Pointer $1D:$8014 (21-entry mixed map-event service directory)		P		
1D	A27A	HandleEntityZeroCoordinateEvent	Pointer $1D:$B676 (128-entry low-half map-event handler table selected by event ID and dispatched at $98AD)	A,X	A,P,X		
1D	A2A8	HandleEntityZeroCoordinateEventAfterFlagTest	Inline service continuation: Conditional branch resumes after BRK service $0E,$EB,$04 at $A2A4	A	A,P	$51	
1D	A2AA	RunEntityZeroCoordinateEvent	Direct ROM analysis: Dormant event branch skipped by BRK service $0E,$EB at $A2A4; calls local helper $A2F3 and rejoins at $A296		P		
1D	A2F3	InitializeMapEventEntityBelowPlayer	Direct call from $1D:$A2CA; Direct call from $1D:$A2D0	A,X,Y	A,P	$6F60+X,$6F80+X,$6FA0+X,$6FC0+X,$7040+X	
1D	A30C	RenderMapEventEntitiesSevenAndEight	Pointer $1D:$B678 (128-entry low-half map-event handler table selected by event ID and dispatched at $98AD)	A,X	A,P,X,Y		$A313
1D	A313	RenderMapEventEntityAtCurrentCoordinates	Direct call from $1D:$A30E	A,X	A,P,X,Y		
1D	A321	RunStagedMapEventPresentation	Pointer $1D:$B67A (128-entry low-half map-event handler table selected by event ID and dispatched at $98AD)	A	A,P	$55,$56,$57,$58	
1D	A343	SetFirstThreeEntityDirectionsToThree	Pointer $1D:$B67C (128-entry low-half map-event handler table selected by event ID and dispatched at $98AD)	A,X	A,P,X	$7000+X	
1D	A352	TestEntityZeroAt0E_03ForEvent	Pointer $1D:$B67E (128-entry low-half map-event handler table selected by event ID and dispatched at $98AD)	A	A,P		
1D	A367	ActivateTriggeredSceneEntities	Pointer $1D:$B680 (128-entry low-half map-event handler table selected by event ID and dispatched at $98AD)	A,X	A,P,X	$6F41,$6F46,$6F47,$7046+X	
1D	A38E	InitializeMapEventSlot47AndSentinels	Pointer $1D:$B682 (128-entry low-half map-event handler table selected by event ID and dispatched at $98AD)	A	A,P	$054E,$054F,$6F47	
1D	A39D	SwapPlayerWithSelectedSceneEntity	Pointer $1D:$B684 (128-entry low-half map-event handler table selected by event ID and dispatched at $98AD)	A,X,Y	A,P,X,Y	$3E,$44,$45,$6F60,$6F80,$7000,$7000+X	
1D	A3DA	RandomizeOrHideSelectedMapEntity	Pointer $1D:$B686 (128-entry low-half map-event handler table selected by event ID and dispatched at $98AD)		P		
1D	A416	HandleDirectionalInputAndStartPresentation82	Pointer $1D:$B688 (128-entry low-half map-event handler table selected by event ID and dispatched at $98AD)	A,X	A,P,X	$0530,$0531,$0532,$0533,$6FE0,$7000	$A42F,$C8EC,$D7F1
1D	A42F	StartMapEventPresentation82	Direct call from $1D:$A42A	A	A,P	$0530,$0531,$0532,$0533	
1D	A443	HideMapEntityOne	Pointer $1D:$B68A (128-entry low-half map-event handler table selected by event ID and dispatched at $98AD)	A	A,P	$7021	
1D	A44D	CompleteMapEventAndClearPresentation	Pointer $1D:$B68C (128-entry low-half map-event handler table selected by event ID and dispatched at $98AD)		P		$B73E
1D	A45B	PromptSlotMachineAtMapTrigger	Pointer $1D:$B68E (128-entry low-half map-event handler table selected by event ID and dispatched at $98AD)	A	A,P		
1D	A4A8	RunKidnappedChildMotherReunion	Pointer $1D:$B690 (128-entry low-half map-event handler table selected by event ID and dispatched at $98AD)	A,X,Y	A,P,X,Y	$0530,$0531,$0532,$0533,$51,$6F61,$6F81,$7001	$A509,$A51F
1D	A509	SynchronizePlayerWithEntityZero	Direct call from $1D:$A4EB; Direct call from $1D:$B16B	A	A,P	$3E,$44,$45,$6F60,$6F80	
1D	A51F	ActivateEntityFromQueuedSlot	Direct call from $1D:$A4E8	A,X,Y	A,P,Y	$6F66+X,$6F86+X,$6FA6+X,$6FC6+X,$7021+Y	
1D	A53E	UpdateMapEventActorState	Pointer $1D:$B692 (128-entry low-half map-event handler table selected by event ID and dispatched at $98AD)	A	A,P		
1D	A549	TransferEntitySeventeenToSeven	Pointer $1D:$B694 (128-entry low-half map-event handler table selected by event ID and dispatched at $98AD)	A,X,Y	A,P,X,Y	$6F66+X,$6F66+Y,$6F86+X,$6F86+Y,$6FA6+X,$6FA6+Y,$6FC6+X,$6FC6+Y,$7046+X	
1D	A588	ActivateEntitiesFourThroughElevenAtRow19	Pointer $1D:$B696 (128-entry low-half map-event handler table selected by event ID and dispatched at $98AD)	A,X,Y	A,P,X,Y	$7046+X	
1D	A5A7	RunBurlandKingRewardRagnar	Pointer $1D:$B698 (128-entry low-half map-event handler table selected by event ID and dispatched at $98AD)	A,Y	A,P,X,Y		$995E
1D	A612	Bank1D_QueueExperienceDigitsUpdate	Direct call from $1D:$A5E7	A	A,P,X	$00,$01	$C662
1D	A64D	HandleMapEventSelection3D	Pointer $1D:$B69A (128-entry low-half map-event handler table selected by event ID and dispatched at $98AD)		P,X		
1D	A671	InitializeFourActorMapEvent	Pointer $1D:$B69C (128-entry low-half map-event handler table selected by event ID and dispatched at $98AD)	A,X	A,P,X	$0515,$7046+X,$70E6+X	$A23A
1D	A6D6	ClearSelectedEntityMovementState	Pointer $1D:$B69E (128-entry low-half map-event handler table selected by event ID and dispatched at $98AD)	A,X	A,P,X	$7040+X	
1D	A6DF	DispatchMapEntityEvent02	Pointer $1D:$B6A0 (128-entry low-half map-event handler table selected by event ID and dispatched at $98AD)		A,P		
1D	A6EA	RunEntityZeroInteractionAndHideEntity15	Pointer $1D:$B6A2 (128-entry low-half map-event handler table selected by event ID and dispatched at $98AD)	A	A,P	$7000	$995E
1D	A724	ActivateMapEntitiesElevenAndTwelve	Pointer $1D:$B6A4 (128-entry low-half map-event handler table selected by event ID and dispatched at $98AD)	A,X	A,P,X	$7046+X	
1D	A732	CompleteFakePrincessDeparture	Pointer $1D:$B6A6 (128-entry low-half map-event handler table selected by event ID and dispatched at $98AD)		P		$995E
1D	A765	ReserveEventTargetAtGateCoordinates	Pointer $1D:$B6A8 (128-entry low-half map-event handler table selected by event ID and dispatched at $98AD)		P		
1D	A7A4	SelectMapEventPartySlot	Direct call from $1D:$A07E; Direct call from $1D:$A790		A,P		
1D	A7B1	StartCoordinateTriggeredMapEffect	Pointer $1D:$B6AA (128-entry low-half map-event handler table selected by event ID and dispatched at $98AD)	A,X,Y	A,P,X,Y	$0527,$0593,$0594	
1D	A7E8	FinalizeGateMapEffectDirections	Inline service continuation: Nested service and entity-flag update path after BRK service $0E,$DB,$F7 at $A7E4	Y	P		
1D	A7F7	ClearMapEntityDirectionBits	Direct call from $1D:$A7F2	A,X	A,P	$7006+X	
1D	A801	TestFirstThreeEntitiesAboveRow19	Pointer $1D:$B6AC (128-entry low-half map-event handler table selected by event ID and dispatched at $98AD)		P		
1D	A817	ApplyCoordinateSelectedEntityDirection	Pointer $1D:$B6AE (128-entry low-half map-event handler table selected by event ID and dispatched at $98AD)		P		
1D	A858	StartPresentation84AndTransferEntityPairs	Pointer $1D:$B6B0 (128-entry low-half map-event handler table selected by event ID and dispatched at $98AD)		P		
1D	A874	AssignQueuedEntityScriptPointerAndActivate	Direct call from $1D:$A86D	A,X,Y	A,P	$7006+X,$7046+X,$7066+X,$7086+X	
1D	A893	TransferQueuedMapEventActors	Pointer $1D:$B6B2 (128-entry low-half map-event handler table selected by event ID and dispatched at $98AD)	A	A,P	$7000	
1D	A8CE	RunCristoAndBreyTournamentFarewells	Direct call from $1D:$A8C7	A	A,P,X		$995E,$D1F3
1D	A90D	TransferQueuedEntityToActiveSlot	Direct call from $1D:$A8B3; Direct call from $1D:$A8B8	A,X,Y	A,P,Y	$6F60+Y,$6F66+X,$6F80+Y,$6F86+X,$6FA0+Y,$6FA6+X,$6FC0+Y,$6FC6+X,$6FE6+X	
1D	A93B	RunEndorKingTournamentWelcome	Pointer $1D:$B6B4 (128-entry low-half map-event handler table selected by event ID and dispatched at $98AD)	A	A,P		$995E
1D	A968	AdvanceMapEventVariantAndReload	Pointer $1D:$B6B6 (128-entry low-half map-event handler table selected by event ID and dispatched at $98AD)	A	A,P		
1D	A97B	ReloadMapEventAroundRows08And0A	Direct call from $1D:$A951; Direct call from $1D:$A970; Pointer $1D:$8012 (21-entry mixed map-event service directory)	A,X	A,P,X,Y	$058E,$45	$D3E6
1D	A9A3	LoadMapEventVariantPointer	Pointer $1D:$B6B8 (128-entry low-half map-event handler table selected by event ID and dispatched at $98AD)	A,X,Y	A,P,X,Y	$059A,$059B	
1D	A9C1	ActivateMapEntitySix	Pointer $1D:$B6BA (128-entry low-half map-event handler table selected by event ID and dispatched at $98AD)	A,X	A,P,X	$7046+X	
1D	A9CA	ActivateMapEntitiesThirteenAndFourteen	Pointer $1D:$B6BC (128-entry low-half map-event handler table selected by event ID and dispatched at $98AD)	A,X	A,P,X	$7046+X	
1D	A9D8	RunAlenaTournamentVictory	Pointer $1D:$B6BE (128-entry low-half map-event handler table selected by event ID and dispatched at $98AD)	A	A,P	$7000	$995E
1D	AA1B	RunMapTransitionAndReturnEventResult	Direct call from $1D:$AA08; Direct call from $1D:$AB56	A	A,P	$0530	
1D	AA2A	AssignEntitySixScriptAndStartScene	Pointer $1D:$B6C0 (128-entry low-half map-event handler table selected by event ID and dispatched at $98AD)	A,X,Y	A,P,X,Y	$7040+X,$7060+X,$7080+X	$98BD,$A23A
1D	AA4D	ClearPresentationAndLoadSubmapZero	Pointer $1D:$B6C2 (128-entry low-half map-event handler table selected by event ID and dispatched at $98AD)	A	A,P	$0530	
1D	AA52	LoadEventReturnDestination	Pointer $1D:$8022 (21-entry mixed map-event service directory)		P		
1D	AA72	StartEntityEventAtPlayerRow0A	Pointer $1D:$B6C4 (128-entry low-half map-event handler table selected by event ID and dispatched at $98AD)	A,X,Y	A,P,X,Y	$7040+X,$71A0+X,$71C0+X	$A23A
1D	AA9F	SummonAlenaBackToSanteem	Pointer $1D:$B6C6 (128-entry low-half map-event handler table selected by event ID and dispatched at $98AD)	A	A,P	$059C	$995E
1D	AABF	RunMaraNaraPerformanceScene	Pointer $1D:$B6C8 (128-entry low-half map-event handler table selected by event ID and dispatched at $98AD)	A,X	A,P,X	$7000,$7000+X	$995E
1D	AAF6	RunMaraNaraRewardMorning	Pointer $1D:$B6CA (128-entry low-half map-event handler table selected by event ID and dispatched at $98AD)	A,X	A,P,X	$7000,$7006+X	$995E
1D	AB98	StartBalzackKeeleonConfrontation	Pointer $1D:$B6CC (128-entry low-half map-event handler table selected by event ID and dispatched at $98AD)	A,X	A,P,X	$6FE6+X,$7006+X	$D1F3
1D	ABC8	TransferEntityTwoToSix	Pointer $1D:$B6CE (128-entry low-half map-event handler table selected by event ID and dispatched at $98AD)	A,X	A,P,X	$6F62,$6F66+X,$6F82,$6F86+X,$6FA2,$6FA6+X,$6FC2,$6FC6+X,$7002,$7006+X,$7046+X	
1D	AC0B	ReloadMapEventAtArrivalPosition	Pointer $1D:$B6D0 (128-entry low-half map-event handler table selected by event ID and dispatched at $98AD)	A,X	A,P,X,Y	$058E,$3D,$44,$45	$D3E6
1D	AC60	IsPrimaryEventProgressSet	Pointer $1D:$B6D2 (128-entry low-half map-event handler table selected by event ID and dispatched at $98AD)		P		
1D	AC6A	HandleChapterThreeEntityRegion	Pointer $1D:$B6D4 (128-entry low-half map-event handler table selected by event ID and dispatched at $98AD)	A,X	A,P,X	$70E0+X	
1D	AC9A	RunTovObeysTaloonScene	Pointer $1D:$B6D6 (128-entry low-half map-event handler table selected by event ID and dispatched at $98AD)	A	A,P		$995E
1D	ACC8	IsSecondaryEventProgressSet	Pointer $1D:$B6D8 (128-entry low-half map-event handler table selected by event ID and dispatched at $98AD)		P		
1D	ACD2	TransferEntityOneToZero	Pointer $1D:$B6DA (128-entry low-half map-event handler table selected by event ID and dispatched at $98AD)	A,X	A,P,X	$6F66+X,$6F86+X,$6FA6+X,$6FC6+X,$6FE6+X,$7021	
1D	ACF5	IsAlternateEventBranchSet	Pointer $1D:$B6DC (128-entry low-half map-event handler table selected by event ID and dispatched at $98AD)		P		
1D	ACFF	RunTimedScenePositionTransition	Pointer $1D:$B6DE (128-entry low-half map-event handler table selected by event ID and dispatched at $98AD)	A	A,P	$44,$45,$62ED	$C5C5
1D	AD1A	StartDirectionalPresentation82	Pointer $1D:$B6E0 (128-entry low-half map-event handler table selected by event ID and dispatched at $98AD)	A,X	A,P,X	$0530,$0531,$0532,$0533,$0554,$0555	
1D	AD4C	ActivateMapEntitiesTwoThroughEight	Pointer $1D:$B6E2 (128-entry low-half map-event handler table selected by event ID and dispatched at $98AD)	A,X	A,P,X	$7046+X	
1D	AD73	ShowFixedFourSpriteMapEvent	Pointer $1D:$B6E4 (128-entry low-half map-event handler table selected by event ID and dispatched at $98AD)	A,X	A,P,X	$0200+X	$C543,$C90C,$DFF1,$E501
1D	AD9E	PromptMapButtonPress	Pointer $1D:$B6E6 (128-entry low-half map-event handler table selected by event ID and dispatched at $98AD)	A	A,P		
1D	ADD8	InitializeMapDecoderThenHideEntitySequence	Direct ROM scan: JSR to fixed trampoline $C016	X	P,X		$AE11,$C004,$C016
1D	ADDC	RunEntityHideScrollPulseSequence	Direct ROM scan: JSR to fixed trampoline $C004	X	P,X		$AE11,$C004
1D	AE0C	RestoreMapEventResultAndReturnClear	Inline service continuation: PLA/restore/return tail after BRK service $00,$DB,$7F at $AE08	A	A,P	$51	
1D	AE11	PulseVerticalScrollFromCounter	Direct call from $1D:$ADE1	A,X	A,P	$0509	$FF74
1D	AE31	StartMapEventPresentation8F	Pointer $1D:$B6E8 (128-entry low-half map-event handler table selected by event ID and dispatched at $98AD)		A,P		$A23A
1D	AE38	HandlePrimaryActorInteraction	Pointer $1D:$B6EA (128-entry low-half map-event handler table selected by event ID and dispatched at $98AD)	A	A,P		
1D	AE57	InitializeCoordinateSelectedPresentation	Pointer $1D:$B6EC (128-entry low-half map-event handler table selected by event ID and dispatched at $98AD)	A,X	A,P,X	$0530,$0531,$0532,$0533,$0563,$0564,$0565,$6C0C,$7046+X	
1D	AEBF	MarkAndRenderSelectedMapEntity	Pointer $1D:$B6EE (128-entry low-half map-event handler table selected by event ID and dispatched at $98AD)	A,Y	A,P,X,Y	$70E0+Y	
1D	AED3	ActivateMapEntityTwo	Pointer $1D:$B6F0 (128-entry low-half map-event handler table selected by event ID and dispatched at $98AD)	A,X	A,P,X	$7046+X	
1D	AEDC	RunSelectedEntityPhaseEffect	Pointer $1D:$B6F2 (128-entry low-half map-event handler table selected by event ID and dispatched at $98AD)	A,X	A,P,X		
1D	AF06	TransformCeliaIntoHero	Pointer $1D:$B6F4 (128-entry low-half map-event handler table selected by event ID and dispatched at $98AD)	A	A,P	$7000	$995E
1D	AF50	RenderSelectedMapEntityWithValue1E	Pointer $1D:$B6F6 (128-entry low-half map-event handler table selected by event ID and dispatched at $98AD)	Y	A,P,X,Y		
1D	AF5C	ResetMapEventAudio	Pointer $1D:$B6F8 (128-entry low-half map-event handler table selected by event ID and dispatched at $98AD)		P		
1D	AF61	StartFacingSelectedPresentation82	Pointer $1D:$B6FA (128-entry low-half map-event handler table selected by event ID and dispatched at $98AD)	A,X	A,P,X	$0530,$0531,$0532,$0533,$0563	
1D	AF85	IsPlayerAtSceneTrigger	Pointer $1D:$B6FC (128-entry low-half map-event handler table selected by event ID and dispatched at $98AD)	A	A,P		
1D	AF97	RunEnemyBackAttackAmbush	Pointer $1D:$B6FE (128-entry low-half map-event handler table selected by event ID and dispatched at $98AD)	A	A,P	$51	$B16B
1D	AFB8	StartDoublePhasePresentationAtRow05	Pointer $1D:$B700 (128-entry low-half map-event handler table selected by event ID and dispatched at $98AD)	A	A,P	$0531	$A23A
1D	AFCA	AlignSelectedEntityWithPlayerSide	Pointer $1D:$B702 (128-entry low-half map-event handler table selected by event ID and dispatched at $98AD)	A,X,Y	A,P,X,Y	$7000,$7000+X	
1D	B001	CopyQueuedEntityScriptPointersToActiveEntity	Direct call from $1D:$B023; Direct call from $1D:$B02A; Direct call from $1D:$B031	A,X,Y	A,P	$7060+X,$7080+X	
1D	B00F	AssignRegionalActorScriptsAndStartScene	Pointer $1D:$B704 (128-entry low-half map-event handler table selected by event ID and dispatched at $98AD)	A	A,P,X,Y		$A23A,$B001
1D	B03D	StartLighthouseEvilFireBattle	Pointer $1D:$B706 (128-entry low-half map-event handler table selected by event ID and dispatched at $98AD)		P		$995E
1D	B073	FinalizeMapEventInteraction	Pointer $1D:$B708 (128-entry low-half map-event handler table selected by event ID and dispatched at $98AD)	A	A,P	$0515	$C5C5
1D	B08F	SynchronizeEventActorFormation	Pointer $1D:$B70A (128-entry low-half map-event handler table selected by event ID and dispatched at $98AD)	A,X	A,P,X	$3E,$44,$45,$6F60+X,$6F80+X,$7000+X	
1D	B0CE	BlockTravelUntilJarItemsCollected	Pointer $1D:$B70C (128-entry low-half map-event handler table selected by event ID and dispatched at $98AD)		P		
1D	B0F6	RunPadequiaPartyReunionEvents	Pointer $1D:$B70E (128-entry low-half map-event handler table selected by event ID and dispatched at $98AD)		P		
1D	B16B	SynchronizeActiveEntitiesToTargets	Direct call from $1D:$9AE9; Direct call from $1D:$A019; Direct call from $1D:$A2AE; Direct call from $1D:$A33E; Direct call from $1D:$A47A; Direct call from $1D:$ADB5; Direct call from $1D:$AFA0; Direct call from $1D:$B0E2; Direct call from $1D:$B10A; Direct call from $1D:$B2A5; Direct call from $1D:$B490; Direct call from $1D:$B51F; Direct call from $1D:$B572	A,X	A,P,X	$6F60+X,$6F80+X,$7000+X	$A509
1D	B18D	StartFacingDependentActorPresentation	Pointer $1D:$B710 (128-entry low-half map-event handler table selected by event ID and dispatched at $98AD)	A	A,P		
1D	B1AC	RunDirectionalMapEventAndSetFlag19	Pointer $1D:$B712 (128-entry low-half map-event handler table selected by event ID and dispatched at $98AD)	A	A,P	$3D,$7000	$995E
1D	B1DA	StartDualRegionActorPresentation	Pointer $1D:$B714 (128-entry low-half map-event handler table selected by event ID and dispatched at $98AD)	A,X	A,P,X	$7046+X	$A23A
1D	B201	InitializeCoordinateSelectedMapEffect	Pointer $1D:$B716 (128-entry low-half map-event handler table selected by event ID and dispatched at $98AD)		P		
1D	B288	EnterRuvasZenithianArmorScene	Pointer $1D:$B718 (128-entry low-half map-event handler table selected by event ID and dispatched at $98AD)	A	A,P		$B16B
1D	B2AC	RunRuvasZenithianArmorDialogue	Inline service continuation: Nested BRK service $62,$23,$40 path restoring $51 and returning before entry $B2CD		P		
1D	B2CD	PositionSelectedEntityByFacing	Pointer $1D:$B71A (128-entry low-half map-event handler table selected by event ID and dispatched at $98AD)	A,X,Y	A,P,X,Y	$6F66+X,$6FA6+X,$7000+Y,$71A0+Y,$71C0+Y	
1D	B308	StartAlternateArrivalPresentation	Pointer $1D:$B71C (128-entry low-half map-event handler table selected by event ID and dispatched at $98AD)	A,X	A,P,X	$7046+X,$71A6+X,$71C6+X	$A23A
1D	B337	StartRowSelectedMapPresentation	Pointer $1D:$B71E (128-entry low-half map-event handler table selected by event ID and dispatched at $98AD)	A,X	A,P,X	$0530,$0531,$0532,$0533,$0563,$0564	
1D	B367	SetSelectedEntityPhaseForTile27	Pointer $1D:$B720 (128-entry low-half map-event handler table selected by event ID and dispatched at $98AD)	A,X	A,P,X	$7180+X	
1D	B377	EnterGardenburHostageScene	Pointer $1D:$B722 (128-entry low-half map-event handler table selected by event ID and dispatched at $98AD)	A	A,P	$6C0C	
1D	B3E9	RestoreSavedMapPresentationParameters	Direct call from $1D:$B3DA; Pointer $1D:$8016 (21-entry mixed map-event service directory)	A,X	A,P,X	$0554+X,$0558,$0559,$055A	
1D	B406	SetTransformedEntityDelayByRegion	Pointer $1D:$B724 (128-entry low-half map-event handler table selected by event ID and dispatched at $98AD)	A,X	A,P,X	$7180+X	
1D	B433	RunSaroEsturkRevivalAnnouncement	Pointer $1D:$B726 (128-entry low-half map-event handler table selected by event ID and dispatched at $98AD)	A	A,P		$995E
1D	B479	HandleSpecialActorLocation	Pointer $1D:$B728 (128-entry low-half map-event handler table selected by event ID and dispatched at $98AD)	A	A,P		
1D	B48C	StartPhaseFourPresentationForMovingEntities	Pointer $1D:$B72A (Ten-entry high-half map-event handler table selected by event ID and dispatched at $98BA)	A,X	A,P,X	$0531,$7046+X	$A23A,$B16B
1D	B4B1	RequireHeroWearingZenithianSet	Pointer $1D:$B72C (Ten-entry high-half map-event handler table selected by event ID and dispatched at $98BA)		A,P		$A23A
1D	B4E3	TestHeroHasItemEquipped	Direct call from $1D:$B4C3		P		$B4E7
1D	B4E7	RequireHeroHasItemEquipped	Direct call from $1D:$B4CA; Direct call from $1D:$B4CF; Direct call from $1D:$B4D4; Direct call from $1D:$B4D9; Direct call from $1D:$B4E3		P		
1D	B4F6	TransitionWhenSelectedEntityAdjacent	Pointer $1D:$B72E (Ten-entry high-half map-event handler table selected by event ID and dispatched at $98BA)	A,X	A,P,X	$51	$B16B
1D	B54E	ReviveLuciaAndReturnHerToZenithianCastle	Pointer $1D:$B730 (Ten-entry high-half map-event handler table selected by event ID and dispatched at $98BA)	A	A,P		
1D	B5D5	DispatchMapEntityEvent2A	Pointer $1D:$B732 (Ten-entry high-half map-event handler table selected by event ID and dispatched at $98BA)	A	A,P		
1D	B5E2	StartPresentationAtSceneTrigger	Pointer $1D:$B734 (Ten-entry high-half map-event handler table selected by event ID and dispatched at $98BA)	A	A,P		$A23A
1D	B5F9	StartMapTileEventPresentation	Pointer $1D:$B736 (Ten-entry high-half map-event handler table selected by event ID and dispatched at $98BA)	A	A,P		$A23A
1D	B60E	DispatchMapEntityEvent2BAndFinalize	Pointer $1D:$B738 (Ten-entry high-half map-event handler table selected by event ID and dispatched at $98BA)		A,P		
1D	B616	RunMapEventSpriteDescentAndReturn	Pointer $1D:$B73A (Ten-entry high-half map-event handler table selected by event ID and dispatched at $98BA)	A	A,P	$51	$B95C
1D	B61F	RunFourSpriteEffectAndReturnClear	Pointer $1D:$B73C (Ten-entry high-half map-event handler table selected by event ID and dispatched at $98BA)		P		$FDFB
1D	B73E	ApplyChapterMapEntityConfiguration	Direct call from $1D:$A44D; Pointer $1D:$800E (21-entry mixed map-event service directory)	A,X,Y	A,P,X,Y		
1D	B78A	ApplySpecialMapEntityConfiguration	Inline service continuation: Coherent map-event code resumes after BRK service $52,$73 at $B787 and rejoins decoded code at $B893	A,X,Y	A,P,X,Y		
1D	B8A2	TransferConfiguredMapEntity	Inline service continuation: Entity update and return-to-parser path after BRK service $0D,$87 at $B89F	A,X,Y	A,P,X,Y		$A1AF
1D	B904	CopyMapSpecificEntitySources	Pointer $1D:$8010 (21-entry mixed map-event service directory)	A,X,Y	A,P,X,Y	$6FE0+X,$7000+X	$D7F1
1D	B95C	RunMapEventSpriteDescentEffect	Direct call from $1D:$B616		P		
1D	B980	AdvanceMapEventSpriteDescent	Direct call from $1D:$B96E	A,Y	A,P,X,Y	$3E,$45,$5E,$5F,$60	$BB09,$BB3C,$C001,$C90C
1D	B99B	RenderMapEventSpriteDescentFrame	Direct ROM scan: JSR to fixed trampoline $C001	A,Y	A,P,X,Y	$3E,$45,$5E,$5F,$60	$BB09,$BB3C,$C001,$C90C
1D	B9D5	WaitForMapEventEffectIdle	Direct ROM analysis: WaitForNmi loop polling $0513 between the bounded delay table and entry $B9DE; Direct call from $1D:$B95F		A,P		$FF74
1D	B9DE	InitializeMapEventSpriteGraphics	Direct call from $1D:$B968	A,X,Y	A,P,X,Y	$02E0+X,$0300+Y,$0301+Y,$0302+Y,$0303+Y,$050B	$C62D
1D	BA1A	FinishMapEventSpriteGraphicsSetup	Inline service continuation: Sprite-command setup resumes after BRK service $09,$EF at $BA17 and rejoins decoded code at $BA60		A,P,X,Y		
1D	BA74	InitializeTwoMapEffectSpriteRows	Direct call from $1D:$BA57; Direct call from $1D:$BA5A; Direct call from $1D:$BA5D; Direct call from $1D:$BA60	A,Y	A,P,Y		$BA80
1D	BA80	InitializeFourMapEffectSprites	Direct call from $1D:$BA74; Direct call from $1D:$BA77	A,X,Y	A,P,X	$0200+X,$0201+X,$0202+X,$0203+X	
1D	BAEB	InitializeMapEventDescentState	Direct call from $1D:$B96B	A,X	A,P,X	$0520,$3D,$3E,$5E,$5F,$60,$7800+X	
1D	BB09	MoveMapEventSpritesDown	Direct call from $1D:$B99E	A,X	A,P,X	$0200+X	
1D	BB3C	QueueMapEventSpritePpuCommands	Direct call from $1D:$B9A1	A,X,Y	A,P,X,Y	$02F5+Y,$1F	$BB69
1D	BB69	AppendEightByteMapEventPpuCommand	Direct call from $1D:$BB46; Direct call from $1D:$BB4B; Direct call from $1D:$BB55; Direct call from $1D:$BB5A	A,X,Y	A,P,X,Y	$0300+Y,$0301+Y,$0302+Y,$0303+Y,$0304+Y,$0305+Y,$0306+Y,$0307+Y,$0308+Y,$0309+Y,$030A+Y,$050B	
1D	BBF4	UploadMapEventPatternPages	Pointer $1D:$800A (21-entry mixed map-event service directory)	A	A,P	$1F	$BC13,$BC5D,$BC9C,$C62D
1D	BC13	QueueFirstMapEventPatternPage	Direct call from $1D:$BBFA	A,X,Y	A,P,X,Y	$0300,$0301,$0302,$0303+X,$0304+X,$0305+X,$0306+X,$050B,$49,$4A	
1D	BC5D	QueueSecondMapEventPatternPage	Direct call from $1D:$BC06	A,X,Y	A,P,X,Y	$0300,$0301,$0302,$0303+X,$0304+X,$0305+X,$0306+X,$050B	
1D	BC9C	InitializeMapEventPatternPointer	Direct call from $1D:$BBF7	A	A,P	$49,$4A	
1D	BD69	QueueTileRowsWithoutAttributes	Pointer $1D:$8026 (21-entry mixed map-event service directory)	A	A,P	$1B	$BD87,$BDAF,$BDB8,$BDE0,$BF0A
1D	BD6D	QueueTileRowsToOppositeNametable	Pointer $1D:$8028 (21-entry mixed map-event service directory)	A	A,P	$1B	$BD87,$BDAF,$BDB8,$BDE0,$BF0A
1D	BD71	QueueTileRowsToCurrentNametable	Pointer $1D:$8024 (21-entry mixed map-event service directory)	A	A,P	$1B	$BD87,$BDAF,$BDB8,$BDE0,$BF0A
1D	BD87	ComputeVisibleTilePpuAddress	Direct call from $1D:$BD75	A,X	A,P,X	$00,$01,$1C	$C662
1D	BDAF	FlushPendingPpuCommands	Direct call from $1D:$BD78		A,P		$C62D
1D	BDB8	ComputeTileRowPpuSegmentWidths	Direct call from $1D:$BD7B	A	A,P	$01,$03,$16,$17	
1D	BDE0	QueueTilePpuRows	Direct call from $1D:$BD7E	A,Y	A,P,X,Y	$04,$17,$18,$19,$1C,$1D	$BE0F,$BE38,$BE8E
1D	BE0F	AppendPrimaryMapTilePpuSegment	Direct call from $1D:$BDEF; Direct call from $1D:$BDF5	A,X,Y	A,P,X,Y	$02,$0300+X,$050A,$050B	
1D	BE38	AppendWrappedMapTilePpuSegment	Direct call from $1D:$BDF2; Direct call from $1D:$BDF8	A,X,Y	A,P,X,Y	$02,$0300+X,$050A,$050B,$1C,$1D	
1D	BE8E	QueueDecodedMapTileValues	Direct call from $1D:$BE01	A,X	A,P,X	$04,$18,$19,$1A,$1C,$1D	$BEC4,$C6BF
1D	BEC4	AppendOrReplaceMapTilePpuWrite	Direct call from $1D:$BEAB	A,X	A,P,X	$0300+X,$0302+X,$050A,$050B	
1D	BF0A	CoalesceAdjacentTilePpuWrites	Direct call from $1D:$BD81	A,X,Y	A,P,X,Y	$0300+X,$0301+X,$0302+X,$0303+X,$04,$05,$050A,$050B,$0E,$0F	
1E	8090	RunFieldCommandMenu	Pointer $1E:$8028 (72-entry map and entity interaction service directory)		P		
1E	80BA	RunTalkCommand	Pointer $1E:$80AA (Eight interaction handlers dispatched by LDA $80AB,X/$80AA,X and RTS at $80A6 for selectors below $80; the first entry resumes at $80BA, the executed code that ends the table)	A,X,Y	A,P,X,Y	$059C,$51,$6FE0+X,$7000+X,$70E0+X	$8126,$81AE,$81B8,$BAEA,$C8CC,$D3E6,$D7FC,$FF74
1E	8126	FindInteractableEntityAtCoordinates	Direct call from $1E:$80C1; Direct call from $1E:$80E5	A,X	A,P,X		
1E	81AE	GetCoordinatesInFrontOfPlayer	Direct call from $1E:$80BE; Direct call from $1E:$83D9; Direct call from $1E:$BAD7; Direct call from $1E:$BB63	A,X	A,P,X	$51,$52	
1E	81B8	OffsetCoordinatesByFacing	Direct call from $1E:$80E2	A,X	A,P,X	$51,$52	
1E	81CD	RunSpellCommand	Pointer $1E:$80AC (Eight interaction handlers dispatched by LDA $80AB,X/$80AA,X and RTS at $80A6 for selectors below $80; the first entry resumes at $80BA, the executed code that ends the table)		P		
1E	81D1	RunStatusCommand	Pointer $1E:$80AE (Eight interaction handlers dispatched by LDA $80AB,X/$80AA,X and RTS at $80A6 for selectors below $80; the first entry resumes at $80BA, the executed code that ends the table)		P		
1E	8261	RunItemCommand	Pointer $1E:$80B0 (Eight interaction handlers dispatched by LDA $80AB,X/$80AA,X and RTS at $80A6 for selectors below $80; the first entry resumes at $80BA, the executed code that ends the table)		P		
1E	8265	RunEquipCommand	Pointer $1E:$80B2 (Eight interaction handlers dispatched by LDA $80AB,X/$80AA,X and RTS at $80A6 for selectors below $80; the first entry resumes at $80BA, the executed code that ends the table)		P		
1E	8308	PlayEquipJingleAndShowResult	Direct call from $1E:$829B; Direct call from $1E:$82BA; Direct call from $1E:$82D9; Direct call from $1E:$82F8	A	A,P	$F9	
1E	832D	ShowCannotEquipMessageAndWait	Direct call from $1E:$82A2; Direct call from $1E:$82C1; Direct call from $1E:$82E0; Direct call from $1E:$82FF	A	A,P	$F9,$FA	
1E	8340	RunSearchCommand	Pointer $1E:$80B8 (Eight interaction handlers dispatched by LDA $80AB,X/$80AA,X and RTS at $80A6 for selectors below $80; the first entry resumes at $80BA, the executed code that ends the table)		P		$B3FE,$C8CC
1E	8343	RunDoorCommand	Pointer $1E:$80B6 (Eight interaction handlers dispatched by LDA $80AB,X/$80AA,X and RTS at $80A6 for selectors below $80; the first entry resumes at $80BA, the executed code that ends the table)		P		
1E	8346	TryInstallFacingTileOverride	Pointer $1E:$806A (72-entry map and entity interaction service directory)	A	A,P		$835D,$83D9,$D1F3
1E	835D	InstallMapOverrideRecord	Direct call from $1E:$8356; Direct call from $1E:$8F5D; Direct call from $1E:$B331		P		
1E	83D9	GetFacingTileBehavior	Direct call from $1E:$8346; Direct call from $1E:$B35D; Direct call from $1E:$BAEE; Direct call from $1E:$BB0D; Pointer $1E:$8088 (72-entry map and entity interaction service directory)	A,X	A,P,X,Y		$81AE,$D3E6
1E	83EC	FindFreeMapOverrideRecord	Direct ROM analysis: Coherent entity-operation routine called from the nearby handler at $835D and branching to decoded code at $84B6; Direct call from $1E:$8366; Direct call from $1E:$83BA	A,X	A,P,X		
1E	83FE	RunTacticsCommand	Direct ROM analysis: Adjacent BRK-driven entity handler after RTS $83FD with local helper calls and branches to $84B6; Pointer $1E:$80B4 (Eight interaction handlers dispatched by LDA $80AB,X/$80AA,X and RTS at $80A6 for selectors below $80; the first entry resumes at $80BA, the executed code that ends the table)		P		
1E	84B6	WaitForFieldCommandInputAndExit	Direct call from $1E:$9C07; Direct call from $1E:$A418		P		$C8CC
1E	84BC	StartMapPresentationState	Direct call from $1E:$8494	A,X	P,X	$0530,$0531,$0532,$0533	
1E	84CC	QueryFieldCommandOptionByContext	Direct call from $1E:$8410; Direct call from $1E:$842D; Direct call from $1E:$8447; Direct call from $1E:$8461; Direct call from $1E:$8470	A,X	A,P,X		
1E	84DB	QueryFieldCommandCountBySaveState	Direct call from $1E:$8426; Direct call from $1E:$8440; Direct call from $1E:$845A		P		
1E	84F0	InitializeMapEntityFadeSequence	Pointer $1E:$8000 (72-entry map and entity interaction service directory)		P		
1E	84F3	AnimateMapEntityVisibility	Direct call from $1E:$8594	A,X	A,P,X	$3C,$55	$8547,$B157,$CBB4,$D542,$D7D5,$E06E,$FF74
1E	8547	HideMapEntitiesByPhaseMask	Direct call from $1E:$852A	A,X	A,P,X	$7020+X	$C007,$C010
1E	8554	SyncFollowerFacingPropagateOffsetsAndHideEntity	Direct ROM scan: JSR to fixed trampoline $C010	A,X	A,P,X	$7020+X	$C007,$C010
1E	8557	PropagateFollowerOffsetsAndHideEntity	Direct ROM scan: JSR to fixed trampoline $C007	A,X	A,P,X	$7020+X	$C007
1E	855A	SelectMapEntityForVisibility	Direct call from $1E:$86F9; Pointer $1E:$8008 (72-entry map and entity interaction service directory)	A,X	A,P,X	$7020+X	
1E	856E	SetMapEntityHidden	Direct call from $1E:$8591; Pointer $1E:$800A (72-entry map and entity interaction service directory)	A,X	A,P	$7020+X	
1E	8577	InitializeMapEntityTransition	Pointer $1E:$8010 (72-entry map and entity interaction service directory)		P		
1E	8589	PropagateOffsetsReconcilePartyAndResetMap	Direct ROM scan: JSR to fixed trampoline $C007	A	A,P,X	$0597,$3C	$84F3,$856E,$85A4,$C007,$C013
1E	858C	ReconcilePartyEntitiesAndResetMap	Direct ROM scan: JSR to fixed trampoline $C013	A	A,P,X	$0597,$3C	$84F3,$856E,$85A4,$C013
1E	85A4	ResetMapEntityTransitionState	Direct call from $1E:$8597	A,X,Y	A,P,X,Y	$060A,$42,$43,$6195,$6196,$6197,$6198,$65,$6F60,$6F61,$6F62,$6F63,$6F64,$6F65,$6F66,$6F67,$6F68,$6F69,$6F80,$6F81,$6F82,$6F83,$6F84,$6F85,$6F86,$6F87,$6F88,$6F89,$6FA1,$6FA2,$6FA3,$6FA4,$6FA5,$6FA6,$6FA7,$6FA8,$6FA9,$6FC1,$6FC2,$6FC3,$6FC4,$6FC5,$6FC6,$6FC7,$6FC8,$6FC9,$6FE9,$7007,$7008,$7009,$7029,$7169	$85EC,$9C51,$C5B9,$C5C5,$D804,$FF74
1E	85EC	AnimateMapEntityTransitionFrames	Direct call from $1E:$85E6; Direct call from $1E:$864C	A,X	A,P,X	$51,$6FE9,$7007+X	$C90C,$D804,$E06E
1E	861E	RestoreMapEntityTransitionState	Pointer $1E:$8030 (72-entry map and entity interaction service directory)	A	A,P,X	$060A,$6F87,$6F88,$6FE9,$7007,$7008,$7009,$7029,$7169	$85EC,$9C13,$C5B9,$D804,$FF74
1E	8676	AnimateMapEntityRevealSequence	Pointer $1E:$8036 (72-entry map and entity interaction service directory)		P		
1E	86AD	DispatchMapTransition	Pointer $1E:$805E (72-entry map and entity interaction service directory)		P		
1E	86DD	RefreshAndRenderMapEntities	Direct call from $1E:$8698; Direct call from $1E:$869B		P		$D7D5,$E06E
1E	86E6	HideMapEntitiesByAlternatePhaseMask	Direct call from $1E:$8695	A,X	A,P,X		$855A,$C007,$C010,$C013
1E	86F3	SyncFollowerFacingPropagateOffsetsAndSelectEntity	Direct ROM scan: JSR to fixed trampoline $C010		P		$855A,$C007,$C010,$C013
1E	86F6	PropagateFollowerOffsetsAndSelectEntity	Direct ROM scan: JSR to fixed trampoline $C007		P		$855A,$C007,$C013
1E	86FC	ReconcilePartyEntitiesForTransition	Direct ROM scan: JSR to fixed trampoline $C013		P		$C013
1E	8700	ToggleMapVehicleState	Pointer $1E:$8042 (72-entry map and entity interaction service directory)	A	A,P	$62AA	$894A,$8A0D,$90EF,$AABB,$C004,$C016,$FF74
1E	872C	InitializeMapDecoderAndRunTransition	Direct ROM scan: JSR to fixed trampoline $C016	A	A,P		$90EF,$AABB,$C004,$C016
1E	8730	RunMapTransitionRefreshSequence	Direct ROM scan: JSR to fixed trampoline $C004	A	A,P		$90EF,$AABB,$C004
1E	8795	LoadMapTransitionTileClass	Direct call from $1E:$8763	A	A,P,X,Y	$46	$8A68,$8A9A,$D3E6
1E	87AE	AnimateMapTransitionScroll	Direct call from $1E:$8743	A,X	A,P,X	$058E,$058F,$7B	$87D7,$880C,$8870,$8928,$C62D
1E	87D7	ShiftOamYForMapTransition	Direct call from $1E:$87CB	A,X,Y	A,P,X,Y	$0203+Y,$0508	
1E	880C	BuildMapTransitionPpuClearCommand	Direct call from $1E:$87C3	A,X,Y	A,P,X,Y	$00,$01,$0300+X,$0301+X,$0302+X,$0303+X,$0304+X,$0305+X,$0306+X,$050B	$C662
1E	8870	AdvanceMapTransitionScrollOffset	Direct call from $1E:$87BE	A,Y	A,P,Y	$0509	
1E	888A	ShiftOamXByTransitionDelta	Direct call from $1E:$8771; Direct call from $1E:$8916	A,X	A,P,X	$0200+X,$7D	
1E	88A2	AnimateVerticalMapTransition	Direct call from $1E:$8786	A,X	A,P,X	$45,$7B,$7C	$88EE
1E	88EE	RenderVerticalMapTransitionFrame	Direct call from $1E:$88C6	A,X,Y	A,P,X,Y	$3E	$888A,$8928,$C001,$FF74
1E	891C	RunMapTransitionFrame	Direct ROM scan: JSR to fixed trampoline $C001	A,X,Y	A,P,X,Y		$888A,$8928,$C001,$FF74
1E	8928	ClampAndShiftOamXByTransitionDelta	Direct call from $1E:$87C6; Direct call from $1E:$8919	A,X	A,P,X	$0200+X	
1E	894A	ResolveMapTransitionRecord	Direct call from $1E:$8703	A,X	A,P,X,Y	$49,$4A	$8986
1E	894C	ScanMapTransitionPointerTable	Tail jump from $1E:$895A	A,X	A,P,X,Y	$49,$4A	$8986
1E	896A	ScanMapTransitionRecords	Tail jump from $1E:$8983	A	A,P,X,Y	$49,$4A	$8986
1E	8986	ApplyMatchingMapTransitionRecord	Direct call from $1E:$896E; Direct call from $1E:$8975	A,X,Y	A,P,X,Y	$3D,$44,$45,$64,$7E,$7F	
1E	8A0D	FinalizeMapTransitionGraphics	Direct call from $1E:$8729		A,P		$8A68,$8A9A,$A800,$A84C,$DFF1,$FF74
1E	8A48	FinalizeMapTransitionDisplay	Direct call from $1E:$8789	A,Y	A,P,Y	$46,$57	$8A68,$8A9A,$A800,$A814,$A829,$A846
1E	8A68	LoadMapTransitionDisplayRecord	Direct call from $1E:$8799; Direct call from $1E:$8A11; Direct call from $1E:$8A4C	A,X	A,P,X	$03,$04,$07,$08,$46,$47,$57,$7140,$7141,$7142,$7143	
1E	8A9A	ApplyMapTransitionTileMask	Direct call from $1E:$879C; Direct call from $1E:$8A14; Direct call from $1E:$8A58	A,X,Y	A,P,X,Y	($07),Y,$04	$C81D
1E	8ABC	AnimateMapEntityOamFade	Direct call from $1E:$ADB3; Direct call from $1E:$AEE8; Direct call from $1E:$B00E	A,X	A,P,X	$51,$52,$53,$55	$8AFB,$C78C,$FF74
1E	8AFB	ShiftOneOamSpriteXForFade	Direct call from $1E:$8ADA; Direct call from $1E:$8ADD; Direct call from $1E:$8AE0; Direct call from $1E:$8AE3	A,Y	A,P,Y	$0200+Y	
1E	8B15	RunMapEntityWaveAnimation	Direct call from $1E:$ADA7		P		
1E	8B28	AnimateMapEntityWaveFromPhaseOne	Direct call from $1E:$8B21	A,X	A,P,X,Y	$51	$8B38
1E	8B2A	AnimateMapEntityWave	Direct call from $1E:$BAA6	A,X	A,P,X	$51	$8B38
1E	8B38	PulseMapEntityWaveScroll	Direct call from $1E:$8B31	A,Y	A,P	$0508+Y	$FF74
1E	8B4C	AnimateMapEntitySpriteWaveOut	Direct ROM analysis: Coherent map-animation routine family after the terminal JMP at $8B49, ending before lookup data at $8BCE; Direct call from $1E:$8B24	A,X	A,P,X	$51,$52,$7B+X	$8B6B,$8BAF,$FF74
1E	8B59	AnimateMapEntitySpriteWaveIn	Direct ROM analysis: Dormant LDA #$00 initializer skipped by the forced branch at $8B57; Direct call from $1E:$8B1B	A	A,P	$51,$52	$8B6B,$8BAF,$FF74
1E	8B6B	UpdateVisibleEntitySpriteWave	Direct call from $1E:$8B60	A,X	A,P,X		$8B81,$C78C
1E	8B81	ApplyEntitySpriteWaveOffset	Direct call from $1E:$8B7A	A,X,Y	A,P,X	$0200+Y,$0204+Y,$0208+Y,$020C+Y,$7B+X	
1E	8BAF	SetMapEntityWaveFrames16	Direct call from $1E:$8B5D	A	A,P	$51	
1E	8BB4	InitializeMapEntityWaveOffsets	Direct ROM analysis: Coherent map-animation table initializer after RTS $8BB3; loop ends at RTS $8BD0; Direct call from $1E:$8B18	A,X,Y	A,P,X,Y	$59+X,$7B+X	$C78C
1E	8C48	AnimateMapEntityOamSweepFirstPass	Direct call from $1E:$ADC9	A,X,Y	A,P,X,Y	$51,$53,$54,$55,$56,$57,$58	$8CAD,$8CE9,$C5BF,$C90C,$FF74
1E	8C51	AnimateMapEntityOamSweepSecondPass	Direct call from $1E:$AEDD	A,X,Y	A,P,X,Y	$51,$53,$54,$55,$56,$57,$58	$8CAD,$8CE9,$C5BF,$C90C,$FF74
1E	8C84	AnimateMapEntityOamSweepFromVisibleCount	Pointer $1E:$8060 (72-entry map and entity interaction service directory)	A,X,Y	A,P,X,Y	$51,$53	$8CAD,$FF74
1E	8CAD	UpdateMapEntityOamSweepFrame	Direct call from $1E:$8C9E	A,X,Y	A,P,X,Y	$0200+Y,$0204+Y,$0208+Y,$020C+Y,$52	$C78C
1E	8CE9	FillVisibleEntityOamWithSweepValue	Direct call from $1E:$8C5A	A,X,Y	A,P,X	$0200+Y,$0204+Y,$0208+Y,$020C+Y	$C78C
1E	8D0D	LoopMapEntityBlinkSequence	Pointer $1E:$807A (72-entry map and entity interaction service directory)		P,Y		$8D18,$8D2C
1E	8D0F	RunMapEntityBlinkLoop	Tail jump from $1E:$8D15		P		$8D18,$8D2C
1E	8D18	HideMapEntityAndRefreshScene	Direct call from $1E:$8D0F; Direct call from $1E:$8D4A	A,X,Y	A,P	$7020+X	
1E	8D2C	ShowMapEntityAndDelay	Direct call from $1E:$8D12	A,X,Y	A,P	$7020+X	
1E	8D5C	AnimateCaveOfBetrayalSpecialTile	Pointer $1E:$807E (72-entry map and entity interaction service directory)	A,X,Y	A,P,X,Y	$00,$03	$C73E,$C770
1E	8EC5	RefreshThenRunMapSceneTransition	Pointer $1E:$8002 (72-entry map and entity interaction service directory)		P		$959B
1E	8EC8	PrepareMapSceneTransition	Pointer $1E:$8064 (72-entry map and entity interaction service directory)		P		
1E	8ED6	RunMapSceneTransitionForValue	Pointer $1E:$803C (72-entry map and entity interaction service directory); Tail jump from $1E:$9080	A	P		
1E	8EE5	RunAlternateMapSceneTransition	Direct call from $1E:$8EDC; Direct call from $1E:$ADC6	A	P		
1E	8EEA	RunMapSceneTransition	Direct call from $1E:$86C8; Direct call from $1E:$86D1; Pointer $1E:$8062 (72-entry map and entity interaction service directory)	A	A,P	$0527,$41	$9083
1E	8F63	LoadTileBehaviorAtCoordinates	Direct call from $1E:$8F0C	A,X	A,P,X	$0541	$D3E6
1E	8F6B	CheckTileBehaviorWallCodes	Direct call from $1E:$8F21	A,X	A,P,X		
1E	8F7A	HideFirstSixMapEntitySprites	Direct call from $1E:$8F11	X	P,X		$8F85
1E	8F85	HideMapEntityOamSprites	Direct call from $1E:$8F7C	A,X,Y	A,P,X	$0200+Y,$0204+Y,$0208+Y,$020C+Y	$C78C
1E	8FA5	UpdateMapPartyStateWhenFlag40	Direct call from $1E:$8ECC		P,X		
1E	8FBB	UpdateMapPartySlots	Direct call from $1E:$9043	Y	P	$71	
1E	8FDF	RunMapSpecificPartyInteraction	Direct call from $1E:$8ECF	A	A,P		
1E	8FEB	MatchAndApplyMapEventTrigger	Direct call from $1E:$9140	A,X,Y	A,P,X,Y	$0530,$0531,$0532,$0533	
1E	906C	MatchAlternateMapEventTrigger	Direct call from $1E:$9143		P,X		
1E	907B	RefreshThenRunMapSceneTransitionForValue	Pointer $1E:$800C (72-entry map and entity interaction service directory)	A	A,P		$959B
1E	9083	PrepareMapSceneForDirection	Direct call from $1E:$8EF7; Direct call from $1E:$A47A; Pointer $1E:$8086 (72-entry map and entity interaction service directory)	A	A,P	$3D	$9090,$90C8
1E	9090	PrepareMapSceneWithCurrentMapDecoder	Direct ROM scan: JSR to fixed trampoline $C016; Direct call from $1E:$9088; Pointer $1E:$8034 (72-entry map and entity interaction service directory)		A,P		$C004,$C016,$C54E,$C5AF
1E	9097	PrepareMapSceneWithCurrentMapData	Direct ROM scan: JSR to fixed trampoline $C004		A,P		$C004,$C54E
1E	90A8	LoadCurrentMapTileClassAfterNmi	Pointer $1E:$8038 (72-entry map and entity interaction service directory)	A	A,P,X,Y	$46,$47	$90EF,$A16B,$C004,$C016,$D3E6,$FF74
1E	90AB	LoadCurrentMapTileClassWithDecoderRefresh	Direct ROM scan: JSR to fixed trampoline $C016	A	A,P,X,Y	$46,$47	$90EF,$A16B,$C004,$C016,$D3E6
1E	90AF	LoadCurrentMapTileClass	Direct ROM scan: JSR to fixed trampoline $C004	A	A,P,X,Y	$46,$47	$90EF,$A16B,$C004,$D3E6
1E	90C8	ApplyMapScenePathForSignedValue	Direct call from $1E:$908C; Direct call from $1E:$9147; Pointer $1E:$8078 (72-entry map and entity interaction service directory)	A	A,P	$0539	$90E2,$90EF,$958A,$AAB4,$ACEA,$C00A,$C54E,$E501
1E	90E2	SuspendAndRefreshMapRendering	Direct call from $1E:$90D2; Direct call from $1E:$90DB		P		$C5AF
1E	90EF	CopyPlayerCoordinatesToPrimaryEntity	Direct call from $1E:$8733; Direct call from $1E:$90B5; Direct call from $1E:$90C9	A	A,P	$6F60,$6F80,$6FA0,$6FC0	
1E	9100	InitializeMapScene	Pointer $1E:$801A (72-entry map and entity interaction service directory)		P		
1E	9155	HandleMapBoundaryTransition	Pointer $1E:$8004 (72-entry map and entity interaction service directory)	A,X,Y	A,P,X,Y	$44,$45,$6281,$64,$6F60+X,$6FA0+X,$EC	$91E1,$9290
1E	91E1	CheckMapCoordinateExclusionRecords	Direct call from $1E:$9161	A,X	A,P,X	$6F42	
1E	9290	ResolveMapBoundaryTransition	Direct call from $1E:$91A2	A	A,P		$C5C5
1E	92E3	InitializeMapAfterTransition	Direct call from $1E:$B02A; Pointer $1E:$807C (72-entry map and entity interaction service directory)	A	A,P		$92EC,$94A4,$94D7,$94FC,$951C,$C5BF
1E	92EC	ResetMapStateAfterTransition	Direct call from $1E:$92E3; Direct call from $1E:$AED7; Pointer $1E:$8066 (72-entry map and entity interaction service directory)	A	A,P	$62ED	
1E	9485	RunChapter3And5WorldMapEvents	Direct call from $1E:$984F; Direct call from $1E:$AEE0; Tail jump from $1E:$92E9	A	A,P		$94A4,$94D7,$94FC,$951C
1E	94A4	RunChapter3LaurentDeparture	Direct call from $1E:$949D		P		
1E	94D7	RunChapter3StromDeparture	Direct call from $1E:$94A0	A	A,P		
1E	94FC	RunChapter5PanonDeparture	Direct call from $1E:$9497		A,P		
1E	951C	RunChapter5HectorDeparture	Direct call from $1E:$9494		P		
1E	955F	RemoveLaurentFromParty	Direct call from $1E:$94C3; Pointer $1E:$8070 (72-entry map and entity interaction service directory)		P		
1E	9567	RemoveStromFromParty	Direct call from $1E:$94F5; Pointer $1E:$8072 (72-entry map and entity interaction service directory)		P		
1E	956F	RemovePanonFromParty	Direct call from $1E:$9515		P		
1E	9582	RemoveHectorFromParty	Direct call from $1E:$9558		P		
1E	958A	ResetMapDisplayAndMotionState	Direct call from $1E:$90DE; Direct call from $1E:$9465; Direct call from $1E:$A1CC; Pointer $1E:$8006 (72-entry map and entity interaction service directory)	A	A,P	$0539	$C00A,$C54E,$E501
1E	9592	RebuildViewportAndResetMapMotion	Direct ROM scan: JSR to fixed trampoline $C00A		P		$C00A,$E501
1E	959B	EnsureMapSceneInitialized	Direct call from $1E:$8EC5; Direct call from $1E:$907C		A,P		
1E	95A9	InitializeMapPartyEntityLayout	Direct call from $1E:$A465	A,X	A,P,X	$053A+X,$6FA0+X,$6FC0+X,$6FE1,$6FE2,$6FE3,$6FE4,$6FE5,$7000,$7020,$7020+X,$7021,$7022,$7023,$7024,$7025,$70E1,$70E2,$70E3,$70E4,$70E5	$95B7,$9648,$AAFF,$B157,$C58F
1E	95B7	BuildMapPartyEntityOrder	Direct call from $1E:$96BA; Direct call from $1E:$AB90; Direct call from $1E:$AC8F	A,X	A,P,X	$6FE0+X,$70E0+X	
1E	9627	IndexMapPartyEntitySlots	Direct call from $1E:$AC74	A,X,Y	A,P,X,Y	$053A+Y,$51	
1E	9648	RefreshFourMapPartyEntities	Direct call from $1E:$95A9; Direct call from $1E:$A211; Direct call from $1E:$ADE1; Direct call from $1E:$AE0D; Pointer $1E:$8032 (72-entry map and entity interaction service directory)		P,X		$966C,$C5AF
1E	966C	ResolveMapPartyEntityId	Direct call from $1E:$8FC2; Direct call from $1E:$8FCA; Direct call from $1E:$8FD8; Direct call from $1E:$964D; Direct call from $1E:$9655; Direct call from $1E:$965D; Direct call from $1E:$9665; Direct call from $1E:$97C2; Direct call from $1E:$97CF; Direct call from $1E:$97DC; Direct call from $1E:$97E9; Direct call from $1E:$9B53; Pointer $1E:$8046 (72-entry map and entity interaction service directory)	A,X	A,P		$AAFF
1E	96B1	AdjustMapPartyEntityId	Inline service continuation: Coherent map initialization code resumes after BRK service $29,$73 at $96AE and returns at $9798	A	A,P		
1E	96B7	InitializeMapPartyEntityState	Direct ROM analysis: Adjacent map-state initialization routine after RTS $96B6; calls the decoded service entry at $9799; Direct call from $1E:$9459	A,X,Y	A,P,X,Y	$6FE1,$6FE2,$6FE3,$6FE4,$6FE5,$6FE6,$6FE7,$6FE8,$6FE9,$6FEA,$6FEB,$6FEC,$6FED,$6FEE,$6FEF,$6FF0,$6FF1,$7000+X,$7020+X,$7026,$7027,$7028,$7029,$702A,$702A+X,$702B,$702C,$702D,$702E,$702F,$7030,$7031,$7160+X	$95B7,$9799
1E	9799	InitializeMapPartyEntitySprites	Direct call from $1E:$96B7; Direct call from $1E:$A203; Direct call from $1E:$AE07; Pointer $1E:$8020 (72-entry map and entity interaction service directory)		P		
1E	97B8	RefreshActiveMapPartyEntities	Direct call from $1E:$848B; Direct call from $1E:$957C; Direct call from $1E:$9821; Direct call from $1E:$9E76; Direct call from $1E:$B074; Pointer $1E:$8076 (72-entry map and entity interaction service directory)	X	A,P,X		$966C,$AB6B
1E	97F5	RenderFourMapPartyEntities	Direct call from $1E:$A217; Direct call from $1E:$ADE4; Direct call from $1E:$AE10		P,X		$D804
1E	980E	RenderIndexedMapPartyEntityAndWait	Direct call from $1E:$9B5B; Pointer $1E:$804C (72-entry map and entity interaction service directory)	Y	P,X		$D804
1E	9817	ClearTransformStateAndRefreshPartyEntities	Direct call from $1E:$8ED2; Direct call from $1E:$92F9	A	A,P	$6296	$97B8
1E	9825	ClearAllPartyTransformFlags	Direct call from $1E:$8EDF	A,X	A,P,X		$991F
1E	9846	OpenFieldMessageWindowForInteraction	Direct call from $1E:$94BD; Direct call from $1E:$94EF; Direct call from $1E:$9507; Direct call from $1E:$9552; Direct call from $1E:$9B6E; Direct call from $1E:$9D71		P		
1E	984C	UpdateMapPartyEntityScene	Pointer $1E:$802C (72-entry map and entity interaction service directory)	A,X	A,P,X	$0518,$51,$52,$53,$60,$70	$9485,$9902,$9956,$997F,$9A30,$9A3C,$9A46,$9A52,$9A60,$9A85,$9ACA,$9B08,$9B1C,$9E6B
1E	9902	RandomlyClearPartyTransformFlag	Direct call from $1E:$98DB	A,X	A,P,X		$991F,$C891
1E	991F	ClearPartyTransformFlagAndHideEntity	Direct call from $1E:$983B; Direct call from $1E:$9915	A,X	A,P	$6BE7+X	
1E	9939	InitializeAuxiliaryMapEntitySlot	Direct call from $1E:$98A1; Direct call from $1E:$98AD	A,X,Y	A,P,Y	$6F6A+Y,$6F8A+Y,$6FAA+Y,$6FCA+Y,$6FE9+Y,$700A+Y,$702A+Y	
1E	9956	ClearVehicleFlagWhenNoMatchingTileBehavior	Direct call from $1E:$98BE	A,X,Y	A,P,X,Y	$627F	
1E	997F	LoadPartyTileBehaviors	Direct call from $1E:$98BB	A,X,Y	A,P,X,Y	$0054+Y,$58,$59	$B157
1E	99BD	InitializeActiveMapEntitySubset	Pointer $1E:$800E (72-entry map and entity interaction service directory)	A,X,Y	A,P,X,Y	$053E+X,$053E+Y,$0542,$51,$52,$53,$70	$966C,$99E1,$9A85,$AB6B,$B157
1E	99E1	ClassifyPartyEntityForMapDisplay	Direct call from $1E:$99D5; Direct call from $1E:$99D8	A,X,Y	A,P,X,Y	$52,$53,$627F,$6F	$B157
1E	9A30	ApplyPrimaryMapEntityCount	Direct call from $1E:$98ED	A	A,P	$6F	$B157
1E	9A3C	IncrementPrimaryCountForFlag02	Direct call from $1E:$98DE	A,X	A,P	$51	
1E	9A46	ApplySecondaryMapEntityCount	Direct call from $1E:$98F0	A	A,P	$6F	$B157
1E	9A52	IncrementSecondaryCountForFlag04	Direct call from $1E:$98E1	A,X	A,P	$52	
1E	9A60	CountMapEntityDisplayClass	Direct call from $1E:$98E4	A,X	A,P	$52,$53	
1E	9A85	RunMapPartyPresentationByClass	Direct call from $1E:$98FB; Direct call from $1E:$99DB	A,X,Y	A,P,X,Y	$05FD+X	$C5B9,$FF74
1E	9ACA	AccumulateMapEntityClassCounts	Direct call from $1E:$98E7	A,X	A,P	$52,$53,$60,$627F	
1E	9B08	ApplyMapEntityClass4Flag	Direct call from $1E:$98EA	A,X	A,P		$B157
1E	9B1C	ReportPartyDefeatAndPresentEligibleMembers	Direct call from $1E:$98FE; Tail jump from $1E:$99DE	A,X,Y	A,P,X,Y	$053E+X,$053E+Y,$0542,$51	$966C,$AB6B,$B157
1E	9C13	UpdateSpecialTilesetCandidateAtWorldRegion	Direct call from $1E:$861E; Pointer $1E:$805C (72-entry map and entity interaction service directory); Tail jump from $1E:$85E9	A,X,Y	A,P,X,Y	$42,$43,$6195,$6196,$6197,$6198,$65,$6F60,$6F61,$6F62,$6F63,$6F64,$6F65,$6F66,$6F67,$6F68,$6F69,$6F80,$6F81,$6F82,$6F83,$6F84,$6F85,$6F86,$6F87,$6F88,$6F89,$6FA1,$6FA2,$6FA3,$6FA4,$6FA5,$6FA6,$6FA7,$6FA8,$6FA9,$6FC1,$6FC2,$6FC3,$6FC4,$6FC5,$6FC6,$6FC7,$6FC8,$6FC9	$9C51,$C5C5
1E	9C51	ActivateSpecialTilesetAndRecenterEntities	Direct call from $1E:$9C31	A,X,Y	A,P,Y	$42,$43,$6195,$6196,$6197,$6198,$62E5,$62E6,$65,$6F60,$6F61,$6F62,$6F63,$6F64,$6F65,$6F66,$6F67,$6F68,$6F69,$6F80,$6F81,$6F82,$6F83,$6F84,$6F85,$6F86,$6F87,$6F88,$6F89,$6FA1,$6FA2,$6FA3,$6FA4,$6FA5,$6FA6,$6FA7,$6FA8,$6FA9,$6FC1,$6FC2,$6FC3,$6FC4,$6FC5,$6FC6,$6FC7,$6FC8,$6FC9	$C5C5
1E	9D05	RunBreyAndCristoJoinPartyScene	Direct call from $1E:$98B3	A,X	A,P,X	$7000,$700A,$700B	$9D8A,$9D93,$9E08
1E	9D8A	LoopMapEntityTargetAnimation	Direct call from $1E:$9D08; Tail jump from $1E:$9D90		P		$9D93,$9DA2
1E	9D93	AdvanceAndRenderMapEntityFrame	Direct call from $1E:$9D0F; Direct call from $1E:$9D8D		P	$3C	$CBB4,$D7D5,$E06E,$FF74
1E	9D96	RenderMapEntityFrameAndAdvancePhase	Direct call from $1E:$9E36		P	$3C	$CBB4,$D7D5,$FF74
1E	9DA2	AdvanceMapEntityTargets0AAnd0B	Direct call from $1E:$9D8A	A	A,P,X		$9DBD
1E	9DBD	MoveMapEntityTowardTarget	Direct call from $1E:$9DAA; Direct call from $1E:$9DB0	A,X,Y	A,P,X,Y	$51,$6F60+X,$6F80+X,$7000+X	$DC4B
1E	9E08	ComputeTwoForwardMapEntityTargets	Direct call from $1E:$9D05	A,X	A,P,X	$71AA,$71AB,$71CA,$71CB	
1E	9E2F	RenderTwentyThreeMapEntityFrames	Direct call from $1E:$98A4; Direct call from $1E:$98B0		P		
1E	9E3F	ResolveChapterMapServiceIndex	Direct call from $1E:$950A; Direct call from $1E:$9BED; Direct call from $1E:$B136; Pointer $1E:$8016 (72-entry map and entity interaction service directory)	A,X	A,P,X	$00	
1E	9E6B	AdvanceTransformCountdown	Direct call from $1E:$984C	X	P,X	$6296	$97B8
1E	9E7A	FindHeroPartyOrdinalOrFallback	Direct call from $1E:$A640		A,P		
1E	9E8C	SetMapTileAndRefreshRegion	Direct call from $1E:$8363; Direct call from $1E:$8398; Direct call from $1E:$83A2; Direct call from $1E:$83AC; Direct call from $1E:$83B7; Direct call from $1E:$B9C0; Direct call from $1E:$B9C9; Direct call from $1E:$BA2D; Direct call from $1E:$BA39; Pointer $1E:$8012 (72-entry map and entity interaction service directory); Tail jump from $1E:$B804	A,X	A,P,X,Y	$00,$01,$02,$5F,$60	$9E92,$9F40,$C727
1E	9E92	SetMapTileAtCoordinates	Direct call from $1E:$9E8C	A,Y	A,P	($04),Y	$9EA2
1E	9EA2	ResolveMapTilePointer	Direct call from $1E:$9E93	A,X,Y	A,P,X,Y	$02,$03,$04,$05	$C813,$C81D,$C827
1E	9EC4	RefreshChangedMapTileIfVisible	Tail jump from $1E:$9E8F	A,X	A,P,X,Y	$00,$01,$02,$5F,$60	$9F40,$C727
1E	9F40	QueueNextMapTileUpdate	Direct call from $1E:$9F21; Direct call from $1E:$9F26; Direct call from $1E:$9F2D; Direct call from $1E:$9F32	Y	A,P,Y		
1E	9F47	RebuildMapTileUsageAndOverrides	Pointer $1E:$8022 (72-entry map and entity interaction service directory)	A,X,Y	A,P,X,Y	($49),Y,$00,$01,$02+Y,$05,$0572,$06,$07,$49,$4A,$6E5E+X	$A046,$E66F,$E67B
1E	A02E	ReserveMapTileDefinitionSlot	Direct call from $1E:$8751	A,X	A,P,X	$0572,$6E5E+X	
1E	A046	BuildMapTileUsageMap	Direct call from $1E:$9F48; Direct call from $1E:$A1E8; Pointer $1E:$803A (72-entry map and entity interaction service directory)	A,X,Y	A,P,X,Y	$49,$4A,$6E5E+X	$C81D,$C827
1E	A0A7	ApplyMapOverrideRecords	Pointer $1E:$8040 (72-entry map and entity interaction service directory)		P		$A0B1,$A155
1E	A0B1	ScanMapTilesForOverrideRecords	Direct call from $1E:$A0AA	A,X,Y	A,P,X,Y	$49,$4A	$A13A,$A145,$C807
1E	A0C5	AdvanceReverseMapTileScan	Tail jump from $1E:$A137	A,X,Y	A,P,X,Y	$49,$4A	$A13A,$A145,$C807
1E	A13A	DecrementMapDataPointer	Direct call from $1E:$A10E; Direct call from $1E:$A12B	A	A,P	$49,$4A	
1E	A145	ApplyMapOverrideTileBits	Direct call from $1E:$A0F8; Direct call from $1E:$A10B; Direct call from $1E:$A111; Direct call from $1E:$A128; Direct call from $1E:$A12E	A,X,Y	A,P	($49),Y	
1E	A155	ComputeMapDataEndPointer	Direct call from $1E:$A0A7; Direct call from $1E:$A184	A	A,P,X,Y	$49,$4A	$C827
1E	A16B	ApplyBehavior4MapTileOverrides	Direct call from $1E:$875A; Direct call from $1E:$90B2; Pointer $1E:$8052 (72-entry map and entity interaction service directory)	A,X,Y	A,P,X,Y	($4B),Y,$00,$4B,$4C,$7837	$A155,$B3ED
1E	A19F	AdvanceMapTileOverrideScan	Tail jump from $1E:$A1C6	A,X,Y	A,P,X,Y	($4B),Y,$00,$4B,$4C	$B3ED
1E	A1C9	ReinitializeMapDisplayState	Direct call from $1E:$B877; Pointer $1E:$802A (72-entry map and entity interaction service directory)		P		$958A,$A1D2
1E	A1D2	RebuildMapDisplayAndPartyEntities	Direct call from $1E:$A1C9; Pointer $1E:$803E (72-entry map and entity interaction service directory)	A	A,P	$0553,$6BDE	$A046,$C54E,$C5AF,$C5C5
1E	A232	BuildMapPresentationMask	Direct call from $1E:$849D; Direct call from $1E:$9B71; Direct call from $1E:$A21D; Direct call from $1E:$A470; Pointer $1E:$808A (72-entry map and entity interaction service directory)	A	A,P	$0599	
1E	A25C	UpdateMapPaletteForTimeOfDay	Pointer $1E:$8026 (72-entry map and entity interaction service directory)	A,X	A,P,X	$16	$A289
1E	A280	BuildMapPaletteAndRequestUpdate	Direct call from $1E:$A209; Pointer $1E:$8054 (72-entry map and entity interaction service directory)		P		$A296
1E	A289	BuildMapPaletteAndStoreLeadColor	Direct call from $1E:$9456; Direct call from $1E:$A276		P		$A296
1E	A296	CopySelectedMapPaletteRow	Direct call from $1E:$A280; Direct call from $1E:$A289	A,X,Y	A,P,X,Y	$05FD+X	$A2A8
1E	A2A8	SelectMapPaletteRow	Direct call from $1E:$A296; Pointer $1E:$805A (72-entry map and entity interaction service directory)	A,X,Y	A,P,X,Y	$05FD	
1E	A34F	InitializeChapterMapState	Pointer $1E:$8018 (72-entry map and entity interaction service directory)		P		$A684,$A690
1E	A3BA	EnterFieldAndShowResumeMessage	Pointer $1E:$8044 (72-entry map and entity interaction service directory)	A,X	A,P		$A615
1E	A447	TestPrimaryMapStateBits	Direct call from $1E:$A42C; Direct call from $1E:$A43C	A	A,P		
1E	A44D	TestSecondaryMapStateBits	Direct call from $1E:$A424; Direct call from $1E:$A434	A	A,P		
1E	A461	EnterChapterMapScene	Direct call from $1E:$A3C9	A	A,P	$41	$95A9
1E	A480	DispatchChapterMapHandler	Direct call from $1E:$A38B	A,X	A,P,X	$00,$01,$6290	
1E	A4A3	InitializeChapter1MapPresentation	Pointer $1E:$A499 (Five-entry chapter map-interaction handler table selected by SaveCurrentChapterMinus1 and dispatched at $A496)		A,P,X,Y		$A547
1E	A4B3	InitializeChapter2MapPresentation	Pointer $1E:$A49B (Five-entry chapter map-interaction handler table selected by SaveCurrentChapterMinus1 and dispatched at $A496)	A	A,P,X,Y	$6282	$A547
1E	A4C4	InitializeChapter3MapPresentation	Pointer $1E:$A49D (Five-entry chapter map-interaction handler table selected by SaveCurrentChapterMinus1 and dispatched at $A496)	A	A,P,X,Y	$6282	$A547
1E	A4D5	InitializeChapter4MapPresentation	Pointer $1E:$A49F (Five-entry chapter map-interaction handler table selected by SaveCurrentChapterMinus1 and dispatched at $A496)		P		$C54E
1E	A4F5	InitializeSpecialMapEntitiesWhenTimeUnset	Direct call from $1E:$A3CC	A,X	A,P,X	$6FE0,$6FE6+X	
1E	A536	InitializeChapter5MapPresentation	Pointer $1E:$A4A1 (Five-entry chapter map-interaction handler table selected by SaveCurrentChapterMinus1 and dispatched at $A496)	A	A,P,X,Y	$6282	$A547
1E	A547	InitializeChapterMapPresentation	Direct call from $1E:$A4A9; Direct call from $1E:$A4B9; Direct call from $1E:$A4CA; Direct call from $1E:$A53C; Direct call from $1E:$A651	A,X,Y	A,P		$C54E
1E	A567	SetMapPresentationState	Direct call from $1E:$A52D	A	A,P	$0530,$0531,$0532,$0533	
1E	A578	LoadChapterMapStartRecord	Direct call from $1E:$A391	A,X	A,P,X	$44,$45,$618F,$63,$64	
1E	A5AD	ClearMapSessionState	Direct call from $1E:$A3C6	A,X	A,P,X	$0513,$0515,$0526,$0532,$0533,$0539,$058E,$058F,$3C,$3E,$6BDE,$6BEB,$6E05,$6E31+X,$6E41,$6E42	
1E	A615	ClearMapOverrideRecords	Direct call from $1E:$930E; Direct call from $1E:$A3BD; Direct call from $1E:$A45B	A,X	A,P,X	$6C0B+X	
1E	A620	RunConditionalChapterMapInitialization	Pointer $1E:$8068 (72-entry map and entity interaction service directory)		P		
1E	A65A	FinalizeChapterMapInitialization	Direct call from $1E:$A669; Direct call from $1E:$A678	A	A,P,X	$0530	$A690
1E	A684	ComputeChapterMapRecordIndex	Direct call from $1E:$A3A1; Direct call from $1E:$A657	A	A,P,X		
1E	A690	LoadChapterMapPositionRecord	Direct call from $1E:$A3A4; Direct call from $1E:$A65A	A,X,Y	A,P,X,Y	$3D,$44,$45,$51,$52,$6195,$6196,$6197,$6198,$63,$64,$65	$C827
1E	A73F	FindCurrentChapterMapRecord	Pointer $1E:$806E (72-entry map and entity interaction service directory)	A,X,Y	A,P,X,Y	$6290	
1E	A7E5	RunFullMapRedrawPipeline	Pointer $1E:$8014 (72-entry map and entity interaction service directory)		A,P		$A800,$A809,$A814,$A829,$A846,$A84C,$A99B,$AAB4,$DFF1,$FF74
1E	A800	FlushPendingMapPpuCommands	Direct call from $1E:$8A20; Direct call from $1E:$8A64; Direct call from $1E:$A7F1		A,P		$A99B
1E	A809	SubmitMapPpuCommandsAndWait	Direct call from $1E:$A7E5		A,P		$C626
1E	A814	RunForwardMapRedrawScan	Direct call from $1E:$8A5B; Direct call from $1E:$A7E8		P		$A861,$A8CE,$A8D5,$A938,$A994,$A9E6
1E	A817	RunForwardMapRedrawLoop	Tail jump from $1E:$A826		P		$A8CE,$A8D5,$A938,$A994,$A9E6
1E	A829	RunAlternatingMapRedrawScan	Direct call from $1E:$8A5E; Direct call from $1E:$A7EB		P		$A881,$A8CE,$A8D5,$A909,$A938,$A994,$A9EE
1E	A82C	RunAlternatingMapRedrawLoop	Tail jump from $1E:$A843; Tail jump from $1E:$A849		P		$A8CE,$A8D5,$A909,$A938,$A994,$A9EE
1E	A846	RunReverseMapRedrawScan	Direct call from $1E:$8A61; Direct call from $1E:$A7EE		P		$A887,$A8CE,$A8D5,$A909,$A938,$A994,$A9EE
1E	A84C	RunCenteredMapRedrawScan	Direct call from $1E:$8A1D; Direct call from $1E:$A7FD		P		$A8AA,$A8CE,$A909,$A938,$A994,$A9B7
1E	A84F	RunCenteredMapRedrawLoop	Tail jump from $1E:$A85E		P		$A8CE,$A909,$A938,$A994,$A9B7
1E	A861	InitializeForwardMapRedrawScan	Direct call from $1E:$A814	A	A,P	$00,$01,$51,$52,$53,$54,$55	$C662
1E	A881	InitializeOffsetMapRedrawScan	Direct call from $1E:$A829	A,X	A,P,X	$00,$01,$51,$53,$54,$55	$C662
1E	A887	InitializeReverseMapRedrawScan	Direct call from $1E:$A846	A,X	A,P,X	$00,$01,$51,$53,$54,$55	$C662
1E	A8AA	InitializeCenteredMapRedrawScan	Direct call from $1E:$A84C	A	A,P	$00,$01,$51,$52,$53,$54,$55	$C662
1E	A8CE	LoadMapTileAtRedrawCoordinates	Direct call from $1E:$A817; Direct call from $1E:$A82C; Direct call from $1E:$A84F		P,X,Y		
1E	A8D5	TestForwardMapRedrawTilePreserveA	Direct call from $1E:$A81A; Direct call from $1E:$A82F	A	A,P		$A8DB
1E	A8DB	TestForwardMapRedrawTile	Direct call from $1E:$A8D6	A	A,P		
1E	A909	TestReverseMapRedrawTilePreserveA	Direct call from $1E:$A837; Direct call from $1E:$A852	A	A,P		$A90F
1E	A90F	TestReverseMapRedrawTile	Direct call from $1E:$A90A	A	A,P		
1E	A938	QueueMapRedrawTileCommand	Direct call from $1E:$A81D; Direct call from $1E:$A832; Direct call from $1E:$A83A; Direct call from $1E:$A855	A,X,Y	A,P,Y	$0300+Y,$0301+Y,$0302+Y,$0303+Y,$0304+Y,$0305+Y,$0306+Y,$0307+Y,$0308+Y,$050A,$050B	$A980,$D4F3
1E	A980	ResolveMapRedrawTileValue	Direct call from $1E:$A964	A,X	A,P,X	$1C,$1D	$C6BF
1E	A994	FlushMapPpuBufferAtTwelveCommands	Direct call from $1E:$A820; Direct call from $1E:$A83D; Direct call from $1E:$A858	A	A,P	$1F	$FF74
1E	A99B	ForceMapPpuBufferFlush	Direct call from $1E:$A805	A	A,P	$1F	$FF74
1E	A9B7	AdvanceAlternatingMapRedrawPosition	Direct call from $1E:$A85B	A	A,P	$51,$52,$55	$A9F6
1E	A9E6	AdvanceForwardMapRedrawPosition	Direct call from $1E:$A823	A	A,P	$51,$52,$55	$A9F6
1E	A9EE	AdvanceCenteredMapRedrawPosition	Direct call from $1E:$A840		A,P	$55	$A9F6
1E	A9F6	AdvanceMapRedrawCoordinate	Direct call from $1E:$A9B7; Direct call from $1E:$A9E6; Direct call from $1E:$A9EE	A,X	A,P,X	$1C,$1D,$53,$54	
1E	AAB4	SetPrimaryEntityDirectionAndSyncPartyCoordinates	Direct call from $1E:$90CF; Direct call from $1E:$9462; Direct call from $1E:$A7F4; Pointer $1E:$801C (72-entry map and entity interaction service directory)	A,X,Y	A,P,X,Y	$059E,$46,$6F60+X,$6F80+X,$6FA0+X,$6FC0+X,$7000,$7020+Y,$7140+X,$7140+Y	$AB6B,$ACD9,$B157,$C010,$D3E6
1E	AABB	StorePrimaryEntityDirectionAndSyncPartyCoordinates	Direct call from $1E:$873D	A,X,Y	A,P,X,Y	$059E,$46,$6F60+X,$6F80+X,$6FA0+X,$6FC0+X,$7000,$7020+Y,$7140+X,$7140+Y	$AB6B,$ACD9,$B157,$C010,$D3E6
1E	AABE	SynchronizeFollowerFacingAndPartyThreeTimes	Direct ROM scan: JSR to fixed trampoline $C010	A,X,Y	A,P,X,Y	$059E,$46,$6F60+X,$6F80+X,$6FA0+X,$6FC0+X,$7020+Y,$7140+X,$7140+Y	$AB6B,$ACD9,$B157,$C010,$D3E6
1E	AAC1	SynchronizeFollowerFacingAndPartyTwice	Direct ROM scan: JSR to fixed trampoline $C010	A,X,Y	A,P,X,Y	$059E,$46,$6F60+X,$6F80+X,$6FA0+X,$6FC0+X,$7020+Y,$7140+X,$7140+Y	$AB6B,$ACD9,$B157,$C010,$D3E6
1E	AAC4	SynchronizeFollowerFacingAndParty	Direct ROM scan: JSR to fixed trampoline $C010	A,X,Y	A,P,X,Y	$059E,$46,$6F60+X,$6F80+X,$6FA0+X,$6FC0+X,$7020+Y,$7140+X,$7140+Y	$AB6B,$ACD9,$B157,$C010,$D3E6
1E	AAFF	ResolveMapPartySlotSpecialId	Direct call from $1E:$8516; Direct call from $1E:$966C; Direct call from $1E:$AB7E; Direct call from $1E:$AD25; Direct call from $1E:$AD48	A,X	A,P		
1E	AB6B	SynchronizeMapPartyEntitySlots	Direct call from $1E:$97B8; Direct call from $1E:$9B68; Direct call from $1E:$A206; Direct call from $1E:$A214; Direct call from $1E:$AADE; Direct call from $1E:$ADDE; Direct call from $1E:$AE0A; Pointer $1E:$804E (72-entry map and entity interaction service directory); Tail jump from $1E:$95B4	A,X	A,P,X	$053A+X,$6FA0+X,$6FC0+X,$6FE1,$6FE2,$6FE3,$6FE4,$6FE5,$7020,$7020+X,$7021,$7022,$7023,$7024,$7025,$70E1,$70E2,$70E3,$70E4,$70E5	$95B7,$AAFF,$B157
1E	AB90	InsertAdditionalMapPartyEntities	Direct call from $1E:$AD7D	A,X	A,P,X	$053A+X,$6FE1,$6FE2,$6FE3,$6FE4,$6FE5,$7020,$7021,$7022,$7023,$7024,$7025,$70E1,$70E2,$70E3,$70E4,$70E5	$95B7,$B157
1E	ABE9	ClearReservedMapPartyEntities	Direct call from $1E:$AC71	A	A,P	$7020,$7021,$7022,$7023,$7024,$7025,$70E1,$70E2	
1E	AC1B	ReorderMapPartyEntitiesForActiveGroup	Guarded flow recovery: Coherent routine block immediately after RTS $AC1A; 46 instructions, jumps and merges into existing code	A,X,Y	A,P,X,Y	$059E,$46,$6FE1,$6FE2,$6FE3,$6FE4,$6FE5,$7020+Y,$7023,$7024,$7025,$70E3,$70E4,$70E5,$7140+Y	$95B7,$9627,$ABE9,$ACD9,$B157
1E	AC92	CachePartyEntityTerrain	Tail jump from $1E:$AAFC; Tail jump from $1E:$AD80	A,X,Y	A,P,X,Y	$059E,$46,$7020+Y,$7140+Y	$ACD9,$B157
1E	ACD9	LoadMapTileAtPartyEntityCoordinates	Direct call from $1E:$AC96	A,Y	A,P,X,Y		
1E	ACEA	ArrangeMapPartyEntitiesByDirection	Direct call from $1E:$90D8; Pointer $1E:$801E (72-entry map and entity interaction service directory)	A,X,Y	A,P,X,Y	$059E,$46,$6F61+Y,$6F64,$6F65,$6F81+Y,$6F84,$6F85,$6FA1+Y,$6FA4,$6FA5,$6FC1+Y,$6FC4,$6FC5,$7000,$7001,$7002,$7003,$7020+Y,$7024,$7025,$70E0+Y,$7140+Y	$AAFF,$AB90,$ACD9,$B157
1E	AD83	HandleMapEntityTransitionSelection	Pointer $1E:$8048 (72-entry map and entity interaction service directory); Pointer $1E:$804A (72-entry map and entity interaction service directory)	A	A,P	$0515,$0530	$8B15,$AE19,$AEC1,$AEEE,$C5C5,$D1F3
1E	ADED	ApplySelectedMapTransition	Pointer $1E:$8058 (72-entry map and entity interaction service directory)	A	A,P	$0553,$6BDE	$9648,$97F5,$AB6B,$AE19,$C5AF
1E	AE19	LoadMapTransitionDestinationRecord	Direct call from $1E:$AD92; Direct call from $1E:$ADED	A,X,Y	A,P,X,Y	$42,$43,$44,$45,$51,$52,$6195,$6196,$6197,$6198,$63,$64,$65	$C827
1E	AEC1	CommitMapTransitionDestination	Direct call from $1E:$AD98	A	A,P		$AEE5
1E	AEE5	FadeMapEntitiesAndRefresh	Direct call from $1E:$AEC2		P		
1E	AEEE	TestMapTransitionAllowed	Direct call from $1E:$AD83; Pointer $1E:$8056 (72-entry map and entity interaction service directory)	A	P		
1E	AFE0	HandleSpecialMapExitTransition	Pointer $1E:$8050 (72-entry map and entity interaction service directory)	A	A,P	$42,$43,$6195,$6196	$8ABC,$D1F3
1E	B02F	StartRandomMapTransformation	Pointer $1E:$8082 (72-entry map and entity interaction service directory)	A	A,P	$6296	$C891
1E	B0AD	RunPadequiaRecoveryAndAlenaPartyJoinEvents	Pointer $1E:$8084 (72-entry map and entity interaction service directory)		P		$D1F3
1E	B148	HideMapEntityCoordinateCopies	Guarded flow recovery: Coherent routine block immediately after RTS $B147; 6 instructions, returns	A,X	A,P	$6F66+X,$6F86+X,$6FA6+X,$6FC6+X	
1E	B157	ApplyPartyCharacterRecordOperation	Direct call from $1E:$84FD; Direct call from $1E:$9983; Direct call from $1E:$99C4; Direct call from $1E:$9A17; Direct call from $1E:$9A38; Direct call from $1E:$9A4E; Direct call from $1E:$9B18; Direct call from $1E:$9B31; Direct call from $1E:$AB95; Direct call from $1E:$AC29; Direct call from $1E:$ACC6; Pointer $1E:$802E (72-entry map and entity interaction service directory)	A,X,Y	A,P,X,Y	($79),Y,$6E,$6E0B,$76,$79,$7A	$B1CD
1E	B1CD	LoadSelectedCharacterRecordFlags	Direct call from $1E:$B1D2; Direct call from $1E:$B20E; Direct call from $1E:$B232; Direct call from $1E:$B275	Y	A,P,Y		
1E	B2A6	HandleFacingTileInteraction	Guarded flow recovery: Coherent routine block immediately after RTS $B2A5; 72 instructions, 14 BRK service calls, returns and jumps and merges into existing code; Tail jump from $1E:$8343		P		
1E	B2DE	ValidateFacingTileInteractionClass	Tail jump from $1E:$B35A	A,X	A,P	$01,$6279	$835D,$B36E,$D1F3
1E	B2F8	HandleSpecialFacingTileBehavior	Guarded flow recovery: Coherent routine block immediately after JMP $B2F5; 19 instructions, 4 BRK service calls, jumps and merges into existing code	A	A,P		
1E	B325	CompleteDoorInteractionWithCarry	Direct ROM analysis: Dormant JSR $C8E1 / SEC / RTS helper immediately before decoded code at $B32A		P		$C8E1
1E	B33B	HandleConfiguredFacingTileOverride	Pointer $1E:$806C (72-entry map and entity interaction service directory)	A,X	A,P,X	$01,$6279	$835D,$B35D,$B36E,$D1F3
1E	B35D	TestFacingTileBehaviorRange	Direct call from $1E:$B2BB; Direct call from $1E:$B33B	A	P	$00	$83D9
1E	B36E	ClassifyFacingTileBehaviorGroup	Direct call from $1E:$B2E0	A,Y	A,P,Y		
1E	B381	TestFacingTileInteractionPrerequisites	Direct call from $1E:$B2CA; Guarded flow recovery: Coherent routine block immediately after RTS $B380; 35 instructions, 4 BRK service calls, returns and jumps and merges into existing code	A,X	A,P,X		
1E	B3E1	GiveFoundItemWithModeZero	Pointer $1E:$8024 (72-entry map and entity interaction service directory)	A,X	A,P,X	$6279,$627A,$F9	
1E	B3E5	GiveFoundItemWithModeForty	Pointer $1E:$8074 (72-entry map and entity interaction service directory)	A,X	A,P,X	$6279,$627A,$F9	
1E	B3EA	GiveFoundItemById	Direct call from $1E:$B45D; Direct call from $1E:$B809; Direct call from $1E:$B81D; Direct call from $1E:$B9FB	A	A,P	$627A,$F9	
1E	B3ED	PrepareTreasureStoryFlagTest	Direct call from $1E:$8D7D; Direct call from $1E:$A179; Direct call from $1E:$A1B6	A,X	A,P		$B731,$B779
1E	B3F3	HandleFacingTileActionAndWait	Direct ROM analysis: Coherent map-interaction routine block immediately after the entry at $B3ED; Tail jump from $1E:$8340		P		$B3FE,$C8CC
1E	B3FE	DispatchFacingTileCommand	Direct call from $1E:$B3F3		P		
1E	B47F	RunTreasureSearchScriptByIndex	Direct call from $1E:$B584	A,X	A,P,X	$00,$01,$6F,$70,$71,$FD,$FE,$FF	$C827
1E	B4CE	ShowChestEmpty	Pointer $1E:$BC3D (Eight-entry signed map-event handler table selected by keys $BC35-$BC3C and dispatched through $0000 at $B476)		P		
1E	B4D3	ShowSearchFailureMessages	Tail jump from $1E:$B8AA		P		
1E	B59E	ShowFoundItemPromptAndDispatch	Direct call from $1E:$B8F2	A	P		
1E	B5A3	GiveFoundItemToParty	Direct call from $1E:$B436; Direct call from $1E:$B58A; Direct call from $1E:$B8FF; Direct call from $1E:$B90C; Direct call from $1E:$B927; Direct call from $1E:$B93C; Direct call from $1E:$B95B; Direct call from $1E:$B974; Direct call from $1E:$B9E4; Direct call from $1E:$BCD8; Tail jump from $1E:$B3EA	A	A,P	$627A,$F9	
1E	B5B6	PromptInventorySpaceForFoundItem	Inline service continuation: Code resumes after the three operands consumed by BRK service $65,$23 at $B5B2	A	A,P	$6E	
1E	B650	PromptDiscardForFoundItem	Direct ROM analysis: Dormant BRK $D2,$2B block after the terminal JMP at $B64D; its continuation merges into decoded code at $B653		P		
1E	B71E	SelectTreasureRecipientFromThree	Direct call from $1E:$B40A; Direct call from $1E:$B5EA; Direct call from $1E:$B5F5; Direct call from $1E:$B619; Direct call from $1E:$B697; Direct call from $1E:$B6E5; Direct call from $1E:$B701; Direct call from $1E:$BAFF	X	A,P,X	$6E	
1E	B722	SelectTreasureRecipientFromOne	Pointer $1E:$808C (72-entry map and entity interaction service directory)	X	A,P,X	$6E	
1E	B72E	PrepareTreasureSearchStoryFlag	Direct call from $1E:$B447; Direct call from $1E:$BBF6		P		
1E	B731	ResolveCurrentMapStoryFlagPosition	Direct call from $1E:$B3ED; Direct call from $1E:$B813; Direct call from $1E:$B84A	A,Y	A,P,Y	$01,$02,$03,$04,$6278,$6279	
1E	B741	ScanMapStoryFlagOffsets	Tail jump from $1E:$B776	A,Y	A,P,Y	$01,$02,$03,$04,$6278,$6279	
1E	B779	DecodeMapStoryFlagMask	Direct call from $1E:$B791; Direct call from $1E:$B79C; Direct call from $1E:$B7A6	A,Y	A,P,X,Y		
1E	B791	TestCurrentMapStoryFlag	Direct call from $1E:$B44A; Direct call from $1E:$B80C; Direct call from $1E:$B820; Direct call from $1E:$BBF9; Tail jump from $1E:$B3F0	A,X	A,P		$B779
1E	B79C	SetCurrentMapStoryFlag	Direct ROM analysis: Coherent story-flag helper block calling the decoded bit-selector at $B779; Direct call from $1E:$B455; Direct call from $1E:$B816	A,X	A,P	$625D+X	$B779
1E	B7A6	ClearCurrentMapStoryFlag	Direct call from $1E:$B67F; Direct call from $1E:$B84D	A,X	A,P	$625D+X	$B779
1E	B7B2	LoadCurrentTreasureSearchValue	Direct call from $1E:$B458; Direct call from $1E:$BBFE	A,Y	A,P,Y	$03,$04	
1E	B7CA	PlaceTrackedEntityOnPlayerTile	Direct ROM analysis: Coherent map-interaction routine block immediately after RTS $B7C9 and before decoded entry $BAD7; Direct call from $1E:$B44F		A,P		$B7F2
1E	B7D6	PlaceOtherTypeFourEntityOnPlayerTile	Direct call from $1E:$B67C	A,X	A,P,X		$B7F2
1E	B7F2	SetPlayerTileEntityIndex	Direct call from $1E:$B7CD; Direct call from $1E:$B7EC; Direct call from $1E:$B82B; Direct call from $1E:$B842	A,X	A,P,X,Y	$00,$01,$02,$5F,$60,$7140	$9E92,$9F40,$C727
1E	B7F6	SetMapTileEntityIndex	Direct call from $1E:$B8A5; Direct call from $1E:$BAA1	A,X	A,P,X,Y	$00,$01,$02,$5F,$60,$7140	$9E92,$9F40,$C727
1E	B807	SearchForBaronsHorn	Direct ROM analysis: Coherent map-interaction handler family after the terminal JMP at $B804 and branching into existing code at $BA04; Pointer $1E:$BC43 (Eight-entry signed map-event handler table selected by keys $BC35-$BC3C and dispatched through $0000 at $B476)		A,P		$B3EA,$B731,$B791,$B79C
1E	B81B	SearchForIronSafe	Direct ROM analysis: Coherent adjacent map-interaction handler after RTS $B81A; Pointer $1E:$BC45 (Eight-entry signed map-event handler table selected by keys $BC35-$BC3C and dispatched through $0000 at $B476)		A,P		$B3EA,$B791
1E	B830	ReturnIronSafeAtCarvedMessage	Direct ROM analysis: Coherent BRK-based map-interaction handler after RTS $B82F; Pointer $1E:$BC62 (Twelve-entry map-object handler table selected by IDs $BC56-$BC61 and dispatched through $0000 at $B54D)		P		
1E	B868	RevealMimicChest	Direct ROM analysis: Coherent BRK-based handler falling into the decoded carry-return block at $B87A; Pointer $1E:$BC3F (Eight-entry signed map-event handler table selected by keys $BC35-$BC3C and dispatched through $0000 at $B476)		P		
1E	B86F	RevealManEaterChest	Direct ROM analysis: Dormant alternate BRK path skipped by the forced branch at $B86D and rejoining at $B874; Pointer $1E:$BC41 (Eight-entry signed map-event handler table selected by keys $BC35-$BC3C and dispatched through $0000 at $B476)		P		
1E	B87C	ReplaceCompletedEventTile	Direct ROM analysis: Coherent map-interaction handler after the carry-return block at $B87A-$B87B; Pointer $1E:$BC64 (Twelve-entry map-object handler table selected by IDs $BC56-$BC61 and dispatched through $0000 at $B54D)		A,P		
1E	B8AD	AnimateAndReplaceEventTile	Direct ROM analysis: Coherent map-interaction handler after the terminal failure jump at $B8AA; Pointer $1E:$BC66 (Twelve-entry map-object handler table selected by IDs $BC56-$BC61 and dispatched through $0000 at $B54D)	A	A,P,X,Y		$D3E6
1E	B8D5	ShowSearchAroundFeetAndApplyExitRules	Direct ROM analysis: Compact two-service map-interaction handler after RTS $B8D4; Pointer $1E:$BC68 (Twelve-entry map-object handler table selected by IDs $BC56-$BC61 and dispatched through $0000 at $B54D)		P		
1E	B8DD	SearchForBirdsongNectar	Direct ROM analysis: Coherent parameterized map-interaction handler after RTS $B8DC; Pointer $1E:$BC6C (Twelve-entry map-object handler table selected by IDs $BC56-$BC61 and dispatched through $0000 at $B54D)		P		
1E	B8F7	SearchForPadequiaSeed	Direct ROM analysis: Independent parameterized map-interaction handler after RTS $B8F6; Pointer $1E:$BC49 (Eight-entry signed map-event handler table selected by keys $BC35-$BC3C and dispatched through $0000 at $B476)		P		
1E	B90A	SearchForSymbolOfFaith	Direct ROM analysis: Coherent adjacent map-interaction handler after RTS $B909; Pointer $1E:$BC4B (Eight-entry signed map-event handler table selected by keys $BC35-$BC3C and dispatched through $0000 at $B476)		A,P		$B5A3
1E	B917	SearchForAgilitySeed	Direct ROM analysis: Coherent map-condition handler after RTS $B916 and ending through shared failure jumps; Pointer $1E:$BC6A (Twelve-entry map-object handler table selected by IDs $BC56-$BC61 and dispatched through $0000 at $B54D)		A,P		
1E	B930	SearchForStoneOfDrought	Direct ROM analysis: Dormant alternate path skipped by the forced branch at $B92E and rejoining shared success/failure code; Pointer $1E:$BC76 (Twelve-entry map-object handler table selected by IDs $BC56-$BC61 and dispatched through $0000 at $B54D)		P		
1E	B94B	SearchForLeatherArmor	Direct ROM analysis: Coherent map-condition handler after the shared failure jumps and converging on success code at $B9A9; Pointer $1E:$BC6E (Twelve-entry map-object handler table selected by IDs $BC56-$BC61 and dispatched through $0000 at $B54D)		A,P		
1E	B964	SearchForMedicalHerb	Direct ROM analysis: Dormant parallel condition handler skipped by the forced branch at $B962; Pointer $1E:$BC70 (Twelve-entry map-object handler table selected by IDs $BC56-$BC61 and dispatched through $0000 at $B54D)		A,P		
1E	B97D	HandleMapEventFlag01	Direct ROM analysis: Final dormant condition handler converging on the shared success path at $B9A3; Pointer $1E:$BC72 (Twelve-entry map-object handler table selected by IDs $BC56-$BC61 and dispatched through $0000 at $B54D)		A,P		
1E	B9B1	HandleTwoTileMapEvent	Direct ROM analysis: Coherent map-interaction handler after RTS $B9B0; Pointer $1E:$BC74 (Twelve-entry map-object handler table selected by IDs $BC56-$BC61 and dispatched through $0000 at $B54D)		P		
1E	B9D1	SearchForMysticAcorns	Direct ROM analysis: Coherent chapter-specific map handler after RTS $B9D0 and converging on existing code at $BA04/$BA0E; Pointer $1E:$BC78 (Twelve-entry map-object handler table selected by IDs $BC56-$BC61 and dispatched through $0000 at $B54D)		P		
1E	B9ED	SearchForLampOfDarkness	Direct ROM analysis: Dormant chapter-specific alternate skipped by the forced branch at $B9EB and rejoining at $BA0E; Pointer $1E:$BC47 (Eight-entry signed map-event handler table selected by keys $BC35-$BC3C and dispatched through $0000 at $B476)	A	A,P	$627A,$F9	$B3EA
1E	BA41	AnimateFourMapSpritesAndOpenTile	Direct call from $1E:$B8C9	A,X,Y	A,P,X,Y	$00,$0201+X,$0203+X	$C90C
1E	BAD7	GetFacingWorldMapTileBehavior	Direct call from $1E:$BAF4; Direct call from $1E:$BB07	A,X	A,P,X,Y		$81AE,$D251
1E	BAEA	DispatchFacingBehavior28Interaction	Direct call from $1E:$80EA	A	P		$83D9,$BAD7
1E	BAFF	SelectTargetForFacingBehavior28	Inline service continuation: Code resumes after BRK service $07,$6F,$43 at $BAFB and tail-jumps to $BB52	A	A,P,X	$F9	$B71E
1E	BB07	DispatchFacingWorldMapBehavior	Direct call from $1E:$B519	A,X	A,P,X	$00,$01	$BAD7
1E	BB0D	DispatchFacingLocalMapBehavior	Direct call from $1E:$B4ED	A,X	A,P,X	$00,$01	$83D9
1E	BB10	DispatchFacingTileBehaviorHandler	Tail jump from $1E:$BB0A	A,X	A,P,X	$00,$01	
1E	BB2E	HandleFacingBehavior2B	Pointer $1E:$BBAE (Four-entry map-interaction handler table selected by keys $BBAA-$BBAD and dispatched through $0000 at $BB2B)		P		
1E	BB3B	HandleFacingBehavior2A	Pointer $1E:$BBB0 (Four-entry map-interaction handler table selected by keys $BBAA-$BBAD and dispatched through $0000 at $BB2B)		P		
1E	BB48	HandleFacingBehavior30	Pointer $1E:$BBB4 (Four-entry map-interaction handler table selected by keys $BBAA-$BBAD and dispatched through $0000 at $BB2B)	A	A,P,X		
1E	BB52	HandleFacingBehavior28	Pointer $1E:$BBB2 (Four-entry map-interaction handler table selected by keys $BBAA-$BBAD and dispatched through $0000 at $BB2B); Tail jump from $1E:$BB04	A	A,P,X		
1E	BBA6	PrintSearchObjectResultWithSlotTwo	Direct ROM analysis: Dormant selector branch skipped by the forced branch at $BBA4 and rejoining the dispatch tail at $BB9B		P,X		
1E	BBE9	ResolveFacingTileInteractionResult	Pointer $1E:$8080 (72-entry map and entity interaction service directory)	A,X,Y	A,P,X,Y		$B72E,$B791,$B7B2
1E	BC1E	TestPartyInventoryForItem	Pointer $1E:$808E (72-entry map and entity interaction service directory)	A	P	$51	
1E	BC20	TestPartyInventoryForStoredItem	Direct call from $1E:$B42F		P		
1E	BC7A	MatchFacingCoordinatesToMapEvent	Direct call from $1E:$BB31; Direct call from $1E:$BB3E	A,X,Y	A,P,X,Y	$6273+Y	$B5A3,$BCAA
1E	BCAA	GetCoordinatesInFrontForMapEvent	Direct call from $1E:$BC7A	X,Y	A,P,X,Y	$00,$01	
1F	C001	AdvanceMapScrollStepTrampoline	Direct ROM analysis: Fixed-bank JMP trampoline 00; Direct call from $1D:$B99B; Direct call from $1E:$891C; Direct call from $1F:$C9FF	A	A,P	$07CA,$6CDC,$6CDD	
1F	C004	LoadCurrentMapDataTrampoline	Direct ROM analysis: Fixed-bank JMP trampoline 01; Direct call from $1D:$ADDC; Direct call from $1E:$8730; Direct call from $1E:$9097; Direct call from $1E:$90AF	A	A,P	$07CA,$6CDC,$6CDD	
1F	C007	PropagatePartyFollowerOffsetsTrampoline	Direct ROM analysis: Fixed-bank JMP trampoline 02; Direct call from $1D:$A176; Direct call from $1E:$8557; Direct call from $1E:$8589; Direct call from $1E:$86F6; Direct call from $1F:$CDD5	A	A,P	$07CA,$6CDC,$6CDD	
1F	C00A	RebuildViewportWithRenderingSuspendedTrampoline	Direct ROM analysis: Fixed-bank JMP trampoline 03; Direct call from $1B:$A4D7; Direct call from $1E:$9592	A	A,P	$07CA,$6CDC,$6CDD	
1F	C00D	RebuildViewportWithoutSuspendingRenderingTrampoline	Direct ROM analysis: Fixed-bank JMP trampoline 04	A	A,P	$07CA,$6CDC,$6CDD	
1F	C010	SynchronizeFollowerFacingStateTrampoline	Direct ROM analysis: Fixed-bank JMP trampoline 05; Direct call from $1E:$8554; Direct call from $1E:$86F3; Direct call from $1E:$AABE; Direct call from $1E:$AAC1; Direct call from $1E:$AAC4; Tail jump from $1D:$9CB4; Tail jump from $1F:$CEA6	A	A,P	$07CA,$6CDC,$6CDD	
1F	C013	ReconcilePartyEntitySlotsTrampoline	Direct ROM analysis: Fixed-bank JMP trampoline 06; Direct call from $1E:$858C; Direct call from $1E:$86FC; Tail jump from $1F:$D57C	A	A,P	$07CA,$6CDC,$6CDD	
1F	C016	InitializeCurrentMapDecoderTrampoline	Direct ROM analysis: Fixed-bank JMP trampoline 07; Direct call from $1D:$ADD8; Direct call from $1E:$872C; Direct call from $1E:$9090; Direct call from $1E:$90AB	A	A,P	$07CA,$6CDC,$6CDD	
1F	C019	UpdateAudioEngineFrameTrampoline	Direct ROM analysis: Fixed-bank JMP trampoline 08; Direct call from $1F:$C1AD	A	A,P,X,Y	$4004,$400C,$6E86,$B0,$B4,$BD	$E739,$E77C,$EEE2,$F0E3,$F0F6,$FF94
1F	C01C	ResetApuChannelsTrampoline	Direct ROM analysis: Fixed-bank JMP trampoline 09; Tail jump from $19:$8014	A	A,P	$4001,$4005,$4015,$4017,$BB,$BD	$EF5B
1F	C01F	StartAudioTrackTrampoline	Direct ROM analysis: Fixed-bank JMP trampoline 0A; Tail jump from $19:$8017	A,X,Y	A,P,X,Y	$00,$00B1+Y,$00B5+Y,$01,$0620+X,$0621+X,$0628,$0629,$062A+X,$062B+X,$0632,$0633,$063C+X,$063D+X,$0644,$0645,$064B+Y,$064F,$23,$24,$4001,$4005,$4008,$4010,$4015,$4017,$6BF9,$6BFA,$6BFB,$6BFC,$6BFD+X,$6BFE+X,$6C09+Y,$A4,$A5,$A6,$A6+X,$A7,$A7+X,$AC,$AD,$AE,$AF,$B0,$BB,$BC,$BD,$BF	$C3CE,$C3EA,$E771,$EF5B,$F07A
1F	C022	SetAudioSequenceCompletionFlagsTrampoline	Direct ROM analysis: Fixed-bank JMP trampoline 0B; Tail jump from $19:$801A	A	A,P	$BB	
1F	C025	StartAudioTrackWithCompletionFlagsTrampoline	Direct ROM analysis: Fixed-bank JMP trampoline 0C; Tail jump from $19:$801D	A,X,Y	A,P,X,Y	$00,$00B1+Y,$00B5+Y,$01,$0620+X,$0621+X,$062A+X,$062B+X,$063C+X,$063D+X,$064B+Y,$23,$24,$4001,$4005,$4008,$4015,$4017,$6BF9,$6BFA,$6BFB,$6BFC,$6BFD+X,$6BFE+X,$6C09+Y,$A4,$A5,$A6,$A6+X,$A7,$A7+X,$AC,$AD,$B0,$BB,$BC,$BD,$BF	$C3CE,$C3EA,$E771,$EF5B,$F07A
1F	C028	SetAudioGlobalLowNibbleTrampoline	Direct ROM analysis: Fixed-bank JMP trampoline 0D; Tail jump from $19:$8020	A	A,P	$10,$B0	
1F	C02B	WaitForAudioCompletionTrampoline	Direct ROM analysis: Fixed-bank JMP trampoline 0E; Tail jump from $19:$8023	A	A,P		$FF74
1F	C02E	RedrawWorldMapTileClassesTrampoline	Direct ROM analysis: Fixed-bank JMP trampoline 0F; Direct call from $1D:$8E15	A	A,P	$07CA,$6CDC,$6CDD	$6CAD,$FF91
1F	C031	RunLowerFixedNoOpCompatibilityTrampoline	Direct ROM analysis: Fixed-bank JMP trampoline 10; Direct call from $1B:$ACA0	A	A,P	$07CA,$6CDC,$6CDD	
1F	C034	LoadEndingCreditsTextTrampoline	Direct ROM analysis: Fixed-bank JMP trampoline 11; Direct call from $1B:$B55A	A	A,P	$07CA,$6CDC,$6CDD	
1F	C037	UploadTitleSceneArtworkTrampoline	Direct ROM analysis: Fixed-bank JMP trampoline 12; Direct call from $1B:$AD6B	A	A,P	$07CA,$6CDC,$6CDD	
1F	C03A	UploadTitleSceneArtworkAliasTrampoline	Direct ROM analysis: Fixed-bank JMP trampoline 13; Direct call from $1B:$A7BE	A	A,P	$07CA,$6CDC,$6CDD	
1F	C0D4	WaitForTwoVBlankCycles	Direct ROM analysis: Coherent PPU-status wait helper: four alternating BIT7 wait loops ending in RTS; byte-identical to bank $0F		A,P		
1F	C104	InitializeMmc1	Direct call from $1F:$C09E; Direct call from $1F:$C198	A	A,P	$DFFF,$FFDF	$C118,$C12F
1F	C118	WriteMmc1Control	Direct call from $1F:$C10A; Direct call from $1F:$FF07; Tail jump from $12:$8A07; Tail jump from $12:$8A17; Tail jump from $1B:$A813; Tail jump from $1B:$ADD1; Tail jump from $1B:$B623	A	A,P	$0500,$9FFF	
1F	C12F	WriteMmc1ChrBank0	Direct call from $1F:$C110; Direct call from $1F:$C1A5; Direct call from $1F:$C1AA; Direct call from $1F:$C1D7; Direct call from $1F:$C1EC	A	A,P	$0501,$BFFF	
1F	C146	WriteMmc1ChrBank1	Tail jump from $1F:$C115	A	A,P	$DFFF	
1F	C15A	NmiHandler	Direct ROM analysis: NMI body installed as JMP $C15A at RAM vector $0502; Pointer $1B:$B344 (Two-entry NMI callback table selected with X=$00/$02 at $B32A-$B341)	A,X,Y	A,P,X,Y	$00+X,$01+X,$0103+X,$0104+X,$0105+X,$0508,$0509,$050A,$050B,$050C,$0513,$0517,$10,$11,$1F,$20,$21,$22,$23,$24,$26,$27,$627B+X,$76,$77,$78,$C221	$0023,$C019,$C104,$C12F,$C222,$C2EA,$C303,$C3BA,$FF91
1F	C1A0	FinishNmiHandler	Tail jump from $1B:$B306	A,X,Y	A,P,X,Y	$00+X,$01+X,$0103+X,$0104+X,$0105+X,$0508,$0509,$050A,$050B,$050C,$0513,$0517,$10,$11,$1F,$20,$21,$22,$23,$24,$26,$27,$627B+X,$76,$77,$78,$C221	$0023,$C019,$C12F,$C3BA,$FF91
1F	C222	ProcessNmiPpuUpdates	Direct call from $1F:$C178	A,X,Y	A,P,X,Y	$050A,$050B,$1F,$2000,$2006,$2007	
1F	C2EA	RestorePpuControlMaskAndScroll	Direct call from $1F:$C17E	A	A,P	$2000,$2001,$2005	
1F	C303	TransferOamUnlessSuppressed	Direct call from $1F:$C17B	A	A,P	$2001,$4014	
1F	C3BA	ResolveBankServicePointer	Direct call from $1F:$C39A; Direct call from $1F:$C3D6	A,X	A,P,X	$24,$25	$FF91
1F	C3CE	ResolveBankedPointerIntoZeroPage	Direct call from $10:$A6EA; Direct call from $12:$977E; Direct call from $14:$BE21; Direct call from $1F:$EFA5	A,X	A,P,X	$00+X,$01+X,$20,$21	$C3BA,$FF91
1F	C3EA	ReadBankedByteThroughPointer	Direct call from $10:$85F0; Direct call from $10:$864D; Direct call from $10:$86E8; Direct call from $10:$875B; Direct call from $10:$A6B5; Direct call from $10:$A733; Direct call from $10:$A75B; Direct call from $10:$A784; Direct call from $10:$ABB1; Direct call from $12:$81B3; Direct call from $12:$9784; Direct call from $14:$85E3; Direct call from $14:$BD47; Direct call from $14:$BD51; Direct call from $14:$BD8E; Direct call from $14:$BDB4; Direct call from $15:$BFAA; Direct call from $16:$8A36; Direct call from $16:$8A63; Direct call from $16:$8A95; Direct call from $18:$A8A3; Direct call from $1C:$9954; Direct call from $1C:$9B26; Direct call from $1C:$9B30; Direct call from $1F:$DAE0; Direct call from $1F:$DB56; Direct call from $1F:$DB7F; Direct call from $1F:$EFDD; Tail jump from $10:$815C; Tail jump from $12:$A954	A,X,Y	A,P	$20,$23,$24	$FF91
1F	C408	IrqHandler	CPU vector: IRQ/BRK vector target	A,X,Y	A,P,X,Y	$00+X,$01+X,$0103+X,$0104+X,$0508,$0509,$050A,$050B,$0513,$0517,$1F,$20,$21,$22,$23,$24,$26,$27,$627B+X,$76,$77,$78	$0023,$C3BA,$FF91
1F	C52F	ClearPpuUpdateState	Direct call from $1F:$C96B	A	A,P	$0508,$0509,$050A,$050B,$0513,$1F	
1F	C543	InitializeOamShadow	Direct call from $17:$806C; Direct call from $18:$AE53; Direct call from $1B:$A2D3; Direct call from $1B:$AFFF; Direct call from $1B:$B018; Direct call from $1B:$B0AA; Direct call from $1D:$922D; Direct call from $1D:$942E; Direct call from $1D:$AD73; Direct call from $1F:$C0C1; Direct call from $1F:$C554	A,X	A,P,X	$0200+X	
1F	C54E	ResetDisplayState	Direct call from $11:$80A6; Direct call from $12:$A391; Direct call from $12:$AA22; Direct call from $12:$AAE2; Direct call from $15:$B746; Direct call from $17:$8055; Direct call from $17:$9C0A; Direct call from $18:$AE89; Direct call from $1B:$A104; Direct call from $1B:$A54A; Direct call from $1B:$A77E; Direct call from $1B:$A7B8; Direct call from $1B:$ABC1; Direct call from $1B:$ABF3; Direct call from $1B:$AD60; Direct call from $1B:$B557; Direct call from $1C:$B104; Direct call from $1C:$B7A5; Direct call from $1C:$B7FE; Direct call from $1D:$8DF7; Direct call from $1E:$90A2; Direct call from $1E:$945C; Direct call from $1E:$958F; Direct call from $1E:$A1D5; Direct call from $1E:$A4D5; Direct call from $1E:$A54C	A,Y	A,P,Y	$0506,$1F,$2001	$C543,$C569,$C5AF,$FF74
1F	C569	ClearNametablesAndAttributeBuffer	Direct call from $1F:$C0BE; Direct call from $1F:$C551	A,X	P,X	$0400+X	$C575
1F	C575	ClearNametables	Direct call from $1F:$C569	A,X,Y	A,P,X,Y	$2006,$2007	
1F	C58F	ResumeRenderingAfterPpuWork	Direct call from $12:$AA25; Direct call from $14:$81E1; Direct call from $17:$9238; Direct call from $17:$9399; Direct call from $17:$9C1F; Direct call from $1B:$A53F; Direct call from $1B:$A558; Direct call from $1B:$A742; Direct call from $1B:$AD13; Direct call from $1B:$B56F; Direct call from $1C:$B7CB; Direct call from $1C:$B7E8; Direct call from $1D:$8E0C; Direct call from $1E:$8774; Direct call from $1E:$90E8; Direct call from $1E:$945F; Direct call from $1E:$95AC; Tail jump from $18:$B7D5; Tail jump from $1B:$A4DA; Tail jump from $1E:$90A5	A,Y	A,P,Y	$0506,$2001	$C5A8
1F	C592	EnableRenderingAfterVBlank	Direct call from $1B:$A12A; Direct call from $1B:$A7D7; Direct call from $1B:$ADB3; Tail jump from $1F:$C566	A,Y	A,P,Y	$0506,$2001	
1F	C596	DisableRenderingAfterVBlank	Direct call from $17:$9C28; Direct call from $1F:$C5AF	A,Y	A,P,Y	$0506,$2001	
1F	C5A8	ClearDisplaySuspensionFlag	Direct call from $1B:$A127; Direct call from $1B:$A7CC; Direct call from $1F:$C58F	A	A,P	$1F	
1F	C5AF	SuspendRenderingUpdates	Direct call from $14:$803F; Direct call from $14:$8132; Direct call from $17:$8A76; Direct call from $17:$920D; Direct call from $17:$9375; Direct call from $17:$9C10; Direct call from $18:$B7A4; Direct call from $1B:$A498; Direct call from $1B:$A4FD; Direct call from $1B:$A54D; Direct call from $1B:$A781; Direct call from $1B:$A7C1; Direct call from $1B:$ACF8; Direct call from $1B:$AE60; Direct call from $1B:$B54F; Direct call from $1C:$B7C8; Direct call from $1C:$B7E2; Direct call from $1D:$8E00; Direct call from $1D:$8E26; Direct call from $1E:$8749; Direct call from $1E:$9093; Direct call from $1E:$90E2; Direct call from $1E:$944C; Direct call from $1E:$9648; Direct call from $1E:$A1D8; Direct call from $1E:$ADDB; Direct call from $1E:$AE04; Direct call from $1F:$C54E	A	A,P	$1F	$C596
1F	C5B9	SubmitPaletteWithoutFade	Direct call from $11:$BD9D; Direct call from $11:$BDB4; Direct call from $11:$BDD9; Direct call from $12:$9864; Direct call from $12:$9908; Direct call from $12:$A351; Direct call from $12:$A493; Direct call from $14:$8268; Direct call from $14:$830F; Direct call from $14:$831A; Direct call from $14:$8382; Direct call from $14:$8434; Direct call from $14:$843F; Direct call from $14:$84B8; Direct call from $14:$8565; Direct call from $14:$866C; Direct call from $14:$8701; Direct call from $14:$88A2; Direct call from $14:$8A16; Direct call from $14:$8C2A; Direct call from $14:$91F4; Direct call from $14:$A551; Direct call from $14:$A619; Direct call from $14:$A780; Direct call from $1B:$92DF; Direct call from $1B:$A503; Direct call from $1B:$A726; Direct call from $1B:$ADA7; Direct call from $1C:$B8A6; Direct call from $1E:$85DC; Direct call from $1E:$8672; Direct call from $1E:$877D; Direct call from $1E:$9AB4; Direct call from $1E:$9AC3; Tail jump from $10:$AC2A; Tail jump from $11:$BDF9; Tail jump from $14:$8930	A,X,Y	A,P,X,Y	$0300+Y,$050A,$050B,$16,$17,$18,$1F	$C5DE,$C90C
1F	C5BF	FadePaletteFromBlack	Direct call from $12:$97ED; Direct call from $12:$AA28; Direct call from $15:$B75D; Direct call from $17:$8081; Direct call from $17:$8A63; Direct call from $17:$9C41; Direct call from $1B:$A555; Direct call from $1B:$ABD2; Direct call from $1B:$ABFF; Direct call from $1B:$AD2C; Direct call from $1B:$AD41; Direct call from $1B:$B572; Direct call from $1C:$AEB3; Direct call from $1C:$AF5F; Direct call from $1C:$B10F; Direct call from $1C:$B146; Direct call from $1C:$B3B6; Direct call from $1C:$B7B4; Direct call from $1C:$B813; Direct call from $1C:$B853; Direct call from $1C:$BBD1; Direct call from $1C:$BC9E; Direct call from $1C:$BDB2; Direct call from $1C:$BECB; Direct call from $1D:$8E0F; Direct call from $1D:$8E4C; Direct call from $1D:$A275; Direct call from $1D:$AA0B; Direct call from $1D:$AA6D; Direct call from $1D:$AB77; Direct call from $1D:$AD14; Direct call from $1D:$B062; Direct call from $1D:$B393; Direct call from $1D:$B540; Direct call from $1E:$8C5D; Direct call from $1E:$8F14; Direct call from $1E:$92E6; Direct call from $1E:$A365; Direct call from $1E:$A3D2; Direct call from $1E:$A4DC; Direct call from $1E:$A553; Tail jump from $14:$81CC; Tail jump from $1E:$A1CF	A,X	A,P,X	$16,$17	$C5DE,$C90C
1F	C5C5	FadePaletteToBlack	Direct call from $11:$80A3; Direct call from $12:$8732; Direct call from $12:$97D5; Direct call from $12:$A349; Direct call from $12:$AADF; Direct call from $12:$B507; Direct call from $15:$B743; Direct call from $17:$8052; Direct call from $17:$8A5D; Direct call from $17:$9C00; Direct call from $17:$9C25; Direct call from $1B:$8082; Direct call from $1B:$A547; Direct call from $1B:$A754; Direct call from $1B:$A77B; Direct call from $1B:$AB6A; Direct call from $1B:$AC79; Direct call from $1B:$B54C; Direct call from $1C:$AED8; Direct call from $1C:$B0FC; Direct call from $1C:$B120; Direct call from $1C:$B81C; Direct call from $1C:$B8AF; Direct call from $1C:$BE6C; Direct call from $1C:$BE98; Direct call from $1D:$8DF4; Direct call from $1D:$8E20; Direct call from $1D:$A25D; Direct call from $1D:$A74B; Direct call from $1D:$A9F1; Direct call from $1D:$AA55; Direct call from $1D:$AB17; Direct call from $1D:$ACFF; Direct call from $1D:$B078; Direct call from $1D:$B37F; Direct call from $1D:$B39C; Direct call from $1D:$B52C; Direct call from $1D:$B971; Direct call from $1E:$86B6; Direct call from $1E:$86D7; Direct call from $1E:$9108; Direct call from $1E:$918F; Direct call from $1E:$929A; Direct call from $1E:$9C0A; Direct call from $1E:$9CEE; Direct call from $1E:$A1D2; Direct call from $1E:$A4E7; Direct call from $1E:$A563; Direct call from $1E:$ADB6; Direct call from $1E:$B014; Tail jump from $1E:$95A6	A,X	A,P,X	$16,$17	$C5DE,$C90C
1F	C5DE	BuildPaletteUpdateCommand	Direct call from $12:$8A1C; Direct call from $1B:$9165; Direct call from $1B:$A83D; Direct call from $1B:$ADE1; Direct call from $1B:$B0A0; Direct call from $1F:$C5CC; Tail jump from $1E:$A27D	A,X,Y	A,P,X,Y	$0300+Y,$050A,$050B,$18,$1F	
1F	C626	RequestPpuUpdate	Direct call from $12:$97F9; Direct call from $12:$9815; Direct call from $12:$981E; Direct call from $12:$987C; Direct call from $12:$9892; Direct call from $12:$98A1; Direct call from $12:$98BC; Direct call from $12:$9991; Direct call from $1B:$928E; Direct call from $1D:$8CA6; Direct call from $1E:$A80E; Tail jump from $12:$8641; Tail jump from $17:$8EA1; Tail jump from $1B:$A37D; Tail jump from $1F:$FF0D	A	A,P	$1F	
1F	C62D	RequestPpuUpdateAndWait	Direct call from $14:$82A0; Direct call from $14:$82AB; Direct call from $14:$82C0; Direct call from $14:$8851; Direct call from $14:$8D03; Direct call from $14:$A43D; Direct call from $14:$A8D9; Direct call from $14:$B0F6; Direct call from $16:$8134; Direct call from $16:$81A5; Direct call from $16:$83EC; Direct call from $16:$9C1C; Direct call from $17:$807B; Direct call from $17:$80FA; Direct call from $17:$842A; Direct call from $17:$885B; Direct call from $17:$886A; Direct call from $17:$899E; Direct call from $17:$8B0F; Direct call from $17:$8BAF; Direct call from $17:$9274; Direct call from $18:$AAD3; Direct call from $18:$ACDF; Direct call from $18:$AECC; Direct call from $18:$AFAF; Direct call from $18:$B19E; Direct call from $18:$B1CA; Direct call from $18:$B1FA; Direct call from $18:$B80B; Direct call from $1B:$87CA; Direct call from $1B:$9307; Direct call from $1B:$9EAB; Direct call from $1D:$904E; Direct call from $1D:$A106; Direct call from $1D:$BA01; Direct call from $1D:$BBF4; Direct call from $1D:$BC03; Direct call from $1D:$BC09; Direct call from $1D:$BDB4; Direct call from $1E:$87CE; Direct call from $1F:$F1D3; Direct call from $1F:$F1F2; Tail jump from $14:$8E68; Tail jump from $14:$8E9A; Tail jump from $14:$92EC; Tail jump from $14:$A0B1; Tail jump from $14:$AFFC; Tail jump from $14:$B0EA; Tail jump from $16:$A324; Tail jump from $17:$82A6; Tail jump from $17:$8479; Tail jump from $1B:$A85D; Tail jump from $1D:$BD84; Tail jump from $1F:$F155	A	A,P	$12,$1F	$C913
1F	C636	QueuePpuWriteByte	Direct call from $17:$9CE7; Direct call from $17:$9CF5; Direct call from $17:$9D7C; Direct call from $17:$9D95; Tail jump from $1F:$C65F; Tail jump from $1F:$C73B	A,X	A,P,X	$0300+X,$050A,$050B,$1C,$1D	
1F	C65A	QueueNametableTileUpdate	Direct call from $12:$863E; Direct call from $12:$BADE; Direct call from $12:$BAE6; Direct call from $12:$BAF6; Direct call from $14:$B00F; Direct call from $16:$81A2; Direct call from $16:$9C72; Direct call from $16:$A355; Direct call from $17:$8272; Direct call from $17:$829D; Direct call from $17:$8420; Direct call from $17:$8462; Direct call from $17:$8468; Direct call from $17:$846F; Direct call from $17:$8C16; Direct call from $17:$8C4F; Direct call from $17:$8C5B; Direct call from $17:$8E86; Direct call from $17:$8E8D; Direct call from $17:$8E94; Direct call from $17:$8E9B; Direct call from $18:$AD0E; Direct call from $18:$AD3B; Direct call from $18:$B194; Direct call from $1F:$F13C; Direct call from $1F:$F152; Tail jump from $16:$8388; Tail jump from $1E:$9F44	A,X	A,P,X	$0300+X,$050A,$050B,$1C,$1D,$1E	$C662
1F	C662	ComputeNametableTileAddress	Direct call from $18:$B126; Direct call from $1B:$925A; Direct call from $1B:$9FA2; Direct call from $1C:$BE27; Direct call from $1D:$A61A; Direct call from $1D:$BD98; Direct call from $1E:$881E; Direct call from $1E:$A869; Direct call from $1E:$A89E; Direct call from $1E:$A8B0; Direct call from $1F:$C65C; Direct call from $1F:$C72B; Direct call from $1F:$F282	A	A,P	$1C,$1D	
1F	C6BF	SetNametableAttributePalette	Direct call from $1D:$BEA8; Direct call from $1E:$A988	A,X	A,P,X	$0400+X,$0B,$0C,$0D,$0E,$0F,$1C,$1D	
1F	C6C3	ApplyNametableAttributeBits	Direct call from $1F:$C72E	A,X	A,P,X	$0400+X,$0B,$0C,$0D,$0E,$0F,$1C,$1D	
1F	C727	QueueNametableAttributeUpdate	Direct call from $12:$983B; Direct call from $12:$9850; Direct call from $12:$9875; Direct call from $12:$998A; Direct call from $14:$A8C1; Direct call from $1E:$9F3A	A,X	A,P,X	$0300+X,$050A,$050B,$0D,$1C,$1D,$1E	$C662,$C6C3
1F	C73E	CopySpriteRecordToOam	Direct call from $14:$83F7; Direct call from $14:$895F; Direct call from $14:$8991; Direct call from $14:$89BB; Direct call from $14:$89D4; Direct call from $14:$8C14; Direct call from $14:$8C51; Direct call from $14:$8C7D; Direct call from $14:$8CC0; Direct call from $14:$9073; Direct call from $14:$90AD; Direct call from $14:$919C; Direct call from $14:$91E1; Direct call from $14:$996B; Direct call from $14:$9A7C; Direct call from $14:$9B77; Direct call from $14:$9C29; Direct call from $14:$9C3D; Direct call from $14:$A108; Direct call from $14:$A456; Direct call from $14:$AA2D; Direct call from $14:$AEFC; Direct call from $14:$AF9B; Direct call from $14:$AFDD; Direct call from $1E:$8DB5; Direct call from $1E:$8DC2; Direct call from $1E:$8DD6; Direct call from $1E:$8DE3; Direct call from $1E:$8E14; Direct call from $1E:$8E34	A,X,Y	A,P,X,Y	$0200+Y,$0201+Y,$0202+Y,$0203+Y	$C78C
1F	C757	AdvanceSpriteRecordPointer	Tail jump from $1F:$C76D; Tail jump from $1F:$C789	A,X	A,P,X,Y		
1F	C75E	CopySpriteTileAttributesToOam	Guarded flow recovery: Coherent routine block immediately after RTS $C75D; 8 instructions, jumps and merges into existing code	A,X,Y	A,P,X,Y	$0201+Y,$0202+Y	$C78C
1F	C770	CopyOamSpriteRecord	Direct call from $14:$83E7; Direct call from $14:$8AF8; Direct call from $14:$8B1A; Direct call from $14:$8B48; Direct call from $14:$8B91; Direct call from $14:$8BF3; Direct call from $14:$90A1; Direct call from $14:$9176; Direct call from $14:$9A73; Direct call from $14:$9AF8; Direct call from $14:$9C34; Direct call from $14:$A44D; Direct call from $14:$AA0D; Direct call from $14:$AEEE; Direct call from $14:$AF8D; Direct call from $1E:$8DF1	A,X,Y	A,P,X,Y	$00+X,$01+X,$02+X,$03+X	$C78C
1F	C78C	ConvertSpriteIndexToOamOffset	Direct call from $12:$97DA; Direct call from $12:$9B28; Direct call from $12:$9B9D; Direct call from $12:$9BB7; Direct call from $1C:$B07C; Direct call from $1C:$B1D6; Direct call from $1C:$B453; Direct call from $1C:$B971; Direct call from $1D:$95D2; Direct call from $1E:$8AD7; Direct call from $1E:$8B77; Direct call from $1E:$8BBB; Direct call from $1E:$8CC9; Direct call from $1E:$8CF5; Direct call from $1E:$8F91; Direct call from $1F:$C740; Direct call from $1F:$C760; Direct call from $1F:$C772; Direct call from $1F:$D812; Direct call from $1F:$E1A9; Direct call from $1F:$E205; Direct call from $1F:$E20E; Direct call from $1F:$E260; Direct call from $1F:$E269; Direct call from $1F:$E336	A,X,Y	A,P,X,Y	$16	
1F	C7E1	LoadBankedTilePattern	Direct call from $14:$9F7F	A,X,Y	A,P,X,Y	$0108+Y,$0501,$0507,$BFFF,$FFFF	$FF91
1F	C7FA	SubtractByteFromPointerEntry	Fixed-bank mirror: Byte-identical to decoded lower fixed-bank NOP entry $0F:$C7FA immediately before the shared negate helper at $C7FB	A,X	A,P	$00+X,$01+X	
1F	C7FB	SubtractByteFromPointer	Direct call from $10:$948A; Direct call from $12:$AD0D; Direct call from $13:$AEBC; Direct call from $1F:$C807	A,X	A,P	$00+X,$01+X	
1F	C807	SubtractWordFromPointer	Direct call from $1E:$A121; Tail jump from $13:$90A4	A,X,Y	A,P	$01+X	$C7FB
1F	C813	AddByteToPointer	Direct call from $10:$947A; Direct call from $10:$9A28; Direct call from $11:$8C98; Direct call from $11:$8C9C; Direct call from $11:$AEAC; Direct call from $11:$B7CD; Direct call from $12:$832C; Direct call from $12:$8384; Direct call from $12:$AC36; Direct call from $12:$AC69; Direct call from $12:$ACA2; Direct call from $13:$84F7; Direct call from $13:$84FB; Direct call from $13:$9963; Direct call from $13:$A52D; Direct call from $13:$A5CA; Direct call from $13:$AB1E; Direct call from $13:$B2CE; Direct call from $13:$B3A4; Direct call from $13:$B456; Direct call from $13:$B59E; Direct call from $1E:$9EB5; Direct call from $1F:$C81D; Tail jump from $10:$9ADD	A,X	A,P	$00+X,$01+X	
1F	C81D	AddWordToPointer	Direct call from $10:$8ACB; Direct call from $11:$BA7A; Direct call from $12:$8F32; Direct call from $12:$90A2; Direct call from $12:$AB2A; Direct call from $12:$AB5A; Direct call from $12:$AB7F; Direct call from $12:$BC0D; Direct call from $12:$BC1D; Direct call from $12:$BC26; Direct call from $13:$A0B8; Direct call from $13:$AE60; Direct call from $18:$9C9D; Direct call from $18:$9E2A; Direct call from $1E:$8AB4; Direct call from $1E:$9EBC; Direct call from $1E:$A076; Direct call from $1F:$D401; Direct call from $1F:$D408; Tail jump from $12:$AD31; Tail jump from $13:$97BD; Tail jump from $1E:$A168	A,X,Y	A,P	$01+X	$C813
1F	C827	MultiplyPointerWord	Direct call from $10:$8BD6; Direct call from $10:$A1CC; Direct call from $10:$A6DD; Direct call from $11:$86A7; Direct call from $11:$94DF; Direct call from $11:$982B; Direct call from $11:$990D; Direct call from $11:$9932; Direct call from $11:$99F5; Direct call from $11:$99FC; Direct call from $11:$9C37; Direct call from $11:$9F8B; Direct call from $11:$B7C3; Direct call from $11:$BA73; Direct call from $12:$899A; Direct call from $12:$8F29; Direct call from $12:$9099; Direct call from $12:$9E00; Direct call from $12:$A41A; Direct call from $12:$AD28; Direct call from $12:$BBED; Direct call from $12:$BC04; Direct call from $13:$85DF; Direct call from $13:$8D83; Direct call from $13:$9186; Direct call from $13:$92CF; Direct call from $13:$9ED3; Direct call from $13:$9F4A; Direct call from $13:$B3D1; Direct call from $13:$B701; Direct call from $14:$BD0F; Direct call from $15:$A5F1; Direct call from $15:$A607; Direct call from $15:$AC6F; Direct call from $15:$B621; Direct call from $15:$B681; Direct call from $15:$B69A; Direct call from $17:$80F4; Direct call from $17:$82BB; Direct call from $18:$9B9E; Direct call from $18:$9C94; Direct call from $18:$9CEA; Direct call from $18:$9E21; Direct call from $18:$A1B9; Direct call from $18:$A934; Direct call from $1E:$9EB0; Direct call from $1E:$A06F; Direct call from $1E:$A161; Direct call from $1E:$A6B9; Direct call from $1E:$AE39; Direct call from $1E:$B493; Direct call from $1F:$D3FB; Tail jump from $18:$9CE5; Tail jump from $18:$9D55	A,X	A,P	$00+X,$01+X,$16,$17,$18	
1F	C851	DividePointerWord	Direct call from $10:$87C5; Direct call from $10:$A27D; Direct call from $10:$A9AD; Direct call from $11:$848E; Direct call from $11:$9937; Direct call from $11:$9996; Direct call from $11:$9A01; Direct call from $11:$B7C8; Direct call from $12:$899F; Direct call from $12:$9E05; Direct call from $12:$A41F; Direct call from $13:$9059; Direct call from $13:$908C; Direct call from $13:$976B; Direct call from $13:$998E; Direct call from $13:$9B60; Direct call from $13:$AD33; Direct call from $13:$ADF3; Direct call from $13:$B2C9; Direct call from $13:$B2EE; Direct call from $13:$B706; Direct call from $14:$A0F3; Direct call from $15:$A07F; Direct call from $15:$A266; Direct call from $15:$A43A; Direct call from $15:$B693; Direct call from $18:$A965; Tail jump from $11:$9F90	A,X,Y	A,P,Y	$00+X,$01+X,$16,$17,$18,$19	
1F	C888	ReadByteAndAdvancePointer	Direct call from $14:$9FCD; Direct call from $14:$9FD3; Direct call from $14:$9FD8; Direct call from $14:$9FDD; Direct call from $14:$9FE2; Direct call from $18:$B7C5	X	A,P	$00+X,$01+X	
1F	C891	NextRandomByte	Direct call from $10:$AC89; Direct call from $10:$ADC6; Direct call from $10:$AF78; Direct call from $10:$B09A; Direct call from $10:$B0A1; Direct call from $11:$987D; Direct call from $11:$AD4B; Direct call from $11:$B310; Direct call from $11:$BE08; Direct call from $12:$91FD; Direct call from $12:$9232; Direct call from $12:$923E; Direct call from $12:$92D7; Direct call from $12:$9EF3; Direct call from $12:$A8DD; Direct call from $13:$92CA; Direct call from $13:$9ED8; Direct call from $13:$B091; Direct call from $14:$90FB; Direct call from $14:$AF53; Direct call from $14:$AF5E; Direct call from $15:$9F9B; Direct call from $15:$A06E; Direct call from $15:$A258; Direct call from $15:$A2D8; Direct call from $15:$A31E; Direct call from $15:$A32C; Direct call from $15:$A33E; Direct call from $15:$A38B; Direct call from $15:$A3B7; Direct call from $15:$A426; Direct call from $15:$A42D; Direct call from $15:$A592; Direct call from $15:$A5E4; Direct call from $15:$A5FA; Direct call from $15:$AC62; Direct call from $15:$BEE9; Direct call from $17:$8658; Direct call from $17:$865F; Direct call from $17:$8666; Direct call from $17:$8726; Direct call from $17:$8753; Direct call from $17:$9C6B; Direct call from $17:$A186; Direct call from $17:$A18E; Direct call from $17:$A1E4; Direct call from $17:$A1F1; Direct call from $17:$A1F7; Direct call from $18:$9D06; Direct call from $18:$9DE4; Direct call from $18:$9ED8; Direct call from $18:$9F13; Direct call from $18:$9FA7; Direct call from $18:$A921; Direct call from $1B:$91C8; Direct call from $1D:$8CF3; Direct call from $1D:$8CFA; Direct call from $1D:$9AE2; Direct call from $1D:$A18C; Direct call from $1D:$A3E0; Direct call from $1E:$990B; Direct call from $1E:$B052; Direct call from $1F:$D49A; Direct call from $1F:$D8ED; Direct call from $1F:$DCF3; Direct call from $1F:$DD90; Tail jump from $10:$A23D	A,Y	A,P,Y	$050D,$16	$C8AD
1F	C8AD	AdvanceRandomStateByte	Direct call from $12:$ACB4; Direct call from $1F:$C897; Direct call from $1F:$C89E	A,Y	A,P,Y	$12,$13,$16	
1F	C8CC	WaitForFreshButtonPress	Direct call from $10:$81E8; Direct call from $10:$8206; Direct call from $12:$872F; Direct call from $12:$9418; Direct call from $15:$9905; Direct call from $15:$9F68; Direct call from $15:$A4C3; Direct call from $17:$83D3; Direct call from $1D:$8E1D; Direct call from $1E:$81FF; Direct call from $1E:$821F; Direct call from $1E:$8233; Direct call from $1E:$84B6; Direct call from $1E:$B3F8; Direct call from $1F:$D1F0	A,X	A,P,X		$C8EC,$FF74
1F	C8E1	WaitForButtonPress	Direct call from $12:$9CD5; Direct call from $12:$A5AC; Direct call from $12:$A5D5; Direct call from $12:$A6CA; Direct call from $12:$AEB5; Direct call from $12:$AEE9; Direct call from $12:$AEFE; Direct call from $12:$AF55; Direct call from $12:$AFCB; Direct call from $1B:$A751; Direct call from $1E:$B2D6; Direct call from $1E:$B325		A,P		$C8EC,$FF74
1F	C8EC	ReadControllers	Direct call from $12:$861F; Direct call from $12:$864B; Direct call from $12:$88D7; Direct call from $12:$BC42; Direct call from $12:$BC9A; Direct call from $16:$81B0; Direct call from $16:$90D2; Direct call from $17:$810D; Direct call from $17:$8134; Direct call from $17:$8926; Direct call from $17:$89FA; Direct call from $17:$8B17; Direct call from $17:$8DC4; Direct call from $17:$9CA4; Direct call from $17:$9F07; Direct call from $17:$A050; Direct call from $17:$A099; Direct call from $18:$AD49; Direct call from $1B:$A7FC; Direct call from $1D:$A416; Direct call from $1F:$C8D0; Direct call from $1F:$C8E4; Direct call from $1F:$D233; Direct call from $1F:$F0D3; Direct call from $1F:$F11C	A,X,Y	A,P,X,Y	$14+X,$4016	$C8F3
1F	C8F3	ReadController	Direct call from $1F:$C8EE	A,X,Y	A,P,Y	$14+X,$4016	
1F	C90C	WaitFrames	Direct call from $11:$817D; Direct call from $11:$81F7; Direct call from $11:$B686; Direct call from $11:$B68F; Direct call from $11:$BDA2; Direct call from $11:$BDDE; Direct call from $11:$BDE6; Direct call from $12:$8601; Direct call from $12:$97E7; Direct call from $12:$97FE; Direct call from $12:$9823; Direct call from $12:$990D; Direct call from $12:$A36F; Direct call from $12:$A498; Direct call from $12:$A7C7; Direct call from $12:$A848; Direct call from $12:$AF4E; Direct call from $12:$AFB6; Direct call from $12:$B1A3; Direct call from $14:$8314; Direct call from $14:$831F; Direct call from $14:$8358; Direct call from $14:$838A; Direct call from $14:$8392; Direct call from $14:$839A; Direct call from $14:$8401; Direct call from $14:$8439; Direct call from $14:$8444; Direct call from $14:$8967; Direct call from $14:$8BB4; Direct call from $14:$8C09; Direct call from $14:$8C3C; Direct call from $14:$8C46; Direct call from $14:$9085; Direct call from $14:$A4E9; Direct call from $14:$A4F6; Direct call from $14:$A56A; Direct call from $14:$A587; Direct call from $14:$A5AC; Direct call from $14:$A5B6; Direct call from $14:$A8A6; Direct call from $14:$A920; Direct call from $14:$A937; Direct call from $14:$A945; Direct call from $14:$A95D; Direct call from $14:$A970; Direct call from $14:$A988; Direct call from $14:$A99B; Direct call from $14:$A9B7; Direct call from $14:$A9C1; Direct call from $14:$A9CF; Direct call from $14:$A9E6; Direct call from $14:$A9F0; Direct call from $14:$AF0C; Direct call from $14:$AF78; Direct call from $16:$8209; Direct call from $17:$86AF; Direct call from $17:$88EF; Direct call from $17:$8D1C; Direct call from $17:$8F20; Direct call from $17:$9448; Direct call from $17:$9C9C; Direct call from $17:$9F16; Direct call from $18:$A183; Direct call from $18:$B234; Direct call from $1B:$921E; Direct call from $1B:$936B; Direct call from $1B:$9E99; Direct call from $1B:$A544; Direct call from $1B:$A573; Direct call from $1B:$AB67; Direct call from $1B:$AC9A; Direct call from $1B:$AD55; Direct call from $1B:$AD5D; Direct call from $1B:$AD68; Direct call from $1B:$AFFC; Direct call from $1B:$B562; Direct call from $1B:$B591; Direct call from $1B:$B632; Direct call from $1B:$B637; Direct call from $1B:$B63C; Direct call from $1B:$B641; Direct call from $1B:$B646; Direct call from $1B:$B64B; Direct call from $1C:$ADF9; Direct call from $1C:$B380; Direct call from $1C:$B391; Direct call from $1C:$B412; Direct call from $1C:$B7B1; Direct call from $1C:$B810; Direct call from $1C:$BAD3; Direct call from $1C:$BADB; Direct call from $1C:$BBED; Direct call from $1C:$BC01; Direct call from $1C:$BEE5; Direct call from $1D:$94A2; Direct call from $1D:$94EB; Direct call from $1D:$9525; Direct call from $1D:$9597; Direct call from $1D:$9DFA; Direct call from $1D:$9E0E; Direct call from $1D:$A0DE; Direct call from $1D:$AD83; Direct call from $1D:$B9AF; Direct call from $1E:$85FC; Direct call from $1E:$8C6C; Direct call from $1E:$8D3E; Direct call from $1E:$BA60; Direct call from $1E:$BA69; Direct call from $1E:$BA91; Direct call from $1E:$BAC8; Direct call from $1F:$C5D1; Direct call from $1F:$CA0B; Direct call from $1F:$F1C1; Direct call from $1F:$F1DE; Tail jump from $11:$8754; Tail jump from $12:$82B6; Tail jump from $12:$898D; Tail jump from $14:$83A2; Tail jump from $14:$8999; Tail jump from $14:$89C3; Tail jump from $16:$813D; Tail jump from $1F:$F17F	X	P,X		$FF74
1F	C913	PreserveRegistersAndRotateOam	Direct call from $1F:$FF82	A,X,Y	A,P,X,Y		$C91F
1F	C91F	RotateAnimatedOamBlocks	Direct call from $1F:$C917	A,X	A,P,X	$0513	$C94E
1F	C94E	SwapOamBlocks	Direct call from $1F:$C934; Direct call from $1F:$C93A	A,X,Y	A,P,X,Y	$0200+X,$0200+Y,$10	
1F	C983	InstallRamBankSwitchCode	Direct call from $1F:$C968	A,X	A,P,X	$6CAD+X	
1F	C9ED	RunFieldFrame	Direct call from $1B:$ACBC; Direct call from $1F:$C97D		P		$CA21,$CB98,$CBB4,$D542,$E06E
1F	CA17	WaitForSelectRelease	Direct call from $1F:$CA0E	A	A,P		$D241
1F	CA21	ProcessScheduledFieldInput	Direct call from $1F:$C9F3	A,X	A,P,X	$052F	$CA41,$CB1E,$CB71,$CBF8
1F	CA41	ResolveMapMovementInput	Direct call from $1F:$CA30	A,X,Y	A,P,X,Y	$0529,$058E,$058F,$0597,$14,$14+X,$4016,$56,$70E0+X	$C8F3,$D241,$DB18
1F	CABE	ResetPartyFollowerMotionSlot	Direct call from $1F:$CABA	A,X	A,P	$052A+X,$6FA4+X,$6FC4+X,$7004+X	
1F	CADF	SetInputModeAndReadControllers	Guarded flow recovery: Coherent routine block immediately after JMP $CADC; 4 instructions, jumps and merges into existing code	A,X,Y	A,P,X,Y	$0529,$058E,$058F,$14,$14+X,$4016	$C8F3
1F	CB1E	ApplyDirectionalMapInput	Direct call from $1F:$CA33	A,X	A,P,X		$CBBE,$CBCA,$CBD6,$CBE4
1F	CB71	UpdateMapInteractionTimer	Direct call from $1F:$CA39	A	A,P	$0539	
1F	CB98	PollPrimaryButtonWithDelay	Direct call from $1F:$C9F0	A,X	A,P,X	$0529,$052E,$4016	
1F	CBB4	AdvancePlayerAnimationCounter	Direct call from $1D:$9612; Direct call from $1E:$853D; Direct call from $1E:$9D96; Direct call from $1F:$C9ED; Tail jump from $1E:$86E3	A	A,P	$0526	
1F	CBBE	HandleRightMovementInput	Direct call from $1F:$CB46; Direct call from $1F:$CB4D; Direct call from $1F:$CB5D; Direct call from $1F:$CB64	A	A,P	$3D	$CC88,$CD85
1F	CBCA	HandleLeftMovementInput	Direct call from $1F:$CB3D; Direct call from $1F:$CB50; Direct call from $1F:$CB5A; Direct call from $1F:$CB6D	A	A,P	$3D	$CC88,$CD85
1F	CBD6	HandleUpMovementInput	Direct call from $1F:$CB40; Direct call from $1F:$CB4A; Direct call from $1F:$CB60; Direct call from $1F:$CB6A	A	A,P	$3D	$CC88,$CD85
1F	CBE4	HandleDownMovementInput	Direct call from $1F:$CB43; Direct call from $1F:$CB53; Direct call from $1F:$CB57; Direct call from $1F:$CB67	A	A,P	$3D	$CC88,$CD85
1F	CBEF	CommitPlayerFacingDirection	Tail jump from $1F:$CBC7; Tail jump from $1F:$CBD3; Tail jump from $1F:$CBE1	A	A,P	$3D	$CC88
1F	CBF8	HandlePlayerActionInput	Direct call from $1F:$CA36	A,X	A,P,X,Y	$0529,$0539	$C8CC,$D1FD,$D251
1F	CC88	BeginPlayerMovement	Direct call from $1F:$CBF1	A	A,P	$0528,$3E	$C007,$CC91,$CDDC,$CF91
1F	CC91	MovePlayerAndFollowers	Direct call from $1F:$CC8B	A,X,Y	A,P,X,Y	$0201+X,$0202+X,$0205+X,$0206+X,$0209+X,$020A+X,$020D+X,$020E+X,$054E,$054F,$42+X,$43+X,$6195+X,$6196+X,$6F60,$6F60+X,$6F66+Y,$6F67+Y,$6F68+Y,$6F80,$6F80+X,$6F86+Y,$6F87+Y,$6F88+Y,$7000+X	$C78C,$CD0F,$CD52,$CD78,$D16F,$D7FC,$D864,$D876
1F	CCEA	RenderPlayerAtLocalPosition	Direct call from $1C:$BDCE	A,X	A,P,X	$0201+X,$0202+X,$0205+X,$0206+X,$0209+X,$020A+X,$020D+X,$020E+X,$054E,$054F,$6F60+X,$6F80+X,$7000+X	$C78C,$D864,$D876
1F	CD0F	OffsetFollowerSpriteFormation	Direct call from $1F:$CCE6	A,X,Y	A,P,X,Y	$6FA7+X,$EC+X	$CD52,$D7FC
1F	CD52	SelectVehicleSpriteSlot	Direct call from $1F:$CD4E	A,X	A,P,X	$6FE9	
1F	CD78	ApplyFacingToFollowerEntity	Direct call from $1F:$CCD5; Direct call from $1F:$CCDD; Direct call from $1F:$CCE1	A,Y	A,P	$7006+Y	
1F	CD85	ShowBlockedMovementMessagesAndCancelStep	Direct call from $1F:$CBC2; Direct call from $1F:$CBCE; Direct call from $1F:$CBDC; Direct call from $1F:$CBEA	A,Y	A,P,X,Y	$0539	$D1FD
1F	CDC9	FinalizePlayerMovement	Tail jump from $1F:$CC8E	A	A,P	$0528,$3E	$C007,$CDDC
1F	CDDC	AdvanceTimeOfDayClock	Direct call from $1F:$CDD8	A	A,P	$0516,$628C,$628D,$62ED	
1F	CE09	ProcessMapInputAndEvents	Direct ROM analysis: Coherent fixed-bank event routine immediately after RTS $CE08 with calls into the adjacent CFxx helper family; Direct call from $1F:$CA02	A,X	A,P,X	$0515,$0527,$0539,$07CA,$6CDC,$6CDD,$6FA0,$6FC0	$CE72,$CEA9,$CF03,$CF38,$CF41,$CF56,$D1FD,$D218
1F	CE72	CompleteActiveEntityPath	Direct call from $1F:$CE2E	A	A,P,X	$0527,$0539	$D1FD,$D218
1F	CE80	ProcessInteriorMapInput	Direct ROM analysis: Coherent fixed-bank event helper after the terminal jump at $CE7D and before RTS $CEBD	A	A,P	$0515,$07CA,$6CDC,$6CDD	$CEA9,$CF03,$CF38,$CF41,$CF56
1F	CEA9	TryRandomEncounterAfterStep	Direct call from $1F:$CE4A; Direct call from $1F:$CEA3	A,X	A,P,X	$051B	
1F	CEBE	DispatchTerrainEvent	Direct ROM analysis: Coherent selector routine after RTS $CEBD indexing the eleven-byte table at $CEF8; Direct call from $1F:$CE3C; Direct call from $1F:$CEE9	A,X	A,P,X		
1F	CF03	HandleSpecialWorldTerrainPair	Direct ROM analysis: Coherent adjacent event-condition routine after the selector table at $CEF8-$CF02; Direct call from $1F:$CE9A	A,X,Y	A,P,X,Y	$42	
1F	CF38	EnterMapAtWorldTriggerIfAny	Direct ROM analysis: Compact BRK-backed event predicate called by the recovered helper at $CE9E; Direct call from $1F:$CE9D		P		
1F	CF41	HandleChapterFourWorldCoordinate	Direct ROM analysis: Coherent chapter and coordinate event helper called by the recovered helper at $CEA1; Direct call from $1F:$CEA0	A	A,P,X		$D207
1F	CF56	InvokeStepEventWhenOnWorldMap	Direct ROM analysis: Compact BRK-backed event helper called by recovered routines at $CE31/$CE80; Direct call from $1F:$CE31; Direct call from $1F:$CE47; Direct call from $1F:$CE80		A,P		
1F	CF5F	UpdateWorldTerrainStateFlag	Direct ROM analysis: Coherent fixed-bank event-state update routine called by the recovered routine at $CE39; Direct call from $1F:$CE39	A,X	A,P,X	$46,$47,$627D	
1F	CF8D	InvokeTerrainEffectService	Direct call from $1F:$CE41		P		
1F	CF91	ResolvePlayerMovementDestination	Direct call from $1F:$CC88	A,X,Y	A,P,X,Y	$0515,$0527,$052F,$0534,$059E,$51,$54,$7000,$7000+X,$70E0+X,$7D,$7E	$D16F,$D1C9,$D251,$D3E6,$D53B,$D724,$D7FC
1F	D16F	GetPlayerFacingDestination	Direct call from $1F:$CC91; Direct call from $1F:$CFA5	A,X,Y	A,P,X,Y	$52,$52+X,$53,$57,$58	
1F	D1C9	PushRecentMapTile	Direct call from $1F:$D00C; Direct call from $1F:$D0B9	A	A,P	$7140,$7141,$7142,$7143	
1F	D1E1	WaitForMapTransitionCompletion	Direct call from $1F:$CA11; Guarded flow recovery: Coherent routine block immediately after RTS $D1E0; 20 instructions, returns and merges into existing code		A,P		$E3E2,$FF74
1F	D1ED	ShowFieldMessageAndWaitForInput	Direct call from $18:$A0F3; Tail jump from $1F:$CC85	A	A,P	$0539	$C8CC,$D1FD
1F	D1F0	WaitForInputAndCloseFieldMessage	Direct call from $1F:$CDC3	A	A,P	$0539	$C8CC
1F	D1F3	CloseFieldMessageWindow	Direct call from $12:$97A9; Direct call from $15:$ABC0; Direct call from $1B:$AFF7; Direct call from $1C:$AFAF; Direct call from $1C:$B185; Direct call from $1C:$B954; Direct call from $1D:$A045; Direct call from $1D:$A08F; Direct call from $1D:$A2E9; Direct call from $1D:$A4A3; Direct call from $1D:$A4FF; Direct call from $1D:$A5BE; Direct call from $1D:$A5FA; Direct call from $1D:$A8F2; Direct call from $1D:$A901; Direct call from $1D:$A94E; Direct call from $1D:$AAAE; Direct call from $1D:$AAEC; Direct call from $1D:$AB92; Direct call from $1D:$AB98; Direct call from $1D:$ADD1; Direct call from $1D:$ADFC; Direct call from $1D:$B5CD; Direct call from $1E:$8352; Direct call from $1E:$AD8D; Direct call from $1E:$ADA4; Direct call from $1E:$B00B; Direct call from $1E:$B0AD; Direct call from $1E:$B2D9; Direct call from $1E:$B32D; Direct call from $1E:$BA17; Tail jump from $1E:$84B9; Tail jump from $1E:$B3FB; Tail jump from $1F:$D20D	A	A,P	$0539	
1F	D1FD	OpenFieldMessageWindowAndPrint	Direct call from $1F:$CDB9; Direct call from $1F:$D1ED; Direct call from $1F:$D207	A	P		
1F	D207	ShowTimedFieldMessage	Direct call from $1F:$CF52; Tail jump from $1F:$CE7D	A	A,P	$0539	$D1FD,$D218
1F	D20A	WaitThenCloseFieldMessage	Direct call from $1C:$AFC0; Direct call from $1C:$B036; Direct call from $1C:$B729; Direct call from $1C:$BB32; Direct call from $1C:$BC26; Direct call from $1C:$BCE6; Direct call from $1C:$BE16; Direct call from $1D:$9B01; Direct call from $1D:$A02E; Direct call from $1D:$A252; Direct call from $1D:$A5F4; Direct call from $1D:$A71C; Direct call from $1D:$AA15; Direct call from $1D:$ACC0; Direct call from $1D:$AF48; Direct call from $1D:$B084; Direct call from $1D:$B0EE; Direct call from $1D:$B161; Direct call from $1D:$B1C9; Direct call from $1D:$B2C5; Direct call from $1D:$B3E3; Direct call from $1E:$94D3; Direct call from $1E:$94F8; Direct call from $1E:$9518; Direct call from $1E:$955B; Direct call from $1E:$B121; Direct call from $1F:$D0E9	A	A,P	$0539	$D218
1F	D210	WaitForButtonStateSixtyFrames	Direct call from $15:$9DFF; Direct call from $15:$9E56; Direct call from $15:$A68B; Direct call from $15:$BF39; Direct call from $17:$884D; Direct call from $1C:$B182; Direct call from $1C:$B8AC; Direct call from $1C:$BDEE; Direct call from $1D:$A5CA; Tail jump from $17:$9D20	A	A,P	$00	$D230
1F	D214	WaitForButtonStateOneTwentyFrames	Direct call from $15:$A0AB; Direct call from $15:$A0F3; Direct call from $15:$A0F9; Direct call from $15:$AA74; Direct call from $15:$AAEF; Direct call from $15:$ABBD; Direct call from $15:$AFB4; Direct call from $15:$AFF0; Direct call from $15:$B0D1; Direct call from $18:$AA4E; Direct call from $1C:$AEC8; Direct call from $1C:$B899; Direct call from $1D:$A08C; Direct call from $1D:$A4FC; Direct call from $1D:$A738; Direct call from $1D:$AAE9; Direct call from $1D:$B59A; Direct call from $1E:$B2B3; Direct call from $1E:$B3AC	A	A,P	$00	$D230
1F	D218	WaitForButtonStateOneEightyFrames	Direct call from $12:$B1E1; Direct call from $12:$B2D6; Direct call from $12:$B39F; Direct call from $15:$990D; Direct call from $15:$A20C; Direct call from $15:$B0DA; Direct call from $15:$BEF9; Direct call from $18:$AA02; Direct call from $1B:$A745; Direct call from $1B:$ABE0; Direct call from $1C:$ADBB; Direct call from $1C:$AFAC; Direct call from $1C:$AFF4; Direct call from $1C:$B11D; Direct call from $1C:$B819; Direct call from $1C:$B860; Direct call from $1C:$B873; Direct call from $1C:$B893; Direct call from $1C:$BAF5; Direct call from $1C:$BB45; Direct call from $1D:$A0BA; Direct call from $1D:$A8DC; Direct call from $1D:$A8EF; Direct call from $1D:$A94B; Direct call from $1D:$A9EB; Direct call from $1D:$AAAB; Direct call from $1D:$AB11; Direct call from $1D:$AB8F; Direct call from $1D:$ABB6; Direct call from $1D:$AFAA; Direct call from $1D:$B043; Direct call from $1F:$D20A; Pointer $15:$85C4 (Command $00 callback operand parsed from a pointer-delimited effect script); Tail jump from $15:$A492; Tail jump from $17:$81C2	A	A,P	$00	$D230
1F	D230	ReadButtonsAfterNmi	Direct call from $1F:$D21C; Direct call from $1F:$D226		A,P		$C8EC,$FF74
1F	D241	ReadButtonsUnlessInputSuppressed	Direct call from $1F:$CA17; Direct call from $1F:$CA5C; Tail jump from $1F:$CAE7	A,X,Y	A,P,X,Y	$0529,$14,$14+X,$4016	$C8F3
1F	D251	ReadWorldMapTile	Direct call from $16:$8DF8; Direct call from $1E:$BADE; Direct call from $1F:$CC39; Direct call from $1F:$CFB3; Direct call from $1F:$D4DD; Tail jump from $1E:$ACE7	A	A,P	$04	$D266,$FF91
1F	D266	ReadWorldMapTileBanked	Direct call from $1F:$D25B	X,Y	P	$00,$01	$D2B7,$D2E9,$D333,$D523
1F	D277	ReadWorldMapTileTriplet	Guarded flow recovery: Coherent routine block immediately after RTS $D276; 31 instructions, returns and merges into existing code	A	A,P	$04	$D28C,$FF91
1F	D28C	ReadWorldMapTileTripletBanked	Direct call from $1F:$D281	A,X,Y	A,P,X,Y	$00,$01	$D2B7,$D2E9,$D333,$D35F,$D523
1F	D2B7	NormalizeWorldMapCoordinates	Direct call from $1F:$D26A; Direct call from $1F:$D290	A,X,Y	A,P,X,Y	$49,$4A	
1F	D2E9	SelectWorldMapRowData	Direct call from $1F:$D26D; Direct call from $1F:$D293	A,X,Y	A,P,X,Y	$02,$49,$4A	
1F	D333	DecodeWorldMapTileRun	Direct call from $1F:$D270; Direct call from $1F:$D296	A,Y	A,P,Y	$02,$03	$D38B
1F	D35F	FinishForwardWorldMapRunDecode	Direct call from $1F:$D2A1; Direct call from $1F:$D2AC	A,Y	A,P,Y	$02,$03	
1F	D38B	DecodeWorldMapTileRunReverse	Direct call from $1F:$D386	A,X,Y	A,P,X,Y	$02,$03	
1F	D3E6	GetMapTileAtCoordinates	Direct call from $16:$8E01; Direct call from $1C:$98A3; Direct call from $1C:$9F4B; Direct call from $1C:$AD27; Direct call from $1D:$991A; Direct call from $1D:$A988; Direct call from $1D:$AC21; Direct call from $1E:$80CA; Direct call from $1E:$83E0; Direct call from $1E:$87A6; Direct call from $1E:$8F1C; Direct call from $1E:$8F35; Direct call from $1E:$8F63; Direct call from $1E:$90C0; Direct call from $1E:$A607; Direct call from $1E:$AAEE; Direct call from $1E:$B88A; Direct call from $1E:$B8B7; Direct call from $1E:$BA1E; Direct call from $1F:$D084; Direct call from $1F:$D699; Direct call from $1F:$DBEA; Tail jump from $1E:$A8D2	A,X,Y	A,P,X,Y	$00,$01	$C81D,$C827,$D459
1F	D41A	ReadMapTileAndAdvanceColumnPointer	Guarded flow recovery: Coherent routine block immediately after RTS $D419; 16 instructions, returns and merges into existing code	A,X,Y	A,P,Y	$00,$01	$D459
1F	D437	ReadMapTileAndAdvanceRowPointer	Guarded flow recovery: Coherent routine block immediately after RTS $D436; 19 instructions, returns and merges into existing code	A,X,Y	A,P,Y	$00,$01	$D459
1F	D459	SelectOutOfBoundsMapTile	Direct call from $1F:$D416	A,X,Y	A,P,X,Y		
1F	D486	SelectMapTileGraphicsRecord	Direct call from $16:$8DFB	A,X	A,P,X		$C891,$D4B5
1F	D4B5	ComputeWorldMapNeighborMask	Direct call from $1F:$D48A	A	A,P	$53,$54,$59	$D4D9
1F	D4D9	AccumulateWorldMapNeighborBit	Direct call from $1F:$D4B9; Direct call from $1F:$D4C0; Direct call from $1F:$D4C7; Direct call from $1F:$D4CE	A	A,P,X,Y	$59	$D251
1F	D4F3	ResolveMapTileGraphicsRecord	Direct call from $16:$8E04; Direct call from $1E:$A93A	A,X	A,P,X		
1F	D523	ApplyWorldMapTileOverride	Direct call from $1F:$D273; Direct call from $1F:$D299; Direct call from $1F:$D2A4; Direct call from $1F:$D2AF	A	A,P		
1F	D53B	UpdateMapObjectsForced	Direct call from $1F:$D112	A,X	A,P,X	$07CA,$51,$56,$58,$6CDC,$6CDD,$7004+X,$7B,$7C	$D57F,$D59D,$D5AD,$D5C0,$FF91
1F	D542	UpdateMapObjects	Direct call from $1E:$8531; Direct call from $1F:$C9F6	A,X	A,P,X	$07CA,$51,$56,$58,$6CDC,$6CDD,$7004+X,$7B,$7C	$D57F,$D59D,$D5AD,$D5C0,$FF91
1F	D546	UpdateMapObjectsCore	Tail jump from $1F:$D53F	A,X	A,P,X	$07CA,$51,$58,$6CDC,$6CDD,$7004+X,$7B,$7C	$D57F,$D59D,$D5AD,$D5C0,$FF91
1F	D57F	RunForcedMapObjectUpdateLoop	Direct call from $1F:$D571		P		$D5EE,$D607
1F	D59D	ApplyMapObjectMotionFlag	Direct call from $1F:$D59A	A,X	A,P,X	$7004+X	
1F	D5AD	RunMapObjectAnimationLoop	Direct call from $1F:$D595		A,P		$D5EE,$D5FE,$FF91
1F	D5B2	RunMapObjectAnimationPass	Tail jump from $1F:$D5B8		P		$D5EE,$D5FE
1F	D5BB	RestoreMapObjectCallerBank	Direct ROM analysis: Dormant LDA $58 / JMP $FF91 bank-selection helper, byte-identical in both fixed banks	A	A,P	$0501,$0507,$BFFF,$FFFF	
1F	D5C0	ProcessNextAnimatedMapObject	Direct call from $1F:$D589	A,X	A,P,X	$51,$57	$D5EA,$D9CB
1F	D5EA	UpdateCurrentMapObjectAnimation	Direct call from $1F:$D5D4		P		$D94B
1F	D5EE	AdvanceMapObjectIndexOrExit	Direct call from $1F:$D582; Direct call from $1F:$D5B5	A	A,P	$51	$FF91
1F	D5FE	ProcessNextForcedMapObject	Direct call from $1F:$D5B2	A,X,Y	A,P,X,Y	$0201+X,$0202+X,$0205+X,$0206+X,$0209+X,$020A+X,$020D+X,$020E+X,$54,$6F60+X,$6F80+X,$6FA0+X,$6FC0+X,$7000+X,$71E0+X	$C78C,$D621,$D63B,$D684,$D864,$D876,$D891,$FF91
1F	D607	ProcessCurrentMapObjectSlot	Direct call from $1F:$D57F	A,X,Y	A,P,X,Y	$0201+X,$0202+X,$0205+X,$0206+X,$0209+X,$020A+X,$020D+X,$020E+X,$54,$6F60+X,$6F80+X,$6FA0+X,$6FC0+X,$7000+X,$71E0+X	$C78C,$D621,$D63B,$D684,$D864,$D876,$D891,$FF91
1F	D621	RefreshMapObjectViewportFlag	Direct call from $1F:$D615	A,X	A,P,X	$52,$53,$7020+X	$D6F4
1F	D63B	TestMapObjectCommandReady	Direct call from $1F:$D610	A,X	A,P	$7040+X,$70E0+X	
1F	D684	UpdateMapObjectTerrainAndCollision	Direct call from $1F:$D61B	A,X	A,P,X,Y	$54,$55,$7140+X	$D3E6,$D6B6,$D6DB,$D6E8,$D6F4,$D722,$D752
1F	D6B6	ValidateMapObjectTerrainType	Direct call from $1F:$D6A2	A,X,Y	A,P,X,Y		
1F	D6DB	ValidateMapObjectCoordinates	Direct call from $1F:$D6A5	A	A,P		
1F	D6E8	ValidateMapObjectTerrainClass	Direct call from $1F:$D6A8	A,X	A,P,X		
1F	D6F4	UpdateMapObjectViewportInteraction	Direct call from $1F:$D62B; Direct call from $1F:$D6AB	A	A,P	$5F,$60	
1F	D722	FindMapEntityAtCoordinates	Direct call from $1F:$D690	A,X	A,P,X		
1F	D724	FindEntityAtCoordinatesFromIndex	Direct call from $1F:$D07B	A,X	A,P,X		
1F	D752	GetEntityFacingCoordinates	Direct call from $1F:$D685	A,X,Y	A,P,X,Y	$52,$53	
1F	D76E	MoveAndRenderMapObject	Tail jump from $1F:$D61E	A,X,Y	A,P,X,Y	$0201+X,$0202+X,$0205+X,$0206+X,$0209+X,$020A+X,$020D+X,$020E+X,$54,$6F60+X,$6F80+X,$6FA0+X,$6FC0+X,$7000+X,$71E0+X	$C78C,$D864,$D876
1F	D7D5	RenderPartyMapEntities	Direct call from $1E:$8537; Direct call from $1E:$86E0; Direct call from $1E:$9D99; Direct call from $1F:$CA05	A	A,P,X		$D7F1
1F	D7F1	RenderActiveMapEntity	Direct call from $1D:$A427; Direct call from $1D:$B94A; Direct call from $1F:$D7E1; Direct call from $1F:$D7E4; Direct call from $1F:$D7E7; Direct call from $1F:$D7EA; Direct call from $1F:$D7ED	A,X	A,P,X	$0201+X,$0202+X,$0205+X,$0206+X,$0209+X,$020A+X,$020D+X,$020E+X	$C78C,$D864,$D876
1F	D7FC	RenderVisibleMapEntity	Direct call from $15:$AF95; Direct call from $15:$AFEA; Direct call from $1E:$8117; Direct call from $1F:$CD42; Direct call from $1F:$CD4B; Direct call from $1F:$CFA2; Tail jump from $1F:$CD0C	A,X	A,P,X	$0201+X,$0202+X,$0205+X,$0206+X,$0209+X,$020A+X,$020D+X,$020E+X	$C78C,$D864,$D876
1F	D804	RenderMapEntity	Direct call from $1C:$B781; Direct call from $1D:$94BB; Direct call from $1D:$94CE; Direct call from $1D:$94FD; Direct call from $1D:$9560; Direct call from $1D:$9577; Direct call from $1D:$9586; Direct call from $1D:$960F; Direct call from $1E:$85E1; Direct call from $1E:$8618; Direct call from $1E:$8647; Direct call from $1E:$97F8; Direct call from $1E:$97FE; Direct call from $1E:$9804; Direct call from $1E:$980A; Direct call from $1E:$9811	A,X	A,P,X	$0201+X,$0202+X,$0205+X,$0206+X,$0209+X,$020A+X,$020D+X,$020E+X	$C78C,$D864,$D876
1F	D864	SelectEntitySpriteDefinition	Direct call from $12:$9B8D; Direct call from $1C:$BD01; Direct call from $1F:$D81A	A	A,P	$4F,$50	
1F	D876	LoadEntitySpriteFrame	Direct call from $1C:$BD08; Direct call from $1F:$D822	A,X,Y	A,P,X,Y	$00+X	
1F	D891	DispatchMapObjectCommand	Direct call from $1F:$D618; Tail jump from $1F:$DA44; Tail jump from $1F:$DA56; Tail jump from $1F:$DA72; Tail jump from $1F:$DA94; Tail jump from $1F:$DBAA; Tail jump from $1F:$DBCD; Tail jump from $1F:$DBF2; Tail jump from $1F:$DC20; Tail jump from $1F:$DC2D; Tail jump from $1F:$DC38; Tail jump from $1F:$DCFC; Tail jump from $1F:$DE24; Tail jump from $1F:$DE3F; Tail jump from $1F:$DE5A; Tail jump from $1F:$DE6A; Tail jump from $1F:$DE8F	A,X,Y	A,P,X,Y	$4D,$4E,$52,$53,$57	
1F	D8AB	DispatchStandardMapObjectCommand	Tail jump from $1F:$DDC8	A,Y	A,P,Y	$52,$53	
1F	D8CB	HideMapEntityCommand	Pointer $1F:$DF02 (49-entry map-object command table selected at $D8A3-$D8B7; out-of-range values use entry zero)		A,P		$DA59,$DDE3
1F	D8CE	HideMapEntityWithoutAdvance	Pointer $1F:$DF60 (49-entry map-object command table selected at $D8A3-$D8B7; out-of-range values use entry zero)		A,P		$DA59
1F	D8D4	ShowMapEntityCommand	Pointer $1F:$DF04 (49-entry map-object command table selected at $D8A3-$D8B7; out-of-range values use entry zero)		A,P		$DA47,$DDE3
1F	D8D7	ShowMapEntityWithoutAdvance	Pointer $1F:$DF56 (49-entry map-object command table selected at $D8A3-$D8B7; out-of-range values use entry zero)		A,P		$DA47
1F	D8DD	RandomizeEntityFacingCommand	Pointer $1F:$DF06 (49-entry map-object command table selected at $D8A3-$D8B7; out-of-range values use entry zero)	A,X	A,P	$68,$7000+X	$C891,$DDE3
1F	D8E0	RandomizeEntityFacingWithoutAdvance	Pointer $1F:$DF58 (49-entry map-object command table selected at $D8A3-$D8B7; out-of-range values use entry zero)	A,X	A,P	$68,$7000+X	$C891
1F	D90A	TurnEntityClockwiseCommand	Pointer $1F:$DF0C (49-entry map-object command table selected at $D8A3-$D8B7; out-of-range values use entry zero)	A,X	A,P	$7000+X	$DDE3
1F	D910	SetRotatedEntityFacing	Tail jump from $1F:$D92E	A,X	A,P	$7000+X	$DDE3
1F	D928	TurnEntityCounterclockwiseCommand	Pointer $1F:$DF0E (49-entry map-object command table selected at $D8A3-$D8B7; out-of-range values use entry zero)	A,X	A,P	$7000+X	$DDE3
1F	D931	SetMapObjectInactiveCommand	Pointer $1F:$DF10 (49-entry map-object command table selected at $D8A3-$D8B7; out-of-range values use entry zero)		A,P		$D9AB
1F	D937	RemoveMapObjectCommand	Pointer $1F:$DF12 (49-entry map-object command table selected at $D8A3-$D8B7; out-of-range values use entry zero)	A,X	A,P	$6F60+X,$6F80+X,$6FA0+X,$6FC0+X	$D9AB
1F	D94B	AnimateMapObjectRemoval	Direct call from $1F:$D5EA; Pointer $1F:$DF14 (49-entry map-object command table selected at $D8A3-$D8B7; out-of-range values use entry zero); Pointer $1F:$DF16 (49-entry map-object command table selected at $D8A3-$D8B7; out-of-range values use entry zero)	A,X	A,P,X	$6F60+X,$6F80+X,$6FA0+X,$6FC0+X,$7020+X,$7160+X	$DDE3
1F	D974	ActivateMapObjectAndYield	Tail jump from $1F:$DA0E	A,X	A,P	$7020+X	
1F	D99D	StoreEntityMotionTimerAndHide	Tail jump from $1F:$D971	A,X	A,P	$7020+X,$7160+X	
1F	D9AB	SetMapObjectInactiveAndAdvanceScript	Direct call from $1F:$D931; Direct call from $1F:$D937	A,X	A,P,X	$7020+X	$DDE7
1F	D9B8	ActivateMapObjectCommand	Pointer $1F:$DF18 (49-entry map-object command table selected at $D8A3-$D8B7; out-of-range values use entry zero)	A,X	A,P,X	$7020+X	$DA11,$DDE3
1F	D9CB	AnimateMapObjectAppearance	Direct call from $1F:$D5DA; Pointer $1F:$DF1A (49-entry map-object command table selected at $D8A3-$D8B7; out-of-range values use entry zero)	A,X	A,P,X	$7020+X,$7160+X	$DA11,$DDE3
1F	DA11	SaveEntityCoordinates	Direct call from $1F:$D9C2; Direct call from $1F:$DA0B	A,X	A,P	$6FA0+X,$6FC0+X	
1F	DA1E	ApplyPlayerFacingToMovingEntity	Pointer $1F:$DF1C (49-entry map-object command table selected at $D8A3-$D8B7; out-of-range values use entry zero)		A,P,X		$DDF3
1F	DA2E	SetEntityStateFlag08Command	Pointer $1F:$DF1E (49-entry map-object command table selected at $D8A3-$D8B7; out-of-range values use entry zero)	A,X	A,P,X	$70E0+X	$DDE3
1F	DA3E	ShowMapEntityAndContinueCommand	Pointer $1F:$DF20 (49-entry map-object command table selected at $D8A3-$D8B7; out-of-range values use entry zero)	A,X,Y	A,P,X,Y	$4D,$4E,$52,$53,$57	$DA47,$DDE3
1F	DA47	ShowMapEntity	Direct call from $1F:$D8D7; Direct call from $1F:$DA3E	A,X	A,P	$70E0+X	
1F	DA50	HideMapEntityAndContinueCommand	Pointer $1F:$DF22 (49-entry map-object command table selected at $D8A3-$D8B7; out-of-range values use entry zero)	A,X,Y	A,P,X,Y	$4D,$4E,$52,$53,$57	$DA59,$DDE3
1F	DA59	HideMapEntity	Direct call from $1F:$D8CE; Direct call from $1F:$DA50	A,X	A,P	$70E0+X	
1F	DA62	SetEntityAnimationStateCommand	Pointer $1F:$DF24 (49-entry map-object command table selected at $D8A3-$D8B7; out-of-range values use entry zero)	A,X,Y	A,P,X,Y	$4D,$4E,$52,$53,$57,$7040+X,$70E0+X	$DDE3
1F	DA75	SelectEntityAnimationCommand	Pointer $1F:$DF26 (49-entry map-object command table selected at $D8A3-$D8B7; out-of-range values use entry zero); Pointer $1F:$DF28 (49-entry map-object command table selected at $D8A3-$D8B7; out-of-range values use entry zero); Pointer $1F:$DF2A (49-entry map-object command table selected at $D8A3-$D8B7; out-of-range values use entry zero); Pointer $1F:$DF2C (49-entry map-object command table selected at $D8A3-$D8B7; out-of-range values use entry zero); Pointer $1F:$DF2E (49-entry map-object command table selected at $D8A3-$D8B7; out-of-range values use entry zero); Pointer $1F:$DF30 (49-entry map-object command table selected at $D8A3-$D8B7; out-of-range values use entry zero); Pointer $1F:$DF32 (49-entry map-object command table selected at $D8A3-$D8B7; out-of-range values use entry zero); Pointer $1F:$DF34 (49-entry map-object command table selected at $D8A3-$D8B7; out-of-range values use entry zero); Pointer $1F:$DF36 (49-entry map-object command table selected at $D8A3-$D8B7; out-of-range values use entry zero); Pointer $1F:$DF38 (49-entry map-object command table selected at $D8A3-$D8B7; out-of-range values use entry zero); Pointer $1F:$DF3A (49-entry map-object command table selected at $D8A3-$D8B7; out-of-range values use entry zero); Pointer $1F:$DF3C (49-entry map-object command table selected at $D8A3-$D8B7; out-of-range values use entry zero); Pointer $1F:$DF3E (49-entry map-object command table selected at $D8A3-$D8B7; out-of-range values use entry zero); Pointer $1F:$DF40 (49-entry map-object command table selected at $D8A3-$D8B7; out-of-range values use entry zero); Pointer $1F:$DF42 (49-entry map-object command table selected at $D8A3-$D8B7; out-of-range values use entry zero)	A,X,Y	A,P,X,Y	$4D,$4E,$52,$53,$57,$7040+X,$70E0+X	$DDE3
1F	DA97	StartScriptedBattleCommand	Pointer $1F:$DF44 (49-entry map-object command table selected at $D8A3-$D8B7; out-of-range values use entry zero)	Y	A,P,Y		$DDE0
1F	DAA4	RunBank1CMapObjectPresentationCommand	Pointer $1F:$DF46 (49-entry map-object command table selected at $D8A3-$D8B7; out-of-range values use entry zero)	A	A,P,X		$DAC6,$DDE0,$FF91
1F	DAC6	InitializeBank1CMapObjectPresentation	Direct call from $1F:$DAB4	A,X,Y	A,P,X,Y	$00,$01,$0530,$0531,$0532,$0533,$55,$56	$C3EA,$DB6A
1F	DB18	AdvanceBank1CMapObjectPresentation	Direct call from $1F:$CA4A	A	A,P,X,Y	$00,$01,$0530,$0531,$0532,$0533	$C3EA,$DB6A
1F	DB6A	ReadBank1CMapObjectPresentationByte	Direct call from $1F:$DB0D; Direct call from $1F:$DB18	A	A,P,X,Y	$00,$01	$C3EA
1F	DB83	SetEntityFacingAndSpriteCommand	Pointer $1F:$DF48 (49-entry map-object command table selected at $D8A3-$D8B7; out-of-range values use entry zero)	A,X,Y	A,P,X,Y	$4D,$4E,$52,$53,$57,$6FE0+X	$DDE0,$DDF3
1F	DBAD	SetEntityTargetCoordinatesCommand	Pointer $1F:$DF4A (49-entry map-object command table selected at $D8A3-$D8B7; out-of-range values use entry zero)	A,X,Y	A,P,X,Y	$4D,$4E,$52,$53,$57,$71A0+X,$71C0+X	$DDDD
1F	DBD0	SetEntityPositionCommand	Pointer $1F:$DF4C (49-entry map-object command table selected at $D8A3-$D8B7; out-of-range values use entry zero)	A,X,Y	A,P,X,Y	$4D,$4E,$52,$53,$57,$6F60+X,$6F80+X,$6FA0+X,$6FC0+X,$7140+X	$D3E6,$DDDD
1F	DBF5	StartEntityPathCommand	Pointer $1F:$DF4E (49-entry map-object command table selected at $D8A3-$D8B7; out-of-range values use entry zero)	A,X,Y	A,P,X,Y	$0527,$0593,$0594,$059C	$DDDD
1F	DC16	SetMapFlagBitsCommand	Pointer $1F:$DF50 (49-entry map-object command table selected at $D8A3-$D8B7; out-of-range values use entry zero)	A,X,Y	A,P,X,Y	($52),Y,$4D,$4E,$52,$53,$57	$DC3B,$DDDA
1F	DC23	ClearMapFlagBitsCommand	Pointer $1F:$DF52 (49-entry map-object command table selected at $D8A3-$D8B7; out-of-range values use entry zero)	A,X,Y	A,P,X,Y	($52),Y,$4D,$4E,$52,$53,$57	$DC3B,$DDDA
1F	DC30	WriteMapFlagByteCommand	Pointer $1F:$DF54 (49-entry map-object command table selected at $D8A3-$D8B7; out-of-range values use entry zero)	A,X,Y	A,P,X,Y	($52),Y,$4D,$4E,$52,$53,$57	$DC3B,$DDDA
1F	DC3B	DecodeMapFlagOperand	Direct call from $1F:$DC16; Direct call from $1F:$DC23; Direct call from $1F:$DC30	A,Y	A,P,Y	$52,$53	
1F	DC4B	FaceMapObjectTowardTargetCommand	Direct call from $1E:$9DD7; Pointer $1F:$DF08 (49-entry map-object command table selected at $D8A3-$D8B7; out-of-range values use entry zero)	A,X,Y	A,P,X,Y	$4D,$4E,$52,$53,$54,$57	$C891,$DDE3,$DDF3
1F	DC9F	MoveEntityTowardExplicitTarget	Tail jump from $1F:$DD03	A,X,Y	A,P,X,Y	$4D,$4E,$52,$53,$57	$C891,$DDE3,$DDF3
1F	DCFF	FaceMapObjectAwayFromTargetCommand	Pointer $1F:$DF0A (49-entry map-object command table selected at $D8A3-$D8B7; out-of-range values use entry zero)	A,X,Y	A,P,X,Y	$4D,$4E,$52,$53,$54,$57	$C891,$DDE3,$DDF3
1F	DD06	SetMapTileCommand	Pointer $1F:$DF5A (49-entry map-object command table selected at $D8A3-$D8B7; out-of-range values use entry zero)	A,Y	A,P,X,Y		
1F	DD1F	SelectRandomAllowedEntityDirection	Pointer $1F:$DF5C (49-entry map-object command table selected at $D8A3-$D8B7; out-of-range values use entry zero)	A,X,Y	A,P,X,Y	$53,$54	$C891,$DDF3
1F	DDAF	BranchOnPlayerLocalCoordinates	Pointer $1F:$DF5E (49-entry map-object command table selected at $D8A3-$D8B7; out-of-range values use entry zero)	A,X,Y	A,P,X,Y	$4D,$4E,$52,$53,$57	$DDDA
1F	DDCB	PlayScriptedMapAudioTrack	Pointer $1F:$DF62 (49-entry map-object command table selected at $D8A3-$D8B7; out-of-range values use entry zero)	Y	A,P,Y		
1F	DDDA	AdvanceMapObjectScriptFourBytes	Direct call from $1F:$DC1D; Direct call from $1F:$DC2A; Direct call from $1F:$DC35; Direct call from $1F:$DD19; Direct call from $1F:$DDBE		P		$DDE7
1F	DDDD	AdvanceMapObjectScriptThreeBytes	Direct call from $1F:$DBBB; Direct call from $1F:$DBCA; Direct call from $1F:$DBE5; Direct call from $1F:$DBFE; Direct call from $1F:$DE78; Direct call from $1F:$DECF		P		$DDE7
1F	DDE0	AdvanceMapObjectScriptTwoBytes	Direct call from $1F:$DA9B; Direct call from $1F:$DAB9; Direct call from $1F:$DBA7; Direct call from $1F:$DDD4; Direct call from $1F:$DE30; Direct call from $1F:$DEFC		P		$DDE7
1F	DDE3	AdvanceMapObjectScriptOneByte	Direct call from $1F:$D8CB; Direct call from $1F:$D8D4; Direct call from $1F:$D8DD; Direct call from $1F:$D922; Direct call from $1F:$D97F; Direct call from $1F:$D9C5; Direct call from $1F:$D9FB; Direct call from $1F:$DA38; Direct call from $1F:$DA41; Direct call from $1F:$DA53; Direct call from $1F:$DA6F; Direct call from $1F:$DA91; Direct call from $1F:$DCF9; Direct call from $1F:$DE21; Tail jump from $1F:$D9B5		P		$DDE7
1F	DDE7	AdvanceMapObjectScriptPointer	Direct call from $1F:$DDDA; Direct call from $1F:$DDDD; Direct call from $1F:$DDE0; Direct call from $1F:$DDE3	X	P	$7060+X,$7080+X	
1F	DDF0	ReturnFromMapObjectCommand	Tail jump from $1F:$D8D1; Tail jump from $1F:$D8DA; Tail jump from $1F:$D925; Tail jump from $1F:$D934; Tail jump from $1F:$D948; Tail jump from $1F:$D9A8; Tail jump from $1F:$D9C8; Tail jump from $1F:$DA2B; Tail jump from $1F:$DA3B; Tail jump from $1F:$DAC3; Tail jump from $1F:$DC13; Tail jump from $1F:$DECB		A,P		
1F	DDF3	SetEntityFacingDirection	Direct call from $1F:$DA26; Direct call from $1F:$DB8A; Direct call from $1F:$DCEA; Direct call from $1F:$DDAA; Direct call from $1F:$DEE0	A,X	A,P	$7000+X	
1F	DE06	RestoreMapObjectLoopPointer	Pointer $1F:$DF64 (Eleven-entry high-bit map-object command table selected and dispatched at $D8BA-$D8C8)	A,X,Y	A,P,X,Y	$4D,$4E,$52,$53,$57,$7060+X,$7080+X	
1F	DE0B	RepeatMapObjectLoopCommand	Pointer $1F:$DF66 (Eleven-entry high-bit map-object command table selected and dispatched at $D8BA-$D8C8)	A,X,Y	A,P,X,Y	$4D,$4E,$52,$53,$57,$7060+X,$7080+X,$7180+X	$DDE3
1F	DE12	RestoreMapObjectLoopPointerBody	Tail jump from $1F:$DE08	A,X,Y	A,P,X,Y	$4D,$4E,$52,$53,$57,$7060+X,$7080+X	
1F	DE27	BeginMapObjectLoopCommand	Pointer $1F:$DF68 (Eleven-entry high-bit map-object command table selected and dispatched at $D8BA-$D8C8)	A,X,Y	A,P,X,Y	$4D,$4E,$52,$53,$57,$70A0+X,$70C0+X,$7180+X	$DDE0
1F	DE42	BranchMapObjectScriptRelativeCommand	Pointer $1F:$DF6A (Eleven-entry high-bit map-object command table selected and dispatched at $D8BA-$D8C8)	A,X,Y	A,P,X,Y	$4D,$4E,$52,$53,$57,$7060+X,$7080+X	
1F	DE5D	JumpMapObjectScriptCommand	Pointer $1F:$DF6C (Eleven-entry high-bit map-object command table selected and dispatched at $D8BA-$D8C8)	A,X,Y	A,P,X,Y	$4D,$4E,$52,$53,$57,$7060+X,$7080+X	
1F	DE6D	CallMapObjectScriptCommand	Pointer $1F:$DF6E (Eleven-entry high-bit map-object command table selected and dispatched at $D8BA-$D8C8)	A,X,Y	A,P,X,Y	$4D,$4E,$52,$53,$57,$7060+X,$7080+X,$70A0+X,$70C0+X	$DDDD
1F	DE92	DispatchMapObjectOperationCommand	Pointer $1F:$DF70 (Eleven-entry high-bit map-object command table selected and dispatched at $D8BA-$D8C8)	A,Y	A,P,Y	$52,$53	
1F	DEA9	AdvanceScriptPointerAtLocalCoordinate	Pointer $1F:$DEA5 (Two-entry map-object operation table selected and dispatched at $DE92-$DEA2)	A,X,Y	A,P,X,Y	$4D,$4E,$52,$53,$57,$7060+X,$7080+X	
1F	DECE	NoOpMapObjectOperation	Pointer $1F:$DEA7 (Two-entry map-object operation table selected and dispatched at $DE92-$DEA2)		P		
1F	DECF	SetEntityFacingFromPlayerCommand	Pointer $1F:$DF72 (Eleven-entry high-bit map-object command table selected and dispatched at $D8BA-$D8C8)	A	A,P		$DDDD,$DDF3
1F	DEE5	InvokeMapEventCommand	Pointer $1F:$DF74 (Eleven-entry high-bit map-object command table selected and dispatched at $D8BA-$D8C8); Pointer $1F:$DF76 (Eleven-entry high-bit map-object command table selected and dispatched at $D8BA-$D8C8); Pointer $1F:$DF78 (Eleven-entry high-bit map-object command table selected and dispatched at $D8BA-$D8C8)	A,Y	A,P,Y		
1F	DF7A	ReadThreeBankedMapDataBytes	Direct call from $16:$8732; Direct call from $16:$87B3	A,Y	A,P,Y	$98,$99,$9A	$DF9F,$FF91
1F	DF9F	AdvanceBankedMapDataPointer	Direct call from $1F:$DF89; Direct call from $1F:$DF90; Direct call from $1F:$DF97	A,X	A,P,X	$0507,$49,$4A,$51	$FF91
1F	DFF1	InitializeMapEntityRendering	Direct call from $16:$88AD; Direct call from $1C:$ADB8; Direct call from $1D:$AD89; Direct call from $1E:$876C; Direct call from $1E:$8A17; Direct call from $1E:$A7F7; Direct call from $1F:$CC55; Direct call from $1F:$D042; Tail jump from $1E:$9598	A,X	A,P,X	$07BB,$16,$61,$7000+X,$7100+X,$7120+X,$E4,$EA,$EB,$EC,$ED	$E147,$E160,$E169,$E368,$E402,$E4F6
1F	E06E	UpdateMapEntityRendering	Direct call from $1E:$8534; Direct call from $1E:$85F6; Direct call from $1E:$86DD; Direct call from $1E:$9D93; Direct call from $1F:$C9F9	A,X,Y	A,P,X,Y	$00ED,$7000+X,$E2,$E3,$E4,$E5,$EA,$EB,$EC,$ED	$E147,$E160,$E169,$E2EE
1F	E147	InitializePlayerOamPosition	Direct call from $1F:$E029; Direct call from $1F:$E06E	A,Y	A,P,X,Y	$00,$01,$0200+Y,$0203+Y,$0204+Y,$0207+Y,$0208+Y,$020B+Y,$020C+Y,$020F+Y	$C78C
1F	E160	HideEntityWithoutSpriteDefinition	Direct call from $1F:$E060; Direct call from $1F:$E0D6; Direct call from $1F:$E106	A,Y	A,P	$0200+Y,$0203+Y,$0204+Y,$0207+Y,$0208+Y,$020B+Y,$020C+Y,$020F+Y,$E2,$E4	$C78C,$E4BB
1F	E169	RenderEntityWithinViewport	Direct call from $1F:$E050; Direct call from $1F:$E0DC; Direct call from $1F:$E128	A,X,Y	A,P	$0200+Y,$0203+Y,$0204+Y,$0207+Y,$0208+Y,$020B+Y,$020C+Y,$020F+Y,$DE,$DF,$E0,$E1,$E2,$E4,$E6	$C78C,$E368,$E45C,$E4BB
1F	E178	ComputeAndClipEntityScreenPosition	Direct call from $1F:$E44E	A,X,Y	A,P	$0200+Y,$0203+Y,$0204+Y,$0207+Y,$0208+Y,$020B+Y,$020C+Y,$020F+Y,$DE,$DF,$E0,$E1,$E2,$E4,$E6	$C78C,$E368,$E45C,$E4BB
1F	E2EE	AdvanceEntitySubtilePosition	Direct call from $1F:$E10E; Direct call from $1F:$E125	A,X	A,P	$6FA0+X,$6FC0+X,$7100+X,$7120+X	
1F	E336	InitializePlayerOamCoordinates	Tail jump from $1F:$E15D	A,Y	A,P	$0200+Y,$0203+Y,$0204+Y,$0207+Y,$0208+Y,$020B+Y,$020C+Y,$020F+Y	$C78C
1F	E368	RenderMapEntityFromCachedSprites	Direct call from $1F:$E030; Direct call from $1F:$E05A; Direct call from $1F:$E208; Direct call from $1F:$E263; Direct call from $1F:$E453	A,X,Y	A,P,X,Y	$00,$01,$02,$0201+X,$0202+X,$0205+X,$0206+X,$0209+X,$020A+X,$020D+X,$020E+X,$03	
1F	E3E2	ResolveEntitySpriteConflicts	Direct call from $1F:$D1E6	A,X	A,P,X	$07BB,$70E0+X	$E419
1F	E402	ClearEntitySpriteConflictFlags	Direct call from $1F:$DFFD	A,X	A,P,X	$70E0+X	
1F	E419	ResolveOneEntitySpriteConflict	Direct call from $1F:$E3FA	A,X,Y	A,P,X,Y	$7000+X,$7000+Y,$70E0+X,$E2,$E4	$E178,$E368,$E4BB
1F	E45C	AllocateEntityOamBlock	Direct call from $1F:$E1F6; Direct call from $1F:$E251	A,X	A,P	$00,$01,$07BB,$61,$62,$70E0+X	
1F	E4BB	ReleaseEntityOamBlock	Direct call from $1F:$E1AE; Direct call from $1F:$E43A	A	A,P	$00,$01,$61,$62	
1F	E4F6	HideAllOamSprites	Direct call from $15:$B751; Direct call from $1F:$DFFA	A,X	A,P,X	$0200+X	
1F	E501	ResetMapEntityMotionState	Direct call from $15:$B757; Direct call from $1C:$BBCB; Direct call from $1D:$AD86; Direct call from $1E:$8769; Direct call from $1E:$878F; Direct call from $1E:$9595	A,X	A,P,X	$07BC,$61,$62,$7000+X	
1F	E52C	ClampCoinSellerPriceTo9999999	Direct call from $15:$A7E3	A	A,P	$FD,$FE,$FF	
1F	E54B	LoadCurrentMapDataBanked	Tail jump from $1F:$C004	A	A,P	$07CA,$6CDC,$6CDD	
1F	E561	InitializeCurrentMapDecoderBanked	Tail jump from $1F:$C016	A	A,P	$07CA,$6CDC,$6CDD	
1F	E577	AdvanceMapScrollStepBanked	Tail jump from $1F:$C001	A	A,P	$07CA,$6CDC,$6CDD	
1F	E58D	PropagatePartyFollowerOffsetsBanked	Tail jump from $1F:$C007	A	A,P	$07CA,$6CDC,$6CDD	
1F	E5A3	RebuildViewportWithRenderingSuspendedBanked	Tail jump from $1F:$C00A	A	A,P	$07CA,$6CDC,$6CDD	
1F	E5B9	RebuildViewportWithoutSuspendingRenderingBanked	Tail jump from $1F:$C00D	A	A,P	$07CA,$6CDC,$6CDD	
1F	E5CF	SynchronizeFollowerFacingStateBanked	Tail jump from $1F:$C010	A	A,P	$07CA,$6CDC,$6CDD	
1F	E5E5	ReconcilePartyEntitySlotsBanked	Tail jump from $1F:$C013	A	A,P	$07CA,$6CDC,$6CDD	
1F	E5FB	RedrawWorldMapTileClassesBanked	Tail jump from $1F:$C02E	A	A,P	$07CA,$6CDC,$6CDD	$6CAD,$FF91
1F	E617	RunLowerFixedNoOpTrampoline	Tail jump from $1F:$C031	A	A,P	$07CA,$6CDC,$6CDD	
1F	E62D	LoadEndingCreditsTextBanked	Tail jump from $1F:$C034	A	A,P	$07CA,$6CDC,$6CDD	
1F	E643	UploadTitleSceneArtworkBanked	Tail jump from $1F:$C037	A	A,P	$07CA,$6CDC,$6CDD	
1F	E659	UploadTitleSceneArtworkBankedAlias	Tail jump from $1F:$C03A	A	A,P	$07CA,$6CDC,$6CDD	
1F	E66F	AddMapWidthToPointer	Direct call from $1E:$9F9C; Direct call from $1E:$9FA8	A	A,P	$49,$4A	
1F	E67B	SubtractMapWidthFromPointer	Direct call from $1E:$9FF1; Direct call from $1E:$A010	A	A,P	$49,$4A	
1F	E687	UpdateAudioEngineFrame	Tail jump from $1F:$C019	A	A,P,X,Y	$4004,$400C,$6E86,$B0,$B4,$BD	$E739,$E77C,$EEE2,$F0E3,$F0F6,$FF94
1F	E739	UpdateAudioChannelOutput	Direct call from $1F:$E6BD; Direct call from $1F:$E6FC; Direct call from $1F:$E703; Direct call from $1F:$E70A; Direct call from $1F:$E711	A,X,Y	A,P,X,Y	$4015	$EAFC,$ED69
1F	E771	ReadAudioSequenceByte	Direct call from $1F:$E7DC; Direct call from $1F:$E842; Direct call from $1F:$E848; Direct call from $1F:$E884; Direct call from $1F:$E89A; Direct call from $1F:$E8AE; Direct call from $1F:$E8BA; Direct call from $1F:$E8DE; Direct call from $1F:$E904; Direct call from $1F:$E918; Direct call from $1F:$E927; Direct call from $1F:$E934; Direct call from $1F:$E941; Direct call from $1F:$E94A; Direct call from $1F:$E968; Direct call from $1F:$E970; Direct call from $1F:$E974; Direct call from $1F:$E99C; Direct call from $1F:$EA0D; Direct call from $1F:$EA1A; Direct call from $1F:$EA41; Direct call from $1F:$EFED	X	A,P,X	$A6+X,$A7+X	
1F	E77C	ProcessAudioChannelSequence	Direct call from $1F:$E6B6; Direct call from $1F:$E6D4; Direct call from $1F:$E6DB; Direct call from $1F:$E6E2; Direct call from $1F:$E6EC	A,X,Y	A,P,X,Y	$00B8+Y,$0102+X,$0103+X,$0620+X,$0621+X,$062A+X,$062B+X,$063C+X,$063D+X,$0646+Y,$10,$11,$4001+X,$4005,$6BFD+X,$6C09+Y,$A0,$A1,$A2,$A4,$A5,$B4,$BB	$E771,$EC59,$ED69,$EE8C,$F0E3,$F0F6
1F	E7DC	DecodeNextAudioSequenceEvent	Tail jump from $1F:$E853; Tail jump from $1F:$E866; Tail jump from $1F:$E87B; Tail jump from $1F:$E881; Tail jump from $1F:$E88A; Tail jump from $1F:$E890; Tail jump from $1F:$E8AB; Tail jump from $1F:$E8B7; Tail jump from $1F:$E8D5; Tail jump from $1F:$E8E7; Tail jump from $1F:$E8ED; Tail jump from $1F:$E8F3; Tail jump from $1F:$E92A; Tail jump from $1F:$E93E; Tail jump from $1F:$E947; Tail jump from $1F:$E95B; Tail jump from $1F:$E965; Tail jump from $1F:$E96D; Tail jump from $1F:$E98C; Tail jump from $1F:$E999; Tail jump from $1F:$F054	A,X,Y	A,P,X,Y	$00B8+Y,$0102+X,$0103+X,$0620+X,$0621+X,$062A+X,$062B+X,$063C+X,$063D+X,$0646+Y,$10,$11,$4005,$6BFD+X,$6C09+Y,$A2,$A4,$A5,$B4,$BB	$E771,$EC59,$ED69,$EE8C
1F	E842	SetAudioPatternTablePointer	Pointer $1F:$E82A (Twenty-four audio command handlers for command bytes $E8-$FF; $E7F4-$E809 complements and doubles the command, loads the stored handler-minus-one value, and returns into value+1 through RTS)	A,X,Y	A,P,X,Y	$00B8+Y,$0102+X,$0103+X,$0620+X,$0621+X,$062A+X,$062B+X,$063C+X,$063D+X,$0646+Y,$10,$11,$4005,$6BFD+X,$6C03+X,$6C04+X,$6C09+Y,$A2,$A4,$A5,$B4,$BB	$E771,$EC59,$ED69,$EE8C
1F	E856	DisableAudioPatternTable	Pointer $1F:$E838 (Twenty-four audio command handlers for command bytes $E8-$FF; $E7F4-$E809 complements and doubles the command, loads the stored handler-minus-one value, and returns into value+1 through RTS)	A,X,Y	A,P,X,Y	$00B1+Y,$00B8+Y,$0102+X,$0103+X,$0620+X,$0621+X,$062A+X,$062B+X,$063C+X,$063D+X,$0646+Y,$10,$11,$4005,$6BFD+X,$6C09+Y,$A2,$A4,$A5,$B4,$BB	$E771,$EC59,$ED69,$EE8C
1F	E85A	IncrementAudioPitchOctave	Pointer $1F:$E83C (Twenty-four audio command handlers for command bytes $E8-$FF; $E7F4-$E809 complements and doubles the command, loads the stored handler-minus-one value, and returns into value+1 through RTS)	A,X,Y	A,P,X,Y	$00B1+Y,$00B8+Y,$0102+X,$0103+X,$0620+X,$0621+X,$062A+X,$062B+X,$063C+X,$063D+X,$0646+Y,$10,$11,$4005,$6BFD+X,$6C09+Y,$A2,$A4,$A5,$B4,$BB	$E771,$EC59,$ED69,$EE8C
1F	E869	DecrementAudioPitchOctave	Guarded flow recovery: Coherent routine block immediately after JMP $E866; 6 instructions, merges into existing code; Pointer $1F:$E83E (Twenty-four audio command handlers for command bytes $E8-$FF; $E7F4-$E809 complements and doubles the command, loads the stored handler-minus-one value, and returns into value+1 through RTS)	A,X,Y	A,P,X,Y	$00B1+Y,$00B8+Y,$0102+X,$0103+X,$0620+X,$0621+X,$062A+X,$062B+X,$063C+X,$063D+X,$0646+Y,$10,$11,$4005,$6BFD+X,$6C09+Y,$A2,$A4,$A5,$B4,$BB	$E771,$EC59,$ED69,$EE8C
1F	E87E	IncrementAudioSequenceSignal	Guarded flow recovery: Coherent routine block immediately after JMP $E87B; 2 instructions, jumps and merges into existing code; Pointer $1F:$E83A (Twenty-four audio command handlers for command bytes $E8-$FF; $E7F4-$E809 complements and doubles the command, loads the stored handler-minus-one value, and returns into value+1 through RTS)	A,X,Y	A,P,X,Y	$00B8+Y,$0102+X,$0103+X,$0620+X,$0621+X,$062A+X,$062B+X,$063C+X,$063D+X,$0646+Y,$10,$11,$4005,$6BF9,$6BFD+X,$6C09+Y,$A2,$A4,$A5,$B4,$BB	$E771,$EC59,$ED69,$EE8C
1F	E884	SetAudioChannelSignal	Pointer $1F:$E836 (Twenty-four audio command handlers for command bytes $E8-$FF; $E7F4-$E809 complements and doubles the command, loads the stored handler-minus-one value, and returns into value+1 through RTS)	A,X,Y	A,P,X,Y	$00B8+Y,$0102+X,$0103+X,$0620+X,$0621+X,$062A+X,$062B+X,$063C+X,$063D+X,$0646+Y,$10,$11,$4005,$6BFA+Y,$6BFD+X,$6C09+Y,$A2,$A4,$A5,$B4,$BB	$E771,$EC59,$ED69,$EE8C
1F	E88D	EnableAudioSequencePause	Pointer $1F:$E818 (Twenty-four audio command handlers for command bytes $E8-$FF; $E7F4-$E809 complements and doubles the command, loads the stored handler-minus-one value, and returns into value+1 through RTS)	A,X,Y	A,P,X,Y	$00B8+Y,$0102+X,$0103+X,$0620+X,$0621+X,$062A+X,$062B+X,$063C+X,$063D+X,$0646+Y,$10,$11,$4005,$6BFD+X,$6C09+Y,$A2,$A4,$A5,$B4,$BB	$E771,$E893,$EC59,$ED69,$EE8C
1F	E893	SetAudioSequencePauseFlag	Direct call from $1F:$E88D	A	A,P	$B0	
1F	E89A	SetAudioPitchLowNibble	Guarded flow recovery: Coherent routine block immediately after RTS $E899; 8 instructions, jumps and merges into existing code; Pointer $1F:$E82E (Twenty-four audio command handlers for command bytes $E8-$FF; $E7F4-$E809 complements and doubles the command, loads the stored handler-minus-one value, and returns into value+1 through RTS)	A,X,Y	A,P,X,Y	$00B1+Y,$00B8+Y,$0102+X,$0103+X,$0620+X,$0621+X,$062A+X,$062B+X,$063C+X,$063D+X,$0646+Y,$10,$11,$4005,$6BFD+X,$6C09+Y,$A2,$A4,$A5,$B4,$BB	$E771,$EC59,$ED69,$EE8C
1F	E8AE	WriteAudioPulseSweep	Guarded flow recovery: Coherent routine block immediately after JMP $E8AB; 4 instructions, jumps and merges into existing code; Pointer $1F:$E82C (Twenty-four audio command handlers for command bytes $E8-$FF; $E7F4-$E809 complements and doubles the command, loads the stored handler-minus-one value, and returns into value+1 through RTS)	A,X,Y	A,P,X,Y	$00B8+Y,$0102+X,$0103+X,$0620+X,$0621+X,$062A+X,$062B+X,$063C+X,$063D+X,$0646+Y,$10,$11,$4001+X,$4005,$6BFD+X,$6C09+Y,$A2,$A4,$A5,$B4,$BB	$E771,$EC59,$ED69,$EE8C
1F	E8BA	ConfigureAudioPitchModulation	Guarded flow recovery: Coherent routine block immediately after JMP $E8B7; 12 instructions, jumps and merges into existing code; Pointer $1F:$E830 (Twenty-four audio command handlers for command bytes $E8-$FF; $E7F4-$E809 complements and doubles the command, loads the stored handler-minus-one value, and returns into value+1 through RTS)	A,X,Y	A,P,X,Y	$00B5+Y,$00B8+Y,$0102+X,$0103+X,$0620+X,$0621+X,$062A+X,$062B+X,$063C+X,$063D+X,$0646+Y,$10,$11,$4005,$6BFD+X,$6C09+Y,$A2,$A4,$A5,$B4,$BB	$E771,$EC59,$ED69,$EE8C
1F	E8D8	SetAudioGlobalLowNibble	Guarded flow recovery: Coherent routine block immediately after JMP $E8D5; 8 instructions, jumps and merges into existing code; Pointer $1F:$E824 (Twenty-four audio command handlers for command bytes $E8-$FF; $E7F4-$E809 complements and doubles the command, loads the stored handler-minus-one value, and returns into value+1 through RTS)	A,X,Y	A,P,X,Y	$00B8+Y,$0102+X,$0103+X,$0620+X,$0621+X,$062A+X,$062B+X,$063C+X,$063D+X,$0646+Y,$10,$11,$4005,$6BFD+X,$6C09+Y,$A2,$A4,$A5,$B0,$B4,$BB	$E771,$EC59,$ED69,$EE8C
1F	E8EA	IncrementAudioGlobalParameter	Guarded flow recovery: Coherent routine block immediately after JMP $E8E7; 2 instructions, jumps and merges into existing code; Pointer $1F:$E826 (Twenty-four audio command handlers for command bytes $E8-$FF; $E7F4-$E809 complements and doubles the command, loads the stored handler-minus-one value, and returns into value+1 through RTS)	A,X,Y	A,P,X,Y	$00B8+Y,$0102+X,$0103+X,$0620+X,$0621+X,$062A+X,$062B+X,$063C+X,$063D+X,$0646+Y,$10,$11,$4005,$6BFD+X,$6C09+Y,$A2,$A4,$A5,$B4,$BB	$E771,$EC59,$ED69,$EE8C,$EEB9
1F	E8F0	DecrementAudioGlobalParameter	Guarded flow recovery: Coherent routine block immediately after JMP $E8ED; 2 instructions, jumps and merges into existing code; Pointer $1F:$E828 (Twenty-four audio command handlers for command bytes $E8-$FF; $E7F4-$E809 complements and doubles the command, loads the stored handler-minus-one value, and returns into value+1 through RTS)	A,X,Y	A,P,X,Y	$00B8+Y,$0102+X,$0103+X,$0620+X,$0621+X,$062A+X,$062B+X,$063C+X,$063D+X,$0646+Y,$10,$11,$4005,$6BFD+X,$6C09+Y,$A2,$A4,$A5,$B4,$BB	$E771,$EC59,$ED69,$EE8C,$EEC6
1F	E8F6	BeginAudioSequenceLoopTwice	Pointer $1F:$E81E (Twenty-four audio command handlers for command bytes $E8-$FF; $E7F4-$E809 complements and doubles the command, loads the stored handler-minus-one value, and returns into value+1 through RTS)	A,X,Y	A,P,X,Y	$00B8+Y,$0102+X,$0103+X,$0620+X,$0621+X,$062A+X,$062B+X,$063C+X,$063D+X,$0646+Y,$064B+Y,$10,$11,$4005,$6BFD+X,$6C09+Y,$A2,$A4,$A5,$A6+X,$A7+X,$B4,$BB	$E771,$EC59,$ED69,$EE8C
1F	E900	BeginAudioSequenceLoop	Pointer $1F:$E81C (Twenty-four audio command handlers for command bytes $E8-$FF; $E7F4-$E809 complements and doubles the command, loads the stored handler-minus-one value, and returns into value+1 through RTS)	A,X,Y	A,P,X,Y	$00B8+Y,$0102+X,$0103+X,$0620+X,$0621+X,$062A+X,$062B+X,$063C+X,$063D+X,$0646+Y,$064B+Y,$10,$11,$4005,$6BFD+X,$6C09+Y,$A2,$A4,$A5,$A6+X,$A7+X,$B4,$BB	$E771,$EC59,$ED69,$EE8C
1F	E908	AdvanceAudioSequenceLoop	Tail jump from $1F:$E8FD	A,X,Y	A,P,X,Y	$00B8+Y,$0102+X,$0103+X,$0620+X,$0621+X,$062A+X,$062B+X,$063C+X,$063D+X,$0646+Y,$064B+Y,$10,$11,$4005,$6BFD+X,$6C09+Y,$A2,$A4,$A5,$A6+X,$A7+X,$B4,$BB	$E771,$EC59,$ED69,$EE8C
1F	E92D	SetAudioPitchHighNibble	Pointer $1F:$E834 (Twenty-four audio command handlers for command bytes $E8-$FF; $E7F4-$E809 complements and doubles the command, loads the stored handler-minus-one value, and returns into value+1 through RTS)	A,X,Y	A,P,X,Y	$00B1+Y,$00B8+Y,$0102+X,$0103+X,$0620+X,$0621+X,$062A+X,$062B+X,$063C+X,$063D+X,$0646+Y,$10,$11,$4005,$6BFD+X,$6C09+Y,$A2,$A4,$A5,$B4,$BB	$E771,$EC59,$ED69,$EE8C
1F	E941	SetAudioPitchOffset	Guarded flow recovery: Coherent routine block immediately after JMP $E93E; 3 instructions, jumps and merges into existing code; Pointer $1F:$E81A (Twenty-four audio command handlers for command bytes $E8-$FF; $E7F4-$E809 complements and doubles the command, loads the stored handler-minus-one value, and returns into value+1 through RTS)	A,X,Y	A,P,X,Y	$00B8+Y,$0102+X,$0103+X,$0620+X,$0621+X,$062A+X,$062B+X,$063C+X,$063D+X,$0646+Y,$10,$11,$4005,$6BFD+X,$6BFE+X,$6C09+Y,$A2,$A4,$A5,$B4,$BB	$E771,$EC59,$ED69,$EE8C
1F	E944	StoreAudioPitchOffsetAndContinue	Tail jump from $1F:$E951	A,X,Y	A,P,X,Y	$00B8+Y,$0102+X,$0103+X,$0620+X,$0621+X,$062A+X,$062B+X,$063C+X,$063D+X,$0646+Y,$10,$11,$4005,$6BFD+X,$6BFE+X,$6C09+Y,$A2,$A4,$A5,$B4,$BB	$E771,$EC59,$ED69,$EE8C
1F	E94A	AddAudioPitchOffset	Guarded flow recovery: Coherent routine block immediately after JMP $E947; 4 instructions, jumps and merges into existing code; Pointer $1F:$E840 (Twenty-four audio command handlers for command bytes $E8-$FF; $E7F4-$E809 complements and doubles the command, loads the stored handler-minus-one value, and returns into value+1 through RTS)	A,X,Y	A,P,X,Y	$00B8+Y,$0102+X,$0103+X,$0620+X,$0621+X,$062A+X,$062B+X,$063C+X,$063D+X,$0646+Y,$10,$11,$4005,$6BFD+X,$6BFE+X,$6C09+Y,$A2,$A4,$A5,$B4,$BB	$E771,$EC59,$ED69,$EE8C
1F	E954	EnableAudioChannelMask	Pointer $1F:$E822 (Twenty-four audio command handlers for command bytes $E8-$FF; $E7F4-$E809 complements and doubles the command, loads the stored handler-minus-one value, and returns into value+1 through RTS)	A,X,Y	A,P,X,Y	$00B8+Y,$0102+X,$0103+X,$0620+X,$0621+X,$062A+X,$062B+X,$063C+X,$063D+X,$0646+Y,$10,$11,$4005,$6BFD+X,$6C09+Y,$A2,$A4,$A5,$B0,$B4,$BB	$E771,$EC59,$ED69,$EE8C
1F	E95E	DisableAudioChannelMask	Pointer $1F:$E820 (Twenty-four audio command handlers for command bytes $E8-$FF; $E7F4-$E809 complements and doubles the command, loads the stored handler-minus-one value, and returns into value+1 through RTS)	A,X,Y	A,P,X,Y	$00B8+Y,$0102+X,$0103+X,$0620+X,$0621+X,$062A+X,$062B+X,$063C+X,$063D+X,$0646+Y,$10,$11,$4005,$6BFD+X,$6C09+Y,$A2,$A4,$A5,$B0,$B4,$BB	$E771,$EC59,$ED69,$EE8C
1F	E968	SetAudioDurationScale	Guarded flow recovery: Coherent routine block immediately after JMP $E965; 3 instructions, jumps and merges into existing code; Pointer $1F:$E812 (Twenty-four audio command handlers for command bytes $E8-$FF; $E7F4-$E809 complements and doubles the command, loads the stored handler-minus-one value, and returns into value+1 through RTS)	A,X,Y	A,P,X,Y	$00B8+Y,$0102+X,$0103+X,$0620+X,$0621+X,$062A+X,$062B+X,$063C+X,$063D+X,$0646+Y,$10,$11,$4005,$6BFD+X,$6C09+Y,$A2,$A4,$A5,$B4,$BB,$BC	$E771,$EC59,$ED69,$EE8C
1F	E970	CallAudioSequenceSubroutine	Pointer $1F:$E814 (Twenty-four audio command handlers for command bytes $E8-$FF; $E7F4-$E809 complements and doubles the command, loads the stored handler-minus-one value, and returns into value+1 through RTS)	A,X,Y	A,P,X,Y	$00B8+Y,$0102+X,$0103+X,$0620+X,$0621+X,$062A+X,$062B+X,$0634+X,$0635+X,$063C+X,$063D+X,$0646+Y,$10,$11,$4005,$6BFD+X,$6C09+Y,$A2,$A4,$A5,$A6+X,$A7+X,$B4,$BB	$E771,$EC59,$ED69,$EE8C
1F	E98F	ReturnFromAudioSequenceSubroutine	Pointer $1F:$E816 (Twenty-four audio command handlers for command bytes $E8-$FF; $E7F4-$E809 complements and doubles the command, loads the stored handler-minus-one value, and returns into value+1 through RTS)	A,X,Y	A,P,X,Y	$00B8+Y,$0102+X,$0103+X,$0620+X,$0621+X,$062A+X,$062B+X,$063C+X,$063D+X,$0646+Y,$10,$11,$4005,$6BFD+X,$6C09+Y,$A2,$A4,$A5,$A6+X,$A7+X,$B4,$BB	$E771,$EC59,$ED69,$EE8C
1F	EAFC	UpdateApuChannelRegisters	Direct call from $1F:$E757	A,X,Y	A,P,X,Y	$00B5+Y,$00B8+Y,$10,$11,$4002+Y,$4003+Y,$400E,$400F,$6BFD+X,$A0,$A1,$A2,$A3,$A4,$A5,$B4,$B8+X	$ED4B
1F	EC45	ReturnIfAudioNoteUnchanged	Guarded flow recovery: Coherent routine block immediately after RTS $EC44; 5 instructions, returns and merges into existing code	A,X,Y	A,P,X,Y	$10,$11,$4002+Y,$4003+Y	$ED4B
1F	EC59	WriteAudioChannelPeriod	Direct call from $1F:$EA31	A,X,Y	A,P,X,Y	$10,$11,$4002+Y,$4003+Y	$ED4B
1F	ED4B	ComputeAudioPeriodTableIndex	Direct call from $1F:$EBC2; Direct call from $1F:$EC60	A,X,Y	A,P,X		
1F	ED69	SilenceAudioChannel	Direct call from $1F:$E75A; Direct call from $1F:$EAC7	A,X,Y	A,P,X,Y	$063C+X,$10,$11,$4000+Y,$6BFD+X,$A0,$A1,$A2	$EE8C,$EE8E
1F	EE8C	ComputeRaisedAudioEnvelopeLevel	Direct call from $1F:$EAA9; Direct call from $1F:$EDF7; Direct call from $1F:$EE65	A	A,P	$10,$11	
1F	EE8E	ComputeAudioEnvelopeLevel	Direct call from $1F:$EDD5	A	A,P	$10	
1F	EEB9	IncrementAudioGlobalLowNibble	Direct call from $1F:$E8EA; Direct call from $1F:$EF00	A,X	A,P,X	$B0	
1F	EEC6	DecrementAudioGlobalLowNibble	Direct call from $14:$8385; Direct call from $14:$838D; Direct call from $14:$8395; Direct call from $14:$839D; Direct call from $1F:$E8F0	A,X	A,P,X	$B0	
1F	EED5	SetAudioGlobalLowNibbleFromAccumulator	Tail jump from $1F:$C028	A	A,P	$10,$B0	
1F	EEE2	AdvanceAudioFadeState	Direct call from $1F:$E6EF	A,X	A,P,X	$B0,$BB	$EEB9
1F	EF5B	StartAudioTrack	Direct call from $1F:$F0AA; Direct call from $1F:$F0AF; Tail jump from $1F:$C01F	A,X,Y	A,P,X,Y	$00,$00B1+Y,$00B5+Y,$01,$0620+X,$0621+X,$0628,$0629,$062A+X,$062B+X,$0632,$0633,$063C+X,$063D+X,$0644,$0645,$064B+Y,$064F,$23,$24,$4001,$4005,$4008,$4010,$4015,$4017,$6BF9,$6BFA,$6BFB,$6BFC,$6BFD+X,$6BFE+X,$6C09+Y,$A4,$A5,$A6,$A6+X,$A7,$A7+X,$AC,$AD,$AE,$AF,$B0,$BB,$BC,$BD,$BF	$C3CE,$C3EA,$E771,$EF5B,$F07A
1F	F051	SignalAudioSequenceCompletion	Guarded flow recovery: Coherent routine block immediately after JMP $F04E; 2 instructions, jumps and merges into existing code; Pointer $1F:$E832 (Twenty-four audio command handlers for command bytes $E8-$FF; $E7F4-$E809 complements and doubles the command, loads the stored handler-minus-one value, and returns into value+1 through RTS)	A,X,Y	A,P,X,Y	$00B8+Y,$0102+X,$0103+X,$0620+X,$0621+X,$062A+X,$062B+X,$063C+X,$063D+X,$0646+Y,$10,$11,$4005,$6BFD+X,$6C09+Y,$A2,$A4,$A5,$B4,$BB	$E771,$EC59,$ED69,$EE8C,$F057
1F	F057	SetAudioSequenceCompletionFlags	Direct call from $1F:$F051; Tail jump from $1F:$C022	A	A,P	$BB	
1F	F05E	StartAudioTrackWithCompletionFlags	Tail jump from $1F:$C025	A,X,Y	A,P,X,Y	$00,$00B1+Y,$00B5+Y,$01,$0620+X,$0621+X,$062A+X,$062B+X,$063C+X,$063D+X,$064B+Y,$23,$24,$4001,$4005,$4008,$4015,$4017,$6BF9,$6BFA,$6BFB,$6BFC,$6BFD+X,$6BFE+X,$6C09+Y,$A4,$A5,$A6,$A6+X,$A7,$A7+X,$AC,$AD,$B0,$BB,$BC,$BD,$BF	$C3CE,$C3EA,$E771,$EF5B,$F07A
1F	F07A	ClearAudioRestartFlag	Direct call from $1F:$EF5B; Direct call from $1F:$F05E	A	A,P	$BF	
1F	F083	SetAudioRestartFlag	Tail jump from $1F:$F04E	A	A,P	$4001,$4005,$4015,$4017,$BB,$BD,$BF	$EF5B
1F	F08A	ResetApuChannels	Tail jump from $1F:$C01C	A	A,P	$4001,$4005,$4015,$4017,$BB,$BD	$EF5B
1F	F0B4	WaitForAudioCompletion	Tail jump from $1F:$C02B	A	A,P		$FF74
1F	F0C7	WaitForAudioCompletionOrButton	Direct call from $17:$944B	A	A,P		$C8EC,$FF74
1F	F0E3	SelectAudioSequenceBank	Direct call from $1F:$E6CD; Direct call from $1F:$E7B8	A	A,P	$6E86	$FF94
1F	F0F6	SelectDefaultAudioSequenceBank	Direct call from $1F:$E6E5; Direct call from $1F:$E79F	A	A,P	$6E86	$FF94
1F	F104	DebugOnly_InitializeChapterSelectionMenu	Direct call from $1E:$A368	A,X	A,P,X	$0480+X,$04F2,$04F3	
1F	F11C	DebugOnly_RunChapterSelectionLoop	Inline service continuation: Coherent fixed-bank routine resumes after the two operands consumed by BRK service $12,$DF at $F119 and returns at $F19A; Tail jump from $1F:$F12B		P		$C8EC,$F12E,$F158,$F182,$F190
1F	F12E	DebugOnly_DrawChapterSelectionCursor	Direct call from $1F:$F11F; Direct call from $1F:$F17A	A,X	A,P,X	$00,$01,$12,$1F	$C65A,$C913
1F	F158	DebugOnly_HandleChapterSelectionHorizontalInput	Direct call from $1F:$F122	A	A,P	$615A	$F17A
1F	F17A	DebugOnly_RedrawChapterSelectionCursor	Direct call from $1F:$F167; Direct call from $1F:$F176	X	P,X		$F12E,$FF74
1F	F182	DebugOnly_AcceptChapterSelection	Direct call from $1F:$F125		A,P		
1F	F190	DebugOnly_CancelChapterSelection	Direct call from $1F:$F128	A	A,P		
1F	F1BF	RunFixedGraphicsReveal	Direct call from $1B:$9E93		P,X		$C90C
1F	F1F6	QueueFixedRevealGraphicsBlock	Direct call from $1F:$F1CA	A,X,Y	A,P,X,Y	$0300+X,$0301+X,$0302+X,$050A,$050B,$49,$4A	$F231
1F	F231	InitializeFixedRevealPpuRows	Direct call from $1F:$F1EC; Direct call from $1F:$F1FA	A,X	A,P,X	$0300+X,$0301+X,$0302+X,$0303+X,$0304+X,$0305+X,$0306+X,$0307+X,$0308+X,$0309+X,$050A,$050B	
1F	F271	InitializeFixedGraphicsReveal	Direct ROM analysis: Coherent routine after RTS $F270 that loads the $F29C stream pointer into $49/$4A and calls $F293 and $C662; Direct call from $1F:$F1C7	A,X	A,P,X	$49,$4A,$51,$52,$53,$54,$55	$C662,$F293
1F	F293	SetFixedGraphicsRevealOrigin	Direct call from $1F:$F27F; Direct call from $1F:$F2B3	A	A,P	$00,$01	
1F	F29E	LoadFixedRevealTileValues	Direct ROM analysis: Coherent routine after the $F29C stream pointer that copies $7608-$760B into $52-$55 and returns at $F2B2; Direct call from $1F:$F1E9	A	A,P	$52,$53,$54,$55	
1F	F2B3	QueueFixedRevealAttributePalette	Direct ROM analysis: Coherent routine calling $F293 before JMP $C727 at $F2B7, immediately preceding the $F2BB stream; Direct call from $1F:$F1EF	A,X	A,P,X	$0300+X,$050A,$050B,$0D,$1C,$1D,$1E	$C662,$C6C3,$F293
1F	F3FB	UploadFixedGraphicsPages	Direct call from $1B:$A532; Direct call from $1B:$A798; Direct call from $1B:$A7C6; Direct call from $1B:$B554	A,X	A,P	$00,$01,$02,$05	$F405,$F41B,$F453
1F	F405	UploadFixedGraphicsPage	Direct call from $1F:$F400	A	A,P	$00,$01,$02	$F41B,$F453
1F	F41B	WriteFixedGraphicsColumnRuns	Direct call from $1F:$F408	A,X,Y	A,P,X,Y	$06,$2007	
1F	F453	InitializeFixedGraphicsPagePointers	Direct call from $1F:$F405	A,X,Y	A,P,X,Y	$00+X,$2006	
1F	FDFB	RunFourSpritePresentationEffect	Direct call from $1D:$B61F		P		$FE0B,$FE27,$FE52,$FE6B
1F	FE0B	MoveFourEffectSpritesRight	Direct call from $1F:$FE07	X	P,X		$FE1A,$FF74
1F	FE1A	IncrementFourEffectSpriteX	Direct call from $1F:$FE0D; Direct call from $1F:$FE10		P	$0210,$0214,$0218,$021C	
1F	FE27	InstallFourEffectSpriteTiles	Direct call from $1F:$FE01	A,X,Y	A,P,X,Y	$0200+Y	
1F	FE52	MoveFourEffectSpritesLeft	Direct call from $1F:$FDFE; Direct call from $1F:$FE04	X	P,X		$FE5E,$FF74
1F	FE5E	DecrementFourEffectSpriteX	Direct call from $1F:$FE54		P	$0210,$0214,$0218,$021C	
1F	FE6B	QueuePresentationEffectGraphics	Direct call from $1F:$FDFB	A,X	A,P,X	$0300,$0301,$0302,$0303+X,$050B,$1F	
1F	FECD	InitializeRasterScrollEffect	Direct call from $1B:$A7DA; Direct call from $1B:$AD6E	A,X	A,P,X	$0200,$0201,$0202,$0203,$0300,$0301,$0302,$0303+X,$050B,$1F,$7B,$7C,$7F	$C118
1F	FF10	AdvanceRasterScrollEffect	Direct call from $1B:$A7F0; Direct call from $1B:$A840; Direct call from $1B:$A843; Direct call from $1B:$A846; Direct call from $1B:$A849; Direct call from $1B:$A84C; Direct call from $1B:$A84F; Direct call from $1B:$ADE4; Direct call from $1B:$ADE7; Direct call from $1B:$ADEA; Direct call from $1B:$ADF7	A,X,Y	A,P,X,Y	$12,$2005,$7B,$7C,$7F	$C913
1F	FF74	WaitForNmi	Direct call from $12:$8648; Direct call from $12:$9818; Direct call from $12:$9867; Direct call from $12:$987F; Direct call from $12:$98BF; Direct call from $12:$9994; Direct call from $12:$9B07; Direct call from $12:$9B3D; Direct call from $12:$A32C; Direct call from $12:$A379; Direct call from $12:$BC84; Direct call from $12:$BCA8; Direct call from $14:$81C9; Direct call from $14:$8274; Direct call from $14:$83C2; Direct call from $14:$88A5; Direct call from $14:$8BAF; Direct call from $14:$8BC2; Direct call from $14:$8ED9; Direct call from $14:$9079; Direct call from $14:$90B5; Direct call from $14:$91A5; Direct call from $14:$91B9; Direct call from $14:$91F1; Direct call from $14:$91F7; Direct call from $14:$9A88; Direct call from $14:$A0C6; Direct call from $14:$A461; Direct call from $14:$A554; Direct call from $15:$AF9E; Direct call from $15:$B75A; Direct call from $16:$8669; Direct call from $16:$88BD; Direct call from $17:$810A; Direct call from $17:$8131; Direct call from $17:$8487; Direct call from $17:$8499; Direct call from $17:$87AC; Direct call from $17:$88AD; Direct call from $17:$8923; Direct call from $17:$8A11; Direct call from $17:$8D9A; Direct call from $17:$9372; Direct call from $17:$9C56; Direct call from $17:$9CB2; Direct call from $17:$9E1F; Direct call from $17:$9FA0; Direct call from $17:$A07E; Direct call from $18:$AE56; Direct call from $18:$AE86; Direct call from $1B:$9141; Direct call from $1B:$9151; Direct call from $1B:$915A; Direct call from $1B:$91B7; Direct call from $1B:$9357; Direct call from $1B:$9360; Direct call from $1B:$9F0D; Direct call from $1B:$A2DF; Direct call from $1B:$A51A; Direct call from $1B:$A73F; Direct call from $1B:$A7CF; Direct call from $1B:$A7DD; Direct call from $1B:$AD4C; Direct call from $1B:$AD71; Direct call from $1B:$ADB0; Direct call from $1B:$B01B; Direct call from $1B:$B332; Direct call from $1C:$B0A1; Direct call from $1C:$B201; Direct call from $1C:$B23C; Direct call from $1C:$B243; Direct call from $1C:$B3EF; Direct call from $1C:$B441; Direct call from $1C:$B469; Direct call from $1C:$B4F1; Direct call from $1C:$B98C; Direct call from $1C:$BB6E; Direct call from $1C:$BC0C; Direct call from $1C:$BF08; Direct call from $1D:$8F58; Direct call from $1D:$8F7C; Direct call from $1D:$9230; Direct call from $1D:$9431; Direct call from $1D:$95AB; Direct call from $1D:$95C1; Direct call from $1D:$9616; Direct call from $1D:$AE27; Direct call from $1D:$B9D5; Direct call from $1D:$BA50; Direct call from $1E:$811A; Direct call from $1E:$837F; Direct call from $1E:$853A; Direct call from $1E:$85A4; Direct call from $1E:$8621; Direct call from $1E:$869E; Direct call from $1E:$8700; Direct call from $1E:$8780; Direct call from $1E:$891F; Direct call from $1E:$8A1A; Direct call from $1E:$8AE9; Direct call from $1E:$8B42; Direct call from $1E:$8B63; Direct call from $1E:$8CA1; Direct call from $1E:$90A8; Direct call from $1E:$988B; Direct call from $1E:$9A89; Direct call from $1E:$9AB7; Direct call from $1E:$9ABA; Direct call from $1E:$9AC6; Direct call from $1E:$9D9C; Direct call from $1E:$A3D5; Direct call from $1E:$A7FA; Direct call from $1E:$A9A7; Direct call from $1E:$B845; Direct call from $1F:$C0C4; Direct call from $1F:$C563; Direct call from $1F:$C8D3; Direct call from $1F:$C8E1; Direct call from $1F:$C90C; Direct call from $1F:$D1E9; Direct call from $1F:$D230; Direct call from $1F:$F0B4; Direct call from $1F:$F0B7; Direct call from $1F:$F0BA; Direct call from $1F:$F0BD; Direct call from $1F:$F0C7; Direct call from $1F:$F0CA; Direct call from $1F:$F0CD; Direct call from $1F:$F0D0; Direct call from $1F:$FE13; Direct call from $1F:$FE57; Tail jump from $12:$89FF; Tail jump from $12:$8A1F; Tail jump from $14:$8C89; Tail jump from $14:$AF86; Tail jump from $16:$8675; Tail jump from $17:$8F3F; Tail jump from $17:$9F4F; Tail jump from $1B:$92E2; Tail jump from $1B:$932A; Tail jump from $1B:$A2D6; Tail jump from $1B:$A729; Tail jump from $1C:$BF0F; Tail jump from $1D:$8EC1; Tail jump from $1D:$AE2E; Tail jump from $1E:$861B; Tail jump from $1E:$8B49; Tail jump from $1E:$9814; Tail jump from $1E:$A811; Tail jump from $1E:$B7EF; Tail jump from $1F:$C633	A	A,P	$12	$C913
1F	FF91	SelectPrgBank	Direct call from $1F:$C1B3; Direct call from $1F:$C3B0; Direct call from $1F:$C3BC; Direct call from $1F:$C3DA; Direct call from $1F:$C3F2; Direct call from $1F:$C402; Direct call from $1F:$C7E7; Direct call from $1F:$D258; Direct call from $1F:$D261; Direct call from $1F:$D27E; Direct call from $1F:$D287; Direct call from $1F:$D56E; Direct call from $1F:$D5AF; Direct call from $1F:$D5F8; Direct call from $1F:$DAAF; Direct call from $1F:$DAC0; Direct call from $1F:$DF80; Direct call from $1F:$DF9B; Direct call from $1F:$DFBB; Direct call from $1F:$DFC9; Direct call from $1F:$DFE2; Direct call from $1F:$E611; Tail jump from $1F:$C7F7; Tail jump from $1F:$D5BD	A	A,P	$0501,$0507,$BFFF,$FFFF	
1F	FF94	ApplyCurrentPrgBankSelection	Direct call from $1F:$E693; Direct call from $1F:$F0F2; Direct call from $1F:$F100	A	A,P	$0501,$BFFF,$FFFF	
1F	FFD8	Reset	CPU vector: RESET vector target	A,X	A,P,X	$00+X,$0300+X,$0400+X,$0500,$0501,$0502,$0503,$0504,$0505,$0505+X,$0506,$0600+X,$0700+X,$2000,$2001,$2006,$2007,$39,$FFDF,$FFFF	$C104,$C52F,$C543,$C569,$C983,$FF74
