TextId	Group	Index	Bank	Pointer	StartBit	EndBit	Symbols	Text
0000	00	00	00	8000	0	102	38 12 0F 00 21 0B 11 19 18 00 13 1D 18 6B 1E 00 12 0F 1C 0F 78	The wagon isn't here.
0001	00	01	00	8000	102	183	32 19 1E 00 0F 18 19 1F 11 12 00 31 34 78	Not enough MP.
0002	00	02	00	8000	183	293	49 00 0E 19 0F 1D 18 6B 1E 00 12 0B 20 0F 00 0B 18 00 13 1E 0F 17 78	<49> doesn't have an item.
0003	00	03	00	8000	293	485	49 00 13 1D 00 0D 1F 1C 1D 0F 0E 00 0B 18 0E 00 0D 0B 18 6B 1E 00 0D 12 0B 18 11 0F 00 0F 1B 1F 13 1A 17 0F 18 1E 78	<49> is cursed and can't change equipment.
0004	00	04	00	8000	485	591	26 1F 1E 00 1E 12 0F 1C 0F 6B 1D 00 18 19 00 0F 1D 0D 0B 1A 0F 6E	But there's no escape!
0005	00	05	00	8000	591	649	49 00 0B 1A 1A 0F 0B 1C 1D 78	<49> appears.
0006	00	06	00	8000	649	777	25 00 17 13 1D 1D 6E 43 32 19 00 0E 0B 17 0B 11 0F 00 1E 19 00 49 78	A miss!<43>No damage to <49>.
0007	00	07	00	8000	777	928	25 00 17 13 1D 1D 6E 43 32 19 00 0E 0B 17 0B 11 0F 00 1E 19 00 49 78 43 40	A miss!<43>No damage to <49>.<43><40>
0008	00	08	00	8000	928	1004	49 00 21 0B 1D 00 0E 0F 10 0F 0B 1E 0F 0E 78	<49> was defeated.
0009	00	09	00	8000	1004	1111	38 12 0F 00 10 19 0F 1D 00 21 0F 1C 0F 00 0E 0F 10 0F 0B 1E 0F 0E 78	The foes were defeated.
000A	00	0A	00	8000	1111	1189	49 00 0E 13 1D 0B 1A 1A 0F 0B 1C 0F 0E 78	<49> disappeared.
000B	00	0B	00	8000	1189	1295	38 12 0F 00 10 19 0F 1D 00 0E 13 1D 0B 1A 1A 0F 0B 1C 0F 0E 78	The foes disappeared.
000C	00	0C	00	8000	1295	1454	49 00 11 0B 13 18 1D 00 47 00 29 22 1A 0F 1C 13 0F 18 0D 0F 00 34 19 13 18 1E 4C 78	<49> gains <47> Experience Point<4C>.
000D	00	0D	00	8000	1454	1629	29 0B 0D 12 00 11 0B 13 18 1D 00 47 00 29 22 1A 0F 1C 13 0F 18 0D 0F 00 34 19 13 18 1E 4C 78	Each gains <47> Experience Point<4C>.
000E	00	0E	00	8000	1629	1740	37 1A 0F 16 16 1D 00 0E 19 18 6B 1E 00 1C 0F 0B 0D 12 00 49 6E	Spells don't reach <49>!
000F	00	0F	00	8000	1740	1934	38 12 0F 00 1D 1A 0F 16 16 00 0C 19 1F 18 0D 0F 1D 00 19 10 10 00 1E 12 0F 00 21 0B 16 16 00 19 10 00 16 13 11 12 1E 1D 6E	The spell bounces off the wall of lights!
0010	00	10	00	8000	1934	2054	26 1F 1E 00 1D 1A 0F 16 16 1D 00 0B 1C 0F 00 0D 19 18 1E 0B 13 18 0F 0E 78	But spells are contained.
0011	00	11	00	8000	2054	2139	49 00 13 1D 00 1A 0B 1C 0B 16 23 24 0F 0E 78	<49> is paralyzed.
0012	00	12	00	8000	2139	2202	49 00 21 0B 15 0F 1D 00 1F 1A 78	<49> wakes up.
0013	00	13	00	8000	2202	2264	49 00 13 1D 00 0B 1D 16 0F 0F 1A 78	<49> is asleep.
0014	00	14	00	8000	2264	2338	49 00 13 1D 00 0D 19 18 10 1F 1D 0F 0E 78	<49> is confused.
0015	00	15	00	8000	2338	2497	49 00 0F 22 1A 13 1C 0F 1D 00 10 1C 19 17 00 0F 22 12 0B 1F 1D 1E 13 19 18 78 43 40	<49> expires from exhaustion.<43><40>
0016	00	16	00	8000	2497	2619	47 00 28 0B 17 0B 11 0F 00 34 19 13 18 1E 4C 00 1E 19 00 49 6E	<47> Damage Point<4C> to <49>!
0017	00	17	00	8000	2619	2750	49 00 11 0F 1E 1D 00 47 00 28 0B 17 0B 11 0F 00 34 19 13 18 1E 4C 6E	<49> gets <47> Damage Point<4C>!
0018	00	18	00	8000	2750	2846	28 19 0F 1D 18 6B 1E 00 21 19 1C 15 00 19 18 00 49 6E	Doesn't work on <49>!
0019	00	19	00	8000	2846	2947	49 00 0E 19 0F 1D 18 6B 1E 00 1A 0B 1D 1D 00 0B 21 0B 23 6E	<49> doesn't pass away!
001A	00	1A	00	8000	2947	3050	26 1F 1E 00 18 19 1E 12 13 18 11 00 12 0B 1A 1A 0F 18 1D 6E	But nothing happens!
001B	00	1B	00	8000	3050	3123	49 00 1A 0B 1D 1D 0F 1D 00 0B 21 0B 23 6E	<49> passes away!
001C	00	1C	00	8000	3123	3232	49 00 0F 22 1A 16 19 0E 0F 1D 00 13 18 1E 19 00 0C 13 1E 1D 6E	<49> explodes into bits!
001D	00	1D	00	8000	3232	3297	49 00 1C 1F 18 1D 00 0B 21 0B 23 6E	<49> runs away!
001E	00	1E	00	8000	3297	3404	49 6B 1D 00 34 0B 1C 1E 23 00 1C 1F 18 1D 00 0B 21 0B 23 6E	<49>'s Party runs away!
001F	00	1F	00	8000	3404	3496	26 1F 1E 00 49 00 13 1D 00 0B 1D 16 0F 0F 1A 6E 4B	But <49> is asleep!<4B>
0020	01	00	00	81B6	0	115	26 1F 1E 00 49 00 13 1D 00 1A 0B 1C 0B 16 23 24 0F 0E 6E 4B	But <49> is paralyzed!<4B>
0021	01	01	00	81B6	115	219	26 1F 1E 00 49 00 13 1D 00 0D 19 18 10 1F 1D 0F 0E 78 4B	But <49> is confused.<4B>
0022	01	02	00	81B6	219	375	49 6B 1D 00 0C 19 0E 23 00 0F 17 0B 18 0B 1E 0F 1D 00 0F 0F 1C 13 0F 00 16 13 11 12 1E 1D 6E 4B	<49>'s body emanates eerie lights!<4B>
0023	01	03	00	81B6	375	444	49 00 1C 19 16 16 1D 00 19 20 0F 1C 6E	<49> rolls over!
0024	01	04	00	81B6	444	578	49 00 13 1D 00 1D 12 0B 15 13 18 11 00 21 13 1E 12 00 16 0B 1F 11 12 1E 0F 1C 6E	<49> is shaking with laughter!
0025	01	05	00	81B6	578	725	49 00 13 1D 00 21 1C 13 1E 12 13 18 11 00 0B 10 1E 0F 1C 00 1E 1C 13 1A 1A 13 18 11 78	<49> is writhing after tripping.
0026	01	06	00	81B6	725	863	49 00 0D 0B 18 6B 1E 00 11 0F 1E 00 19 1F 1E 00 19 10 00 1E 12 0F 00 12 19 16 0F 6E 4B	<49> can't get out of the hole!<4B>
0027	01	07	00	81B6	863	962	49 00 10 1C 0F 0F 24 0F 1D 00 13 18 00 10 0F 0B 1C 6E 4B	<49> freezes in fear!<4B>
0028	01	08	00	81B6	962	1280	49 71 69 27 0B 18 00 2D 00 12 0B 20 0F 00 1D 19 17 0F 00 0D 19 13 18 1D 77 49 6D 00 2C 1F 12 6D 00 2D 1D 18 6B 1E 00 1E 12 13 1D 00 0B 00 0D 0B 1D 13 18 19 6D 6A 43 4B 4B 4B	<49>:'Can I have some coins,<49>? Huh? Isn't this a casino?'<43><4B><4B><4B>
0029	01	09	00	81B6	1280	1410	49 00 1D 0D 1C 0B 17 0C 16 0F 1D 00 13 18 1E 19 00 1E 12 0F 00 21 0B 11 19 18 6E	<49> scrambles into the wagon!
002A	01	0A	00	81B6	1410	1580	49 00 1D 12 19 20 0F 1D 00 49 6B 1D 00 11 12 19 1D 1E 00 13 18 1E 19 00 1E 12 0F 00 21 0B 11 19 18 6E 4B	<49> shoves <49>'s ghost into the wagon!<4B>
002B	01	0B	00	81B6	1580	1707	49 00 14 1F 17 1A 1D 00 19 1F 1E 00 19 10 00 1E 12 0F 00 21 0B 11 19 18 6E	<49> jumps out of the wagon!
002C	01	0C	00	81B6	1707	1895	49 00 0E 1C 0B 11 1D 00 19 1F 1E 00 49 6B 1D 00 11 12 19 1D 1E 00 10 1C 19 17 00 1E 12 0F 00 21 0B 11 19 18 78 4B	<49> drags out <49>'s ghost from the wagon.<4B>
002D	01	0D	00	81B6	1895	1972	49 00 12 19 16 0E 1D 00 1E 12 0F 00 48 6E	<49> holds the <48>!
002E	01	0E	00	81B6	1972	2045	49 00 13 1D 00 19 18 00 11 1F 0B 1C 0E 6E	<49> is on guard!
002F	01	0F	00	81B6	2045	2126	49 00 0D 19 17 0F 1D 00 1E 19 00 12 0F 16 1A 6E	<49> comes to help!
0030	01	10	00	81B6	2126	2257	49 00 0D 0B 16 16 1D 00 10 19 1C 00 1C 0F 13 18 10 19 1C 0D 0F 17 0F 18 1E 1D 6E	<49> calls for reinforcements!
0031	01	11	00	81B6	2257	2358	26 1F 1E 00 18 19 00 12 0F 16 1A 00 0B 1C 1C 13 20 0F 1D 6E	But no help arrives!
0032	01	12	00	81B6	2358	2489	49 00 13 1D 00 0B 1D 1D 0F 1D 1D 13 18 11 00 1E 12 0F 00 1D 13 1E 1F 0B 1E 13 19 18 78	<49> is assessing the situation.
0033	01	13	00	81B6	2489	2566	49 00 13 1D 00 10 16 1F 1D 1E 0F 1C 0F 0E 78	<49> is flustered.
0034	01	14	00	81B6	2566	2688	49 00 13 1D 00 0C 1F 13 16 0E 13 18 11 00 1F 1A 00 1A 19 21 0F 1C 78	<49> is building up power.
0035	01	15	00	81B6	2688	2794	49 00 1E 0B 15 0F 1D 00 0B 00 0E 0F 0F 1A 00 0C 1C 0F 0B 1E 12 6E	<49> takes a deep breath!
0036	01	16	00	81B6	2794	2914	49 00 17 0F 0E 13 1E 0B 1E 0F 1D 00 1D 13 16 0F 18 1E 16 23 78 4B 4B	<49> meditates silently.<4B><4B>
0037	01	17	00	81B6	2914	3048	49 6B 1D 00 21 19 1F 18 0E 1D 00 12 0F 0B 16 00 1C 0B 1A 13 0E 16 23 6E 4B	<49>'s wounds heal rapidly!<4B>
0038	01	18	00	81B6	3048	3176	49 6B 1D 00 0F 22 1A 1C 0F 1D 1D 13 19 18 00 0D 12 0B 18 11 0F 1D 6E 4B	<49>'s expression changes!<4B>
0039	01	19	00	81B6	3176	3259	49 00 11 0F 1E 1D 00 1D 0F 1C 13 19 1F 1D 6E 4B	<49> gets serious!<4B>
003A	01	1A	00	81B6	3259	3347	49 00 16 19 19 15 1D 00 1D 0D 0B 1C 0F 0E 6E 4B	<49> looks scared!<4B>
003B	01	1B	00	81B6	3347	3513	49 00 1F 1D 0F 1D 00 1F 1A 00 13 1E 1D 00 16 0B 1D 1E 00 19 1F 18 0D 0F 00 19 10 00 1A 19 21 0F 1C 6E 4B	<49> uses up its last ounce of power!<4B>
003C	01	1C	00	81B6	3513	3585	6E 6D 00 38 12 0F 00 49 1D 72 4B	!? The <49>s...<4B>
003D	01	1D	00	81B6	3585	3702	49 00 0E 0B 18 0D 0F 1D 00 0B 00 1D 1E 1C 0B 18 11 0F 00 0E 0B 18 0D 0F 6E	<49> dances a strange dance!
003E	01	1E	00	81B6	3702	3870	49 6B 1D 00 31 34 00 13 1D 00 16 19 21 0F 1C 0F 0E 00 0C 23 00 47 00 1A 19 13 18 1E 4C 6E	<49>'s MP is lowered by <47> point<4C>!
003F	01	1F	00	81B6	3870	4087	2A 1C 0F 0F 24 13 18 11 00 21 0B 20 0F 1D 00 1D 12 19 19 1E 00 19 1F 1E 00 10 1C 19 17 00 49 6B 1D 00 10 13 18 11 0F 1C 1D 6E 4B	Freezing waves shoot out from <49>'s fingers!<4B>
0040	02	00	00	83B5	0	6		
0041	02	01	00	83B5	6	76	38 1F 1C 18 1D 00 13 18 1E 19 00 49 6E	Turns into <49>!
0042	02	02	00	83B5	76	169	49 00 13 1D 00 14 0F 1C 15 0F 0E 00 0B 21 0B 23 6E	<49> is jerked away!
0043	02	03	00	83B5	169	240	49 00 13 1D 00 0E 0F 10 0F 0B 1E 0F 0E 6E	<49> is defeated!
0044	02	04	00	83B5	240	359	49 00 1E 1C 13 0F 1D 00 0B 00 0C 19 0E 23 00 0B 1E 1E 0B 0D 15 6E 4B	<49> tries a body attack!<4B>
0045	02	05	00	83B5	359	531	49 00 11 13 20 0F 1D 00 0B 00 12 13 0E 0F 19 1F 1D 77 1D 12 1C 13 0F 15 13 18 11 00 1C 19 0B 1C 6E 4B	<49> gives a hideous,shrieking roar!<4B>
0046	02	06	00	83B5	531	637	2D 1E 00 0E 19 0F 1D 18 6B 1E 00 21 19 1C 15 00 19 18 00 49 6E	It doesn't work on <49>!
0047	02	07	00	83B5	637	689	49 00 0D 19 21 0F 1C 1D 6E	<49> cowers!
0048	02	08	00	83B5	689	923	29 0F 1C 13 0F 00 17 13 1D 1E 1D 00 1D 1E 1C 0F 0B 17 00 19 1F 1E 00 19 10 00 49 00 0B 18 0E 00 0F 18 11 1F 16 10 00 1E 12 0F 00 0B 1C 0F 0B 6E 4B 4B	Eerie mists stream out of <49> and engulf the area!<4B><4B>
0049	02	09	00	83B5	923	1091	49 00 13 1D 00 0B 1E 1E 0B 0D 15 0F 0E 00 0C 1F 1E 00 13 1D 00 1D 0B 20 0F 0E 00 0C 23 00 49 6E 4B	<49> is attacked but is saved by <49>!<4B>
004A	02	0A	00	83B5	1091	1193	49 00 10 0B 16 16 1D 00 1F 18 0D 19 18 1D 0D 13 19 1F 1D 6E	<49> falls unconscious!
004B	02	0B	00	83B5	1193	1315	26 1F 1E 00 18 19 1E 12 13 18 11 00 12 0B 1A 1A 0F 18 1D 00 12 0F 1C 0F 6E	But nothing happens here!
004C	02	0C	00	83B5	1315	1372	49 00 0B 1E 1E 0B 0D 15 1D 6E	<49> attacks!
004D	02	0D	00	83B5	1372	1461	25 00 1E 0F 1C 1C 13 10 13 0D 00 0C 16 19 21 6E	A terrific blow!
004E	02	0E	00	83B5	1461	1548	25 00 1E 0F 1C 1C 13 0C 16 0F 00 0C 16 19 21 6E	A terrible blow!
004F	02	0F	00	83B5	1548	1767	38 12 0F 00 34 19 13 1D 19 18 00 32 0F 0F 0E 16 0F 00 1A 0F 18 0F 1E 1C 0B 1E 0F 1D 00 49 6B 1D 00 20 13 1E 0B 16 00 1D 1A 19 1E 6E 4B	The Poison Needle penetrates <49>'s vital spot!<4B>
0050	02	10	00	83B5	1767	1966	25 00 12 23 1A 18 19 1E 13 0D 00 1D 19 18 11 00 13 1D 00 12 0F 0B 1C 0E 00 10 1C 19 17 00 1D 19 17 0F 21 12 0F 1C 0F 72 78	A hypnotic song is heard from somewhere....
0051	02	11	00	83B5	1966	2190	25 00 0C 19 16 1E 00 19 10 00 16 13 11 12 1E 18 13 18 11 00 1D 12 19 19 1E 1D 00 19 1F 1E 00 10 1C 19 17 00 1E 12 0F 00 1D 1E 0B 10 10 6E 4B	A bolt of lightning shoots out from the staff!<4B>
0052	02	12	00	83B5	2190	2366	2A 13 1C 0F 0C 0B 16 16 1D 00 11 1F 1D 12 00 19 1F 1E 00 10 1C 19 17 00 1E 12 0F 00 1D 1E 0B 10 10 6E 4B	Fireballs gush out from the staff!<4B>
0053	02	13	00	83B5	2366	2520	29 0F 1C 13 0F 00 17 13 1D 1E 1D 00 1D 1F 1C 1C 19 1F 18 0E 00 1E 12 0F 00 0F 18 0F 17 23 6E 4B	Eerie mists surround the enemy!<4B>
0054	02	14	00	83B5	2520	2751	25 00 10 13 1C 0F 0C 0B 16 16 00 1D 12 19 19 1E 1D 00 19 1F 1E 00 10 1C 19 17 00 1E 12 0F 00 1E 13 1A 00 19 10 00 1E 12 0F 00 1D 1E 0B 10 10 6E 4B	A fireball shoots out from the tip of the staff!<4B>
0055	02	15	00	83B5	2751	2915	38 12 0F 00 1D 21 19 1C 0E 00 11 13 20 0F 1D 00 0B 00 11 12 0B 1D 1E 16 23 00 11 1C 19 0B 18 6E 4B	The sword gives a ghastly groan!<4B>
0056	02	16	00	83B5	2915	3071	26 16 13 18 0E 13 18 11 00 16 13 11 12 1E 1D 00 1D 12 13 18 0F 00 1F 1A 19 18 00 49 78 4B	Blinding lights shine upon <49>.<4B>
0057	02	17	00	83B5	3071	3190	49 00 0C 0F 0D 19 17 0F 1D 00 17 19 1C 0F 00 0D 19 18 10 1F 1D 0F 0E 6E	<49> becomes more confused!
0058	02	18	00	83B5	3190	3374	26 1F 1E 00 1E 12 0F 00 1D 13 1E 1F 0B 1E 13 19 18 00 12 0B 1D 18 6B 1E 00 0D 12 0B 18 11 0F 0E 00 0B 1E 00 0B 16 16 6E	But the situation hasn't changed at all!
0059	02	19	00	83B5	3374	3463	49 00 0E 19 0F 1D 18 6B 1E 00 1C 0F 20 13 20 0F 6E	<49> doesn't revive!
005A	02	1A	00	83B5	3463	3562	49 00 0E 19 0E 11 0F 1D 00 1E 12 0F 00 0C 1C 0F 0B 1E 12 6E	<49> dodges the breath!
005B	02	1B	00	83B5	3562	3746	26 1F 1E 00 1A 1F 16 16 0F 0E 00 0C 0B 0D 15 00 0C 23 00 0B 00 1D 1E 1C 0B 18 11 0F 00 10 19 1C 0D 0F 6E 4B	But pulled back by a strange force!<4B>
005C	02	1C	00	83B5	3746	3918	25 00 0C 16 13 24 24 0B 1C 0E 00 1C 19 0B 1C 1D 00 19 1F 1E 00 19 10 00 1E 12 0F 00 1D 21 19 1C 0E 6E	A blizzard roars out of the sword!
005D	02	1D	00	83B5	3918	4076	25 00 0C 16 0B 24 0F 00 1D 1E 1C 0F 0B 17 1D 00 19 1F 1E 00 19 10 00 1E 12 0F 00 1D 21 19 1C 0E 6E	A blaze streams out of the sword!
005E	02	1E	00	83B5	4076	4220	31 23 1D 1E 0F 1C 13 19 1F 1D 00 1D 19 1F 18 0E 1D 00 1C 0F 20 0F 1C 0C 0F 1C 0B 1E 0F 6E	Mysterious sounds reverberate!
005F	02	1F	00	83B5	4220	4356	37 1E 1C 0B 18 11 0F 00 1D 17 0F 16 16 1D 00 10 13 16 16 00 1E 12 0F 00 0B 1C 0F 0B 6E	Strange smells fill the area!
0060	03	00	00	85D6	0	14	44	<44>
0061	03	01	00	85D6	14	98	49 00 0E 13 0E 18 6B 1E 00 11 0F 1E 00 13 1E 6E	<49> didn't get it!
0062	03	02	00	85D6	98	184	49 00 0F 16 1F 0E 0F 1D 00 18 13 17 0C 16 23 6E	<49> eludes nimbly!
0063	03	03	00	85D6	184	280	49 00 21 0B 1D 18 6B 1E 00 21 0B 1E 0D 12 13 18 11 6E	<49> wasn't watching!
0064	03	04	00	85D6	280	363	49 00 14 1F 17 1A 1D 00 0C 0B 0D 15 6E	<49> jumps back!
0065	03	05	00	85D6	363	468	26 1F 1E 00 13 1D 00 14 1F 17 1A 0F 0E 00 19 20 0F 1C 6E	But is jumped over!
0066	03	06	00	85D6	468	592	49 00 1D 12 19 20 0F 1D 00 49 00 13 18 1E 19 00 1E 12 0F 00 21 0B 11 19 18 6E	<49> shoves <49> into the wagon!
0067	03	07	00	85D6	592	734	49 00 0E 1C 0B 11 1D 00 19 1F 1E 00 49 00 10 1C 19 17 00 1E 12 0F 00 21 0B 11 19 18 6E	<49> drags out <49> from the wagon!
0068	03	08	00	85D6	734	859	49 00 0C 1F 17 1A 1D 00 13 18 1E 19 00 1E 12 0F 00 0D 0F 13 16 13 18 11 6E	<49> bumps into the ceiling!
0069	03	09	00	85D6	859	1026	49 6B 1D 00 34 0B 1C 1E 23 00 0C 1F 17 1A 1D 00 13 18 1E 19 00 1E 12 0F 00 0D 0F 13 16 13 18 11 6E	<49>'s Party bumps into the ceiling!
006A	03	0A	00	85D6	1026	1113	25 16 0F 18 0B 00 0E 0F 10 0F 0B 1E 0F 0E 00 49 6E	Alena defeated <49>!
006B	03	0B	00	85D6	1113	1189	49 00 21 0B 1D 00 0E 0F 10 0F 0B 1E 0F 0E 78	<49> was defeated.
006C	03	0C	00	85D6	1189	1284	49 00 13 1D 00 0C 1C 19 1F 11 12 1E 00 0E 19 21 18 6E	<49> is brought down!
006D	03	0D	00	85D6	1284	1392	26 1F 1E 00 49 00 13 1D 00 13 18 00 1E 12 0F 00 21 0B 11 19 18 6E	But <49> is in the wagon!
006E	03	0E	00	85D6	1392	1488	26 1F 1E 00 49 00 13 1D 18 6B 1E 00 0B 16 13 20 0F 6E	But <49> isn't alive!
006F	03	0F	00	85D6	1488	1615	38 12 0F 1C 0F 6B 1D 00 18 19 00 19 18 0F 00 13 18 00 1E 12 0F 00 21 0B 11 19 18 6E	There's no one in the wagon!
0070	03	10	00	85D6	1615	1759	49 00 1D 1E 0B 1C 1E 1D 00 1C 0F 0B 0E 13 18 11 00 38 0B 1C 19 1E 00 27 0B 1C 0E 1D 6E	<49> starts reading Tarot Cards!
0071	03	11	00	85D6	1759	1909	26 1F 1E 00 49 00 0D 0B 18 6B 1E 00 1C 0F 0B 0E 00 38 0B 1C 19 1E 00 27 0B 1C 0E 1D 6E	But <49> can't read Tarot Cards!
0072	03	12	00	85D6	1909	2043	32 0B 1C 0B 00 0E 1C 0B 21 1D 00 1E 12 0F 00 27 0B 1C 0E 00 19 10 00 50 6E	Nara draws the Card of <50>!
0073	03	13	00	85D6	2043	2292	38 12 0F 00 0C 16 13 18 0E 13 18 11 00 16 13 11 12 1E 1D 00 19 10 00 2E 1F 1D 1E 13 0D 0F 00 1D 12 13 18 0F 00 1F 1A 19 18 00 1E 12 0F 00 0F 18 0F 17 23 6E	The blinding lights of Justice shine upon the enemy!
0074	03	14	00	85D6	2292	2401	49 6B 1D 00 17 19 1C 0B 16 0F 00 13 1D 00 0C 19 19 1D 1E 0F 0E 6E	<49>'s morale is boosted!
0075	03	15	00	85D6	2401	2639	29 20 13 16 00 17 13 1D 1E 1D 00 1A 19 1F 1C 00 10 1C 19 17 00 1E 12 0F 00 27 0B 1C 0E 00 0B 18 0E 00 0F 18 11 1F 16 10 00 1E 12 0F 00 0B 1C 0F 0B 6E	Evil mists pour from the Card and engulf the area!
0076	03	16	00	85D6	2639	2830	2B 16 13 1E 1E 0F 1C 13 18 11 00 38 12 19 1C 00 0B 1E 1E 0B 0D 15 1D 00 32 0B 1C 0B 6B 1D 00 11 1C 19 1F 1A 6E	Glittering Thor attacks Nara's group!
0077	03	17	00	85D6	2830	2986	49 00 0E 1C 0B 21 1D 00 1E 12 0F 00 27 0B 1C 0E 00 19 10 00 34 0F 1C 10 0F 0D 1E 13 19 18 6E	<49> draws the Card of Perfection!
0078	03	18	00	85D6	2986	3154	38 12 0F 00 17 19 19 18 16 13 11 12 1E 00 13 16 16 1F 17 13 18 0B 1E 0F 1D 00 1E 12 0F 00 0F 18 0F 17 23 6E	The moonlight illuminates the enemy!
0079	03	19	00	85D6	3154	3319	38 12 0F 00 1D 1F 18 16 13 11 12 1E 00 1D 12 13 18 0F 1D 00 1F 1A 19 18 00 1E 12 0F 00 0B 16 16 13 0F 1D 6E	The sunlight shines upon the allies!
007A	03	1A	00	85D6	3319	3514	25 00 0C 16 19 19 0E 6F 10 1C 0F 0F 24 13 18 11 00 0D 12 13 16 16 00 0B 1E 1E 0B 0D 15 1D 00 32 0B 1C 0B 6E	A blood-freezing chill attacks Nara!
007B	03	1B	00	85D6	3514	3732	38 12 0F 00 17 13 1C 1C 19 1C 00 1C 0F 10 16 0F 0D 1E 1D 00 1E 12 0F 00 13 17 0B 11 0F 00 19 10 00 0B 18 00 13 1C 19 18 00 0D 12 1F 18 15 6E	The mirror reflects the image of an iron chunk!
007C	03	1C	00	85D6	3732	3939	38 19 11 0F 1E 12 0F 1C 77 49 6B 1D 00 34 0B 1C 1E 23 00 1D 1E 0B 1C 1E 1D 00 0B 00 1C 0B 11 13 18 11 00 0C 16 0B 24 0F 6E	Together,<49>'s Party starts a raging blaze!
007D	03	1D	00	85D6	3939	4158	38 19 11 0F 1E 12 0F 1C 77 49 6B 1D 00 34 0B 1C 1E 23 00 1D 1F 17 17 19 18 1D 00 17 23 1D 1E 0F 1C 13 19 1F 1D 00 17 13 1D 1E 1D 6E	Together,<49>'s Party summons mysterious mists!
007E	03	1E	00	85D6	4158	4451	69 33 12 77 0D 0B 16 16 13 18 11 00 13 1E 00 1B 1F 13 1E 1D 6D 00 3D 19 1F 00 0E 19 18 6B 1E 00 17 13 18 0E 00 16 19 1D 13 18 11 00 23 19 1F 1C 00 21 0B 11 0F 1C 6D 6A	'Oh,calling it quits? You don't mind losing your wager?'
007F	03	1F	00	85D6	4451	4583	69 38 12 13 1D 00 0C 0B 1E 1E 16 0F 00 13 1D 00 1E 0F 1C 17 13 18 0B 1E 0F 0E 6C	'This battle is terminated.'
0080	04	00	00	8813	0	148	69 34 16 0F 0B 1D 0F 00 0F 18 14 19 23 00 1E 12 0F 00 18 0F 22 1E 00 0C 0B 1E 1E 16 0F 6C	'Please enjoy the next battle.'
0081	04	01	00	8813	148	300	69 3D 19 1F 6B 1C 0F 00 16 0F 0B 20 13 18 11 77 0B 1C 0F 18 6B 1E 00 23 19 1F 6D 6A	'You're leaving,aren't you?'
0082	04	02	00	8813	300	871	69 25 1E 1E 0F 18 1E 13 19 18 00 1A 16 0F 0B 1D 0F 6E 6A 44 69 3B 0F 00 0D 0B 16 16 00 1E 12 13 1D 00 17 0B 1E 0D 12 00 0B 00 0E 1C 0B 21 00 0E 1F 0F 00 1E 19 00 19 20 0F 1C 1E 13 17 0F 6C 44 69 3D 19 1F 1C 00 21 0B 11 0F 1C 1D 00 21 13 16 16 00 0C 0F 00 1C 0F 1E 1F 1C 18 0F 0E 78 29 18 14 19 23 00 1E 12 0F 00 18 0F 22 1E 00 17 0B 1E 0D 12 6E 6A	'Attention please!'<44>'We call this match a draw due to overtime.'<44>'Your wagers will be returned.Enjoy the next match!'
0083	04	03	00	8813	871	957	49 00 21 0B 1D 00 0B 00 17 13 1C 0B 11 0F 78 4B	<49> was a mirage.<4B>
0084	04	04	00	8813	957	1075	49 6B 1D 00 34 0B 1C 1E 23 00 21 0B 1D 00 0E 0F 10 0F 0B 1E 0F 0E 6E	<49>'s Party was defeated!
0085	04	05	00	8813	1075	1187	38 12 0F 00 30 13 18 11 1F 0B 1C 00 1D 1A 16 13 1E 1D 6E 4B	The Linguar splits!<4B>
0086	04	06	00	8813	1187	1334	32 0F 0D 1C 19 1D 0B 1C 19 6B 1D 00 0B 1C 17 00 0E 13 1D 0B 1A 1A 0F 0B 1C 1D 6E 4B	Necrosaro's arm disappears!<4B>
0087	04	07	00	8813	1334	1484	32 0F 0D 1C 19 1D 0B 1C 19 6B 1D 00 12 0F 0B 0E 00 0E 13 1D 0B 1A 1A 0F 0B 1C 1D 6E 4B	Necrosaro's head disappears!<4B>
0088	04	08	00	8813	1484	1692	32 0F 0D 1C 19 1D 0B 1C 19 6B 1D 00 0C 0F 16 16 23 00 21 1C 13 1E 12 0F 1D 00 11 1C 19 1E 0F 1D 1B 1F 0F 16 23 72 78 4B	Necrosaro's belly writhes grotesquely....<4B>
0089	04	09	00	8813	1692	1822	32 0F 0D 1C 19 1D 0B 1C 19 00 0D 12 0B 18 1E 1D 00 26 19 1F 18 0D 0F 6E 4B	Necrosaro chants Bounce!<4B>
008A	04	0A	00	8813	1822	1930	49 00 0F 17 0F 1C 11 0F 1D 00 1E 12 0F 00 21 13 18 18 0F 1C 6E 4B	<49> emerges the winner!<4B>
008B	04	0B	00	8813	1930	1936		
008C	04	0C	00	8813	1936	1942		
008D	04	0D	00	8813	1942	1948		
008E	04	0E	00	8813	1948	1954		
008F	04	0F	00	8813	1954	1960		
0090	04	10	00	8813	1960	1966		
0091	04	11	00	8813	1966	1972		
0092	04	12	00	8813	1972	1978		
0093	04	13	00	8813	1978	1984		
0094	04	14	00	8813	1984	1990		
0095	04	15	00	8813	1990	1996		
0096	04	16	00	8813	1996	2002		
0097	04	17	00	8813	2002	2008		
0098	04	18	00	8813	2008	2014		
0099	04	19	00	8813	2014	2020		
009A	04	1A	00	8813	2020	2026		
009B	04	1B	00	8813	2026	2032		
009C	04	1C	00	8813	2032	2038		
009D	04	1D	00	8813	2038	2044		
009E	04	1E	00	8813	2044	2050		
009F	04	1F	00	8813	2050	2056		
00A0	05	00	00	8915	0	96	49 00 0F 17 13 1E 1D 00 0B 00 10 13 1C 0F 0C 0B 16 16 6E	<49> emits a fireball!
00A1	05	01	00	8915	96	207	49 00 0F 17 13 1E 1D 00 1D 0D 19 1C 0D 12 13 18 11 00 11 0B 1D 6E	<49> emits scorching gas!
00A2	05	02	00	8915	207	326	49 00 0F 17 13 1E 1D 00 0B 00 20 13 19 16 0F 18 1E 00 0C 16 0B 24 0F 6E	<49> emits a violent blaze!
00A3	05	03	00	8915	326	447	49 00 0F 17 13 1E 1D 00 0B 00 10 1C 0F 0F 24 13 18 11 00 21 13 18 0E 6E	<49> emits a freezing wind!
00A4	05	04	00	8915	447	553	49 00 0F 17 13 1E 1D 00 0B 00 0C 16 13 24 24 0B 1C 0E 6E	<49> emits a blizzard!
00A5	05	05	00	8915	553	731	49 00 0F 17 13 1E 1D 00 0B 00 11 16 0F 0B 17 13 18 11 77 13 0D 23 00 11 1F 1D 1E 00 19 10 00 21 13 18 0E 6E	<49> emits a gleaming,icy gust of wind!
00A6	05	06	00	8915	731	869	49 00 0F 17 13 1E 1D 00 11 0B 16 0F 1D 00 19 10 00 1D 21 0F 0F 1E 00 0C 1C 0F 0B 1E 12 6E	<49> emits gales of sweet breath!
00A7	05	07	00	8915	869	946	49 00 10 0B 16 16 1D 00 0B 1D 16 0F 0F 1A 6E	<49> falls asleep!
00A8	05	08	00	8915	946	1040	49 00 0F 17 13 1E 1D 00 1A 19 13 1D 19 18 00 11 0B 1D 6E	<49> emits poison gas!
00A9	05	09	00	8915	1040	1113	49 00 13 1D 00 1A 19 13 1D 19 18 0F 0E 6E	<49> is poisoned!
00AA	05	0A	00	8915	1113	1276	49 00 0F 17 13 1E 1D 00 11 0B 16 0F 1D 00 19 10 00 1D 0D 19 1C 0D 12 13 18 11 00 0C 1C 0F 0B 1E 12 6E	<49> emits gales of scorching breath!
00AB	05	0B	00	8915	1276	1361	49 00 13 1D 00 1A 0B 1C 0B 16 23 24 0F 0E 6E	<49> is paralyzed!
00AC	05	0C	00	8915	1361	1434	49 00 13 1D 00 0E 0B 24 0F 0E 6E 4B	<49> is dazed!<4B>
00AD	05	0D	00	8915	1434	1563	49 00 1D 16 0B 17 1D 00 13 1E 1D 00 0C 19 0E 23 00 13 18 1E 19 00 49 6E 4B	<49> slams its body into <49>!<4B>
00AE	05	0E	00	8915	1563	1665	49 00 1E 1C 13 1A 1D 00 0B 18 0E 00 10 0B 16 16 1D 6E 4B	<49> trips and falls!<4B>
00AF	05	0F	00	8915	1665	1825	2A 19 1C 1E 1F 18 0B 1E 0F 16 23 00 1E 12 0F 1C 0F 6B 1D 00 18 19 00 13 18 14 1F 1C 23 6E 4B	Fortunately there's no injury!<4B>
00B0	05	10	00	8915	1825	1943	49 00 1C 0B 13 1D 0F 1D 00 1E 12 0F 00 48 00 19 20 0F 1C 12 0F 0B 0E 6E	<49> raises the <48> overhead!
00B1	05	11	00	8915	1943	2070	49 00 1C 0B 13 1D 0F 1D 00 0B 00 12 0B 18 0E 00 19 20 0F 1C 12 0F 0B 0E 6E 4B	<49> raises a hand overhead!<4B>
00B2	05	12	00	8915	2070	2256	49 71 69 2D 6B 17 00 0B 00 37 16 13 17 0F 78 2C 0F 77 2C 0F 77 2C 0F 72 6C 43 4B 4B	<49>:'I'm a Slime.He,He,He....'<43><4B><4B>
00B3	05	13	00	8915	2256	2442	49 71 69 2D 6B 17 00 0B 00 37 16 13 17 0F 78 38 0F 77 2C 0F 77 2C 0F 72 6C 43 4B 4B	<49>:'I'm a Slime.Te,He,He....'<43><4B><4B>
00B4	05	14	00	8915	2442	2546	49 00 1E 12 1C 19 21 1D 00 0B 21 0B 23 00 1E 12 0F 00 48 6E	<49> throws away the <48>!
00B5	05	15	00	8915	2546	2655	49 00 0C 1C 0B 18 0E 13 1D 12 0F 1D 00 0B 00 21 0F 0B 1A 19 18 6E	<49> brandishes a weapon!
00B6	05	16	00	8915	2655	2781	30 19 1D 0F 1D 00 0D 19 18 1E 1C 19 16 00 0B 18 0E 00 10 0B 16 16 1D 6E 4B	Loses control and falls!<4B>
00B7	05	17	00	8915	2781	2881	47 00 28 0B 17 0B 11 0F 00 34 19 13 18 1E 4C 6E	<47> Damage Point<4C>!
00B8	05	18	00	8915	2881	2962	49 00 0D 12 0F 0F 1C 1D 00 19 18 00 49 6E 4B	<49> cheers on <49>!<4B>
00B9	05	19	00	8915	2962	3125	49 71 69 2C 13 1A 77 2C 13 1A 77 2C 1F 1C 1C 0B 23 00 49 6E 6A 43 4B	<49>:'Hip,Hip,Hurray <49>!'<43><4B>
00BA	05	1A	00	8915	3125	3218	49 00 1D 1E 0B 1C 1E 1D 00 0D 1C 23 13 18 11 6E 4B	<49> starts crying!<4B>
00BB	05	1B	00	8915	3218	3415	49 71 69 2D 00 21 0B 18 1E 00 1E 19 00 11 19 00 12 19 17 0F 6E 00 37 19 0C 72 37 19 0C 72 6A 43 4B	<49>:'I want to go home! Sob...Sob...'<43><4B>
00BC	05	1C	00	8915	3415	3556	49 00 11 1C 0B 0C 1D 00 0B 18 0E 00 1E 12 1C 19 21 1D 00 0B 21 0B 23 00 49 6E 4B	<49> grabs and throws away <49>!<4B>
00BD	05	1D	00	8915	3556	3654	49 71 69 2F 2D 29 29 29 29 6E 6A	<49>:'KIEEEE!'
00BE	05	1E	00	8915	3654	3925	49 00 1D 1E 0B 1C 1E 1D 00 1E 0F 1D 1E 13 18 11 00 1D 1E 1C 0F 18 11 1E 12 00 0C 23 00 0C 1C 0F 0B 15 13 18 11 00 1E 12 0F 00 1D 1E 19 18 0F 1D 00 18 0F 0B 1C 0C 23 6E 4B 4B	<49> starts testing strength by breaking the stones nearby!<4B><4B>
00BF	05	1F	00	8915	3925	4079	49 00 1A 13 0D 15 1D 00 1F 1A 00 0B 18 0E 00 1E 12 1C 19 21 1D 00 0B 00 1D 1E 19 18 0F 6E 4B	<49> picks up and throws a stone!<4B>
00C0	06	00	00	8915	0	96	49 00 0F 17 13 1E 1D 00 0B 00 10 13 1C 0F 0C 0B 16 16 6E	<49> emits a fireball!
00C1	06	01	00	8915	96	207	49 00 0F 17 13 1E 1D 00 1D 0D 19 1C 0D 12 13 18 11 00 11 0B 1D 6E	<49> emits scorching gas!
00C2	06	02	00	8915	207	326	49 00 0F 17 13 1E 1D 00 0B 00 20 13 19 16 0F 18 1E 00 0C 16 0B 24 0F 6E	<49> emits a violent blaze!
00C3	06	03	00	8915	326	447	49 00 0F 17 13 1E 1D 00 0B 00 10 1C 0F 0F 24 13 18 11 00 21 13 18 0E 6E	<49> emits a freezing wind!
00C4	06	04	00	8915	447	553	49 00 0F 17 13 1E 1D 00 0B 00 0C 16 13 24 24 0B 1C 0E 6E	<49> emits a blizzard!
00C5	06	05	00	8915	553	731	49 00 0F 17 13 1E 1D 00 0B 00 11 16 0F 0B 17 13 18 11 77 13 0D 23 00 11 1F 1D 1E 00 19 10 00 21 13 18 0E 6E	<49> emits a gleaming,icy gust of wind!
00C6	06	06	00	8915	731	869	49 00 0F 17 13 1E 1D 00 11 0B 16 0F 1D 00 19 10 00 1D 21 0F 0F 1E 00 0C 1C 0F 0B 1E 12 6E	<49> emits gales of sweet breath!
00C7	06	07	00	8915	869	946	49 00 10 0B 16 16 1D 00 0B 1D 16 0F 0F 1A 6E	<49> falls asleep!
00C8	06	08	00	8915	946	1040	49 00 0F 17 13 1E 1D 00 1A 19 13 1D 19 18 00 11 0B 1D 6E	<49> emits poison gas!
00C9	06	09	00	8915	1040	1113	49 00 13 1D 00 1A 19 13 1D 19 18 0F 0E 6E	<49> is poisoned!
00CA	06	0A	00	8915	1113	1276	49 00 0F 17 13 1E 1D 00 11 0B 16 0F 1D 00 19 10 00 1D 0D 19 1C 0D 12 13 18 11 00 0C 1C 0F 0B 1E 12 6E	<49> emits gales of scorching breath!
00CB	06	0B	00	8915	1276	1361	49 00 13 1D 00 1A 0B 1C 0B 16 23 24 0F 0E 6E	<49> is paralyzed!
00CC	06	0C	00	8915	1361	1434	49 00 13 1D 00 0E 0B 24 0F 0E 6E 4B	<49> is dazed!<4B>
00CD	06	0D	00	8915	1434	1563	49 00 1D 16 0B 17 1D 00 13 1E 1D 00 0C 19 0E 23 00 13 18 1E 19 00 49 6E 4B	<49> slams its body into <49>!<4B>
00CE	06	0E	00	8915	1563	1665	49 00 1E 1C 13 1A 1D 00 0B 18 0E 00 10 0B 16 16 1D 6E 4B	<49> trips and falls!<4B>
00CF	06	0F	00	8915	1665	1825	2A 19 1C 1E 1F 18 0B 1E 0F 16 23 00 1E 12 0F 1C 0F 6B 1D 00 18 19 00 13 18 14 1F 1C 23 6E 4B	Fortunately there's no injury!<4B>
00D0	06	10	00	8915	1825	1943	49 00 1C 0B 13 1D 0F 1D 00 1E 12 0F 00 48 00 19 20 0F 1C 12 0F 0B 0E 6E	<49> raises the <48> overhead!
00D1	06	11	00	8915	1943	2070	49 00 1C 0B 13 1D 0F 1D 00 0B 00 12 0B 18 0E 00 19 20 0F 1C 12 0F 0B 0E 6E 4B	<49> raises a hand overhead!<4B>
00D2	06	12	00	8915	2070	2256	49 71 69 2D 6B 17 00 0B 00 37 16 13 17 0F 78 2C 0F 77 2C 0F 77 2C 0F 72 6C 43 4B 4B	<49>:'I'm a Slime.He,He,He....'<43><4B><4B>
00D3	06	13	00	8915	2256	2442	49 71 69 2D 6B 17 00 0B 00 37 16 13 17 0F 78 38 0F 77 2C 0F 77 2C 0F 72 6C 43 4B 4B	<49>:'I'm a Slime.Te,He,He....'<43><4B><4B>
00D4	06	14	00	8915	2442	2546	49 00 1E 12 1C 19 21 1D 00 0B 21 0B 23 00 1E 12 0F 00 48 6E	<49> throws away the <48>!
00D5	06	15	00	8915	2546	2655	49 00 0C 1C 0B 18 0E 13 1D 12 0F 1D 00 0B 00 21 0F 0B 1A 19 18 6E	<49> brandishes a weapon!
00D6	06	16	00	8915	2655	2781	30 19 1D 0F 1D 00 0D 19 18 1E 1C 19 16 00 0B 18 0E 00 10 0B 16 16 1D 6E 4B	Loses control and falls!<4B>
00D7	06	17	00	8915	2781	2881	47 00 28 0B 17 0B 11 0F 00 34 19 13 18 1E 4C 6E	<47> Damage Point<4C>!
00D8	06	18	00	8915	2881	2962	49 00 0D 12 0F 0F 1C 1D 00 19 18 00 49 6E 4B	<49> cheers on <49>!<4B>
00D9	06	19	00	8915	2962	3125	49 71 69 2C 13 1A 77 2C 13 1A 77 2C 1F 1C 1C 0B 23 00 49 6E 6A 43 4B	<49>:'Hip,Hip,Hurray <49>!'<43><4B>
00DA	06	1A	00	8915	3125	3218	49 00 1D 1E 0B 1C 1E 1D 00 0D 1C 23 13 18 11 6E 4B	<49> starts crying!<4B>
00DB	06	1B	00	8915	3218	3415	49 71 69 2D 00 21 0B 18 1E 00 1E 19 00 11 19 00 12 19 17 0F 6E 00 37 19 0C 72 37 19 0C 72 6A 43 4B	<49>:'I want to go home! Sob...Sob...'<43><4B>
00DC	06	1C	00	8915	3415	3556	49 00 11 1C 0B 0C 1D 00 0B 18 0E 00 1E 12 1C 19 21 1D 00 0B 21 0B 23 00 49 6E 4B	<49> grabs and throws away <49>!<4B>
00DD	06	1D	00	8915	3556	3654	49 71 69 2F 2D 29 29 29 29 6E 6A	<49>:'KIEEEE!'
00DE	06	1E	00	8915	3654	3925	49 00 1D 1E 0B 1C 1E 1D 00 1E 0F 1D 1E 13 18 11 00 1D 1E 1C 0F 18 11 1E 12 00 0C 23 00 0C 1C 0F 0B 15 13 18 11 00 1E 12 0F 00 1D 1E 19 18 0F 1D 00 18 0F 0B 1C 0C 23 6E 4B 4B	<49> starts testing strength by breaking the stones nearby!<4B><4B>
00DF	06	1F	00	8915	3925	4079	49 00 1A 13 0D 15 1D 00 1F 1A 00 0B 18 0E 00 1E 12 1C 19 21 1D 00 0B 00 1D 1E 19 18 0F 6E 4B	<49> picks up and throws a stone!<4B>
00E0	07	00	00	8915	0	96	49 00 0F 17 13 1E 1D 00 0B 00 10 13 1C 0F 0C 0B 16 16 6E	<49> emits a fireball!
00E1	07	01	00	8915	96	207	49 00 0F 17 13 1E 1D 00 1D 0D 19 1C 0D 12 13 18 11 00 11 0B 1D 6E	<49> emits scorching gas!
00E2	07	02	00	8915	207	326	49 00 0F 17 13 1E 1D 00 0B 00 20 13 19 16 0F 18 1E 00 0C 16 0B 24 0F 6E	<49> emits a violent blaze!
00E3	07	03	00	8915	326	447	49 00 0F 17 13 1E 1D 00 0B 00 10 1C 0F 0F 24 13 18 11 00 21 13 18 0E 6E	<49> emits a freezing wind!
00E4	07	04	00	8915	447	553	49 00 0F 17 13 1E 1D 00 0B 00 0C 16 13 24 24 0B 1C 0E 6E	<49> emits a blizzard!
00E5	07	05	00	8915	553	731	49 00 0F 17 13 1E 1D 00 0B 00 11 16 0F 0B 17 13 18 11 77 13 0D 23 00 11 1F 1D 1E 00 19 10 00 21 13 18 0E 6E	<49> emits a gleaming,icy gust of wind!
00E6	07	06	00	8915	731	869	49 00 0F 17 13 1E 1D 00 11 0B 16 0F 1D 00 19 10 00 1D 21 0F 0F 1E 00 0C 1C 0F 0B 1E 12 6E	<49> emits gales of sweet breath!
00E7	07	07	00	8915	869	946	49 00 10 0B 16 16 1D 00 0B 1D 16 0F 0F 1A 6E	<49> falls asleep!
00E8	07	08	00	8915	946	1040	49 00 0F 17 13 1E 1D 00 1A 19 13 1D 19 18 00 11 0B 1D 6E	<49> emits poison gas!
00E9	07	09	00	8915	1040	1113	49 00 13 1D 00 1A 19 13 1D 19 18 0F 0E 6E	<49> is poisoned!
00EA	07	0A	00	8915	1113	1276	49 00 0F 17 13 1E 1D 00 11 0B 16 0F 1D 00 19 10 00 1D 0D 19 1C 0D 12 13 18 11 00 0C 1C 0F 0B 1E 12 6E	<49> emits gales of scorching breath!
00EB	07	0B	00	8915	1276	1361	49 00 13 1D 00 1A 0B 1C 0B 16 23 24 0F 0E 6E	<49> is paralyzed!
00EC	07	0C	00	8915	1361	1434	49 00 13 1D 00 0E 0B 24 0F 0E 6E 4B	<49> is dazed!<4B>
00ED	07	0D	00	8915	1434	1563	49 00 1D 16 0B 17 1D 00 13 1E 1D 00 0C 19 0E 23 00 13 18 1E 19 00 49 6E 4B	<49> slams its body into <49>!<4B>
00EE	07	0E	00	8915	1563	1665	49 00 1E 1C 13 1A 1D 00 0B 18 0E 00 10 0B 16 16 1D 6E 4B	<49> trips and falls!<4B>
00EF	07	0F	00	8915	1665	1825	2A 19 1C 1E 1F 18 0B 1E 0F 16 23 00 1E 12 0F 1C 0F 6B 1D 00 18 19 00 13 18 14 1F 1C 23 6E 4B	Fortunately there's no injury!<4B>
00F0	07	10	00	8915	1825	1943	49 00 1C 0B 13 1D 0F 1D 00 1E 12 0F 00 48 00 19 20 0F 1C 12 0F 0B 0E 6E	<49> raises the <48> overhead!
00F1	07	11	00	8915	1943	2070	49 00 1C 0B 13 1D 0F 1D 00 0B 00 12 0B 18 0E 00 19 20 0F 1C 12 0F 0B 0E 6E 4B	<49> raises a hand overhead!<4B>
00F2	07	12	00	8915	2070	2256	49 71 69 2D 6B 17 00 0B 00 37 16 13 17 0F 78 2C 0F 77 2C 0F 77 2C 0F 72 6C 43 4B 4B	<49>:'I'm a Slime.He,He,He....'<43><4B><4B>
00F3	07	13	00	8915	2256	2442	49 71 69 2D 6B 17 00 0B 00 37 16 13 17 0F 78 38 0F 77 2C 0F 77 2C 0F 72 6C 43 4B 4B	<49>:'I'm a Slime.Te,He,He....'<43><4B><4B>
00F4	07	14	00	8915	2442	2546	49 00 1E 12 1C 19 21 1D 00 0B 21 0B 23 00 1E 12 0F 00 48 6E	<49> throws away the <48>!
00F5	07	15	00	8915	2546	2655	49 00 0C 1C 0B 18 0E 13 1D 12 0F 1D 00 0B 00 21 0F 0B 1A 19 18 6E	<49> brandishes a weapon!
00F6	07	16	00	8915	2655	2781	30 19 1D 0F 1D 00 0D 19 18 1E 1C 19 16 00 0B 18 0E 00 10 0B 16 16 1D 6E 4B	Loses control and falls!<4B>
00F7	07	17	00	8915	2781	2881	47 00 28 0B 17 0B 11 0F 00 34 19 13 18 1E 4C 6E	<47> Damage Point<4C>!
00F8	07	18	00	8915	2881	2962	49 00 0D 12 0F 0F 1C 1D 00 19 18 00 49 6E 4B	<49> cheers on <49>!<4B>
00F9	07	19	00	8915	2962	3125	49 71 69 2C 13 1A 77 2C 13 1A 77 2C 1F 1C 1C 0B 23 00 49 6E 6A 43 4B	<49>:'Hip,Hip,Hurray <49>!'<43><4B>
00FA	07	1A	00	8915	3125	3218	49 00 1D 1E 0B 1C 1E 1D 00 0D 1C 23 13 18 11 6E 4B	<49> starts crying!<4B>
00FB	07	1B	00	8915	3218	3415	49 71 69 2D 00 21 0B 18 1E 00 1E 19 00 11 19 00 12 19 17 0F 6E 00 37 19 0C 72 37 19 0C 72 6A 43 4B	<49>:'I want to go home! Sob...Sob...'<43><4B>
00FC	07	1C	00	8915	3415	3556	49 00 11 1C 0B 0C 1D 00 0B 18 0E 00 1E 12 1C 19 21 1D 00 0B 21 0B 23 00 49 6E 4B	<49> grabs and throws away <49>!<4B>
00FD	07	1D	00	8915	3556	3654	49 71 69 2F 2D 29 29 29 29 6E 6A	<49>:'KIEEEE!'
00FE	07	1E	00	8915	3654	3925	49 00 1D 1E 0B 1C 1E 1D 00 1E 0F 1D 1E 13 18 11 00 1D 1E 1C 0F 18 11 1E 12 00 0C 23 00 0C 1C 0F 0B 15 13 18 11 00 1E 12 0F 00 1D 1E 19 18 0F 1D 00 18 0F 0B 1C 0C 23 6E 4B 4B	<49> starts testing strength by breaking the stones nearby!<4B><4B>
00FF	07	1F	00	8915	3925	4079	49 00 1A 13 0D 15 1D 00 1F 1A 00 0B 18 0E 00 1E 12 1C 19 21 1D 00 0B 00 1D 1E 19 18 0F 6E 4B	<49> picks up and throws a stone!<4B>
0100	08	00	00	8915	0	96	49 00 0F 17 13 1E 1D 00 0B 00 10 13 1C 0F 0C 0B 16 16 6E	<49> emits a fireball!
0101	08	01	00	8915	96	207	49 00 0F 17 13 1E 1D 00 1D 0D 19 1C 0D 12 13 18 11 00 11 0B 1D 6E	<49> emits scorching gas!
0102	08	02	00	8915	207	326	49 00 0F 17 13 1E 1D 00 0B 00 20 13 19 16 0F 18 1E 00 0C 16 0B 24 0F 6E	<49> emits a violent blaze!
0103	08	03	00	8915	326	447	49 00 0F 17 13 1E 1D 00 0B 00 10 1C 0F 0F 24 13 18 11 00 21 13 18 0E 6E	<49> emits a freezing wind!
0104	08	04	00	8915	447	553	49 00 0F 17 13 1E 1D 00 0B 00 0C 16 13 24 24 0B 1C 0E 6E	<49> emits a blizzard!
0105	08	05	00	8915	553	731	49 00 0F 17 13 1E 1D 00 0B 00 11 16 0F 0B 17 13 18 11 77 13 0D 23 00 11 1F 1D 1E 00 19 10 00 21 13 18 0E 6E	<49> emits a gleaming,icy gust of wind!
0106	08	06	00	8915	731	869	49 00 0F 17 13 1E 1D 00 11 0B 16 0F 1D 00 19 10 00 1D 21 0F 0F 1E 00 0C 1C 0F 0B 1E 12 6E	<49> emits gales of sweet breath!
0107	08	07	00	8915	869	946	49 00 10 0B 16 16 1D 00 0B 1D 16 0F 0F 1A 6E	<49> falls asleep!
0108	08	08	00	8915	946	1040	49 00 0F 17 13 1E 1D 00 1A 19 13 1D 19 18 00 11 0B 1D 6E	<49> emits poison gas!
0109	08	09	00	8915	1040	1113	49 00 13 1D 00 1A 19 13 1D 19 18 0F 0E 6E	<49> is poisoned!
010A	08	0A	00	8915	1113	1276	49 00 0F 17 13 1E 1D 00 11 0B 16 0F 1D 00 19 10 00 1D 0D 19 1C 0D 12 13 18 11 00 0C 1C 0F 0B 1E 12 6E	<49> emits gales of scorching breath!
010B	08	0B	00	8915	1276	1361	49 00 13 1D 00 1A 0B 1C 0B 16 23 24 0F 0E 6E	<49> is paralyzed!
010C	08	0C	00	8915	1361	1434	49 00 13 1D 00 0E 0B 24 0F 0E 6E 4B	<49> is dazed!<4B>
010D	08	0D	00	8915	1434	1563	49 00 1D 16 0B 17 1D 00 13 1E 1D 00 0C 19 0E 23 00 13 18 1E 19 00 49 6E 4B	<49> slams its body into <49>!<4B>
010E	08	0E	00	8915	1563	1665	49 00 1E 1C 13 1A 1D 00 0B 18 0E 00 10 0B 16 16 1D 6E 4B	<49> trips and falls!<4B>
010F	08	0F	00	8915	1665	1825	2A 19 1C 1E 1F 18 0B 1E 0F 16 23 00 1E 12 0F 1C 0F 6B 1D 00 18 19 00 13 18 14 1F 1C 23 6E 4B	Fortunately there's no injury!<4B>
0110	08	10	00	8915	1825	1943	49 00 1C 0B 13 1D 0F 1D 00 1E 12 0F 00 48 00 19 20 0F 1C 12 0F 0B 0E 6E	<49> raises the <48> overhead!
0111	08	11	00	8915	1943	2070	49 00 1C 0B 13 1D 0F 1D 00 0B 00 12 0B 18 0E 00 19 20 0F 1C 12 0F 0B 0E 6E 4B	<49> raises a hand overhead!<4B>
0112	08	12	00	8915	2070	2256	49 71 69 2D 6B 17 00 0B 00 37 16 13 17 0F 78 2C 0F 77 2C 0F 77 2C 0F 72 6C 43 4B 4B	<49>:'I'm a Slime.He,He,He....'<43><4B><4B>
0113	08	13	00	8915	2256	2442	49 71 69 2D 6B 17 00 0B 00 37 16 13 17 0F 78 38 0F 77 2C 0F 77 2C 0F 72 6C 43 4B 4B	<49>:'I'm a Slime.Te,He,He....'<43><4B><4B>
0114	08	14	00	8915	2442	2546	49 00 1E 12 1C 19 21 1D 00 0B 21 0B 23 00 1E 12 0F 00 48 6E	<49> throws away the <48>!
0115	08	15	00	8915	2546	2655	49 00 0C 1C 0B 18 0E 13 1D 12 0F 1D 00 0B 00 21 0F 0B 1A 19 18 6E	<49> brandishes a weapon!
0116	08	16	00	8915	2655	2781	30 19 1D 0F 1D 00 0D 19 18 1E 1C 19 16 00 0B 18 0E 00 10 0B 16 16 1D 6E 4B	Loses control and falls!<4B>
0117	08	17	00	8915	2781	2881	47 00 28 0B 17 0B 11 0F 00 34 19 13 18 1E 4C 6E	<47> Damage Point<4C>!
0118	08	18	00	8915	2881	2962	49 00 0D 12 0F 0F 1C 1D 00 19 18 00 49 6E 4B	<49> cheers on <49>!<4B>
0119	08	19	00	8915	2962	3125	49 71 69 2C 13 1A 77 2C 13 1A 77 2C 1F 1C 1C 0B 23 00 49 6E 6A 43 4B	<49>:'Hip,Hip,Hurray <49>!'<43><4B>
011A	08	1A	00	8915	3125	3218	49 00 1D 1E 0B 1C 1E 1D 00 0D 1C 23 13 18 11 6E 4B	<49> starts crying!<4B>
011B	08	1B	00	8915	3218	3415	49 71 69 2D 00 21 0B 18 1E 00 1E 19 00 11 19 00 12 19 17 0F 6E 00 37 19 0C 72 37 19 0C 72 6A 43 4B	<49>:'I want to go home! Sob...Sob...'<43><4B>
011C	08	1C	00	8915	3415	3556	49 00 11 1C 0B 0C 1D 00 0B 18 0E 00 1E 12 1C 19 21 1D 00 0B 21 0B 23 00 49 6E 4B	<49> grabs and throws away <49>!<4B>
011D	08	1D	00	8915	3556	3654	49 71 69 2F 2D 29 29 29 29 6E 6A	<49>:'KIEEEE!'
011E	08	1E	00	8915	3654	3925	49 00 1D 1E 0B 1C 1E 1D 00 1E 0F 1D 1E 13 18 11 00 1D 1E 1C 0F 18 11 1E 12 00 0C 23 00 0C 1C 0F 0B 15 13 18 11 00 1E 12 0F 00 1D 1E 19 18 0F 1D 00 18 0F 0B 1C 0C 23 6E 4B 4B	<49> starts testing strength by breaking the stones nearby!<4B><4B>
011F	08	1F	00	8915	3925	4079	49 00 1A 13 0D 15 1D 00 1F 1A 00 0B 18 0E 00 1E 12 1C 19 21 1D 00 0B 00 1D 1E 19 18 0F 6E 4B	<49> picks up and throws a stone!<4B>
0120	09	00	00	8B13	0	65	2D 1E 00 12 13 1E 1D 00 49 6E 4B	It hits <49>!<4B>
0121	09	01	00	8B13	65	165	47 00 28 0B 17 0B 11 0F 00 34 19 13 18 1E 4C 6E	<47> Damage Point<4C>!
0122	09	02	00	8B13	165	229	2D 1E 00 17 13 1D 1D 0F 1D 00 49 6E	It misses <49>!
0123	09	03	00	8B13	229	332	49 00 0C 0F 11 13 18 1D 00 0B 00 16 0F 0D 1E 1F 1C 0F 6E 4B	<49> begins a lecture!<4B>
0124	09	04	00	8B13	332	495	49 71 69 26 0F 00 11 19 19 0E 00 1E 19 00 1E 1C 0B 20 0F 16 0F 1C 1D 72 6C 43 4B 4B	<49>:'Be good to travelers....'<43><4B><4B>
0125	09	05	00	8B13	495	721	49 71 69 27 0B 18 00 23 19 1F 00 1E 0F 16 16 00 17 0F 00 1E 12 0F 00 21 0B 23 00 1E 19 00 25 16 13 0B 12 0B 18 6D 6A 43 4B 4B	<49>:'Can you tell me the way to Aliahan?'<43><4B><4B>
0126	09	06	00	8B13	721	822	49 00 0E 19 0F 1D 18 6B 1E 00 1C 0F 1D 1A 19 18 0E 6E 4B	<49> doesn't respond!<4B>
0127	09	07	00	8B13	822	916	49 00 1E 0B 15 0F 1D 00 19 10 10 00 1E 12 0F 00 48 6E	<49> takes off the <48>!
0128	09	08	00	8B13	916	1032	49 00 13 1D 00 0D 12 0B 1C 17 0F 0E 00 0C 23 00 49 6E 4B 4B	<49> is charmed by <49>!<4B><4B>
0129	09	09	00	8B13	1032	1097	49 00 1D 0D 1C 0F 0B 17 1D 6E 4B	<49> screams!<4B>
012A	09	0A	00	8B13	1097	1278	49 71 69 3D 0F 0F 15 6E 00 37 1E 19 1A 6E 00 34 16 0F 0B 1D 0F 00 1D 1E 19 1A 6E 6A 43 4B	<49>:'Yeek! Stop! Please stop!'<43><4B>
012B	09	0B	00	8B13	1278	1442	49 71 69 3B 12 0F 1C 0F 00 0B 17 00 2D 6D 00 3B 12 19 00 0B 17 00 2D 6D 6A 43 4B	<49>:'Where am I? Who am I?'<43><4B>
012C	09	0C	00	8B13	1442	1598	49 00 13 1D 00 1A 1C 0F 0E 13 0D 1E 13 18 11 00 21 12 19 00 21 13 16 16 00 21 13 18 6E 4B	<49> is predicting who will win!<4B>
012D	09	0D	00	8B13	1598	1694	49 00 14 19 13 18 1D 00 1E 12 0F 00 0C 0B 1E 1E 16 0F 6E	<49> joins the battle!
012E	09	0E	00	8B13	1694	1779	49 00 11 1C 0B 1D 1A 1D 00 0B 1E 00 49 6E 4B	<49> grasps at <49>!<4B>
012F	09	0F	00	8B13	1779	1878	49 00 13 1D 00 0C 19 1F 18 0D 0F 0E 00 19 10 10 6E 4B	<49> is bounced off!<4B>
0130	09	10	00	8B13	1878	1967	49 00 0C 16 19 21 1D 00 0B 00 15 13 1D 1D 6E 4B	<49> blows a kiss!<4B>
0131	09	11	00	8B13	1967	2041	49 00 13 1D 00 12 0B 1A 1A 23 6E 4B	<49> is happy!<4B>
0132	09	12	00	8B13	2041	2125	49 00 0E 13 11 1D 00 0B 00 1E 1C 0B 1A 6E 4B	<49> digs a trap!<4B>
0133	09	13	00	8B13	2125	2232	49 00 10 0B 16 16 1D 00 13 18 1E 19 00 0B 00 1E 1C 0B 1A 6E 4B	<49> falls into a trap!<4B>
0134	09	14	00	8B13	2232	2358	49 00 0D 12 0B 18 1E 1D 00 29 22 1A 16 19 4B 0E 4B 0F 4B 72	<49> chants Explo<4B>d<4B>e<4B>...
0135	09	15	00	8B13	2358	2562	72 0C 1F 1E 00 0D 0B 18 6B 1E 00 1C 0F 17 0F 17 0C 0F 1C 00 1E 12 0F 00 1C 0F 1D 1E 00 19 10 00 1E 12 0F 00 1D 1A 0F 16 16 6E 4B	...but can't remember the rest of the spell!<4B>
0136	09	16	00	8B13	2562	2752	49 71 69 3B 12 0B 1E 00 21 0B 1D 00 2D 00 1D 1F 1A 1A 19 1D 0F 0E 00 1E 19 00 0E 19 6D 6A 43 4B 4B	<49>:'What was I supposed to do?'<43><4B><4B>
0137	09	17	00	8B13	2752	2897	49 00 14 1F 17 1A 1D 00 0C 0B 0D 15 00 13 18 1E 19 00 1E 12 0F 00 21 0B 11 19 18 6E	<49> jumps back into the wagon!
0138	09	18	00	8B13	2897	3016	49 00 1E 12 1C 19 21 1D 00 02 00 11 19 16 0E 00 1A 13 0F 0D 0F 6E	<49> throws 1 gold piece!
0139	09	19	00	8B13	3016	3141	49 00 1D 1E 0B 1C 1E 1D 00 0D 19 1F 18 1E 13 18 11 00 17 19 18 0F 23 6E 4B	<49> starts counting money!<4B>
013A	09	1A	00	8B13	3141	3482	49 71 69 33 18 0F 77 38 21 19 72 78 38 12 0F 00 1E 19 1E 0B 16 00 13 1D 00 47 00 11 19 16 0E 00 1A 13 0F 0D 0F 4C 78 38 12 0B 1E 6B 1D 00 1D 0F 0F 17 1D 00 1C 13 11 12 1E 6C 43 4B 4B	<49>:'One,Two....The total is <47> gold piece<4C>.That's seems right.'<43><4B><4B>
013B	09	1B	00	8B13	3482	3586	49 00 1D 1E 0B 1C 1E 1D 00 0B 00 0C 1F 1D 13 18 0F 1D 1D 6E 4B	<49> starts a business!<4B>
013C	09	1C	00	8B13	3586	3881	49 71 69 3B 19 1F 16 0E 00 23 19 1F 00 16 13 15 0F 00 1E 12 13 1D 00 48 6D 00 2D 6B 16 16 00 11 13 20 0F 00 23 19 1F 00 0B 00 0E 13 1D 0D 19 1F 18 1E 6C 43 4B 4B	<49>:'Would you like this <48>? I'll give you a discount.'<43><4B><4B>
013D	09	1D	00	8B13	3881	3954	49 00 13 1D 00 1D 0D 0B 1C 0F 0E 6E 4B	<49> is scared!<4B>
013E	09	1E	00	8B13	3954	4076	49 00 13 1D 00 0C 0B 1C 15 13 18 11 00 21 0F 13 1C 0E 16 23 6E 4B	<49> is barking weirdly!<4B>
013F	09	1F	00	8B13	4076	4146	49 00 1E 1C 0F 17 0C 16 0F 1D 6E 4B	<49> trembles!<4B>
0140	0A	00	00	8D1A	0	104	49 00 0C 19 0E 23 00 1D 16 0B 17 1D 00 13 18 1E 19 00 49 6E	<49> body slams into <49>!
0141	0A	01	00	8D1A	104	332	49 00 1A 0B 1D 1D 0F 1D 00 1E 12 1C 19 1F 11 12 00 13 1E 00 0B 18 0E 00 0E 13 1D 0B 1A 1A 0F 0B 1C 1D 00 1D 19 17 0F 21 12 0F 1C 0F 6E 4B 4B	<49> passes through it and disappears somewhere!<4B><4B>
0142	0A	02	00	8D1A	332	482	49 00 0D 0B 18 6B 1E 00 17 19 20 0F 00 0B 00 1D 13 18 11 16 0F 00 17 1F 1D 0D 16 0F 6E 4B	<49> can't move a single muscle!<4B>
0143	0A	03	00	8D1A	482	732	26 1F 1E 00 1E 12 0F 00 0C 19 0E 23 00 0E 19 0F 1D 18 6B 1E 00 10 19 16 16 19 21 00 0B 18 0E 00 0D 0B 18 6B 1E 00 0E 19 00 0B 00 1E 12 13 18 11 6E 4B 4B	But the body doesn't follow and can't do a thing!<4B><4B>
0144	0A	04	00	8D1A	732	824	49 00 1D 1F 0E 0E 0F 18 16 23 00 1D 12 19 1F 1E 1D 6E	<49> suddenly shouts!
0145	0A	05	00	8D1A	824	957	49 00 1D 1E 0B 1C 1E 1D 00 1D 13 18 11 13 18 11 00 0B 00 16 1F 16 16 0B 0C 23 78	<49> starts singing a lullaby.
0146	0A	06	00	8D1A	957	1026	49 00 16 0F 0B 1A 1D 00 19 18 00 49 6E	<49> leaps on <49>!
0147	0A	07	00	8D1A	1026	1275	49 00 0D 0B 1E 0D 12 0F 1D 00 49 00 19 10 10 00 11 1F 0B 1C 0E 00 0B 18 0E 00 1D 1E 0F 0B 16 1D 00 0B 00 1E 1C 0F 0B 1D 1F 1C 0F 00 0D 12 0F 1D 1E 6E 4B 40	<49> catches <49> off guard and steals a treasure chest!<4B><40>
0148	0A	08	00	8D1A	1275	1450	49 71 69 27 0B 16 17 00 0E 19 21 18 77 0F 20 0F 1C 23 0C 19 0E 23 6E 6A 43 4B 4B	<49>:'Calm down,everybody!'<43><4B><4B>
0149	0A	09	00	8D1A	1450	1647	27 0B 16 17 0F 0E 00 0E 19 21 18 00 0C 23 00 49 77 1E 12 0F 00 10 19 0F 1D 00 21 13 1E 12 0E 1C 0B 21 78 4B 4B	Calmed down by <49>,the foes withdraw.<4B><4B>
014A	0A	0A	00	8D1A	1647	1824	27 0B 16 17 0F 0E 00 0E 19 21 18 00 0C 23 00 49 77 49 00 21 13 1E 12 0E 1C 0B 21 1D 78 4B 4B	Calmed down by <49>,<49> withdraws.<4B><4B>
014B	0A	0B	00	8D1A	1824	2005	38 12 0F 00 10 19 0F 1D 00 0C 0F 0D 19 17 0F 00 0F 20 0F 18 00 17 19 1C 0F 00 13 18 10 1F 1C 13 0B 1E 0F 0E 6E 4B	The foes become even more infuriated!<4B>
014C	0A	0C	00	8D1A	2005	2162	49 00 0C 0F 0D 19 17 0F 1D 00 0F 20 0F 18 00 17 19 1C 0F 00 13 18 10 1F 1C 13 0B 1E 0F 0E 6E 4B	<49> becomes even more infuriated!<4B>
014D	0A	0D	00	8D1A	2162	2278	49 00 17 0B 15 0F 1D 00 0B 18 00 0B 21 10 1F 16 00 1A 1F 18 6E 4B	<49> makes an awful pun!<4B>
014E	0A	0E	00	8D1A	2278	2392	49 00 1D 12 0B 15 0F 1D 00 21 13 1E 12 00 16 0B 1F 11 12 1E 0F 1C 6E	<49> shakes with laughter!
014F	0A	0F	00	8D1A	2392	2480	49 00 0D 12 0B 18 1E 1D 00 39 1A 1A 0F 1C 6E	<49> chants Upper!
0150	0A	10	00	8D1A	2480	2529	49 00 1E 1C 13 1A 1D 6E	<49> trips!
0151	0A	11	00	8D1A	2529	2690	25 1E 00 1E 12 0B 1E 00 13 18 1D 1E 0B 18 1E 77 0B 00 21 0F 0B 1A 19 18 00 12 13 1E 1D 00 49 6E 4B	At that instant,a weapon hits <49>!<4B>
0152	0A	12	00	8D1A	2690	2877	49 00 11 1C 0B 0C 1D 00 0B 18 0E 00 1E 12 1C 19 21 1D 00 1D 0B 18 0E 00 19 18 00 1E 12 0F 00 11 1C 19 1F 18 0E 6E 4B	<49> grabs and throws sand on the ground!<4B>
0153	0A	13	00	8D1A	2877	3000	38 12 0F 00 1D 0B 18 0E 00 11 0F 1E 1D 00 13 18 00 49 6B 1D 00 0F 23 0F 1D 6E	The sand gets in <49>'s eyes!
0154	0A	14	00	8D1A	3000	3157	49 00 1D 1E 0B 1C 1E 1D 00 1D 16 0B 17 17 13 18 11 00 21 13 1E 12 00 13 1E 1D 00 0C 19 0E 23 6E	<49> starts slamming with its body!
0155	0A	15	00	8D1A	3157	3374	38 1C 0B 20 0F 16 13 18 11 00 17 0F 1C 0D 12 0B 18 1E 1D 00 0B 1A 1A 0F 0B 1C 00 19 1F 1E 00 19 10 00 18 19 21 12 0F 1C 0F 6E 4B 4B	Traveling merchants appear out of nowhere!<4B><4B>
0156	0A	16	00	8D1A	3374	3503	38 12 0F 00 17 0F 1C 0D 12 0B 18 1E 00 0B 1C 17 23 00 0B 1E 1E 0B 0D 15 1D 6E	The merchant army attacks!
0157	0A	17	00	8D1A	3503	3617	38 12 0F 00 17 0F 1C 0D 12 0B 18 1E 1D 00 20 0B 18 13 1D 12 78 4B	The merchants vanish.<4B>
0158	0A	18	00	8D1A	3617	3767	49 00 21 13 11 11 16 0F 1D 00 0B 00 10 13 18 11 0F 1C 00 13 18 00 0B 00 0D 13 1C 0D 16 0F 6E	<49> wiggles a finger in a circle!
0159	0A	19	00	8D1A	3767	3862	49 00 0C 0F 0D 19 17 0F 1D 00 0E 13 24 24 23 6E	<49> becomes dizzy!
015A	0A	1A	00	8D1A	3862	3868		
015B	0A	1B	00	8D1A	3868	3940	49 00 1D 21 0F 0F 1A 1D 00 16 0F 11 1D 6E	<49> sweeps legs!
015C	0A	1C	00	8D1A	3940	3989	49 00 1E 1C 13 1A 1D 6E	<49> trips!
015D	0A	1D	00	8D1A	3989	4145	38 12 0F 00 10 19 0F 1D 00 1E 1F 1C 18 00 13 18 1E 19 00 0B 00 31 0F 1E 0B 16 00 37 16 13 17 0F 6E	The foes turn into a Metal Slime!
015E	0A	1E	00	8D1A	4145	4209	49 00 0D 0B 1D 1E 1D 00 4A 6E	<49> casts <4A>!
015F	0A	1F	00	8D1A	4209	4352	49 6B 1D 00 34 0B 1C 1E 23 00 0D 0B 1D 1E 1D 00 4A 00 1E 19 11 0F 1E 12 0F 1C 6E	<49>'s Party casts <4A> together!
0160	0B	00	00	8F3B	0	152	26 1F 1E 00 18 19 1E 00 0B 16 16 00 05 00 17 0F 17 0C 0F 1C 1D 00 0B 1C 0F 00 12 0F 1C 0F 6E	But not all 4 members are here!
0161	0B	01	00	8F3B	152	283	49 6B 1D 00 31 34 00 13 1D 18 6B 1E 00 1D 1F 10 10 13 0D 13 0F 18 1E 6E	<49>'s MP isn't sufficient!
0162	0B	02	00	8F3B	283	378	38 12 0F 00 4A 00 13 1D 18 6B 1E 00 0D 0B 1D 1E 6E	The <4A> isn't cast!
0163	0B	03	00	8F3B	378	552	26 1F 1E 00 49 00 1B 1F 13 0D 15 16 23 00 0D 19 20 0F 1C 1D 00 13 1E 1D 00 17 19 1F 1E 12 6E 4B	But <49> quickly covers its mouth!<4B>
0164	0B	04	00	8F3B	552	659	49 00 10 0B 13 16 1D 00 1E 19 00 0D 0B 1D 1E 00 4A 6E 4B	<49> fails to cast <4A>!<4B>
0165	0B	05	00	8F3B	659	747	49 00 13 1D 00 1A 1F 1E 00 1E 19 00 1D 16 0F 0F 1A 6E	<49> is put to sleep!
0166	0B	06	00	8F3B	747	824	49 00 10 0B 16 16 1D 00 0B 1D 16 0F 0F 1A 6E	<49> falls asleep!
0167	0B	07	00	8F3B	824	895	49 00 13 1D 00 0E 0F 10 0F 0B 1E 0F 0E 6E	<49> is defeated!
0168	0B	08	00	8F3B	895	1108	49 6B 1D 00 28 0F 10 0F 18 1D 0F 00 34 19 21 0F 1C 00 13 1D 00 16 19 21 0F 1C 0F 0E 00 0C 23 00 47 00 1A 19 13 18 1E 4C 6E	<49>'s Defense Power is lowered by <47> point<4C>!
0169	0B	09	00	8F3B	1108	1301	49 6B 1D 00 28 0F 10 0F 18 1D 0F 00 34 19 21 0F 1C 00 11 19 0F 1D 00 0E 19 21 18 00 47 00 1A 19 13 18 1E 4C 6E	<49>'s Defense Power goes down <47> point<4C>!
016A	0B	0A	00	8F3B	1301	1486	49 6B 1D 00 28 0F 10 0F 18 1D 0F 00 34 19 21 0F 1C 00 11 19 0F 1D 00 1F 1A 00 47 00 1A 19 13 18 1E 4C 6E	<49>'s Defense Power goes up <47> point<4C>!
016B	0B	0B	00	8F3B	1486	1570	49 6B 1D 00 21 19 1F 18 0E 1D 00 12 0F 0B 16 6E	<49>'s wounds heal!
016C	0B	0C	00	8F3B	1570	1628	49 00 1C 0F 20 13 20 0F 1D 6E	<49> revives!
016D	0B	0D	00	8F3B	1628	1760	26 1F 1E 00 1E 12 0F 00 1D 1A 0F 16 16 00 13 1D 00 18 1F 16 16 13 10 13 0F 0E 6E	But the spell is nullified!
016E	0B	0E	00	8F3B	1760	1901	49 00 13 1D 00 1D 0F 18 1E 00 13 18 1E 19 00 1E 12 0F 00 16 13 11 12 1E 1D 78 43 40	<49> is sent into the lights.<43><40>
016F	0B	0F	00	8F3B	1901	2022	49 6B 1D 00 1D 1A 0F 16 16 1D 00 0B 1C 0F 00 0D 19 18 1E 0B 13 18 0F 0E 6E	<49>'s spells are contained!
0170	0B	10	00	8F3B	2022	2143	49 6B 1D 00 1D 1A 0F 16 16 1D 00 0B 1C 0F 00 0D 19 18 1E 0B 13 18 0F 0E 6E	<49>'s spells are contained!
0171	0B	11	00	8F3B	2143	2278	49 00 13 1D 00 1D 1F 1C 1C 19 1F 18 0E 0F 0E 00 0C 23 00 17 13 1C 0B 11 0F 1D 6E	<49> is surrounded by mirages!
0172	0B	12	00	8F3B	2278	2407	49 00 1E 12 1C 19 21 1D 00 0B 00 26 19 19 17 0F 1C 0B 18 11 00 0B 1E 00 49 6E	<49> throws a Boomerang at <49>!
0173	0B	13	00	8F3B	2407	2505	49 00 0C 0F 0D 19 17 0F 1D 00 0D 19 18 10 1F 1D 0F 0E 6E	<49> becomes confused!
0174	0B	14	00	8F3B	2505	2679	49 00 1E 1F 1C 18 1D 00 0C 0B 0D 15 00 13 18 1E 19 00 13 1E 1D 00 19 1C 13 11 13 18 0B 16 00 10 19 1C 17 6E	<49> turns back into its original form!
0175	0B	15	00	8F3B	2679	2798	49 00 0B 1D 1D 1F 17 0F 1D 00 1E 12 0F 00 1D 12 0B 1A 0F 00 19 10 00 49 6E	<49> assumes the shape of <49>!
0176	0B	16	00	8F3B	2798	2927	38 12 0F 00 0B 1C 0F 0B 00 11 1C 19 21 1D 00 0F 20 0F 18 00 0E 0B 1C 15 0F 1C 6E	The area grows even darker!
0177	0B	17	00	8F3B	2927	3067	49 00 1E 1F 1C 18 1D 00 13 18 1E 19 00 0B 00 11 13 0B 18 1E 00 0E 1C 0B 11 19 18 6E 4B	<49> turns into a giant dragon!<4B>
0178	0B	18	00	8F3B	3067	3221	49 00 13 1D 00 1C 19 0C 0C 0F 0E 00 19 10 00 47 00 31 34 00 1A 19 13 18 1E 4C 6E	<49> is robbed of <47> MP point<4C>!
0179	0B	19	00	8F3B	3221	3375	49 00 13 1D 00 1C 19 0C 0C 0F 0E 00 19 10 00 47 00 31 34 00 1A 19 13 18 1E 4C 6E	<49> is robbed of <47> MP point<4C>!
017A	0B	1A	00	8F3B	3375	3485	49 00 0C 0F 0D 19 17 0F 1D 00 13 1C 19 18 13 24 0F 0E 6E 4B	<49> becomes ironized!<4B>
017B	0B	1B	00	8F3B	3485	3636	49 6B 1D 00 11 1C 19 1F 1A 00 0C 0F 0D 19 17 0F 1D 00 13 1C 19 18 13 24 0F 0E 6E 4B	<49>'s group becomes ironized!<4B>
017C	0B	1C	00	8F3B	3636	3849	25 00 1C 0B 0E 13 0B 18 1E 00 21 0B 16 16 00 19 10 00 16 13 11 12 1E 1D 00 0B 1A 1A 0F 0B 1C 1D 00 0C 0F 10 19 1C 0F 00 49 6E 4B	A radiant wall of lights appears before <49>!<4B>
017D	0B	1D	00	8F3B	3849	3986	25 00 20 13 19 16 0F 1E 00 10 19 11 00 1D 1F 1C 1C 19 1F 18 0E 1D 00 49 6E 4B	A violet fog surrounds <49>!<4B>
017E	0B	1E	00	8F3B	3986	4148	49 6B 1D 00 25 11 13 16 13 1E 23 00 11 19 0F 1D 00 1F 1A 00 47 00 1A 19 13 18 1E 4C 6E	<49>'s Agility goes up <47> point<4C>!
017F	0B	1F	00	8F3B	4148	4361	25 00 1E 12 13 18 00 0D 16 19 1E 12 00 19 10 00 16 13 11 12 1E 1D 00 0F 18 0D 16 19 1D 0F 1D 00 49 6B 1D 00 34 0B 1C 1E 23 6E 4B	A thin cloth of lights encloses <49>'s Party!<4B>
0180	0C	00	00	915D	0	145	49 6B 1D 00 25 1E 1E 0B 0D 15 00 34 19 21 0F 1C 00 0E 19 1F 0C 16 0F 1D 6E 4B	<49>'s Attack Power doubles!<4B>
0181	0C	01	00	915D	145	261	49 6B 1D 00 18 1F 17 0C 18 0F 1D 1D 00 21 0F 0B 1C 1D 00 19 10 10 6E	<49>'s numbness wears off!
0182	0C	02	00	915D	261	324	49 00 21 0B 15 0F 1D 00 1F 1A 6E	<49> wakes up!
0183	0C	03	00	915D	324	471	49 00 1D 1F 0D 15 1D 00 1F 1A 00 47 00 31 34 00 1A 19 13 18 1E 4C 6E 4B	<49> sucks up <47> MP point<4C>!<4B>
0184	0C	04	00	915D	471	637	49 00 0D 0B 16 16 1D 00 1E 12 0F 00 17 19 1D 1E 00 10 0F 0B 1C 10 1F 16 00 1E 12 13 18 11 6E 4B 4B	<49> calls the most fearful thing!<4B><4B>
0185	0C	05	00	915D	637	739	49 00 10 0B 16 16 1D 00 1F 18 0D 19 18 1D 0D 13 19 1F 1D 6E	<49> falls unconscious!
0186	0C	06	00	915D	739	1010	25 18 00 0F 0F 1C 13 0F 00 10 19 11 00 0B 1A 1A 0F 0B 1C 1D 00 19 1F 1E 00 19 10 00 18 19 21 12 0F 1C 0F 00 0B 18 0E 00 0F 18 11 1F 16 10 1D 00 1E 12 0F 00 0B 1C 0F 0B 6E 4B 4B	An eerie fog appears out of nowhere and engulfs the area!<4B><4B>
0187	0C	07	00	915D	1010	1200	38 12 0F 00 17 19 1C 0B 16 0F 00 19 10 00 49 6B 1D 00 34 0B 1C 1E 23 00 13 1D 00 0C 19 19 1D 1E 0F 0E 6E 4B 4B	The morale of <49>'s Party is boosted!<4B><4B>
0188	0C	08	00	915D	1200	1261	38 13 17 0F 00 1D 1E 19 1A 1D 6E	Time stops!
0189	0C	09	00	915D	1261	1332	38 13 17 0F 00 1C 0F 1D 1E 0B 1C 1E 1D 6E	Time restarts!
018A	0C	0A	00	915D	1332	1547	25 00 12 13 0E 0F 19 1F 1D 00 11 1C 1F 17 0C 16 0F 00 13 1D 00 12 0F 0B 1C 0E 00 19 1F 1E 00 19 10 00 18 19 21 12 0F 1C 0F 6E 4B 4B	A hideous grumble is heard out of nowhere!<4B><4B>
018B	0C	0B	00	915D	1547	1632	49 6B 1D 00 31 34 00 13 1D 00 11 19 18 0F 6E	<49>'s MP is gone!
018C	0C	0C	00	915D	1632	1792	69 27 12 0B 18 0D 0F 6E 00 4B 27 12 0B 18 0D 0F 6E 00 4B 27 12 0B 18 0D 0F 72 6C	'Chance! <4B>Chance! <4B>Chance....'
018D	0C	0D	00	915D	1792	2004	49 6B 1D 00 20 19 13 0D 0F 00 0F 0D 12 19 0F 1D 00 1E 12 1C 19 1F 11 12 00 1E 12 0F 00 0B 1C 0F 0B 00 13 18 00 20 0B 13 18 78 4B 4B	<49>'s voice echoes through the area in vain.<4B><4B>
018E	0C	0E	00	915D	2004	2405	25 00 11 13 0B 18 1E 00 0C 13 1C 0E 00 0B 1A 1A 0F 0B 1C 1D 00 19 1F 1E 00 19 10 00 18 19 21 12 0F 1C 0F 00 0B 18 0E 00 0D 0B 1C 1C 13 0F 1D 00 19 10 10 00 49 6B 1D 00 34 0B 1C 1E 23 00 13 18 00 13 1E 1D 00 0C 13 11 00 0D 16 0B 21 1D 6E 4B 4B 4B	A giant bird appears out of nowhere and carries off <49>'s Party in its big claws!<4B><4B><4B>
018F	0C	0F	00	915D	2405	2506	25 18 00 0F 0B 1C 1E 12 1B 1F 0B 15 0F 00 12 13 1E 1D 6E	An earthquake hits!
0190	0C	10	00	915D	2506	2685	38 12 0F 00 1E 1C 0F 17 19 1C 00 17 0B 15 0F 1D 00 1D 1E 0B 18 0E 13 18 11 00 13 17 1A 19 1D 1D 13 0C 16 0F 6E	The tremor makes standing impossible!
0191	0C	11	00	915D	2685	2835	27 1C 0B 0D 15 1D 00 1C 1F 18 00 1E 12 1C 19 1F 11 12 00 1E 12 0F 00 11 1C 19 1F 18 0E 6E	Cracks run through the ground!
0192	0C	12	00	915D	2835	2941	49 00 10 0B 16 16 1D 00 13 18 1E 19 00 0B 00 0D 1C 0B 0D 15 6E	<49> falls into a crack!
0193	0C	13	00	915D	2941	3193	25 00 17 19 1F 18 1E 0B 13 18 19 1F 1D 00 11 13 0B 18 1E 77 16 0B 1F 11 12 13 18 11 00 12 13 0E 0F 19 1F 1D 16 23 77 0B 1A 1A 0F 0B 1C 1D 6E 4B 4B	A mountainous giant,laughing hideously,appears!<4B><4B>
0194	0C	14	00	915D	3193	3284	38 12 0F 00 11 13 0B 18 1E 00 0B 1E 1E 0B 0D 15 1D 6E	The giant attacks!
0195	0C	15	00	915D	3284	3430	38 12 0F 00 11 13 0B 18 1E 00 21 13 1E 12 0E 1C 0B 21 1D 00 16 0B 1F 11 12 13 18 11 6E	The giant withdraws laughing!
0196	0C	16	00	915D	3430	3562	49 00 1E 1F 1C 18 1D 00 13 18 1E 19 00 0B 00 31 0F 1E 0B 16 00 37 16 13 17 0F 6E	<49> turns into a Metal Slime!
0197	0C	17	00	915D	3562	3634	38 13 17 0F 00 1C 0F 20 0F 1C 1D 0F 1D 6E	Time reverses!
0198	0C	18	00	915D	3634	3951	26 16 13 18 0E 13 18 11 00 16 13 11 12 1E 1D 00 0F 18 11 1F 16 10 00 1E 12 0F 00 0B 1C 0F 0B 77 0B 18 0E 00 0B 00 1D 18 19 21 00 21 12 13 1E 0F 00 0E 1C 0B 11 19 18 00 0B 1A 1A 0F 0B 1C 1D 6E 4B 4B	Blinding lights engulf the area,and a snow white dragon appears!<4B><4B>
0199	0C	19	00	915D	3951	4110	38 12 0F 00 0E 1C 0B 11 19 18 00 0D 0B 1C 1C 13 0F 1D 00 19 10 10 00 1E 12 0F 00 10 19 0F 1D 6E 4B	The dragon carries off the foes!<4B>
019A	0C	1A	00	915D	4110	4245	38 12 0F 00 0E 1C 0B 11 19 18 00 0D 0B 1C 1C 13 0F 1D 00 19 10 10 00 49 6E 4B	The dragon carries off <49>!<4B>
019B	0C	1B	00	915D	4245	4588	49 00 1E 12 13 18 15 1D 00 13 10 00 1E 12 0F 00 0C 0B 1E 1E 16 0F 00 13 1D 00 21 19 18 77 1E 21 13 0D 0F 00 1E 12 0F 00 1F 1D 1F 0B 16 00 0B 17 19 1F 18 1E 00 19 10 00 17 19 18 0F 23 00 0D 0B 18 00 0C 0F 00 17 0B 0E 0F 6E 4B	<49> thinks if the battle is won,twice the usual amount of money can be made!<4B>
019C	0C	1C	00	915D	4588	4754	25 00 0C 16 13 18 0E 13 18 11 00 16 13 11 12 1E 00 1D 12 13 18 0F 1D 00 1F 1A 19 18 00 49 6E 4B	A blinding light shines upon <49>!<4B>
019D	0C	1D	00	915D	4754	4918	49 00 1E 1F 1C 18 1D 00 13 18 1E 19 00 0B 00 11 16 13 1E 1E 0F 1C 13 18 11 00 0E 1C 0B 11 19 18 6E 4B	<49> turns into a glittering dragon!<4B>
019E	0C	1E	00	915D	4918	4987	49 00 1F 1D 0F 1D 00 1E 12 0F 00 48 6E	<49> uses the <48>!
019F	0C	1F	00	915D	4987	5071	49 00 1A 1F 1E 1D 00 19 18 00 1E 12 0F 00 48 6E	<49> puts on the <48>!
01A0	0D	00	00	93D7	0	113	49 00 0B 16 1C 0F 0B 0E 23 00 12 0B 1D 00 1E 12 0F 00 48 00 19 18 6E	<49> already has the <48> on!
01A1	0D	01	00	93D7	113	211	49 00 10 16 13 18 11 1D 00 1F 1A 00 1E 12 0F 00 48 6E	<49> flings up the <48>!
01A2	0D	02	00	93D7	211	401	38 12 0F 00 0F 10 10 0F 0D 1E 00 19 10 00 1E 12 0F 00 1D 1A 0F 16 16 00 19 18 00 49 00 21 0F 0B 1C 1D 00 19 10 10 6E 4B	The effect of the spell on <49> wears off!<4B>
01A3	0D	03	00	93D7	401	584	49 00 1E 1F 1C 18 1D 00 0C 0B 0D 15 00 13 18 1E 19 00 13 1E 1D 00 19 1C 13 11 13 18 0B 16 00 10 19 1C 17 6E 4B	<49> turns back into its original form!<4B>
01A4	0D	04	00	93D7	584	725	49 00 1C 0B 13 1D 0F 1D 00 1E 12 0F 00 48 00 19 20 0F 1C 12 0F 0B 0E 78 43 40	<49> raises the <48> overhead.<43><40>
01A5	0D	05	00	93D7	725	810	49 00 13 1D 00 0C 16 19 21 18 00 0B 21 0B 23 6E	<49> is blown away!
01A6	0D	06	00	93D7	810	947	38 12 0F 00 1A 19 13 1D 19 18 00 16 0F 0B 20 0F 1D 00 49 6B 1D 00 0C 19 0E 23 6E	The poison leaves <49>'s body!
01A7	0D	07	00	93D7	947	1034	49 00 1D 0D 0B 1E 1E 0F 1C 1D 00 1E 12 0F 00 48 6E	<49> scatters the <48>!
01A8	0D	08	00	93D7	1034	1175	49 00 12 1F 1C 16 1D 00 1E 12 0F 00 48 00 13 18 1E 19 00 1E 12 0F 00 1D 15 23 6E 4B	<49> hurls the <48> into the sky!<4B>
01A9	0D	09	00	93D7	1175	1388	26 1F 1E 00 1E 12 0F 00 48 00 12 13 1E 1D 00 1E 12 0F 00 0D 0F 13 16 13 18 11 00 0B 18 0E 00 10 0B 16 16 1D 00 0C 0B 0D 15 78 4B	But the <48> hits the ceiling and falls back.<4B>
01AA	0D	0A	00	93D7	1388	1637	49 00 11 1C 13 18 0E 1D 00 1E 12 0F 00 30 0F 0B 10 00 19 10 00 3B 19 1C 16 0E 00 38 1C 0F 0F 00 0B 18 0E 00 11 13 20 0F 1D 00 13 1E 00 1E 19 00 49 6E 4B	<49> grinds the Leaf of World Tree and gives it to <49>!<4B>
01AB	0D	0B	00	93D7	1637	1828	49 00 1A 1F 1E 1D 00 1E 12 0F 00 48 00 19 18 00 0B 00 10 13 18 11 0F 1C 00 0B 18 0E 00 17 0F 0E 13 1E 0B 1E 0F 1D 78 4B	<49> puts the <48> on a finger and meditates.<4B>
01AC	0D	0C	00	93D7	1828	1998	49 6B 1D 00 31 34 00 13 1D 00 1C 0F 1D 1E 19 1C 0F 0E 00 0C 23 00 47 00 1A 19 13 18 1E 4C 6E	<49>'s MP is restored by <47> point<4C>!
01AD	0D	0D	00	93D7	1998	2164	44 38 12 0F 00 1C 13 18 11 00 1D 13 16 0F 18 1E 16 23 00 0D 1C 1F 17 0C 16 0F 1D 00 0B 21 0B 23 6E	<44>The ring silently crumbles away!
01AE	0D	0E	00	93D7	2164	2307	49 00 11 13 20 0F 1D 00 1E 12 0F 00 48 00 1E 19 00 0B 00 0D 19 17 1A 0B 18 13 19 18 6E	<49> gives the <48> to a companion!
01AF	0D	0F	00	93D7	2307	2386	49 00 0C 16 19 21 1D 00 1E 12 0F 00 48 78	<49> blows the <48>.
01B0	0D	10	00	93D7	2386	2477	49 00 1E 0B 15 0F 1D 00 19 1F 1E 00 1E 12 0F 00 48 78	<49> takes out the <48>.
01B1	0D	11	00	93D7	2477	2545	49 00 13 1D 00 1A 16 0F 0B 1D 0F 0E 6E	<49> is pleased!
01B2	0D	12	00	93D7	2545	2551		
01B3	0D	13	00	93D7	2551	2713	49 6B 1D 00 37 1E 1C 0F 18 11 1E 12 00 11 19 0F 1D 00 1F 1A 00 47 00 1A 19 13 18 1E 4C 6E	<49>'s Strength goes up <47> point<4C>!
01B4	0D	14	00	93D7	2713	2875	49 6B 1D 00 25 11 13 16 13 1E 23 00 11 19 0F 1D 00 1F 1A 00 47 00 1A 19 13 18 1E 4C 6E	<49>'s Agility goes up <47> point<4C>!
01B5	0D	15	00	93D7	2875	3025	49 6B 1D 00 30 1F 0D 15 00 11 19 0F 1D 00 1F 1A 00 47 00 1A 19 13 18 1E 4C 6E	<49>'s Luck goes up <47> point<4C>!
01B6	0D	16	00	93D7	3025	3212	49 6B 1D 00 31 0B 22 13 17 1F 17 00 2C 34 00 11 19 0F 1D 00 1F 1A 00 47 00 1A 19 13 18 1E 4C 6E	<49>'s Maximum HP goes up <47> point<4C>!
01B7	0D	17	00	93D7	3212	3400	49 6B 1D 00 31 0B 22 13 17 1F 17 00 31 34 00 11 19 0F 1D 00 1F 1A 00 47 00 1A 19 13 18 1E 4C 6E	<49>'s Maximum MP goes up <47> point<4C>!
01B8	0D	18	00	93D7	3400	3497	49 00 16 19 19 15 1D 00 13 18 1E 19 00 1E 12 0F 00 48 6E	<49> looks into the <48>!
01B9	0D	19	00	93D7	3497	3664	38 12 0F 00 17 13 1C 1C 19 1C 00 1C 0F 10 16 0F 0D 1E 1D 00 1E 12 0F 00 13 17 0B 11 0F 00 19 10 00 49 78	The mirror reflects the image of <49>.
01BA	0D	1A	00	93D7	3664	3910	38 12 0F 00 1E 1C 1F 0F 00 13 17 0B 11 0F 00 19 10 00 49 00 21 12 19 00 13 1D 00 0E 13 1D 11 1F 13 1D 0F 0E 00 0B 1D 00 49 00 13 1D 00 1D 0F 0F 18 6E 4B 4B	The true image of <49> who is disguised as <49> is seen!<4B><4B>
01BB	0D	1B	00	93D7	3910	4022	49 6B 1D 00 25 11 13 16 13 1E 23 00 0E 19 1F 0C 16 0F 1D 6E	<49>'s Agility doubles!
01BC	0D	1C	00	93D7	4022	4028		
01BD	0D	1D	00	93D7	4028	4086	49 00 0D 19 17 0F 1D 00 1E 19 6E	<49> comes to!
01BE	0D	1E	00	93D7	4086	4203	49 00 0D 1C 0B 21 16 1D 00 19 1F 1E 00 19 10 00 1E 12 0F 00 1A 13 1E 6E	<49> crawls out of the pit!
01BF	0D	1F	00	93D7	4203	4328	49 6B 1D 00 34 0B 1C 1E 23 00 13 1D 00 0E 0F 17 19 16 13 1D 12 0F 0E 6E	<49>'s Party is demolished!
01C0	0E	00	00	95F5	0	6		
01C1	0E	01	00	95F5	6	12		
01C2	0E	02	00	95F5	12	126	49 00 21 0B 16 15 1D 00 0B 21 0B 23 00 0E 19 21 18 0D 0B 1D 1E 6E	<49> walks away downcast!
01C3	0E	03	00	95F5	126	247	2B 0B 13 18 0F 0E 00 47 00 11 19 16 0E 00 1A 13 0F 0D 0F 4C 6E	Gained <47> gold piece<4C>!
01C4	0E	04	00	95F5	247	422	49 00 10 13 18 0E 1D 00 47 00 0B 0E 0E 13 1E 13 19 18 0B 16 00 11 19 16 0E 00 1A 13 0F 0D 0F 4C 6E	<49> finds <47> additional gold piece<4C>!
01C5	0E	05	00	95F5	422	597	38 12 0F 00 10 19 0F 1D 00 16 0F 0B 20 0F 00 0B 00 1E 1C 0F 0B 1D 1F 1C 0F 00 0D 12 0F 1D 1E 00 0C 0F 12 13 18 0E 6E	The foes leave a treasure chest behind!
01C6	0E	06	00	95F5	597	748	49 00 16 0F 0B 20 0F 1D 00 0B 00 1E 1C 0F 0B 1D 1F 1C 0F 00 0D 12 0F 1D 1E 00 0C 0F 12 13 18 0E 6E	<49> leaves a treasure chest behind!
01C7	0E	07	00	95F5	748	861	49 00 12 0B 1D 00 0B 00 1E 1C 0F 0B 1D 1F 1C 0F 00 0D 12 0F 1D 1E 6E 44	<49> has a treasure chest!<44>
01C8	0E	08	00	95F5	861	1008	38 12 0F 00 10 19 0F 1D 00 12 0B 20 0F 00 0B 00 1E 1C 0F 0B 1D 1F 1C 0F 00 0D 12 0F 1D 1E 6E 44	The foes have a treasure chest!<44>
01C9	0E	09	00	95F5	1008	1138	49 00 19 1A 0F 18 1D 00 1E 12 0F 00 1E 1C 0F 0B 1D 1F 1C 0F 00 0D 12 0F 1D 1E 6E 44	<49> opens the treasure chest!<44>
01CA	0E	0A	00	95F5	1138	1159	17 1F 18	mun
01CB	0E	0B	00	95F5	1159	1165		
01CC	0E	0C	00	95F5	1165	1438	37 19 1C 1C 23 00 1E 19 00 13 18 10 19 1C 17 00 23 19 1F 00 0C 1F 1E 00 25 0E 20 0F 18 1E 1F 1C 0F 00 30 19 11 00 47 00 12 0B 1D 00 0C 0F 0F 18 00 0F 1C 0B 1D 0F 0E 78	Sorry to inform you but Adventure Log <47> has been erased.
01CD	0E	0D	00	95F5	1438	1482	26 0B 18 15 00 47	Bank <47>
01CE	0E	0E	00	95F5	1482	1528	2A 0B 18 15 00 47	Fank <47>
01CF	0E	0F	00	95F5	1528	1568	1A 02 00 47	p1 <47>
01D0	0E	10	00	95F5	1568	1706	33 19 1A 1D 6E 00 32 19 00 0E 0B 17 0B 11 0F 00 1E 19 00 49 78 43 40	Oops! No damage to <49>.<43><40>
01D1	0E	11	00	95F5	1706	1787	3B 19 21 6E 00 49 00 1D 1A 16 13 1E 1D 6E	Wow! <49> splits!
01D2	0E	12	00	95F5	1787	1885	49 6B 1D 00 30 0F 20 0F 16 00 11 19 0F 1D 00 1F 1A 6E	<49>'s Level goes up!
01D3	0E	13	00	95F5	1885	2033	44 37 1E 1C 0F 18 11 1E 12 00 11 19 0F 1D 00 1F 1A 00 47 00 1A 19 13 18 1E 4C 6E	<44>Strength goes up <47> point<4C>!
01D4	0E	14	00	95F5	2033	2181	44 25 11 13 16 13 1E 23 00 11 19 0F 1D 00 1F 1A 00 47 00 1A 19 13 18 1E 4C 6E	<44>Agility goes up <47> point<4C>!
01D5	0E	15	00	95F5	2181	2334	44 3A 13 1E 0B 16 13 1E 23 00 11 19 0F 1D 00 1F 1A 00 47 00 1A 19 13 18 1E 4C 6E	<44>Vitality goes up <47> point<4C>!
01D6	0E	16	00	95F5	2334	2497	44 2D 18 1E 0F 16 16 13 11 0F 18 0D 0F 00 11 19 0F 1D 00 1F 1A 00 47 00 1A 19 13 18 1E 4C 6E	<44>Intelligence goes up <47> point<4C>!
01D7	0E	17	00	95F5	2497	2633	44 30 1F 0D 15 00 11 19 0F 1D 00 1F 1A 00 47 00 1A 19 13 18 1E 4C 6E	<44>Luck goes up <47> point<4C>!
01D8	0E	18	00	95F5	2633	2825	44 38 12 0F 00 31 0B 22 13 17 1F 17 00 2C 34 00 11 19 0F 1D 00 1F 1A 00 47 00 1A 19 13 18 1E 4C 6E	<44>The Maximum HP goes up <47> point<4C>!
01D9	0E	19	00	95F5	2825	3018	44 38 12 0F 00 31 0B 22 13 17 1F 17 00 31 34 00 11 19 0F 1D 00 1F 1A 00 47 00 1A 19 13 18 1E 4C 6E	<44>The Maximum MP goes up <47> point<4C>!
01DA	0E	1A	00	95F5	3018	3133	44 30 0F 0B 1C 18 1D 00 1E 12 0F 00 1D 1A 0F 16 16 77 4A 6E	<44>Learns the spell,<4A>!
01DB	0E	1B	00	95F5	3133	3314	38 12 0F 00 10 19 0F 1D 00 0B 1E 1E 0B 0D 15 00 0C 0F 10 19 1C 0F 00 23 19 1F 6B 1C 0F 00 1C 0F 0B 0E 23 6E 4B	The foes attack before you're ready!<4B>
01DC	0E	1C	00	95F5	3314	3471	49 00 0B 1E 1E 0B 0D 15 1D 00 0C 0F 10 19 1C 0F 00 23 19 1F 6B 1C 0F 00 1C 0F 0B 0E 23 6E 4B	<49> attacks before you're ready!<4B>
01DD	0E	1D	00	95F5	3471	3603	38 12 0F 00 10 19 0F 1D 00 1D 1F 0E 0E 0F 18 16 23 00 0B 1E 1E 0B 0D 15 6E 4B	The foes suddenly attack!<4B>
01DE	0E	1E	00	95F5	3603	3711	49 00 1D 1F 0E 0E 0F 18 16 23 00 0B 1E 1E 0B 0D 15 1D 6E 4B	<49> suddenly attacks!<4B>
01DF	0E	1F	00	95F5	3711	3858	26 1F 1E 00 1E 12 0F 00 10 19 0F 1D 00 12 0B 20 0F 18 6B 1E 00 1D 0F 0F 18 00 23 19 1F 6E 4B	But the foes haven't seen you!<4B>
01E0	0F	00	00	97D8	0	117	26 1F 1E 00 49 00 12 0B 1D 18 6B 1E 00 1D 0F 0F 18 00 23 19 1F 6E 4B	But <49> hasn't seen you!<4B>
01E1	0F	01	00	97D8	117	259	26 1F 1E 00 1E 12 0F 00 10 19 0F 1D 00 0B 1C 0F 00 0C 0F 21 13 16 0E 0F 1C 0F 0E 6E 4B	But the foes are bewildered!<4B>
01E2	0F	02	00	97D8	259	374	26 1F 1E 00 49 00 13 1D 00 0C 0F 21 13 16 0E 0F 1C 0F 0E 6E 4B	But <49> is bewildered!<4B>
01E3	0F	03	00	97D8	374	633	49 00 0E 13 20 0F 1C 1E 1D 00 1E 12 0F 00 10 19 0F 1D 6B 00 0B 1E 1E 0F 18 1E 13 19 18 00 0B 18 0E 00 16 0F 1E 1D 00 1E 12 0F 00 34 0B 1C 1E 23 00 10 16 0F 0F 6E 4B 4B	<49> diverts the foes' attention and lets the Party flee!<4B><4B>
01E4	0F	04	00	97D8	633	872	49 00 0E 13 20 0F 1C 1E 1D 00 49 6B 1D 00 0B 1E 1E 0F 18 1E 13 19 18 00 0B 18 0E 00 16 0F 1E 1D 00 1E 12 0F 00 34 0B 1C 1E 23 00 10 16 0F 0F 6E 4B 4B	<49> diverts <49>'s attention and lets the Party flee!<4B><4B>
01E5	0F	05	00	97D8	872	1125	49 6B 1D 00 34 0B 1C 1E 23 00 0C 0F 0D 19 17 0F 1D 00 13 1C 19 18 13 24 0F 0E 77 13 17 1A 0F 1C 20 13 19 1F 1D 00 1E 19 00 0B 1E 1E 0B 0D 15 6E 4B	<49>'s Party becomes ironized,impervious to attack!<4B>
01E6	0F	06	00	97D8	1125	1336	49 00 0C 0F 0D 19 17 0F 1D 00 13 1C 19 18 13 24 0F 0E 77 13 17 1A 0F 1C 20 13 19 1F 1D 00 1E 19 00 0B 1E 1E 0B 0D 15 6E 4B	<49> becomes ironized,impervious to attack!<4B>
01E7	0F	07	00	97D8	1336	1454	49 00 1D 17 13 16 0F 1D 00 0B 10 10 0F 0D 1E 13 19 18 0B 1E 0F 16 23 78	<49> smiles affectionately.
01E8	0F	08	00	97D8	1454	1626	38 12 0F 00 0C 19 0E 23 00 13 1D 00 13 17 17 19 0C 13 16 0F 00 0E 1F 0F 00 1E 19 00 0B 00 0D 1F 1C 1D 0F 6E	The body is immobile due to a curse!
01E9	0F	09	00	97D8	1626	1697	49 00 13 1D 00 1D 17 13 16 13 18 11 6E	<49> is smiling!
01EA	0F	0A	00	97D8	1697	1801	49 00 1E 12 1C 19 21 1D 00 0B 21 0B 23 00 1E 12 0F 00 48 6E	<49> throws away the <48>!
01EB	0F	0B	00	97D8	1801	1917	38 12 0F 00 10 19 0F 1D 00 0B 1C 0F 00 0C 0F 21 13 16 0E 0F 1C 0F 0E 6E	The foes are bewildered!
01EC	0F	0C	00	97D8	1917	2002	49 00 13 1D 00 0C 0F 21 13 16 0E 0F 1C 0F 0E 6E	<49> is bewildered!
01ED	0F	0D	00	97D8	2002	2129	49 6B 1D 00 34 0B 1C 1E 23 00 13 1D 00 1A 0F 1C 1A 16 0F 22 0F 0E 6E	<49>'s Party is perplexed!
01EE	0F	0E	00	97D8	2129	2214	49 00 13 1D 00 1A 0F 1C 1A 16 0F 22 0F 0E 6E	<49> is perplexed!
01EF	0F	0F	00	97D8	2214	2259	49 00 10 16 0F 0F 1D 6E	<49> flees!
01F0	0F	10	00	97D8	2259	2358	49 00 0C 1F 13 16 0E 1D 00 1F 1A 00 1A 19 21 0F 1C 6E	<49> builds up power!
01F1	0F	11	00	97D8	2358	2472	49 00 1F 1D 0F 1D 00 0B 00 31 0F 0E 13 0D 0B 16 00 2C 0F 1C 0C 6E	<49> uses a Medical Herb!
01F2	0F	12	00	97D8	2472	2650	49 00 11 13 20 0F 1D 00 1E 12 0F 00 30 0F 0B 10 00 19 10 00 3B 19 1C 16 0E 00 38 1C 0F 0F 00 1E 19 00 49 6E	<49> gives the Leaf of World Tree to <49>!
01F3	0F	13	00	97D8	2650	2843	49 00 12 1F 1C 16 1D 00 1E 12 0F 00 3B 13 18 11 00 19 10 00 3B 23 20 0F 1C 18 00 13 18 1E 19 00 1E 12 0F 00 1D 15 23 6E	<49> hurls the Wing of Wyvern into the sky!
01F4	0F	14	00	97D8	2843	3003	49 00 1D 21 13 18 11 1D 00 1E 12 0F 00 37 21 19 1C 0E 00 19 10 00 30 0F 1E 12 0B 1C 11 23 6E	<49> swings the Sword of Lethargy!
01F5	0F	15	00	97D8	3003	3155	49 00 1D 21 13 18 11 1D 00 1E 12 0F 00 37 1E 0B 10 10 00 19 10 00 38 12 1F 18 0E 0F 1C 6E	<49> swings the Staff of Thunder!
01F6	0F	16	00	97D8	3155	3270	49 00 1E 12 1C 19 21 1D 00 1E 12 0F 00 26 19 19 17 0F 1C 0B 18 11 6E	<49> throws the Boomerang!
01F7	0F	17	00	97D8	3270	3465	49 00 12 19 16 0E 1D 00 1E 12 0F 00 37 12 13 0F 16 0E 00 19 10 00 37 1E 1C 0F 18 11 1E 12 00 19 20 0F 1C 12 0F 0B 0E 6E	<49> holds the Shield of Strength overhead!
01F8	0F	18	00	97D8	3465	3654	49 00 12 19 16 0E 1D 00 1E 12 0F 00 37 1A 12 0F 1C 0F 00 19 10 00 37 13 16 0F 18 0D 0F 00 19 20 0F 1C 12 0F 0B 0E 6E	<49> holds the Sphere of Silence overhead!
01F9	0F	19	00	97D8	3654	3875	38 12 0F 00 0F 10 10 0F 0D 1E 00 19 10 00 2D 1C 19 18 13 24 0F 00 19 18 00 49 6B 1D 00 34 0B 1C 1E 23 00 21 0F 0B 1C 1D 00 19 10 10 6E	The effect of Ironize on <49>'s Party wears off!
01FA	0F	1A	00	97D8	3875	4054	38 12 0F 00 0F 10 10 0F 0D 1E 00 19 10 00 2D 1C 19 18 13 24 0F 00 19 18 00 49 00 21 0F 0B 1C 1D 00 19 10 10 6E	The effect of Ironize on <49> wears off!
01FB	0F	1B	00	97D8	4054	4060		
01FC	0F	1C	00	97D8	4060	4066		
01FD	0F	1D	00	97D8	4066	4072		
01FE	0F	1E	00	97D8	4072	4078		
01FF	0F	1F	00	97D8	4078	4084		
0200	10	00	00	99D7	0	244	69 38 12 13 1D 00 13 1D 00 0B 18 00 13 1E 0F 17 00 1D 12 19 1A 6E 00 3B 12 0B 1E 00 21 19 1F 16 0E 00 23 19 1F 00 16 13 15 0F 00 1E 19 00 0E 19 6D 6A	'This is an item shop! What would you like to do?'
0201	10	01	00	99D7	244	365	69 3B 12 0B 1E 00 21 19 1F 16 0E 00 23 19 1F 00 16 13 15 0F 6D 6A	'What would you like?'
0202	10	02	00	99D7	365	615	69 2D 6B 17 00 0B 10 1C 0B 13 0E 00 23 19 1F 00 0E 19 18 6B 1E 00 12 0B 20 0F 00 0F 18 19 1F 11 12 00 17 19 18 0F 23 00 1E 19 00 0C 1F 23 00 1E 12 0B 1E 6C	'I'm afraid you don't have enough money to buy that.'
0203	10	03	00	99D7	615	763	69 38 12 0F 00 48 77 1C 13 11 12 1E 6D 00 38 12 0B 18 15 00 23 19 1F 6C 44	'The <48>,right? Thank you.'<44>
0204	10	04	00	99D7	763	902	69 3B 12 19 6B 1D 00 11 19 13 18 11 00 1E 19 00 1E 0B 15 0F 00 1E 12 13 1D 6D 6A	'Who's going to take this?'
0205	10	05	00	99D7	902	1086	69 26 1F 1E 00 49 00 0D 0B 18 6B 1E 00 0D 0B 1C 1C 23 00 0B 18 23 00 17 19 1C 0F 00 1E 12 13 18 11 1D 6C 44	'But <49> can't carry any more things.'<44>
0206	10	06	00	99D7	1086	1393	69 27 19 17 0F 00 0C 0B 0D 15 00 0B 10 1E 0F 1C 00 1C 0F 0E 1F 0D 13 18 11 00 1E 12 0F 00 18 1F 17 0C 0F 1C 00 19 10 00 1E 12 13 18 11 1D 00 23 19 1F 6B 1C 0F 00 0D 0B 1C 1C 23 13 18 11 6C	'Come back after reducing the number of things you're carrying.'
0207	10	07	00	99D7	1393	1566	69 37 12 0B 16 16 00 2D 00 11 13 20 0F 00 1E 12 13 1D 00 1E 19 00 1D 19 17 0F 19 18 0F 00 0F 16 1D 0F 6D 6A	'Shall I give this to someone else?'
0208	10	08	00	99D7	1566	1766	69 49 00 0D 0B 18 6B 1E 00 1F 1D 0F 00 1E 12 13 1D 78 28 19 00 23 19 1F 00 1D 1E 13 16 16 00 21 0B 18 1E 00 13 1E 6D 6A	'<49> can't use this.Do you still want it?'
0209	10	09	00	99D7	1766	2017	69 49 00 13 1D 00 13 18 00 1E 12 0F 00 21 0B 11 19 18 6D 00 2D 6B 16 16 00 0E 0F 16 13 20 0F 1C 00 13 1E 00 1E 19 00 1E 12 0F 00 21 0B 11 19 18 00 1E 12 0F 18 6C	'<49> is in the wagon? I'll deliver it to the wagon then.'
020A	10	0A	00	99D7	2017	2201	69 2D 6B 16 16 00 1A 1F 1E 00 1E 12 13 1D 00 13 18 00 49 6B 1D 00 38 19 19 16 00 26 0B 11 00 1E 12 0F 18 6C	'I'll put this in <49>'s Tool Bag then.'
020B	10	0B	00	99D7	2201	2295	69 2C 0F 1C 0F 00 23 19 1F 00 11 19 77 49 6E 6A	'Here you go,<49>!'
020C	10	0C	00	99D7	2295	2469	49 00 0E 19 0F 1D 18 6B 1E 00 1D 0F 0F 17 00 1E 19 00 21 0B 18 1E 00 1E 19 00 16 0F 0B 20 0F 00 1E 12 13 18 11 1D 78	<49> doesn't seem to want to leave things.
020D	10	0D	00	99D7	2469	2615	69 3B 12 19 1D 0F 00 13 1E 0F 17 1D 00 0D 0B 18 00 23 19 1F 00 1D 0F 16 16 00 17 0F 6D 6A	'Whose items can you sell me?'
020E	10	0E	00	99D7	2615	2725	69 2C 1F 12 6D 00 49 00 12 0B 1D 00 18 19 00 13 1E 0F 17 1D 6C	'Huh? <49> has no items.'
020F	10	0F	00	99D7	2725	2843	69 3B 12 0B 1E 00 0D 0B 18 00 23 19 1F 00 1D 0F 16 16 00 17 0F 6D 6A	'What can you sell me?'
0210	10	10	00	99D7	2843	2941	69 38 12 0F 00 48 6D 00 2C 17 17 72 6C 44	'The <48>? Hmm....'<44>
0211	10	11	00	99D7	2941	3350	69 2D 1E 6B 1D 00 12 0B 1C 0E 00 1E 19 00 0B 1A 1A 1C 0B 13 1D 0F 00 1E 12 0B 1E 6C 4F 2D 00 1E 12 13 18 15 00 23 19 1F 6B 0E 00 0C 0F 1E 1E 0F 1C 00 18 19 1E 00 1D 0F 16 16 00 19 1C 00 0E 13 1D 0D 0B 1C 0E 00 1E 12 13 18 11 1D 00 16 13 15 0F 00 1E 12 0B 1E 6C	'It's hard to appraise that.'<4F>I think you'd better not sell or discard things like that.'
0212	10	12	00	99D7	3350	3598	69 2D 6B 16 16 00 1A 0B 23 00 47 00 11 19 16 0E 00 1A 13 0F 0D 0F 4C 00 10 19 1C 00 1E 12 0B 1E 78 2D 1D 00 1E 12 0B 1E 00 33 2F 6D 6A	'I'll pay <47> gold piece<4C> for that.Is that OK?'
0213	10	13	00	99D7	3598	3795	69 33 12 77 23 19 1F 00 0D 12 0B 18 11 0F 0E 00 23 19 1F 1C 00 17 13 18 0E 6D 00 38 19 19 00 0C 0B 0E 72 6C	'Oh,you changed your mind? Too bad....'
0214	10	14	00	99D7	3795	3950	69 38 12 0B 18 15 00 23 19 1F 00 10 19 1C 00 1D 0F 16 16 13 18 11 00 13 1E 00 1E 19 00 17 0F 6C	'Thank you for selling it to me.'
0215	10	15	00	99D7	3950	4155	69 2D 6B 16 16 00 11 0F 1E 00 1E 12 0F 00 13 1E 0F 17 00 10 1C 19 17 00 49 00 13 18 00 1E 12 0F 00 21 0B 11 19 18 00 1E 12 0F 18 6C	'I'll get the item from <49> in the wagon then.'
0216	10	16	00	99D7	4155	4411	2D 1E 00 21 19 18 6B 1E 00 0D 19 17 0F 00 19 10 10 00 0E 1F 0F 00 1E 19 00 0B 00 0D 1F 1C 1D 0F 6E 4F 2D 00 0D 0B 18 6B 1E 00 0C 1F 23 00 13 1E 00 1E 12 0F 18 6C	It won't come off due to a curse!<4F>I can't buy it then.'
0217	10	17	00	99D7	4411	4417		
0218	10	18	00	99D7	4417	4559	69 33 12 77 23 19 1F 00 0D 12 0B 18 11 0F 0E 00 23 19 1F 1C 00 17 13 18 0E 6C	'Oh,you changed your mind.'
0219	10	19	00	99D7	4559	4650	69 25 18 23 1E 12 13 18 11 00 0F 16 1D 0F 6D 6A	'Anything else?'
021A	10	1A	00	99D7	4650	4782	69 34 16 0F 0B 1D 0F 00 0D 19 17 0F 00 0C 0B 0D 15 00 0B 11 0B 13 18 6E 6A	'Please come back again!'
021B	10	1B	00	99D7	4782	5055	69 3B 0F 16 0D 19 17 0F 00 1E 19 00 1E 12 0F 00 2C 19 1F 1D 0F 00 19 10 00 2C 0F 0B 16 13 18 11 78 3B 12 0B 1E 00 0D 0B 18 00 2D 00 0E 19 00 10 19 1C 00 23 19 1F 6D 6A	'Welcome to the House of Healing.What can I do for you?'
021C	10	1C	00	99D7	5055	5399	69 3B 0F 16 0D 19 17 0F 00 1E 19 00 1E 12 0F 00 2C 19 1F 1D 0F 00 19 10 00 2C 0F 0B 16 13 18 11 78 2D 1E 6B 1D 00 1D 19 00 16 0B 1E 0F 00 0B 1E 00 18 13 11 12 1E 78 3B 12 0B 1E 00 0E 19 00 23 19 1F 00 18 0F 0F 0E 6D 6A	'Welcome to the House of Healing.It's so late at night.What do you need?'
021D	10	1D	00	99D7	5399	5514	69 3B 12 19 00 13 1D 00 1E 19 00 0C 0F 00 1E 1C 0F 0B 1E 0F 0E 6D 6A	'Who is to be treated?'
021E	10	1E	00	99D7	5514	5686	69 26 1F 1E 00 49 00 13 1D 00 18 19 1E 00 0B 10 10 16 13 0D 1E 0F 0E 00 0C 23 00 1A 19 13 1D 19 18 6C	'But <49> is not afflicted by poison.'
021F	10	1F	00	99D7	5686	5876	69 32 19 21 00 2D 6B 16 16 00 0B 0E 17 13 18 13 1D 1E 0F 1C 00 1E 12 0F 00 0B 18 1E 13 0E 19 1E 0F 00 1E 19 00 49 6C	'Now I'll administer the antidote to <49>.'
0220	11	00	00	9CB6	0	148	69 3B 12 19 1D 0F 00 0D 1F 1C 1D 0F 00 13 1D 00 1E 19 00 0C 0F 00 16 13 10 1E 0F 0E 6D 6A	'Whose curse is to be lifted?'
0221	11	01	00	9CB6	148	322	69 26 1F 1E 00 49 00 13 1D 00 18 19 1E 00 0B 10 10 16 13 0D 1E 0F 0E 00 0C 23 00 0B 00 0D 1F 1C 1D 0F 6C	'But <49> is not afflicted by a curse.'
0222	11	02	00	9CB6	322	628	69 34 16 0F 0B 1D 0F 00 0C 0F 00 1B 1F 13 0F 1E 78 2D 00 1D 12 0B 16 16 00 1C 0F 17 19 20 0F 00 1E 12 13 1D 00 0B 0C 19 17 13 18 0B 0C 16 0F 00 0D 1F 1C 1D 0F 00 10 1C 19 17 00 49 72 6C	'Please be quiet.I shall remove this abominable curse from <49>....'
0223	11	03	00	9CB6	628	750	69 3B 12 19 00 13 1D 00 1E 19 00 0C 0F 00 1C 0F 20 13 20 0F 0E 6D 6A	'Who is to be revived?'
0224	11	04	00	9CB6	750	931	69 3D 19 1F 00 17 1F 1D 1E 00 0C 0F 00 15 13 0E 0E 13 18 11 6E 00 49 00 13 1D 00 0B 16 13 20 0F 6E 6A	'You must be kidding! <49> is alive!'
0225	11	05	00	9CB6	931	1032	69 34 16 0F 0B 1D 0F 00 0C 0F 00 1B 1F 13 0F 1E 6C 44	'Please be quiet.'<44>
0226	11	06	00	9CB6	1032	1330	69 2D 00 1D 12 0B 16 16 00 0C 1C 13 18 11 00 0C 0B 0D 15 00 1E 12 0F 00 21 0B 18 0E 0F 1C 13 18 11 00 1D 1A 13 1C 13 1E 00 19 10 00 49 00 1E 19 00 1E 12 13 1D 00 21 19 1C 16 0E 72 6C	'I shall bring back the wandering spirit of <49> to this world....'
0227	11	07	00	9CB6	1330	1550	69 3A 0F 1C 23 00 21 0F 16 16 77 23 19 1F 00 21 0B 18 1E 00 17 0F 00 1E 19 00 1D 0B 20 0F 00 23 19 1F 1C 00 1A 1C 19 11 1C 0F 1D 1D 6C	'Very well,you want me to save your progress.'
0228	11	08	00	9CB6	1550	2096	69 38 0F 16 16 00 17 0F 00 0B 16 16 00 23 19 1F 6B 20 0F 00 0B 0D 12 13 0F 20 0F 0E 00 1D 19 00 10 0B 1C 6C 4F 38 12 0F 18 00 2D 00 1D 12 0B 16 16 00 21 1C 13 1E 0F 00 13 1E 00 0E 19 21 18 00 19 18 00 1E 12 0F 00 2D 17 1A 0F 1C 13 0B 16 00 37 0D 1C 19 16 16 1D 00 19 10 00 2C 19 18 19 1C 78 2D 1D 00 1E 12 0B 1E 00 0B 16 1C 13 11 12 1E 6D 6A	'Tell me all you've achieved so far.'<4F>Then I shall write it down on the Imperial Scrolls of Honor.Is that alright?'
0229	11	09	00	9CB6	2096	2436	69 2D 00 0D 0F 1C 1E 0B 13 18 16 23 00 1C 0F 0D 19 1C 0E 0F 0E 00 23 19 1F 1C 00 1A 1C 19 11 1C 0F 1D 1D 6C 4F 25 1C 0F 00 23 19 1F 00 0D 19 18 1E 13 18 1F 13 18 11 00 23 19 1F 1C 00 1B 1F 0F 1D 1E 6D 6A	'I certainly recorded your progress.'<4F>Are you continuing your quest?'
022A	11	0A	00	9CB6	2436	2510	69 2D 00 0D 0B 18 00 1D 0F 0F 72 6C 44	'I can see....'<44>
022B	11	0B	00	9CB6	2510	2850	69 3D 19 1F 00 0D 12 0B 18 11 0F 0E 00 23 19 1F 1C 00 17 13 18 0E 6C 4F 3A 0F 1C 23 00 21 0F 16 16 78 25 1C 0F 00 23 19 1F 00 0D 19 18 1E 13 18 1F 13 18 11 00 23 19 1F 1C 00 1B 1F 0F 1D 1E 6D 6A	'You changed your mind.'<4F>Very well.Are you continuing your quest?'
022C	11	0C	00	9CB6	2850	3015	69 27 0B 18 00 2D 00 0E 19 00 0B 18 23 1E 12 13 18 11 00 0F 16 1D 0F 00 10 19 1C 00 23 19 1F 6D 6A	'Can I do anything else for you?'
022D	11	0D	00	9CB6	3015	3245	69 3A 0F 1C 23 00 21 0F 16 16 78 38 1C 0B 20 0F 16 00 1D 0B 10 0F 16 23 78 27 19 17 0F 00 0C 0B 0D 15 00 0B 18 23 1E 13 17 0F 6C	'Very well.Travel safely.Come back anytime.'
022E	11	0E	00	9CB6	3245	3469	69 38 12 0F 00 10 0F 0F 00 13 1D 00 47 00 11 19 16 0E 00 1A 13 0F 0D 0F 4C 78 2D 1D 00 1E 12 0B 1E 00 0B 16 1C 13 11 12 1E 6D 6A	'The fee is <47> gold piece<4C>.Is that alright?'
022F	11	0F	00	9CB6	3469	3993	69 2D 6B 17 00 1D 19 1C 1C 23 77 0C 1F 1E 00 23 19 1F 00 0E 19 18 6B 1E 00 12 0B 20 0F 00 0F 18 19 1F 11 12 00 17 19 18 0F 23 00 1E 19 00 1A 0B 23 00 10 19 1C 00 19 1F 1C 00 1D 0F 1C 20 13 0D 0F 6C 4F 27 19 17 0F 00 0C 0B 0D 15 00 0B 11 0B 13 18 00 21 12 0F 18 00 23 19 1F 00 12 0B 20 0F 00 0F 18 19 1F 11 12 00 17 19 18 0F 23 6C	'I'm sorry,but you don't have enough money to pay for our service.'<4F>Come back again when you have enough money.'
0230	11	10	00	9CB6	3993	4398	69 3A 0F 1C 23 00 21 0F 16 16 77 23 19 1F 00 0E 19 18 6B 1E 00 21 0B 18 1E 00 19 1F 1C 00 1D 0F 1C 20 13 0D 0F 6C 4F 2D 10 00 23 19 1F 00 0D 12 0B 18 11 0F 00 23 19 1F 1C 00 17 13 18 0E 77 0D 19 17 0F 00 0C 0B 0D 15 00 0B 18 23 1E 13 17 0F 6C	'Very well,you don't want our service.'<4F>If you change your mind,come back anytime.'
0231	11	11	00	9CB6	4398	4628	69 2B 19 19 0E 00 0B 10 1E 0F 1C 18 19 19 18 6E 00 3B 0F 16 0D 19 17 0F 00 1E 19 00 1E 12 0F 00 3B 0B 23 10 0B 1C 0F 1C 6B 1D 00 2D 18 18 6C	'Good afternoon! Welcome to the Wayfarer's Inn.'
0232	11	12	00	9CB6	4628	5002	69 3B 0F 16 0D 19 17 0F 00 1E 19 00 1E 12 0F 00 3B 0B 23 10 0B 1C 0F 1C 6B 1D 00 2D 18 18 78 3D 19 1F 00 17 1F 1D 1E 00 0C 0F 00 20 0F 1C 23 00 1E 13 1C 0F 0E 00 10 1C 19 17 00 23 19 1F 1C 00 16 19 18 11 00 14 19 1F 1C 18 0F 23 6C	'Welcome to the Wayfarer's Inn.You must be very tired from your long journey.'
0233	11	13	00	9CB6	5002	5312	44 69 33 18 0F 00 18 13 11 12 1E 6B 1D 00 1D 1E 0B 23 00 13 1D 00 47 00 11 19 16 0E 00 1A 13 0F 0D 0F 4C 78 3B 19 1F 16 0E 00 23 19 1F 00 16 13 15 0F 00 1E 19 00 1D 1E 0B 23 6D 6A	<44>'One night's stay is <47> gold piece<4C>.Would you like to stay?'
0234	11	14	00	9CB6	5312	5444	69 2A 0B 1C 0F 21 0F 16 16 78 28 19 00 0D 19 17 0F 00 0B 11 0B 13 18 6C	'Farewell.Do come again.'
0235	11	15	00	9CB6	5444	5802	69 2D 6B 17 00 1D 19 1C 1C 23 77 0C 1F 1E 00 23 19 1F 00 0E 19 18 6B 1E 00 12 0B 20 0F 00 0F 18 19 1F 11 12 00 17 19 18 0F 23 6C 4F 34 16 0F 0B 1D 0F 00 0D 19 17 0F 00 0B 11 0B 13 18 00 21 12 0F 18 00 23 19 1F 00 0E 19 6C	'I'm sorry,but you don't have enough money.'<4F>Please come again when you do.'
0236	11	16	00	9CB6	5802	5900	69 29 18 14 19 23 00 23 19 1F 1C 00 1D 1E 0B 23 6C	'Enjoy your stay.'
0237	11	17	00	9CB6	5900	6078	69 2B 19 19 0E 00 17 19 1C 18 13 18 11 78 2C 0B 20 0F 00 0B 00 1D 0B 10 0F 00 14 19 1F 1C 18 0F 23 6C	'Good morning.Have a safe journey.'
0238	11	18	00	9CB6	6078	6501	69 38 12 13 1D 00 13 1D 00 0B 00 20 0B 1F 16 1E 00 21 12 0F 1C 0F 00 23 19 1F 00 0D 0B 18 00 16 0F 0B 20 0F 00 13 1E 0F 17 1D 00 0B 18 0E 00 17 19 18 0F 23 00 10 19 1C 00 1D 0B 10 0F 00 15 0F 0F 1A 13 18 11 78 2C 19 21 00 17 0B 23 00 2D 00 12 0F 16 1A 00 23 19 1F 6D 6A	'This is a vault where you can leave items and money for safe keeping.How may I help you?'
0239	11	19	00	9CB6	6501	6695	69 3A 0F 1C 23 00 21 0F 16 16 78 3B 12 0B 1E 00 0E 19 00 23 19 1F 00 21 0B 18 1E 00 1E 19 00 16 0F 0B 20 0F 6D 6A	'Very well.What do you want to leave?'
023A	11	1A	00	9CB6	6695	7266	69 3D 19 1F 6B 0E 00 16 13 15 0F 00 1E 19 00 16 0F 0B 20 0F 00 17 19 18 0F 23 6D 00 3D 19 1F 00 0D 0B 18 00 16 0F 0B 20 0F 00 17 19 18 0F 23 00 13 18 00 02 01 01 01 00 11 19 16 0E 6F 1A 13 0F 0D 0F 00 13 18 0D 1C 0F 17 0F 18 1E 1D 78 2C 19 21 00 17 1F 0D 12 00 21 19 1F 16 0E 00 23 19 1F 00 16 13 15 0F 00 1E 19 00 16 0F 0B 20 0F 6D 6A	'You'd like to leave money? You can leave money in 1000 gold-piece increments.How much would you like to leave?'
023B	11	1B	00	9CB6	7266	7562	69 2D 6B 17 00 1D 19 1C 1C 23 00 1E 19 00 13 18 10 19 1C 17 00 23 19 1F 77 0C 1F 1E 00 23 19 1F 00 0E 19 18 6B 1E 00 1D 0F 0F 17 00 1E 19 00 12 0B 20 0F 00 1E 12 0B 1E 00 17 1F 0D 12 6C	'I'm sorry to inform you,but you don't seem to have that much.'
023C	11	1C	00	9CB6	7562	7825	69 47 00 11 19 16 0E 00 1A 13 0F 0D 0F 1D 78 3A 0F 1C 23 00 21 0F 16 16 78 2D 6B 16 16 00 1E 0B 15 0F 00 11 19 19 0E 00 0D 0B 1C 0F 00 19 10 00 13 1E 6C	'<47> gold pieces.Very well.I'll take good care of it.'
023D	11	1D	00	9CB6	7825	7991	69 3B 12 19 6B 1D 00 11 19 13 18 11 00 1E 19 00 16 0F 0B 20 0F 00 1D 19 17 0F 1E 12 13 18 11 6D 6A	'Who's going to leave something?'
023E	11	1E	00	9CB6	7991	8169	69 26 1F 1E 00 49 00 0E 19 0F 1D 18 6B 1E 00 1D 0F 0F 17 00 1E 19 00 12 0B 20 0F 00 0B 18 23 1E 12 13 18 11 6C	'But <49> doesn't seem to have anything.'
023F	11	1F	00	9CB6	8169	8326	69 3B 12 0B 1E 00 21 19 1F 16 0E 00 23 19 1F 00 16 13 15 0F 00 1E 19 00 16 0F 0B 20 0F 6D 6A	'What would you like to leave?'
0240	12	00	00	A0C7	0	451	69 38 12 0F 00 48 6D 6A 4F 3B 12 0F 18 00 23 19 1F 00 1A 13 0D 15 00 13 1E 00 1F 1A 77 1E 12 0F 1C 0F 00 21 13 16 16 00 0C 0F 00 0B 00 0D 12 0B 1C 11 0F 00 19 10 00 02 01 00 11 19 16 0E 00 1A 13 0F 0D 0F 1D 78 2D 1D 00 1E 12 0B 1E 00 0B 16 1C 13 11 12 1E 6D 6A	'The <48>?'<4F>When you pick it up,there will be a charge of 10 gold pieces.Is that alright?'
0241	12	01	00	A0C7	451	822	28 1F 0F 00 1E 19 00 0B 00 0D 1F 1C 1D 0F 77 1E 12 0F 00 48 00 21 19 18 6B 1E 00 0D 19 17 0F 00 19 10 10 78 4F 2D 00 0D 0B 18 6B 1E 00 15 0F 0F 1A 00 1D 1F 0D 12 00 0B 18 00 13 1E 0F 17 78 2C 19 21 00 0D 1C 0F 0F 1A 23 72 6C	Due to a curse,the <48> won't come off.<4F>I can't keep such an item.How creepy....'
0242	12	02	00	A0C7	822	957	69 2D 6B 16 16 00 1E 0B 15 0F 00 11 19 19 0E 00 0D 0B 1C 0F 00 19 10 00 13 1E 6C	'I'll take good care of it.'
0243	12	03	00	A0C7	957	1102	69 3B 13 16 16 00 23 19 1F 00 16 0F 0B 20 0F 00 19 1E 12 0F 1C 00 13 1E 0F 17 1D 6D 6A	'Will you leave other items?'
0244	12	04	00	A0C7	1102	1277	69 3B 12 0B 1E 00 21 19 1F 16 0E 00 23 19 1F 00 16 13 15 0F 00 1E 19 00 1A 13 0D 15 00 1F 1A 6D 6A	'What would you like to pick up?'
0245	12	05	00	A0C7	1277	1487	69 31 19 18 0F 23 6D 00 2D 6B 17 00 18 19 1E 00 15 0F 0F 1A 13 18 11 00 0B 18 23 00 19 10 00 23 19 1F 1C 00 17 19 18 0F 23 6C	'Money? I'm not keeping any of your money.'
0246	12	06	00	A0C7	1487	1782	69 2D 6B 17 00 15 0F 0F 1A 13 18 11 00 47 00 11 19 16 0E 00 1A 13 0F 0D 0F 1D 00 10 19 1C 00 23 19 1F 78 2C 19 21 00 17 1F 0D 12 00 0E 19 00 23 19 1F 00 21 0B 18 1E 6D 6A	'I'm keeping <47> gold pieces for you.How much do you want?'
0247	12	07	00	A0C7	1782	2004	69 37 19 1C 1C 23 77 0C 1F 1E 00 23 19 1F 00 0E 13 0E 18 6B 1E 00 16 0F 0B 20 0F 00 1E 12 0B 1E 00 17 1F 0D 12 00 17 19 18 0F 23 6C	'Sorry,but you didn't leave that much money.'
0248	12	08	00	A0C7	2004	2132	69 3A 0F 1C 23 00 21 0F 16 16 78 2C 0F 1C 0F 00 23 19 1F 00 0B 1C 0F 6C	'Very well.Here you are.'
0249	12	09	00	A0C7	2132	2312	69 3B 12 0B 1E 6D 00 3D 19 1F 00 0E 13 0E 18 6B 1E 00 16 0F 0B 20 0F 00 0B 18 23 1E 12 13 18 11 72 6C	'What? You didn't leave anything....'
024A	12	0A	00	A0C7	2312	2486	69 3B 12 13 0D 12 00 13 1E 0F 17 00 1D 12 0B 16 16 00 2D 00 1C 0F 1E 1F 1C 18 00 1E 19 00 23 19 1F 6D 6A	'Which item shall I return to you?'
024B	12	0B	00	A0C7	2486	2754	69 38 12 0F 00 48 6D 00 2D 00 0D 12 0B 1C 11 0F 00 02 01 00 11 19 16 0E 00 1A 13 0F 0D 0F 1D 78 2D 1D 00 1E 12 0B 1E 00 0B 16 1C 13 11 12 1E 6D 6A	'The <48>? I charge 10 gold pieces.Is that alright?'
024C	12	0C	00	A0C7	2754	3031	69 2C 17 17 72 23 19 1F 00 0E 19 18 6B 1E 00 12 0B 20 0F 00 0F 18 19 1F 11 12 00 17 19 18 0F 23 78 2D 00 0D 0B 18 6B 1E 00 1C 0F 1E 1F 1C 18 00 1E 12 0F 00 13 1E 0F 17 6C	'Hmm...you don't have enough money.I can't return the item.'
024D	12	0D	00	A0C7	3031	3254	69 3B 19 1F 16 0E 00 23 19 1F 00 16 13 15 0F 00 1E 19 00 1E 0B 15 0F 00 19 1F 1E 00 23 19 1F 1C 00 17 19 18 0F 23 00 10 13 1C 1D 1E 6D 6A	'Would you like to take out your money first?'
024E	12	0E	00	A0C7	3254	3368	69 3B 12 19 6B 16 16 00 0D 0B 1C 1C 23 00 1E 12 13 1D 6D 6A	'Who'll carry this?'
024F	12	0F	00	A0C7	3368	3614	69 49 00 0E 19 0F 1D 18 6B 1E 00 1D 0F 0F 17 00 1E 19 00 0C 0F 00 0B 0C 16 0F 00 1E 19 00 0D 0B 1C 1C 23 00 0B 18 23 00 17 19 1C 0F 00 1E 12 13 18 11 1D 6C 44	'<49> doesn't seem to be able to carry any more things.'<44>
0250	12	10	00	A0C7	3614	4030	69 2A 13 1C 1D 1E 00 1C 0F 0E 1F 0D 0F 00 1E 12 0F 00 18 1F 17 0C 0F 1C 00 19 10 00 13 1E 0F 17 1D 00 0C 23 00 16 0F 0B 20 13 18 11 00 1D 19 17 0F 00 12 0F 1C 0F 00 19 1C 00 0C 23 00 1D 0F 16 16 13 18 11 00 19 1C 43 0E 13 1D 0D 0B 1C 0E 13 18 11 00 1E 12 0F 17 6C	'First reduce the number of items by leaving some here or by selling or<43>discarding them.'
0251	12	11	00	A0C7	4030	4187	69 3B 19 1F 16 0E 00 1D 19 17 0F 19 18 0F 00 0F 16 1D 0F 00 0D 0B 1C 1C 23 00 1E 12 13 1D 6D 6A	'Would someone else carry this?'
0252	12	12	00	A0C7	4187	4443	69 49 00 0D 0B 18 6B 1E 00 0C 0F 00 0F 1B 1F 13 1A 1A 0F 0E 00 21 13 1E 12 00 1E 12 0F 00 48 78 2D 1D 00 1E 12 0B 1E 00 0B 16 1C 13 11 12 1E 6D 6A	'<49> can't be equipped with the <48>.Is that alright?'
0253	12	13	00	A0C7	4443	4599	69 2D 6B 16 16 00 0E 0F 16 13 20 0F 1C 00 1E 12 13 1D 00 1E 19 00 1E 12 0F 00 21 0B 11 19 18 6C	'I'll deliver this to the wagon.'
0254	12	14	00	A0C7	4599	4794	69 25 16 1C 13 11 12 1E 77 2D 6B 16 16 00 11 13 20 0F 00 1E 12 13 1D 00 1E 19 00 49 6B 1D 00 11 12 19 1D 1E 6C	'Alright,I'll give this to <49>'s ghost.'
0255	12	15	00	A0C7	4794	5005	69 25 16 1C 13 11 12 1E 77 2D 6B 16 16 00 1A 1F 1E 00 1E 12 13 1D 00 13 18 00 49 6B 1D 00 38 19 19 16 00 26 0B 11 6C	'Alright,I'll put this in <49>'s Tool Bag.'
0256	12	16	00	A0C7	5005	5129	69 2D 6B 16 16 00 1C 0F 1E 1F 1C 18 00 1E 12 13 1D 00 1E 19 00 23 19 1F 6C	'I'll return this to you.'
0257	12	17	00	A0C7	5129	5260	69 3D 19 1F 00 0D 12 0B 18 11 0F 0E 00 23 19 1F 1C 00 17 13 18 0E 6C 44	'You changed your mind.'<44>
0258	12	18	00	A0C7	5260	5351	69 25 18 23 1E 12 13 18 11 00 0F 16 1D 0F 6D 6A	'Anything else?'
0259	12	19	00	A0C7	5351	5461	69 2C 0B 20 0F 00 0B 00 1D 0B 10 0F 00 14 19 1F 1C 18 0F 23 6C	'Have a safe journey.'
025A	12	1A	00	A0C7	5461	5708	69 38 12 13 1D 00 13 1D 00 0B 00 21 0F 0B 1A 19 18 00 1D 12 19 1A 78 3B 12 0B 1E 00 21 19 1F 16 0E 00 23 19 1F 00 16 13 15 0F 00 1E 19 00 0E 19 6D 6A	'This is a weapon shop.What would you like to do?'
025B	12	1B	00	A0C7	5708	5811	69 3B 12 0B 1E 00 0E 19 00 23 19 1F 00 21 0B 18 1E 6D 6A	'What do you want?'
025C	12	1C	00	A0C7	5811	6035	69 38 12 0F 00 48 6D 00 3D 19 1F 00 0E 19 18 6B 1E 00 12 0B 20 0F 00 0F 18 19 1F 11 12 00 17 19 18 0F 23 00 10 19 1C 00 1E 12 0B 1E 6C	'The <48>? You don't have enough money for that.'
025D	12	1D	00	A0C7	6035	6151	69 38 12 0F 00 48 6D 00 38 12 0B 18 15 00 23 19 1F 6C 44	'The <48>? Thank you.'<44>
025E	12	1E	00	A0C7	6151	6266	69 3B 12 19 00 1D 12 0B 16 16 00 1E 0B 15 0F 00 1E 12 13 1D 6D 6A	'Who shall take this?'
025F	12	1F	00	A0C7	6266	6484	69 37 19 1C 1C 23 77 0C 1F 1E 00 49 00 0D 0B 18 6B 1E 00 0D 0B 1C 1C 23 00 0B 18 23 00 17 19 1C 0F 00 1E 12 13 18 11 1D 6C 44	'Sorry,but <49> can't carry any more things.'<44>
0260	13	00	00	A3F2	0	492	69 2D 00 0D 0B 18 6B 1E 00 1D 0F 16 16 00 23 19 1F 00 1E 12 13 1D 00 1F 18 16 0F 1D 1D 00 23 19 1F 00 1C 0F 0E 1F 0D 0F 00 1E 12 0F 00 18 1F 17 0C 0F 1C 00 19 10 00 13 1E 0F 17 1D 00 23 19 1F 6B 1C 0F 00 0D 0B 1C 1C 23 13 18 11 00 0C 23 00 1D 0F 16 16 13 18 11 00 19 1C 00 0E 13 1D 0D 0B 1C 0E 13 18 11 00 1D 19 17 0F 6C	'I can't sell you this unless you reduce the number of items you're carrying by selling or discarding some.'
0261	13	01	00	A3F2	492	666	69 28 19 0F 1D 00 1D 19 17 0F 19 18 0F 00 0F 16 1D 0F 00 21 0B 18 1E 00 1E 19 00 1E 0B 15 0F 00 1E 12 13 1D 6D 6A	'Does someone else want to take this?'
0262	13	02	00	A3F2	666	914	69 49 00 0D 0B 18 6B 1E 00 0C 0F 00 0F 1B 1F 13 1A 1A 0F 0E 00 21 13 1E 12 00 1E 12 13 1D 78 2D 1D 00 1E 12 0B 1E 00 0B 16 1C 13 11 12 1E 6D 6A	'<49> can't be equipped with this.Is that alright?'
0263	13	03	00	A3F2	914	1139	69 25 16 1C 13 11 12 1E 77 2D 6B 16 16 00 0E 0F 16 13 20 0F 1C 00 1E 12 13 1D 00 1E 19 00 49 00 13 18 00 1E 12 0F 00 21 0B 11 19 18 6C	'Alright,I'll deliver this to <49> in the wagon.'
0264	13	04	00	A3F2	1139	1334	69 25 16 1C 13 11 12 1E 77 2D 6B 16 16 00 11 13 20 0F 00 1E 12 13 1D 00 1E 19 00 49 6B 1D 00 11 12 19 1D 1E 6C	'Alright,I'll give this to <49>'s ghost.'
0265	13	05	00	A3F2	1334	1545	69 25 16 1C 13 11 12 1E 77 2D 6B 16 16 00 1A 1F 1E 00 1E 12 13 1D 00 13 18 00 49 6B 1D 00 38 19 19 16 00 26 0B 11 6C	'Alright,I'll put this in <49>'s Tool Bag.'
0266	13	06	00	A3F2	1545	1631	69 2C 0F 1C 0F 00 23 19 1F 00 11 19 77 49 6C	'Here you go,<49>.'
0267	13	07	00	A3F2	1631	1837	69 3B 12 19 1D 0F 00 0C 0F 16 19 18 11 13 18 11 1D 00 21 19 1F 16 0E 00 23 19 1F 00 16 13 15 0F 00 1E 19 00 1D 0F 16 16 6D 6A	'Whose belongings would you like to sell?'
0268	13	08	00	A3F2	1837	2052	69 25 1C 0F 00 23 19 1F 00 15 13 0E 0E 13 18 11 6D 00 49 00 0E 19 0F 1D 18 6B 1E 00 12 0B 20 0F 00 0B 18 23 1E 12 13 18 11 6C	'Are you kidding? <49> doesn't have anything.'
0269	13	09	00	A3F2	2052	2204	69 3B 12 0B 1E 00 21 19 1F 16 0E 00 23 19 1F 00 16 13 15 0F 00 1E 19 00 1D 0F 16 16 6D 6A	'What would you like to sell?'
026A	13	0A	00	A3F2	2204	2264	69 38 12 0F 00 48 6D 6A	'The <48>?'
026B	13	0B	00	A3F2	2264	2601	38 0B 16 19 19 18 71 69 2D 6B 17 00 0D 19 1F 18 1E 13 18 11 00 19 18 00 23 19 1F 78 2D 6B 16 16 00 0C 0F 00 21 0B 13 1E 13 18 11 00 10 19 1C 00 23 19 1F 00 13 18 00 1E 12 0F 00 1A 19 1C 1E 00 1E 19 21 18 6C	Taloon:'I'm counting on you.I'll be waiting for you in the port town.'
026C	13	0C	00	A3F2	2601	2917	69 2C 17 17 72 1E 12 13 1D 00 13 1D 00 17 23 00 12 19 18 0F 1D 1E 00 0B 0E 20 13 0D 0F 72 6C 4F 2D 00 1E 12 13 18 15 00 23 19 1F 6B 0E 00 0C 0F 1E 1E 0F 1C 00 15 0F 0F 1A 00 1E 12 0B 1E 6C	'Hmm...this is my honest advice....'<4F>I think you'd better keep that.'
026D	13	0D	00	A3F2	2917	3172	69 2D 6B 16 16 00 1A 0B 23 00 47 00 11 19 16 0E 00 1A 13 0F 0D 0F 4C 00 10 19 1C 00 13 1E 78 2D 1D 00 1E 12 0B 1E 00 0B 16 1C 13 11 12 1E 6D 6A	'I'll pay <47> gold piece<4C> for it.Is that alright?'
026E	13	0E	00	A3F2	3172	3260	69 38 12 0B 1E 6B 1D 00 1E 19 19 00 0C 0B 0E 6C	'That's too bad.'
026F	13	0F	00	A3F2	3260	3327	69 38 12 0B 18 15 00 23 19 1F 6C	'Thank you.'
0270	13	10	00	A3F2	3327	3513	69 2D 6B 16 16 00 11 0F 1E 00 1E 12 0F 00 13 1E 0F 17 00 10 1C 19 17 00 49 00 13 18 00 1E 12 0F 00 21 0B 11 19 18 6C	'I'll get the item from <49> in the wagon.'
0271	13	11	00	A3F2	3513	3773	28 1F 0F 00 1E 19 00 0B 00 0D 1F 1C 1D 0F 77 13 1E 00 21 19 18 6B 1E 00 0D 19 17 0F 00 19 10 10 00 23 19 1F 1C 00 0B 1C 17 78 4F 38 19 19 00 0C 0B 0E 72 6C	Due to a curse,it won't come off your arm.<4F>Too bad....'
0272	13	12	00	A3F2	3773	3870	69 28 1C 19 1A 00 0C 23 00 0B 11 0B 13 18 6E 6A	'Drop by again!'
0273	13	13	00	A3F2	3870	4099	69 38 12 13 1D 00 13 1D 00 0B 18 00 0B 1C 17 19 1C 00 1D 12 19 1A 78 3B 12 0B 1E 00 0E 19 00 23 19 1F 00 21 0B 18 1E 00 1E 19 00 0E 19 6D 6A	'This is an armor shop.What do you want to do?'
0274	13	14	00	A3F2	4099	4252	69 3B 12 0B 1E 00 21 19 1F 16 0E 00 23 19 1F 00 16 13 15 0F 00 1E 19 00 0C 1F 23 6D 6A	'What would you like to buy?'
0275	13	15	00	A3F2	4252	4490	69 38 12 0F 00 48 6D 00 37 19 1C 1C 23 77 0C 1F 1E 00 23 19 1F 00 0E 19 18 6B 1E 00 12 0B 20 0F 00 0F 18 19 1F 11 12 00 17 19 18 0F 23 6C	'The <48>? Sorry,but you don't have enough money.'
0276	13	16	00	A3F2	4490	4606	69 38 12 0F 00 48 6D 00 38 12 0B 18 15 00 23 19 1F 6C 44	'The <48>? Thank you.'<44>
0277	13	17	00	A3F2	4606	4710	69 3B 12 19 00 21 13 16 16 00 1E 0B 15 0F 00 13 1E 6D 6A	'Who will take it?'
0278	13	18	00	A3F2	4710	4889	69 26 1F 1E 00 49 00 12 0B 1D 00 1E 19 19 00 17 0B 18 23 00 1E 12 13 18 11 1D 00 0B 16 1C 0F 0B 0E 23 6C 44	'But <49> has too many things already.'<44>
0279	13	19	00	A3F2	4889	5321	69 3B 12 23 00 0E 19 18 6B 1E 00 23 19 1F 00 1C 0F 0E 1F 0D 0F 00 1E 12 0F 00 18 1F 17 0C 0F 1C 00 19 10 00 1E 12 13 18 11 1D 00 23 19 1F 6B 1C 0F 00 0D 0B 1C 1C 23 13 18 11 00 0C 23 00 1D 0F 16 16 13 18 11 00 19 1C 00 0E 13 1D 0D 0B 1C 0E 13 18 11 00 1D 19 17 0F 6D 6A	'Why don't you reduce the number of things you're carrying by selling or discarding some?'
027A	13	1A	00	A3F2	5321	5389	69 38 12 0F 00 48 6D 6A 44	'The <48>?'<44>
027B	13	1B	00	A3F2	5389	5560	69 28 19 0F 1D 00 0B 18 23 19 18 0F 00 0F 16 1D 0F 00 21 0B 18 1E 00 1E 19 00 1E 0B 15 0F 00 1E 12 13 1D 6D 6A	'Does anyone else want to take this?'
027C	13	1C	00	A3F2	5560	5831	69 49 00 0D 0B 18 6B 1E 00 0C 0F 00 0F 1B 1F 13 1A 1A 0F 0E 00 21 13 1E 12 00 1E 12 13 1D 78 28 19 00 23 19 1F 00 1D 1E 13 16 16 00 21 0B 18 1E 00 13 1E 6D 6A	'<49> can't be equipped with this.Do you still want it?'
027D	13	1D	00	A3F2	5831	6010	69 2D 6B 16 16 00 0E 0F 16 13 20 0F 1C 00 1E 12 13 1D 00 1E 19 00 49 00 13 18 00 1E 12 0F 00 21 0B 11 19 18 6C	'I'll deliver this to <49> in the wagon.'
027E	13	1E	00	A3F2	6010	6175	69 2D 6B 16 16 00 1A 1F 1E 00 1E 12 13 1D 00 13 18 00 49 6B 1D 00 38 19 19 16 00 26 0B 11 6C	'I'll put this in <49>'s Tool Bag.'
027F	13	1F	00	A3F2	6175	6261	69 2C 0F 1C 0F 00 23 19 1F 00 11 19 77 49 6C	'Here you go,<49>.'
0280	14	00	00	A701	0	206	69 3B 12 19 1D 0F 00 0C 0F 16 19 18 11 13 18 11 1D 00 21 19 1F 16 0E 00 23 19 1F 00 16 13 15 0F 00 1E 19 00 1D 0F 16 16 6D 6A	'Whose belongings would you like to sell?'
0281	14	01	00	A701	206	363	69 49 00 0E 19 0F 1D 18 6B 1E 00 1D 0F 0F 17 00 1E 19 00 12 0B 20 0F 00 0B 18 23 1E 12 13 18 11 6C	'<49> doesn't seem to have anything.'
0282	14	02	00	A701	363	515	69 3B 12 0B 1E 00 21 19 1F 16 0E 00 23 19 1F 00 16 13 15 0F 00 1E 19 00 1D 0F 16 16 6D 6A	'What would you like to sell?'
0283	14	03	00	A701	515	529	44	<44>
0284	14	04	00	A701	529	924	69 2D 6B 0E 00 16 13 15 0F 00 1E 19 00 0C 1F 23 00 1E 12 0B 1E 72 6C 44 69 26 1F 1E 00 2D 00 0E 19 18 6B 1E 00 1E 12 13 18 15 00 23 19 1F 00 1D 12 19 1F 16 0E 00 1D 0F 16 16 00 1D 1F 0D 12 00 0B 00 20 0B 16 1F 0B 0C 16 0F 00 13 1E 0F 17 6C	'I'd like to buy that....'<44>'But I don't think you should sell such a valuable item.'
0285	14	05	00	A701	924	930		
0286	14	06	00	A701	930	1208	69 2D 6B 16 16 00 1A 0B 23 00 47 00 11 19 16 0E 00 1A 13 0F 0D 0F 4C 00 10 19 1C 00 1E 12 0B 1E 78 2D 1D 00 1E 12 0B 1E 00 0B 0D 0D 0F 1A 1E 0B 0C 16 0F 6D 6A	'I'll pay <47> gold piece<4C> for that.Is that acceptable?'
0287	14	07	00	A701	1208	1304	69 38 12 0B 1E 6B 1D 00 1E 19 19 00 0C 0B 0E 72 6C	'That's too bad....'
0288	14	08	00	A701	1304	1371	69 38 12 0B 18 15 00 23 19 1F 6C	'Thank you.'
0289	14	09	00	A701	1371	1556	69 38 12 0F 18 00 2D 6B 16 16 00 11 0F 1E 00 13 1E 00 10 1C 19 17 00 49 00 13 18 00 1E 12 0F 00 21 0B 11 19 18 6C	'Then I'll get it from <49> in the wagon.'
028A	14	0A	00	A701	1556	1932	28 1F 0F 00 1E 19 00 0B 00 0D 1F 1C 1D 0F 77 13 1E 00 21 19 18 6B 1E 00 0D 19 17 0F 00 19 10 10 6E 43 69 2C 19 21 00 1D 0D 0B 1C 23 6E 6A 43 69 30 0F 1E 6B 1D 00 0D 0B 16 16 00 19 10 10 00 1E 12 13 1D 00 0E 0F 0B 16 6C	Due to a curse,it won't come off!<43>'How scary!'<43>'Let's call off this deal.'
028B	14	0B	00	A701	1932	2095	69 38 12 0F 18 00 2D 6B 16 16 00 11 13 20 0F 00 13 1E 00 1E 19 00 49 6B 1D 00 11 12 19 1D 1E 6C	'Then I'll give it to <49>'s ghost.'
028C	14	0C	00	A701	2095	2218	69 2D 1D 00 1E 12 0F 1C 0F 00 0B 18 23 1E 12 13 18 11 00 0F 16 1D 0F 6D 6A	'Is there anything else?'
028D	14	0D	00	A701	2218	2447	69 38 12 0B 18 15 00 23 19 1F 00 10 19 1C 00 23 19 1F 1C 00 0C 1F 1D 13 18 0F 1D 1D 78 27 19 17 0F 00 0C 0B 0D 15 00 0B 11 0B 13 18 6C	'Thank you for your business.Come back again.'
028E	14	0E	00	A701	2447	2610	69 38 12 0F 18 00 2D 6B 16 16 00 11 13 20 0F 00 13 1E 00 1E 19 00 49 6B 1D 00 11 12 19 1D 1E 6C	'Then I'll give it to <49>'s ghost.'
028F	14	0F	00	A701	2610	2701	69 25 18 23 1E 12 13 18 11 00 0F 16 1D 0F 6D 6A	'Anything else?'
0290	14	10	00	A701	2701	3063	69 2D 6B 17 00 1E 0F 1C 1C 13 0C 16 23 00 1D 19 1C 1C 23 77 0C 1F 1E 00 1E 12 0F 00 20 0B 1F 16 1E 00 13 1D 00 10 1F 16 16 77 0B 18 0E 00 2D 00 0D 0B 18 6B 1E 00 1E 0B 15 0F 00 0B 18 23 00 17 19 1C 0F 00 1E 12 13 18 11 1D 6C	'I'm terribly sorry,but the vault is full,and I can't take any more things.'
0291	14	11	00	A701	3063	3166	69 47 00 11 19 16 0E 00 1A 13 0F 0D 0F 4C 6D 6A	'<47> gold piece<4C>?'
0292	14	12	00	A701	3166	3461	69 2D 6B 17 00 1E 0F 1C 1C 13 0C 16 23 00 1D 19 1C 1C 23 77 0C 1F 1E 00 2D 00 0D 0B 18 6B 1E 00 15 0F 0F 1A 00 0B 18 23 00 17 19 1C 0F 00 19 10 00 23 19 1F 1C 00 17 19 18 0F 23 6C	'I'm terribly sorry,but I can't keep any more of your money.'
0293	14	13	00	A701	3461	3750	69 25 00 11 19 19 0E 00 1C 0F 1D 1E 00 1D 12 19 1F 16 0E 00 13 18 20 13 11 19 1C 0B 1E 0F 00 23 19 1F 00 10 19 1C 00 1E 19 17 19 1C 1C 19 21 78 36 0F 1D 1E 00 21 0F 16 16 6C 44	'A good rest should invigorate you for tomorrow.Rest well.'<44>
0294	14	14	00	A701	3750	4635	38 1F 1C 18 00 19 10 10 00 1E 12 0F 00 1A 19 21 0F 1C 00 21 12 13 16 0F 00 12 19 16 0E 13 18 11 00 1E 12 0F 00 36 29 37 29 38 00 26 1F 1E 1E 19 18 00 13 18 78 44 2D 10 00 23 19 1F 00 1E 1F 1C 18 00 19 10 10 00 1E 12 0F 00 1A 19 21 0F 1C 00 21 13 1E 12 19 1F 1E 00 12 19 16 0E 13 18 11 00 1E 12 0F 00 36 29 37 29 38 00 26 1F 1E 1E 19 18 00 13 18 77 23 19 1F 00 17 0B 23 00 16 19 1D 0F 00 0B 16 16 00 1E 12 0B 1E 00 13 1D 00 1C 0F 0D 19 1C 0E 0F 0E 00 13 18 00 1E 12 0F 00 2D 17 1A 0F 1C 13 0B 16 00 37 0D 1C 19 16 16 1D 00 19 10 00 2C 19 18 19 1C 6E	Turn off the power while holding the RESET Button in.<44>If you turn off the power without holding the RESET Button in,you may lose all that is recorded in the Imperial Scrolls of Honor!
0295	14	15	00	A701	4635	4950	49 00 0D 12 0F 0D 15 1D 00 1E 12 0F 00 21 0B 16 16 78 44 38 12 0F 1C 0F 6B 1D 00 0B 00 0C 1F 1E 1E 19 18 78 44 3B 19 1F 16 0E 00 23 19 1F 00 16 13 15 0F 00 1E 19 00 1A 1C 0F 1D 1D 00 13 1E 6D	<49> checks the wall.<44>There's a button.<44>Would you like to press it?
0296	14	16	00	A701	4950	5868	25 00 17 0F 1D 1D 0B 11 0F 00 13 1D 00 0D 0B 1C 20 0F 0E 00 13 18 00 1E 12 0F 00 10 16 19 19 1C 78 4F 38 19 00 38 12 19 1D 0F 00 3B 12 19 00 38 1C 0B 20 0F 16 00 13 18 00 37 0F 0B 1C 0D 12 00 19 10 00 38 1C 0F 0B 1D 1F 1C 0F 71 43 36 0F 1E 1F 1C 18 00 1E 12 0F 00 1E 1C 0F 0B 1D 1F 1C 0F 00 23 19 1F 6B 20 0F 00 1D 1E 19 16 0F 18 00 1E 19 00 1E 12 13 1D 00 1A 16 0B 0D 0F 6C 4F 38 12 0F 18 00 1E 12 0F 00 0F 22 13 1E 00 21 0B 23 00 21 13 16 16 00 0B 1A 1A 0F 0B 1C 72 6C 44 28 19 00 23 19 1F 00 21 0B 18 1E 00 1E 19 00 1C 0F 1E 1F 1C 18 00 1E 12 0F 00 2D 1C 19 18 00 37 0B 10 0F 6D	A message is carved in the floor.<4F>To Those Who Travel in Search of Treasure:<43>Return the treasure you've stolen to this place.'<4F>Then the exit way will appear....'<44>Do you want to return the Iron Safe?
0297	14	17	00	A701	5868	6024	26 1F 1E 00 1E 12 0F 00 1E 1C 0F 0B 1D 1F 1C 0F 00 0D 12 0F 1D 1E 00 13 1D 00 0F 17 1A 1E 23 72 78	But the treasure chest is empty....
0298	14	18	00	A701	6024	6104	2A 13 18 0E 1D 00 1E 12 0F 00 48 6E 44	Finds the <48>!<44>
0299	14	19	00	A701	6104	6247	38 12 0F 00 1E 1C 0F 0B 1D 1F 1C 0F 00 0D 12 0F 1D 1E 00 13 1D 00 0B 00 31 13 17 13 0D 6E	The treasure chest is a Mimic!
029A	14	1A	00	A701	6247	6442	38 12 0F 00 1E 1C 0F 0B 1D 1F 1C 0F 00 0D 12 0F 1D 1E 00 13 1D 00 0B 00 31 0B 18 6F 29 0B 1E 0F 1C 00 27 12 0F 1D 1E 6E	The treasure chest is a Man-Eater Chest!
029B	14	1B	00	A701	6442	6610	26 1F 1E 00 49 00 0D 0B 18 6B 1E 00 0D 0B 1C 1C 23 00 0B 18 23 00 17 19 1C 0F 00 1E 12 13 18 11 1D 78	But <49> can't carry any more things.
029C	14	1C	00	A701	6610	6820	26 1F 1E 00 49 6B 1D 00 34 0B 1C 1E 23 00 0D 0B 18 6B 1E 00 0D 0B 1C 1C 23 00 0B 18 23 00 17 19 1C 0F 00 1E 12 13 18 11 1D 78	But <49>'s Party can't carry any more things.
029D	14	1D	00	A701	6820	6989	44 28 19 00 23 19 1F 00 21 0B 18 1E 00 1E 19 00 0E 13 1D 0D 0B 1C 0E 00 1D 19 17 0F 1E 12 13 18 11 6D	<44>Do you want to discard something?
029E	14	1E	00	A701	6989	7120	3B 12 19 6B 16 16 00 0E 13 1D 0D 0B 1C 0E 00 1D 19 17 0F 1E 12 13 18 11 6D	Who'll discard something?
029F	14	1F	00	A701	7120	7257	3B 12 0B 1E 00 0E 19 00 23 19 1F 00 21 0B 18 1E 00 1E 19 00 0E 13 1D 0D 0B 1C 0E 6D	What do you want to discard?
02A0	15	00	00	AA8D	0	85	49 00 19 0C 1E 0B 13 18 1D 00 1E 12 0F 00 48 78	<49> obtains the <48>.
02A1	15	01	00	AA8D	85	178	49 00 11 13 20 0F 1D 00 1F 1A 00 1E 12 0F 00 48 78	<49> gives up the <48>.
02A2	15	02	00	AA8D	178	313	49 6B 1D 00 34 0B 1C 1E 23 00 11 13 20 0F 1D 00 1F 1A 00 1E 12 0F 00 48 78	<49>'s Party gives up the <48>.
02A3	15	03	00	AA8D	313	487	49 00 0E 13 1D 0D 0B 1C 0E 1D 00 1E 12 0F 00 48 00 0B 18 0E 00 19 0C 1E 0B 13 18 1D 00 1E 12 0F 00 48 78	<49> discards the <48> and obtains the <48>.
02A4	15	04	00	AA8D	487	783	49 00 1E 0B 15 0F 1D 00 1E 12 0F 00 48 00 0B 21 0B 23 00 10 1C 19 17 00 49 6B 1D 00 11 12 19 1D 1E 00 0B 18 0E 00 11 13 20 0F 1D 00 1E 12 0F 00 48 00 1E 19 00 1E 12 0F 00 11 12 19 1D 1E 78	<49> takes the <48> away from <49>'s ghost and gives the <48> to the ghost.
02A5	15	05	00	AA8D	783	1043	49 00 1E 0B 15 0F 1D 00 1E 12 0F 00 48 00 10 1C 19 17 00 49 6B 1D 00 38 19 19 16 00 26 0B 11 00 0B 18 0E 00 1A 1F 1E 1D 00 1E 12 0F 00 48 00 13 18 00 13 1E 78	<49> takes the <48> from <49>'s Tool Bag and puts the <48> in it.
02A6	15	06	00	AA8D	1043	1149	26 1F 1E 00 18 19 1E 12 13 18 11 00 13 1D 00 10 19 1F 18 0E 78	But nothing is found.
02A7	15	07	00	AA8D	1149	1299	49 00 1D 0F 0B 1C 0D 12 0F 1D 00 1E 12 0F 00 0B 1C 0F 0B 00 0B 1C 19 1F 18 0E 00 10 0F 0F 1E 78 44	<49> searches the area around feet.<44>
02A8	15	08	00	AA8D	1299	1507	49 00 14 1F 17 1A 1D 00 19 10 10 00 1E 12 0F 00 1D 12 13 1A 00 0B 18 0E 00 0E 13 20 0F 1D 00 13 18 1E 19 00 1E 12 0F 00 1D 0F 0B 78	<49> jumps off the ship and dives into the sea.
02A9	15	09	00	AA8D	1507	1647	26 1F 1E 00 49 00 0D 0B 18 6B 1E 00 0D 0B 1C 1C 23 00 0B 18 23 1E 12 13 18 11 78	But <49> can't carry anything.
02AA	15	0A	00	AA8D	1647	1780	49 00 13 1D 18 6B 1E 00 0D 0B 1C 1C 23 13 18 11 00 0B 18 23 1E 12 13 18 11 78	<49> isn't carrying anything.
02AB	15	0B	00	AA8D	1780	1956	39 18 0B 0C 16 0F 00 1E 19 00 17 19 20 0F 77 49 00 0D 0B 18 6B 1E 00 1F 1D 0F 00 1E 12 0F 00 13 1E 0F 17 78	Unable to move,<49> can't use the item.
02AC	15	0C	00	AA8D	1956	2147	39 18 0B 0C 16 0F 00 1E 19 00 17 19 20 0F 77 49 00 0D 0B 18 6B 1E 00 0D 12 0F 0D 15 00 1E 12 0F 00 13 1E 0F 17 78	Unable to move,<49> can't check the item.
02AD	15	0D	00	AA8D	2147	2319	26 0F 13 18 11 00 16 13 10 0F 16 0F 1D 1D 77 49 00 0D 0B 18 6B 1E 00 1F 1D 0F 00 1E 12 0F 00 13 1E 0F 17 78	Being lifeless,<49> can't use the item.
02AE	15	0E	00	AA8D	2319	2506	26 0F 13 18 11 00 16 13 10 0F 16 0F 1D 1D 77 49 00 0D 0B 18 6B 1E 00 0D 12 0F 0D 15 00 1E 12 0F 00 13 1E 0F 17 78	Being lifeless,<49> can't check the item.
02AF	15	0F	00	AA8D	2506	2599	49 00 0E 13 1D 0D 0B 1C 0E 1D 00 1E 12 0F 00 48 78	<49> discards the <48>.
02B0	15	10	00	AA8D	2599	2838	49 00 1E 0B 15 0F 1D 00 1E 12 0F 00 48 00 10 1C 19 17 00 49 6B 1D 00 38 19 19 16 00 26 0B 11 00 0B 18 0E 00 0E 13 1D 0D 0B 1C 0E 1D 00 13 1E 78	<49> takes the <48> from <49>'s Tool Bag and discards it.
02B1	15	11	00	AA8D	2838	3057	49 00 1E 0B 15 0F 1D 00 1E 12 0F 00 48 00 10 1C 19 17 00 49 6B 1D 00 11 12 19 1D 1E 00 0B 18 0E 00 0E 13 1D 0D 0B 1C 0E 1D 00 13 1E 78	<49> takes the <48> from <49>'s ghost and discards it.
02B2	15	12	00	AA8D	3057	3155	49 00 12 0B 18 0E 1D 00 1E 12 0F 00 48 00 1E 19 00 49 78	<49> hands the <48> to <49>.
02B3	15	13	00	AA8D	3155	3308	49 00 1A 1F 1E 1D 00 1E 12 0F 00 48 00 13 18 00 49 6B 1D 00 38 19 19 16 00 26 0B 11 78	<49> puts the <48> in <49>'s Tool Bag.
02B4	15	14	00	AA8D	3308	3445	49 00 11 13 20 0F 1D 00 1E 12 0F 00 48 00 1E 19 00 49 6B 1D 00 11 12 19 1D 1E 78	<49> gives the <48> to <49>'s ghost.
02B5	15	15	00	AA8D	3445	3612	49 00 1E 0B 15 0F 1D 00 1E 12 0F 00 48 00 10 1C 19 17 00 49 6B 1D 00 38 19 19 16 00 26 0B 11 78	<49> takes the <48> from <49>'s Tool Bag.
02B6	15	16	00	AA8D	3612	3911	49 00 1E 0B 15 0F 1D 00 1E 12 0F 00 48 00 10 1C 19 17 00 49 6B 1D 00 38 19 19 16 00 26 0B 11 00 0B 18 0E 00 1A 1F 1E 1D 00 13 1E 00 13 18 00 49 6B 1D 00 38 19 19 16 00 26 0B 11 78	<49> takes the <48> from <49>'s Tool Bag and puts it in <49>'s Tool Bag.
02B7	15	17	00	AA8D	3911	4194	49 00 1E 0B 15 0F 1D 00 1E 12 0F 00 48 00 10 1C 19 17 00 49 6B 1D 00 38 19 19 16 00 26 0B 11 00 0B 18 0E 00 11 13 20 0F 1D 00 13 1E 00 1E 19 00 49 6B 1D 00 11 12 19 1D 1E 78	<49> takes the <48> from <49>'s Tool Bag and gives it to <49>'s ghost.
02B8	15	18	00	AA8D	4194	4341	49 00 1E 0B 15 0F 1D 00 1E 12 0F 00 48 00 10 1C 19 17 00 49 6B 1D 00 11 12 19 1D 1E 78	<49> takes the <48> from <49>'s ghost.
02B9	15	19	00	AA8D	4341	4620	49 00 1E 0B 15 0F 1D 00 1E 12 0F 00 48 00 10 1C 19 17 00 49 6B 1D 00 11 12 19 1D 1E 00 0B 18 0E 00 1A 1F 1E 1D 00 13 1E 00 13 18 00 49 6B 1D 00 38 19 19 16 00 26 0B 11 78	<49> takes the <48> from <49>'s ghost and puts it in <49>'s Tool Bag.
02BA	15	1A	00	AA8D	4620	4883	49 00 1E 0B 15 0F 1D 00 1E 12 0F 00 48 00 10 1C 19 17 00 49 6B 1D 00 11 12 19 1D 1E 00 0B 18 0E 00 11 13 20 0F 1D 00 13 1E 00 1E 19 00 49 6B 1D 00 11 12 19 1D 1E 78	<49> takes the <48> from <49>'s ghost and gives it to <49>'s ghost.
02BB	15	1B	00	AA8D	4883	5033	49 00 12 19 16 0E 1D 00 1E 12 0F 00 48 00 13 18 00 1E 12 0F 00 19 1E 12 0F 1C 00 12 0B 18 0E 78	<49> holds the <48> in the other hand.
02BC	15	1C	00	AA8D	5033	5341	49 00 1E 0B 15 0F 1D 00 1E 12 0F 00 48 00 10 1C 19 17 00 49 6B 1D 00 38 19 19 16 00 26 0B 11 00 0B 18 0E 00 1C 0F 1E 1F 1C 18 1D 00 13 1E 00 1E 19 00 49 6B 1D 00 38 19 19 16 00 26 0B 11 78	<49> takes the <48> from <49>'s Tool Bag and returns it to <49>'s Tool Bag.
02BD	15	1D	00	AA8D	5341	5609	49 00 1E 0B 15 0F 1D 00 1E 12 0F 00 48 00 10 1C 19 17 00 49 6B 1D 00 11 12 19 1D 1E 00 0B 18 0E 00 1C 0F 1E 1F 1C 18 1D 00 13 1E 00 1E 19 00 49 6B 1D 00 11 12 19 1D 1E 78	<49> takes the <48> from <49>'s ghost and returns it to <49>'s ghost.
02BE	15	1E	00	AA8D	5609	5755	28 19 00 23 19 1F 00 21 0B 18 1E 00 1E 19 00 0E 13 1D 0D 0B 1C 0E 00 1E 12 0F 00 48 6D	Do you want to discard the <48>?
02BF	15	1F	00	AA8D	5755	5913	26 1F 1E 00 49 00 12 0B 1D 00 18 19 00 19 18 0F 00 1E 19 00 12 0B 18 0E 00 1E 12 13 18 11 1D 00 1E 19 78	But <49> has no one to hand things to.
02C0	16	00	00	AD71	0	95	49 00 0D 0B 18 6B 1E 00 1F 1D 0F 00 1D 1A 0F 16 16 1D 78	<49> can't use spells.
02C1	16	01	00	AD71	95	352	49 00 0E 19 0F 1D 18 6B 1E 00 15 18 19 21 00 0B 00 1D 1A 0F 16 16 00 21 12 13 0D 12 00 0D 0B 18 00 0C 0F 00 1F 1D 0F 0E 00 21 12 13 16 0F 00 17 19 20 13 18 11 78	<49> doesn't know a spell which can be used while moving.
02C2	16	02	00	AD71	352	433	32 19 1E 00 0F 18 19 1F 11 12 00 31 34 6E	Not enough MP!
02C3	16	03	00	AD71	433	502	49 00 0D 12 0B 18 1E 1D 00 4A 6E	<49> chants <4A>!
02C4	16	04	00	AD71	502	627	49 00 0C 1F 17 1A 1D 00 13 18 1E 19 00 1E 12 0F 00 0D 0F 13 16 13 18 11 6E	<49> bumps into the ceiling!
02C5	16	05	00	AD71	627	730	26 1F 1E 00 18 19 1E 12 13 18 11 00 12 0B 1A 1A 0F 18 1D 78	But nothing happens.
02C6	16	06	00	AD71	730	913	25 00 1C 0F 0E 00 16 13 11 12 1E 00 11 16 19 21 1D 00 13 18 00 1E 12 0F 00 1E 1C 0F 0B 1D 1F 1C 0F 00 0D 12 0F 1D 1E 78	A red light glows in the treasure chest.
02C7	16	07	00	AD71	913	1111	25 00 23 0F 16 16 19 21 00 16 13 11 12 1E 00 11 16 19 21 1D 00 13 18 00 1E 12 0F 00 1E 1C 0F 0B 1D 1F 1C 0F 00 0D 12 0F 1D 1E 78	A yellow light glows in the treasure chest.
02C8	16	08	00	AD71	1111	1300	25 00 0C 16 1F 0F 00 16 13 11 12 1E 00 11 16 19 21 1D 00 13 18 00 1E 12 0F 00 1E 1C 0F 0B 1D 1F 1C 0F 00 0D 12 0F 1D 1E 78	A blue light glows in the treasure chest.
02C9	16	09	00	AD71	1300	1466	38 12 0F 00 1E 1C 0F 0B 1D 1F 1C 0F 00 0D 12 0F 1D 1E 00 1D 0F 0F 17 1D 00 1E 19 00 0C 0F 00 0F 17 1A 1E 23 78	The treasure chest seems to be empty.
02CA	16	0A	00	AD71	1466	1550	49 6B 1D 00 21 19 1F 18 0E 1D 00 12 0F 0B 16 6E	<49>'s wounds heal!
02CB	16	0B	00	AD71	1550	1665	49 6B 1D 00 18 1F 17 0C 18 0F 1D 1D 00 11 19 0F 1D 00 0B 21 0B 23 6E	<49>'s numbness goes away!
02CC	16	0C	00	AD71	1665	1802	38 12 0F 00 1A 19 13 1D 19 18 00 16 0F 0B 20 0F 1D 00 49 6B 1D 00 0C 19 0E 23 6E	The poison leaves <49>'s body!
02CD	16	0D	00	AD71	1802	1860	49 00 1C 0F 20 13 20 0F 1D 6E	<49> revives!
02CE	16	0E	00	AD71	1860	1949	49 00 0E 19 0F 1D 18 6B 1E 00 1C 0F 20 13 20 0F 6E	<49> doesn't revive!
02CF	16	0F	00	AD71	1949	2122	26 0F 13 18 11 00 16 13 10 0F 16 0F 1D 1D 77 49 00 0D 0B 18 6B 1E 00 0D 0B 1D 1E 00 1D 1A 0F 16 16 1D 78	Being lifeless,<49> can't cast spells.
02D0	16	10	00	AD71	2122	2309	26 0F 13 18 11 00 1A 0B 1C 0B 16 23 24 0F 0E 77 49 00 0D 0B 18 6B 1E 00 0D 0B 1D 1E 00 1D 1A 0F 16 16 1D 78	Being paralyzed,<49> can't cast spells.
02D1	16	11	00	AD71	2309	2484	49 6B 1D 00 34 0B 1C 1E 23 00 13 1D 18 6B 1E 00 0D 0B 1C 1C 23 13 18 11 00 0B 18 23 1E 12 13 18 11 78	<49>'s Party isn't carrying anything.
02D2	16	12	00	AD71	2484	2632	3D 19 1F 00 1D 12 19 1F 16 0E 18 6B 1E 00 1E 12 1C 19 21 00 1E 12 0B 1E 00 0B 21 0B 23 6E	You shouldn't throw that away!
02D3	16	13	00	AD71	2632	2728	49 00 0B 1A 1A 1C 0B 13 1D 0F 1D 00 1E 12 0F 00 48 78	<49> appraises the <48>.
02D4	16	14	00	AD71	2728	2855	44 69 2C 17 17 72 17 1F 1D 1E 00 0C 0F 00 0B 00 21 0F 0B 1A 19 18 6C	<44>'Hmm...must be a weapon.'
02D5	16	15	00	AD71	2855	2971	44 69 2C 17 17 72 17 1F 1D 1E 00 0C 0F 00 0B 1C 17 19 1C 6C	<44>'Hmm...must be armor.'
02D6	16	16	00	AD71	2971	3098	44 69 2C 17 17 72 17 1F 1D 1E 00 0C 0F 00 0B 00 1D 12 13 0F 16 0E 6C	<44>'Hmm...must be a shield.'
02D7	16	17	00	AD71	3098	3255	44 69 2C 17 17 72 17 1F 1D 1E 00 0C 0F 00 0B 00 0D 0B 1A 00 19 1C 00 12 0F 16 17 0F 1E 6C	<44>'Hmm...must be a cap or helmet.'
02D8	16	18	00	AD71	3255	3376	44 69 2C 17 17 72 17 1F 1D 1E 00 0C 0F 00 0B 18 00 13 1E 0F 17 6C	<44>'Hmm...must be an item.'
02D9	16	19	00	AD71	3376	3604	44 69 25 00 1D 12 19 1A 00 1D 12 19 1F 16 0E 00 1A 0B 23 00 47 00 11 19 16 0E 00 1A 13 0F 0D 0F 4C 00 10 19 1C 00 1E 12 13 1D 6C	<44>'A shop should pay <47> gold piece<4C> for this.'
02DA	16	1A	00	AD71	3604	3743	44 69 3B 12 0B 1E 00 0B 18 00 0B 21 0F 1D 19 17 0F 00 19 0C 14 0F 0D 1E 6E 6A	<44>'What an awesome object!'
02DB	16	1B	00	AD71	3743	4029	44 69 32 19 00 1D 1E 19 1C 0F 00 13 1D 00 16 13 15 0F 16 23 00 1E 19 00 0C 0F 00 0B 0C 16 0F 00 1E 19 00 0B 1A 1A 1C 0B 13 1D 0F 00 1E 12 0F 00 20 0B 16 1F 0F 00 19 10 00 1E 12 13 1D 6C	<44>'No store is likely to be able to appraise the value of this.'
02DC	16	1C	00	AD71	4029	4180	28 19 0F 1D 18 6B 1E 00 0D 19 17 0F 00 19 10 10 00 0E 1F 0F 00 1E 19 00 0B 00 0D 1F 1C 1D 0F 6E	Doesn't come off due to a curse!
02DD	16	1D	00	AD71	4180	4320	44 69 28 19 0F 1D 18 6B 1E 00 1D 0F 0F 17 00 1E 19 00 0C 0F 00 0D 1F 1C 1D 0F 0E 6C	<44>'Doesn't seem to be cursed.'
02DE	16	1E	00	AD71	4320	4517	44 69 2D 1E 00 1D 0F 0F 17 1D 00 1E 12 0B 1E 00 1E 12 13 1D 00 0D 0B 18 00 19 18 16 23 00 0C 0F 00 1F 1D 0F 0E 00 19 18 0D 0F 6C	<44>'It seems that this can only be used once.'
02DF	16	1F	00	AD71	4517	4739	44 69 2D 1E 00 1D 0F 0F 17 1D 00 1E 12 0B 1E 00 1E 12 13 1D 00 0D 0B 18 00 0C 0F 00 1F 1D 0F 0E 00 1E 13 17 0F 00 0B 10 1E 0F 1C 00 1E 13 17 0F 6C	<44>'It seems that this can be used time after time.'
02E0	17	00	00	AFC2	0	235	44 69 2D 1E 00 1D 0F 0F 17 1D 00 1E 12 0B 1E 00 0B 18 23 19 18 0F 00 0D 0B 18 00 0C 0F 00 0F 1B 1F 13 1A 1A 0F 0E 00 21 13 1E 12 00 1E 12 13 1D 6C	<44>'It seems that anyone can be equipped with this.'
02E1	17	01	00	AFC2	235	477	44 69 38 12 0F 00 10 19 16 16 19 21 13 18 11 00 0D 0B 18 00 0C 0F 00 0F 1B 1F 13 1A 1A 0F 0E 00 21 13 1E 12 00 1E 12 13 1D 71 43 40	<44>'The following can be equipped with this:<43><40>
02E2	17	02	00	AFC2	477	501	00 49 6C	 <49>.'
02E3	17	03	00	AFC2	501	553	00 49 00 0B 18 0E 00 49 6C	 <49> and <49>.'
02E4	17	04	00	AFC2	553	630	00 49 77 49 43 00 0B 18 0E 00 49 6C	 <49>,<49><43> and <49>.'
02E5	17	05	00	AFC2	630	888	44 69 2D 00 0E 19 18 6B 1E 00 1E 12 13 18 15 00 0B 18 23 00 19 10 00 1F 1D 00 0D 0B 18 00 0C 0F 00 0F 1B 1F 13 1A 1A 0F 0E 00 21 13 1E 12 00 1E 12 13 1D 6C	<44>'I don't think any of us can be equipped with this.'
02E6	17	06	00	AFC2	888	1003	49 00 1E 12 1C 19 21 1D 00 1E 12 0F 00 26 19 19 17 0F 1C 0B 18 11 78	<49> throws the Boomerang.
02E7	17	07	00	AFC2	1003	1159	49 00 0B 0E 17 13 18 13 1D 1E 0F 1C 1D 00 1E 12 0F 00 48 00 1E 19 00 1E 12 0F 00 2F 13 18 11 78	<49> administers the <48> to the King.
02E8	17	08	00	AFC2	1159	1234	49 00 21 0F 0B 1C 1D 00 1E 12 0F 00 48 78	<49> wears the <48>.
02E9	17	09	00	AFC2	1234	1420	37 1E 0B 1C 1E 0F 0E 00 10 16 23 13 18 11 00 12 13 11 12 00 1F 1A 00 13 18 1E 19 00 1E 12 0F 00 1D 15 23 78 4B	Started flying high up into the sky.<4B>
02EA	17	0A	00	AFC2	1420	1507	38 12 0F 00 48 00 13 1D 00 0D 1F 1C 1D 0F 0E 78	The <48> is cursed.
02EB	17	0B	00	AFC2	1507	1521	44	<44>
02EC	17	0C	00	AFC2	1521	1612	69 27 19 17 0F 00 1E 12 13 1D 00 21 0B 23 72 6C	'Come this way....'
02ED	17	0D	00	AFC2	1612	1803	69 2D 10 00 23 19 1F 00 11 19 00 1E 12 0B 1E 00 21 0B 23 77 23 19 1F 6B 16 16 00 11 19 00 0C 0B 0D 15 72 6C	'If you go that way,you'll go back....'
02EE	17	0E	00	AFC2	1803	1888	69 32 19 1E 00 1E 12 0B 1E 00 21 0B 23 72 6C	'Not that way....'
02EF	17	0F	00	AFC2	1888	2127	44 69 2D 1E 00 1D 0F 0F 17 1D 00 1E 12 0B 1E 00 19 18 16 23 00 2D 00 0D 0B 18 00 0C 0F 00 0F 1B 1F 13 1A 1A 0F 0E 00 21 13 1E 12 00 1E 12 13 1D 6C	<44>'It seems that only I can be equipped with this.'
02F0	17	10	00	AFC2	2127	2277	38 12 0F 1C 0F 6B 1D 00 18 19 00 19 18 0F 00 13 18 00 1E 12 0B 1E 00 0E 13 1C 0F 0D 1E 13 19 18 78	There's no one in that direction.
02F1	17	11	00	AFC2	2277	2375	69 26 19 21 77 3B 19 21 77 3B 19 21 6E 6A	'Bow,Wow,Wow!'
02F2	17	12	00	AFC2	2375	2518	26 1F 1E 00 31 34 00 13 1D 18 6B 1E 00 13 18 0D 1C 0F 0B 1D 0F 0E 00 17 19 1C 0F 78	But MP isn't increased more.
02F3	17	13	00	AFC2	2518	2721	69 3D 19 1F 6B 1C 0F 00 16 0B 1E 0F 78 27 19 17 0F 00 13 18 00 1E 12 0F 00 1D 12 19 1A 78 35 1F 13 0D 15 6E 6A	'You're late.Come in the shop.Quick!'
02F4	17	14	00	AFC2	2721	3022	69 27 19 17 0F 00 1E 12 13 1D 00 21 0B 23 77 23 19 1F 00 0C 1C 0B 1E 6E 6A 43 69 30 0F 1E 00 17 0F 00 11 19 6E 00 2D 00 0E 19 18 6B 1E 00 21 0B 18 1E 00 1E 19 00 11 19 6E 6A	'Come this way,you brat!'<43>'Let me go! I don't want to go!'
02F5	17	15	00	AFC2	3022	3119	69 2C 0F 16 1A 6E 00 2C 0F 16 1A 00 17 0F 6E 6A	'Help! Help me!'
02F6	17	16	00	AFC2	3119	3284	38 12 0F 00 21 19 1F 18 0E 1D 00 19 10 00 49 00 0B 18 0E 00 1E 12 0F 00 19 1E 12 0F 1C 1D 00 12 0F 0B 16 78	The wounds of <49> and the others heal.
02F7	17	17	00	AFC2	3284	3560	69 38 12 13 1D 00 13 1D 00 0B 18 00 13 1E 0F 17 00 1D 12 19 1A 78 38 12 0F 23 00 0E 19 18 6B 1E 00 0D 0B 1C 1C 23 00 1D 19 1F 20 0F 18 13 1C 1D 77 1E 12 19 1F 11 12 6C	'This is an item shop.They don't carry souvenirs,though.'
02F8	17	18	00	AFC2	3560	3795	69 2C 0F 1C 0F 00 16 13 0F 1D 00 36 1F 20 0B 1D 00 1E 12 0F 00 37 19 16 0E 13 0F 1C 00 21 12 19 00 1D 0B 20 0F 0E 00 1E 12 13 1D 00 1E 19 21 18 6C	'Here lies Ruvas the Soldier who saved this town.'
02F9	17	19	00	AFC2	3795	4212	69 25 18 0E 00 1E 12 13 1D 00 13 1D 72 78 29 22 0D 1F 1D 0F 00 17 0F 6C 4F 32 1F 1C 1D 0F 77 2D 6B 0E 00 16 13 15 0F 00 1E 19 00 1D 12 19 21 00 1E 12 0B 1E 00 1E 19 00 1E 12 0F 17 6C 44 32 1F 1C 1D 0F 71 69 33 10 00 0D 19 1F 1C 1D 0F 6C	'And this is....Excuse me.'<4F>Nurse,I'd like to show that to them.'<44>Nurse:'Of course.'
02FA	17	1A	00	AFC2	4212	4646	69 38 12 13 1D 00 13 1D 00 1E 12 0F 00 0B 1C 17 19 1C 00 1E 12 0F 23 00 0C 0F 16 13 0F 20 0F 00 36 1F 20 0B 1D 00 21 19 1C 0F 6C 4F 38 12 0F 23 00 1D 0B 23 00 1E 12 13 1D 00 0B 1C 17 19 1C 00 12 0B 1D 00 0B 00 20 0F 1C 23 00 17 23 1D 1E 0F 1C 13 19 1F 1D 00 1A 19 21 0F 1C 6C	'This is the armor they believe Ruvas wore.'<4F>They say this armor has a very mysterious power.'
02FB	17	1B	00	AFC2	4646	4971	69 25 18 0E 00 1E 12 13 1D 00 13 1D 00 1E 12 0F 00 25 18 0F 0B 1F 22 00 37 1A 0B 78 3A 0F 1C 23 00 1C 0F 10 1C 0F 1D 12 13 18 11 00 0B 10 1E 0F 1C 00 0B 00 16 19 18 11 00 14 19 1F 1C 18 0F 23 6C	'And this is the Aneaux Spa.Very refreshing after a long journey.'
02FC	17	1C	00	AFC2	4971	5680	69 26 23 00 1E 12 0F 00 21 0B 23 77 12 0B 20 0F 00 23 19 1F 00 0E 0F 0D 13 0E 0F 0E 00 21 12 0F 1C 0F 00 1E 19 00 1D 1E 0B 23 00 1E 19 18 13 11 12 1E 6D 6A 4F 2D 00 1C 0F 0D 19 17 17 0F 18 0E 00 1E 12 13 1D 00 13 18 18 78 38 12 0F 00 1A 0F 19 1A 16 0F 00 0B 1C 0F 00 0D 19 1F 1C 1E 0F 19 1F 1D 00 0B 18 0E 00 1E 12 0F 00 1A 1C 13 0D 0F 00 13 1D 00 1C 0F 0B 1D 19 18 0B 0C 16 0F 78 3B 0F 16 16 77 2D 00 17 1F 1D 1E 00 11 19 00 18 19 21 78 26 23 0F 6C	'By the way,have you decided where to stay tonight?'<4F>I recommend this inn.The people are courteous and the price is reasonable.Well,I must go now.Bye.'
02FD	17	1D	00	AFC2	5680	5850	69 32 19 6E 00 30 0F 1E 00 17 0F 00 11 19 6E 00 2C 0F 16 1A 6E 00 37 19 17 0F 19 18 0F 6E 6A	'No! Let me go! Help! Someone!'
02FE	17	1E	00	AFC2	5850	6064	69 37 1E 19 1A 6E 00 4B 33 1C 00 1E 12 0F 00 34 1C 13 18 0D 0F 1D 1D 00 21 13 16 16 00 0C 0F 00 12 0B 1C 17 0F 0E 6E 6A	'Stop! <4B>Or the Princess will be harmed!'
02FF	17	1F	00	AFC2	6064	6269	69 35 1F 13 0F 1E 6E 00 32 0F 0D 1C 19 1D 0B 1C 19 00 21 13 16 16 00 0B 1C 1C 13 20 0F 00 1D 12 19 1C 1E 16 23 6E 6A	'Quiet! Necrosaro will arrive shortly!'
0300	18	00	00	B2D2	0	849	38 12 13 1D 00 13 1D 00 0B 00 1D 1E 19 1C 23 00 0B 0C 19 1F 1E 00 1C 19 23 0B 16 00 1D 19 16 0E 13 0F 1C 1D 00 19 10 00 0B 00 1D 17 0B 16 16 00 0D 19 1F 18 1E 1C 23 00 0D 0B 16 16 0F 0E 00 26 1F 1C 16 0B 18 0E 78 44 33 18 0F 00 19 10 00 1E 12 0F 00 1C 19 23 0B 16 00 1D 19 16 0E 13 0F 1C 1D 00 13 1D 00 23 19 1F 77 36 0B 11 18 0B 1C 78 44 33 18 0F 00 17 19 1C 18 13 18 11 77 1E 12 0F 00 2F 13 18 11 00 1D 1F 17 17 19 18 1D 00 0B 16 16 00 1E 12 0F 00 1D 19 16 0E 13 0F 1C 1D 00 1E 19 00 1E 12 0F 00 27 0B 1D 1E 16 0F 00 0D 19 1F 1C 1E 72 78 44	This is a story about royal soldiers of a small country called Burland.<44>One of the royal soldiers is you,Ragnar.<44>One morning,the King summons all the soldiers to the Castle court....<44>
0301	18	01	00	B2D2	849	1079	69 38 12 0F 00 2F 13 18 11 00 21 13 16 16 00 1D 1A 0F 0B 15 00 1E 19 00 23 19 1F 78 30 13 1D 1E 0F 18 00 0D 0B 1C 0F 10 1F 16 16 23 6C	'The King will speak to you.Listen carefully.'
0302	18	02	00	B2D2	1079	2562	69 29 20 0F 1C 23 19 18 0F 77 0B 1E 00 0F 0B 1D 0F 6C 4F 3D 19 1F 00 17 1F 1D 1E 00 12 0B 20 0F 00 12 0F 0B 1C 0E 00 1E 12 0F 00 1C 1F 17 19 1C 00 1E 12 0B 1E 00 0D 12 13 16 0E 1C 0F 18 00 12 0B 20 0F 00 0C 0F 0F 18 00 20 0B 18 13 1D 12 13 18 11 00 1C 0F 0D 0F 18 1E 16 23 6C 4F 38 12 0F 00 17 19 1E 12 0F 1C 1D 00 10 1C 19 17 00 2D 24 17 13 1E 00 3A 13 16 16 0B 11 0F 00 0D 0B 17 0F 00 1E 19 00 17 0F 00 13 18 00 1E 0F 0B 1C 1D 00 1E 12 13 1D 00 17 19 1C 18 13 18 11 00 0C 0F 11 11 13 18 11 00 10 19 1C 00 12 0F 16 1A 6C 4F 25 1D 00 1E 12 0F 00 2F 13 18 11 00 19 10 00 1E 12 13 1D 00 0D 19 1F 18 1E 1C 23 77 2D 00 0D 0B 18 18 19 1E 00 13 11 18 19 1C 0F 00 1E 12 13 1D 00 1A 1C 19 0C 16 0F 17 00 0B 18 23 00 16 19 18 11 0F 1C 6C 4F 2A 13 18 0E 00 1E 12 0F 00 0D 0B 1F 1D 0F 00 19 10 00 1E 12 0F 1D 0F 00 0E 13 1D 0B 1A 1A 0F 0B 1C 0B 18 0D 0F 1D 00 0B 18 0E 00 1C 0F 1A 19 1C 1E 00 1E 19 00 17 0F 6E 00 2B 19 77 17 23 00 1D 19 16 0E 13 0F 1C 1D 6E 6A	'Everyone,at ease.'<4F>You must have heard the rumor that children have been vanishing recently.'<4F>The mothers from Izmit Village came to me in tears this morning begging for help.'<4F>As the King of this country,I cannot ignore this problem any longer.'<4F>Find the cause of these disappearances and report to me! Go,my soldiers!'
0303	18	03	00	B2D2	2562	2649	69 37 13 1C 77 12 0F 16 1A 00 17 0F 6E 6A	'Sir,help me!'
0304	18	04	00	B2D2	2649	4794	2A 16 19 1C 0B 71 69 2D 1E 6B 1D 00 23 19 1F 77 13 1D 18 6B 1E 00 13 1E 6D 6A 43 25 16 0F 22 71 69 3B 12 19 00 0B 1C 0F 00 23 19 1F 77 17 0B 6B 0B 17 6D 6A 44 2A 16 19 1C 0B 71 69 28 19 18 6B 1E 00 23 19 1F 00 1C 0F 0D 19 11 18 13 24 0F 00 17 0F 6D 00 2D 6B 17 00 2A 16 19 1C 0B 77 23 19 1F 1C 00 21 13 10 0F 6E 6A 43 25 16 0F 22 71 69 72 72 72 6A 44 2A 16 19 1C 0B 71 69 28 19 18 6B 1E 00 23 19 1F 00 0F 20 0F 18 00 1C 0F 17 0F 17 0C 0F 1C 00 1E 12 13 1D 6D 00 37 17 0B 0D 15 6E 6A 43 25 16 0F 22 71 69 72 72 72 6A 44 25 16 0F 22 71 69 72 2A 16 19 1C 0B 6E 6A 43 2A 16 19 1C 0B 71 69 3D 0F 1D 77 13 1E 6B 1D 00 17 0F 6E 6A 44 25 16 0F 22 71 69 3B 12 0B 1E 00 0D 0B 17 0F 00 19 20 0F 1C 00 17 0F 6D 00 2D 00 17 1F 1D 1E 00 12 0B 20 0F 00 16 19 1D 1E 00 17 23 00 17 13 18 0E 00 13 18 00 10 0F 0B 1C 00 0B 10 1E 0F 1C 00 0C 0F 13 18 11 00 0B 1E 1E 0B 0D 15 0F 0E 00 0C 23 00 17 19 18 1D 1E 0F 1C 1D 6C 44 25 16 0F 22 71 69 37 19 16 0E 13 0F 1C 77 1E 12 0B 18 15 1D 00 10 19 1C 00 10 13 18 0E 13 18 11 00 17 0F 6C 44 25 16 0F 22 71 69 2D 00 1C 0F 17 0F 17 0C 0F 1C 72 12 0F 0B 1C 13 18 11 00 1E 12 13 1D 00 10 1C 19 17 00 1D 19 17 0F 00 0D 12 13 16 0E 1C 0F 18 72 6A 44	Flora:'It's you,isn't it?'<43>Alex:'Who are you,ma'am?'<44>Flora:'Don't you recognize me? I'm Flora,your wife!'<43>Alex:'.........'<44>Flora:'Don't you even remember this? Smack!'<43>Alex:'.........'<44>Alex:'...Flora!'<43>Flora:'Yes,it's me!'<44>Alex:'What came over me? I must have lost my mind in fear after being attacked by monsters.'<44>Alex:'Soldier,thanks for finding me.'<44>Alex:'I remember...hearing this from some children...'<44>
0305	18	05	00	B2D2	4794	5865	37 19 17 0F 21 12 0F 1C 0F 77 16 19 18 11 00 0B 11 19 77 1E 12 0F 1C 0F 00 21 0B 1D 00 0B 00 20 0F 1C 23 00 1E 19 17 0C 19 23 13 1D 12 00 1A 1C 13 18 0D 0F 1D 1D 00 18 0B 17 0F 0E 00 25 16 0F 18 0B 78 44 38 12 0F 00 2F 13 18 11 00 21 0B 1D 00 0D 19 18 1D 1E 0B 18 1E 16 23 00 1F 1A 1D 0F 1E 00 0C 23 00 12 0F 1C 00 0C 0F 12 0B 20 13 19 1C 78 33 18 0F 00 17 19 1C 18 13 18 11 77 12 0F 00 1D 1F 17 17 19 18 0F 0E 00 1E 12 0F 00 34 1C 13 18 0D 0F 1D 1D 00 1E 19 00 12 13 1D 00 0D 12 0B 17 0C 0F 1C 72 78 4F 34 1C 13 18 0D 0F 1D 1D 6E 00 34 1C 13 18 0D 0F 1D 1D 00 25 16 0F 18 0B 6E 00 3D 19 1F 1C 00 10 0B 1E 12 0F 1C 00 21 0B 18 1E 1D 00 1E 19 00 1D 0F 0F 00 23 19 1F 6E 6A 44	Somewhere,long ago,there was a very tomboyish princess named Alena.<44>The King was constantly upset by her behavior.One morning,he summoned the Princess to his chamber....<4F>Princess! Princess Alena! Your father wants to see you!'<44>
0306	18	06	00	B2D2	5865	7078	69 25 16 0F 18 0B 77 23 19 1F 1C 00 1E 1F 1E 19 1C 00 13 18 10 19 1C 17 0F 0E 00 17 0F 00 23 19 1F 6B 1C 0F 00 1A 16 0B 18 18 13 18 11 00 0B 00 14 19 1F 1C 18 0F 23 00 1E 19 00 1E 0F 1D 1E 00 23 19 1F 1C 00 1D 1E 1C 0F 18 11 1E 12 6C 4F 2D 00 10 19 1C 0C 13 0E 00 13 1E 78 3D 19 1F 6B 1C 0F 00 1E 12 0F 00 34 1C 13 18 0D 0F 1D 1D 00 19 10 00 1E 12 13 1D 00 0D 19 1F 18 1E 1C 23 6C 4F 2D 00 21 19 18 6B 1E 00 0B 16 16 19 21 00 23 19 1F 00 1E 19 00 20 0F 18 1E 1F 1C 0F 00 13 18 1E 19 00 1E 12 0F 00 19 1F 1E 1D 13 0E 0F 00 21 19 1C 16 0E 00 21 12 0F 1C 0F 00 17 19 18 1D 1E 0F 1C 1D 00 16 1F 1C 15 6E 6A 4F 32 0F 20 0F 1C 00 11 19 00 19 1F 1E 1D 13 0E 0F 00 1E 12 13 1D 00 27 0B 1D 1E 16 0F 6E 00 2D 1D 00 1E 12 0B 1E 00 0D 16 0F 0B 1C 6D 00 38 12 0B 1E 6B 1D 00 0B 16 16 6E 6A	'Alena,your tutor informed me you're planning a journey to test your strength.'<4F>I forbid it.You're the Princess of this country.'<4F>I won't allow you to venture into the outside world where monsters lurk!'<4F>Never go outside this Castle! Is that clear? That's all!'
0307	18	07	00	B2D2	7078	7158	69 3B 12 19 00 0B 1C 0F 00 23 19 1F 6D 6A	'Who are you?'
0308	18	08	00	B2D2	7158	7780	25 16 0F 18 0B 00 13 18 1D 1A 0F 0D 1E 1D 00 1E 12 0F 00 21 0B 16 16 78 44 2D 1E 00 1D 0F 0F 17 1D 00 1E 12 0F 00 21 0B 16 16 77 1C 0F 1A 0B 13 1C 0F 0E 00 21 13 1E 12 00 10 16 13 17 1D 23 00 0C 19 0B 1C 0E 1D 77 0D 0B 18 00 0C 0F 00 0C 1C 19 15 0F 18 00 1E 12 1C 19 1F 11 12 00 0C 23 00 15 13 0D 15 13 18 11 78 44 28 19 00 23 19 1F 00 21 0B 18 1E 00 1E 19 00 15 13 0D 15 00 13 1E 6D	Alena inspects the wall.<44>It seems the wall,repaired with flimsy boards,can be broken through by kicking.<44>Do you want to kick it?
0309	18	09	00	B2D2	7780	7907	32 19 1E 12 13 18 11 00 1D 1A 0F 0D 13 0B 16 00 13 1D 00 10 19 1F 18 0E 78	Nothing special is found.
030A	18	0A	00	B2D2	7907	8959	26 1C 0F 23 71 69 34 1C 13 18 0D 0F 1D 1D 6E 00 2D 1E 6B 1D 00 1C 0F 0D 15 16 0F 1D 1D 00 1E 19 00 14 19 1F 1C 18 0F 23 00 0B 16 19 18 0F 6E 00 2D 10 00 23 19 1F 6B 1C 0F 00 0E 0F 1E 0F 1C 17 13 18 0F 0E 77 2D 6B 16 16 00 0B 0D 0D 19 17 1A 0B 18 23 00 23 19 1F 6E 6A 44 27 1C 13 1D 1E 19 71 69 2D 77 23 19 1F 1C 00 12 1F 17 0C 16 0F 00 1D 0F 1C 20 0B 18 1E 77 21 13 16 16 00 0B 0D 0D 19 17 1A 0B 18 23 00 23 19 1F 00 0B 16 1D 19 77 34 1C 13 18 0D 0F 1D 1D 6E 00 30 0F 1E 6B 1D 00 11 19 00 18 19 21 6C 44 26 1C 0F 23 00 0B 18 0E 00 27 1C 13 1D 1E 19 00 14 19 13 18 0F 0E 00 1E 12 0F 00 34 0B 1C 1E 23 6E 43 55 40	Brey:'Princess! It's reckless to journey alone! If you're determined,I'll accompany you!'<44>Cristo:'I,your humble servant,will accompany you also,Princess! Let's go now.'<44>Brey and Cristo joined the Party!<43><55><40>
030B	18	0B	00	B2D2	8959	9072	3D 19 1F 00 0D 0B 18 6B 1E 00 11 0F 1E 00 19 10 10 00 12 0F 1C 0F 78	You can't get off here.
030C	18	0C	00	B2D2	9072	9187	25 16 0F 18 0B 00 21 19 15 0F 00 1F 1A 00 13 18 00 0C 0F 0E 78 44	Alena woke up in bed.<44>
030D	18	0D	00	B2D2	9187	9436	27 1C 13 1D 1E 19 71 69 34 1C 13 18 0D 0F 1D 1D 6E 00 3D 19 1F 6B 1C 0F 00 0B 21 0B 15 0F 6E 00 2C 19 21 00 0B 1C 0F 00 23 19 1F 6D 6A 44	Cristo:'Princess! You're awake! How are you?'<44>
030E	18	0E	00	B2D2	9436	9634	26 1C 0F 23 71 69 2D 6B 17 00 1D 19 00 1D 19 1C 1C 23 00 23 19 1F 00 0E 13 0E 18 6B 1E 00 21 13 18 72 6C 44	Brey:'I'm so sorry you didn't win....'<44>
030F	18	0F	00	B2D2	9634	9959	27 1C 13 1D 1E 19 71 69 38 12 0F 23 00 1D 0B 23 00 23 19 1F 00 0D 0B 18 00 1F 1D 0F 00 31 0F 0E 13 0D 0B 16 00 2C 0F 1C 0C 1D 00 0F 20 0F 18 00 0E 1F 1C 13 18 11 00 0C 0B 1E 1E 16 0F 1D 72 6C 44	Cristo:'They say you can use Medical Herbs even during battles....'<44>
0310	18	10	00	B2D2	9959	10298	26 1C 0F 23 71 69 2D 18 00 0B 18 23 00 0D 0B 1D 0F 77 23 19 1F 00 17 1F 1D 1E 00 0C 0F 0D 19 17 0F 00 1D 1E 1C 19 18 11 0F 1C 78 37 12 0B 16 16 00 21 0F 00 11 19 77 34 1C 13 18 0D 0F 1D 1D 6D 6A 44	Brey:'In any case,you must become stronger.Shall we go,Princess?'<44>
0311	18	11	00	B2D2	10298	11389	38 12 0F 00 1D 1E 19 1C 23 00 23 19 1F 6B 1C 0F 00 0B 0C 19 1F 1E 00 1E 19 00 21 13 1E 18 0F 1D 1D 00 13 1D 00 0B 0C 19 1F 1E 00 1E 21 19 00 0C 0F 0B 1F 1E 13 10 1F 16 00 1D 13 1D 1E 0F 1C 1D 00 21 12 19 00 1E 1C 0B 20 0F 16 77 1D 0F 0F 15 13 18 11 00 1E 19 00 0B 20 0F 18 11 0F 00 1E 12 0F 13 1C 00 10 0B 1E 12 0F 1C 78 44 31 0B 1C 0B 77 1E 12 0F 00 19 16 0E 0F 1C 00 1D 13 1D 1E 0F 1C 77 13 1D 00 0B 00 0E 0B 18 0D 0F 1C 78 32 0B 1C 0B 77 1E 12 0F 00 23 19 1F 18 11 0F 1C 00 19 18 0F 77 13 1D 00 0B 00 10 19 1C 1E 1F 18 0F 1E 0F 16 16 0F 1C 78 44 38 12 0F 00 1D 1E 19 1C 23 00 0C 0F 11 13 18 1D 00 13 18 00 31 19 18 0C 0B 1C 0B 0C 0B 77 0B 00 1E 19 21 18 00 19 10 00 1D 19 18 11 00 0B 18 0E 00 0E 0B 18 0D 0F 78 44	The story you're about to witness is about two beautiful sisters who travel,seeking to avenge their father.<44>Mara,the older sister,is a dancer.Nara,the younger one,is a fortuneteller.<44>The story begins in Monbaraba,a town of song and dance.<44>
0312	18	12	00	B2D2	11389	11687	69 31 0B 1C 0B 6E 00 3D 19 1F 6B 1C 0F 00 1E 12 0F 00 0C 0F 1D 1E 6E 6A 43 69 3D 0B 12 19 19 6E 6A 43 69 2D 00 16 19 20 0F 00 23 19 1F 77 31 0B 1C 0B 6E 6A	'Mara! You're the best!'<43>'Yahoo!'<43>'I love you,Mara!'
0313	18	13	00	B2D2	11687	12793	32 0B 1C 0B 71 69 2B 19 19 0E 00 1A 0F 1C 10 19 1C 17 0B 18 0D 0F 77 1D 13 1D 78 28 13 0E 00 23 19 1F 00 1D 0F 0F 00 12 13 17 6D 6A 44 31 0B 1C 0B 71 69 32 19 78 2D 00 0E 13 0E 18 6B 1E 00 1D 0F 0F 00 0B 00 0D 1F 1E 0F 00 11 1F 23 00 13 18 00 1E 12 0F 00 0B 1F 0E 13 0F 18 0D 0F 00 1E 19 0E 0B 23 00 0F 13 1E 12 0F 1C 6C 44 32 0B 1C 0B 71 69 32 19 77 2D 00 17 0F 0B 18 00 12 13 17 78 33 1F 1C 00 1D 21 19 1C 18 00 0F 18 0F 17 23 77 26 0B 16 24 0B 0D 15 6E 6A 44 31 0B 1C 0B 71 69 33 12 77 1C 13 11 12 1E 78 32 19 77 2D 00 0E 13 0E 18 6B 1E 00 1D 0F 0F 00 12 13 17 00 0F 13 1E 12 0F 1C 6C 44 32 0B 1C 0B 71 69 2D 00 1D 0F 0F 72 6C	Nara:'Good performance,sis.Did you see him?'<44>Mara:'No.I didn't see a cute guy in the audience today either.'<44>Nara:'No,I mean him.Our sworn enemy,Balzack!'<44>Mara:'Oh,right.No,I didn't see him either.'<44>Nara:'I see....'
0314	18	14	00	B2D2	12793	13579	31 0B 1D 1E 0F 1C 71 69 28 19 18 6B 1E 00 0C 0F 00 1D 19 00 0E 13 1D 0D 19 1F 1C 0B 11 0F 0E 78 2D 10 00 23 19 1F 00 0D 19 18 1E 13 18 1F 0F 00 1E 1C 0B 20 0F 16 13 18 11 77 1D 19 17 0F 0E 0B 23 00 23 19 1F 6B 16 16 00 10 13 18 0E 00 12 13 17 6C 44 31 0B 1D 1E 0F 1C 71 69 2C 0F 1C 0F 77 2D 6B 16 16 00 1A 0B 23 00 23 19 1F 00 1F 1A 00 1E 12 1C 19 1F 11 12 00 1E 19 0E 0B 23 78 38 12 0B 18 15 1D 00 10 19 1C 00 1A 0F 1C 10 19 1C 17 13 18 11 00 10 19 1C 00 1F 1D 6C 44	Master:'Don't be so discouraged.If you continue traveling,someday you'll find him.'<44>Master:'Here,I'll pay you up through today.Thanks for performing for us.'<44>
0315	18	15	00	B2D2	13579	14652	31 0B 1C 0B 00 0B 18 0E 00 32 0B 1C 0B 00 1C 0F 0D 0F 13 20 0F 00 02 01 01 00 11 19 16 0E 00 1A 13 0F 0D 0F 1D 6E 44 31 0B 1D 1E 0F 1C 71 69 3D 19 1F 6B 1C 0F 00 1D 19 00 1A 19 1A 1F 16 0B 1C 78 2D 00 21 0B 18 1E 00 23 19 1F 00 1E 19 00 1D 1E 0B 23 00 16 19 18 11 0F 1C 77 0C 1F 1E 00 2D 00 0E 19 18 6B 1E 00 21 0B 18 1E 00 1E 19 00 13 18 1E 0F 1C 10 0F 1C 0F 00 21 13 1E 12 00 23 19 1F 1C 00 1A 1F 1C 1D 1F 13 1E 00 19 10 00 1C 0F 20 0F 18 11 0F 6C 44 31 0B 1D 1E 0F 1C 71 69 36 0F 1D 1E 00 21 0F 16 16 00 1E 19 18 13 11 12 1E 00 0B 18 0E 00 16 0F 0B 20 0F 00 13 18 00 1E 12 0F 00 17 19 1C 18 13 18 11 78 2C 0B 20 0F 00 0B 00 1D 0B 10 0F 00 14 19 1F 1C 18 0F 23 6C	Mara and Nara receive 100 gold pieces!<44>Master:'You're so popular.I want you to stay longer,but I don't want to interfere with your pursuit of revenge.'<44>Master:'Rest well tonight and leave in the morning.Have a safe journey.'
0316	18	16	00	B2D2	14652	14883	32 0B 1C 0B 71 69 2B 19 19 0E 00 17 19 1C 18 13 18 11 77 1D 13 1D 78 37 12 0B 16 16 00 21 0F 00 16 0F 0B 20 0F 00 18 19 21 6D 6A	Nara:'Good morning,sis.Shall we leave now?'
0317	18	17	00	B2D2	14883	15213	69 49 77 23 19 1F 6B 16 16 00 18 0F 0F 0E 00 47 00 17 19 1C 0F 00 29 22 1A 0F 1C 13 0F 18 0D 0F 00 34 19 13 18 1E 4C 00 1E 19 00 1C 0F 0B 0D 12 00 1E 12 0F 00 18 0F 22 1E 00 16 0F 20 0F 16 6C 44	'<49>,you'll need <47> more Experience Point<4C> to reach the next level.'<44>
0318	18	18	00	B2D2	15213	15349	69 2D 00 21 13 1D 12 00 23 19 1F 00 0B 00 1D 0B 10 0F 00 14 19 1F 1C 18 0F 23 6C	'I wish you a safe journey.'
0319	18	19	00	B2D2	15349	15497	38 12 0F 00 0F 10 10 0F 0D 1E 00 19 10 00 36 0F 1A 0F 16 00 21 0F 0B 1C 1D 00 19 10 10 78	The effect of Repel wears off.
031A	18	1A	00	B2D2	15497	15690	38 12 0F 00 0F 10 10 0F 0D 1E 00 19 10 00 1E 12 0F 00 2A 0B 13 1C 23 00 3B 0B 1E 0F 1C 00 21 0F 0B 1C 1D 00 19 10 10 78	The effect of the Fairy Water wears off.
031B	18	1B	00	B2D2	15690	16042	49 00 16 19 19 15 1D 00 0B 1E 00 1E 12 0F 00 1D 13 11 18 00 1A 19 1D 1E 78 44 26 1F 1E 00 13 1E 6B 1D 00 1E 12 0F 00 21 1C 19 18 11 00 1D 13 0E 0F 78 43 27 0B 18 6B 1E 00 1C 0F 0B 0E 00 1E 12 0F 00 17 0F 1D 1D 0B 11 0F 78	<49> looks at the sign post.<44>But it's the wrong side.<43>Can't read the message.
031C	18	1C	00	B2D2	16042	16902	38 12 13 1D 00 13 1D 00 30 0B 15 0B 18 0B 0C 0B 77 0B 00 1D 17 0B 16 16 00 1E 19 21 18 00 10 0B 1C 00 18 19 1C 1E 12 00 19 10 00 29 18 0E 19 1C 78 44 25 00 17 0B 18 00 18 0B 17 0F 0E 00 38 0B 16 19 19 18 00 16 13 20 0F 1D 00 13 18 00 1E 12 13 1D 00 1E 19 21 18 78 44 2C 0F 00 21 19 1C 15 1D 00 10 19 1C 00 1D 19 17 0F 19 18 0F 00 18 19 21 77 0C 1F 1E 00 12 13 1D 00 0E 1C 0F 0B 17 00 13 1D 00 1E 19 00 0C 0F 0D 19 17 0F 00 1E 12 0F 00 21 19 1C 16 0E 6B 1D 00 11 1C 0F 0B 1E 0F 1D 1E 00 0B 1C 17 1D 00 17 0F 1C 0D 12 0B 18 1E 00 1D 19 17 0F 0E 0B 23 78 44	This is Lakanaba,a small town far north of Endor.<44>A man named Taloon lives in this town.<44>He works for someone now,but his dream is to become the world's greatest arms merchant someday.<44>
031D	18	1D	00	B2D2	16902	17398	69 37 1E 0B 18 0E 00 1E 12 0F 1C 0F 78 27 1F 1D 1E 19 17 0F 1C 1D 00 21 13 16 16 00 0D 19 17 0F 00 1E 19 00 23 19 1F 6C 4F 2D 6B 16 16 00 1A 0B 23 00 23 19 1F 00 19 18 00 0D 19 17 17 13 1D 1D 13 19 18 00 1D 19 00 21 19 1C 15 00 12 0B 1C 0E 6C 4F 2D 6B 16 16 00 0C 0F 00 0E 19 21 18 1D 1E 0B 13 1C 1D 6C	'Stand there.Customers will come to you.'<4F>I'll pay you on commission so work hard.'<4F>I'll be downstairs.'
031E	18	1E	00	B2D2	17398	17876	32 0F 1E 0B 71 69 3B 0B 15 0F 00 1F 1A 78 3D 19 1F 00 17 1F 1D 1E 00 11 19 00 1E 19 00 1E 12 0F 00 1D 12 19 1A 00 1D 19 19 18 00 19 1C 00 1E 12 0F 00 0C 19 1D 1D 00 21 13 16 16 00 1D 0D 19 16 0E 00 23 19 1F 00 0B 11 0B 13 18 6C 44 32 0F 1E 0B 71 69 28 0B 1C 16 13 18 11 6E 6A 43 4B	Neta:'Wake up.You must go to the shop soon or the boss will scold you again.'<44>Neta:'Darling!'<43><4B>
031F	18	1F	00	B2D2	17876	18476	32 0F 1E 0B 71 69 3D 19 1F 6B 1C 0F 00 1F 1A 00 0B 1E 00 16 0B 1D 1E 78 2C 0F 1C 0F 6B 1D 00 23 19 1F 1C 00 16 1F 18 0D 12 6C 44 32 0F 1E 0B 71 69 2B 19 00 19 1F 1E 00 0B 18 0E 00 12 0F 0B 0E 00 21 0F 1D 1E 78 28 19 18 6B 1E 00 0C 0F 00 0B 00 1D 16 0F 0F 1A 23 6F 12 0F 0B 0E 77 33 2F 6D 00 2C 0B 20 0F 00 0B 00 18 13 0D 0F 00 0E 0B 23 6C 43 4B	Neta:'You're up at last.Here's your lunch.'<44>Neta:'Go out and head west.Don't be a sleepy-head,OK? Have a nice day.'<43><4B>
0320	19	00	00	BBD8	0	938	69 2D 00 0D 0B 18 6B 1E 00 0C 0F 16 13 0F 20 0F 00 2D 00 16 19 1D 1E 72 6C 4F 2D 6B 17 00 1D 1F 1C 0F 00 19 1E 12 0F 1C 00 17 19 18 1D 1E 0F 1C 1D 00 21 13 16 16 00 1D 0F 0F 15 00 19 1F 1E 00 0B 18 0E 00 0E 0F 1D 1E 1C 19 23 00 1E 12 0F 00 2C 0F 1C 19 72 6C 4F 25 16 16 00 17 0B 18 15 13 18 0E 00 21 13 16 16 00 0F 20 0F 18 1E 1F 0B 16 16 23 00 0C 0F 00 19 10 10 0F 1C 0F 0E 00 1F 1A 00 1E 19 00 1E 12 0F 00 36 1F 16 0F 1C 00 19 10 00 29 20 13 16 78 2D 6B 16 16 00 1D 0F 0F 00 23 19 1F 00 13 18 00 1E 12 0F 00 29 20 13 16 00 3B 19 1C 16 0E 72 78 4B 2B 0B 1D 1A 6E 6A 43 4B	'I can't believe I lost....'<4F>I'm sure other monsters will seek out and destroy the Hero....'<4F>All mankind will eventually be offered up to the Ruler of Evil.I'll see you in the Evil World....<4B>Gasp!'<43><4B>
0321	19	01	00	BBD8	938	1419	69 2C 1F 1C 1C 0B 23 6E 00 38 12 0B 18 15 00 23 19 1F 77 1D 13 1C 6E 6A 4F 3B 0F 00 0D 0B 18 00 11 19 00 12 19 17 0F 77 1C 13 11 12 1E 6D 00 2D 00 12 0F 0B 1C 0E 00 23 19 1F 00 0D 0B 18 00 11 19 00 12 19 17 0F 00 13 10 00 23 19 1F 00 14 1F 17 1A 00 10 1C 19 17 00 1E 12 0F 00 1E 19 1A 6C	'Hurray! Thank you,sir!'<4F>We can go home,right? I heard you can go home if you jump from the top.'
0322	19	02	00	BBD8	1419	1600	69 33 12 6E 00 2D 6B 17 00 11 16 0B 0E 00 23 19 1F 6B 1C 0F 00 0C 0B 0D 15 00 1D 0B 10 0F 16 23 6C	'Oh! I'm glad you're back safely.'
0323	19	03	00	BBD8	1600	1953	69 28 19 18 6B 1E 00 1D 1E 0B 18 0E 00 1E 12 0F 1C 0F 78 27 19 17 0F 00 0B 1C 19 1F 18 0E 00 12 0F 1C 0F 6C 4F 33 1C 00 0B 1C 0F 00 23 19 1F 00 12 0F 1C 0F 00 0B 1D 00 0B 00 0D 1F 1D 1E 19 17 0F 1C 00 1E 19 0E 0B 23 6D 6A	'Don't stand there.Come around here.'<4F>Or are you here as a customer today?'
0324	19	04	00	BBD8	1953	2024	69 33 12 77 2D 00 1D 0F 0F 6C 44	'Oh,I see.'<44>
0325	19	05	00	BBD8	2024	2217	69 2D 10 00 1E 12 0B 1E 6B 1D 00 1E 12 0F 00 0D 0B 1D 0F 77 0D 19 17 0F 00 12 0F 1C 0F 00 1B 1F 13 0D 15 16 23 6C	'If that's the case,come here quickly.'
0326	19	06	00	BBD8	2217	2496	69 2D 6B 20 0F 00 0C 0F 0F 18 00 21 0B 13 1E 13 18 11 00 10 19 1C 00 23 19 1F 78 3D 19 1F 6B 20 0F 00 0D 19 17 0F 00 1E 19 00 21 19 1C 15 77 1C 13 11 12 1E 6D 6A	'I've been waiting for you.You've come to work,right?'
0327	19	07	00	BBD8	2496	2629	50 00 21 0B 1D 00 0D 0B 1C 1C 13 0F 0E 00 1E 19 00 1E 12 0F 00 21 0B 11 19 18 78	<50> was carried to the wagon.
0328	19	08	00	BBD8	2629	3173	69 2D 00 1D 0F 0F 78 2D 00 15 18 19 21 00 23 19 1F 00 21 0B 18 1E 00 1E 19 00 1E 1C 23 00 17 0B 18 23 00 1E 12 13 18 11 1D 6C 4F 32 19 00 1A 1C 19 0C 16 0F 17 78 28 19 00 21 12 0B 1E 00 23 19 1F 00 21 0B 18 1E 78 2D 10 00 23 19 1F 00 21 0B 18 1E 00 1E 19 00 21 19 1C 15 00 12 0F 1C 0F 00 0B 11 0B 13 18 77 0D 19 17 0F 00 0C 0B 0D 15 6C	'I see.I know you want to try many things.'<4F>No problem.Do what you want.If you want to work here again,come back.'
0329	19	09	00	BBD8	3173	3296	69 2D 1D 00 1E 12 13 1D 00 0B 00 21 0F 0B 1A 19 18 00 1D 12 19 1A 6D 6A	'Is this a weapon shop?'
032A	19	0A	00	BBD8	3296	3438	69 32 19 6D 00 37 19 1C 1C 23 00 2D 00 0C 19 1E 12 0F 1C 0F 0E 00 23 19 1F 6C	'No? Sorry I bothered you.'
032B	19	0B	00	BBD8	3438	3605	69 27 0B 18 00 23 19 1F 00 1D 12 19 21 00 17 0F 00 1E 12 13 18 11 1D 00 10 19 1C 00 1D 0B 16 0F 6D 6A	'Can you show me things for sale?'
032C	19	0C	00	BBD8	3605	3759	69 3B 12 0B 1E 00 0B 1C 0F 00 23 19 1F 6D 00 37 12 19 21 00 1E 12 0F 17 00 1E 19 00 17 0F 6C	'What are you? Show them to me.'
032D	19	0D	00	BBD8	3759	4035	69 2D 6B 16 16 00 1E 0B 15 0F 00 1E 12 0F 00 48 78 38 12 0F 00 1A 1C 13 0D 0F 00 13 1D 00 47 00 11 19 16 0E 00 1A 13 0F 0D 0F 4C 77 1C 13 11 12 1E 6D 6A	'I'll take the <48>.The price is <47> gold piece<4C>,right?'
032E	19	0E	00	BBD8	4035	4230	69 3D 19 1F 00 16 13 15 0F 00 15 13 0E 0E 13 18 11 00 1A 0F 19 1A 16 0F 77 0E 19 18 6B 1E 00 23 19 1F 6D 6A	'You like kidding people,don't you?'
032F	19	0F	00	BBD8	4230	4470	69 2D 00 17 0B 0E 0F 00 0B 00 11 19 19 0E 00 1A 1F 1C 0D 12 0B 1D 0F 78 38 12 0B 18 15 1D 77 2D 6B 16 16 00 0D 19 17 0F 00 0B 11 0B 13 18 6C	'I made a good purchase.Thanks,I'll come again.'
0330	19	10	00	BBD8	4470	4853	69 3D 19 1F 6B 16 16 00 11 13 20 0F 00 17 0F 00 0B 00 0E 13 1D 0D 19 1F 18 1E 6E 6D 00 2C 19 21 00 17 1F 0D 12 00 13 1D 00 1E 12 0F 00 48 6D 00 2C 19 21 00 0B 0C 19 1F 1E 00 47 00 11 19 16 0E 00 1A 13 0F 0D 0F 4C 6D 6A	'You'll give me a discount!? How much is the <48>? How about <47> gold piece<4C>?'
0331	19	11	00	BBD8	4853	5202	69 3B 12 0B 1E 6D 00 3D 19 1F 00 1C 0B 13 1D 0F 0E 00 1E 12 0F 00 1A 1C 13 0D 0F 6D 00 38 12 0F 00 48 00 13 1D 00 47 00 11 19 16 0E 00 1A 13 0F 0D 0F 4C 00 1D 1E 0B 1C 1E 13 18 11 00 1E 19 0E 0B 23 6D 6A	'What? You raised the price? The <48> is <47> gold piece<4C> starting today?'
0332	19	12	00	BBD8	5202	5423	69 2D 6B 20 0F 00 18 19 00 0D 12 19 13 0D 0F 78 2D 6B 16 16 00 1A 0B 23 00 13 1E 78 38 12 0B 18 15 1D 00 0B 00 16 19 1E 6E 6A	'I've no choice.I'll pay it.Thanks a lot!'
0333	19	13	00	BBD8	5423	5631	69 2D 10 00 1E 12 0B 1E 6B 1D 00 1E 12 0F 00 0D 0B 1D 0F 77 2D 00 21 19 18 6B 1E 00 0C 1F 23 00 13 1E 78 26 23 0F 6E 6A	'If that's the case,I won't buy it.Bye!'
0334	19	14	00	BBD8	5631	5913	69 2C 1F 12 6D 00 3D 19 1F 00 0E 19 18 6B 1E 00 1D 0F 0F 17 00 1E 19 00 12 0B 20 0F 00 0C 1C 19 1F 11 12 1E 00 0B 18 23 1E 12 13 18 11 00 0C 0B 0D 15 00 1E 19 0E 0B 23 6C	'Huh? You don't seem to have brought anything back today.'
0335	19	15	00	BBD8	5913	6232	69 33 19 1A 1D 77 2D 00 0E 19 18 6B 1E 00 12 0B 20 0F 00 0F 18 19 1F 11 12 00 17 19 18 0F 23 00 10 19 1C 00 1E 12 0B 1E 6C 4F 37 19 1C 1C 23 77 2D 6B 16 16 00 0C 0F 00 0C 0B 0D 15 6C	'Oops,I don't have enough money for that.'<4F>Sorry,I'll be back.'
0336	19	16	00	BBD8	6232	6639	69 29 22 0D 1F 1D 0F 00 17 0F 77 0C 1F 1E 00 2D 00 12 0B 20 0F 00 1E 19 19 00 17 0B 18 23 00 1E 12 13 18 11 1D 6C 4F 2D 6B 16 16 00 1D 0F 16 16 00 19 1C 00 0E 13 1D 0D 0B 1C 0E 00 1E 12 0F 17 00 1D 19 17 0F 21 12 0F 1C 0F 78 37 0F 0F 00 23 19 1F 6C	'Excuse me,but I have too many things.'<4F>I'll sell or discard them somewhere.See you.'
0337	19	17	00	BBD8	6639	6962	69 2C 17 17 72 2D 00 0D 0B 18 6B 1E 00 0C 0F 00 0F 1B 1F 13 1A 1A 0F 0E 00 21 13 1E 12 00 1E 12 13 1D 78 27 0B 18 00 23 19 1F 00 1D 1E 13 16 16 00 1D 0F 16 16 00 13 1E 00 1E 19 00 17 0F 6D 6A	'Hmm...I can't be equipped with this.Can you still sell it to me?'
0338	19	18	00	BBD8	6962	7214	69 38 12 0B 18 15 1D 00 0B 00 16 19 1E 78 2D 6B 16 16 00 11 13 20 0F 00 1E 12 13 1D 00 1E 19 00 17 23 00 10 1C 13 0F 18 0E 78 26 23 0F 00 18 19 21 6C	'Thanks a lot.I'll give this to my friend.Bye now.'
0339	19	19	00	BBD8	7214	7389	69 2D 00 15 18 0F 21 00 13 1E 72 78 37 19 1C 1C 23 00 2D 00 0C 19 1E 12 0F 1C 0F 0E 00 23 19 1F 6C	'I knew it....Sorry I bothered you.'
033A	19	1A	00	BBD8	7389	7469	69 2F 13 2F 0F 0F 0F 6E 6A 43 4B	'KiKeee!'<43><4B>
033B	19	1B	00	BBD8	7469	7611	69 32 19 6D 00 37 19 1C 1C 23 00 2D 00 0C 19 1E 12 0F 1C 0F 0E 00 23 19 1F 6C	'No? Sorry I bothered you.'
033C	19	1C	00	BBD8	7611	7820	69 2D 00 12 0B 20 0F 00 0B 00 21 0F 0B 1A 19 18 00 1E 19 00 1D 0F 16 16 78 3B 13 16 16 00 23 19 1F 00 0C 1F 23 00 13 1E 6D 6A	'I have a weapon to sell.Will you buy it?'
033D	19	1D	00	BBD8	7820	7985	69 2D 00 1D 0F 0F 78 2D 6B 16 16 00 1E 1C 23 00 19 1E 12 0F 1C 00 1A 16 0B 0D 0F 1D 00 1E 12 0F 18 6C	'I see.I'll try other places then.'
033E	19	1E	00	BBD8	7985	8259	69 2D 1E 6B 1D 00 1E 12 0F 00 48 78 2C 19 21 00 0B 0C 19 1F 1E 00 1A 0B 23 13 18 11 00 47 00 11 19 16 0E 00 1A 13 0F 0D 0F 4C 00 10 19 1C 00 13 1E 6D 6A	'It's the <48>.How about paying <47> gold piece<4C> for it?'
033F	19	1F	00	BBD8	8259	8492	69 3D 19 1F 00 0E 19 18 6B 1E 00 21 0B 18 1E 00 13 1E 72 2D 00 1D 0F 0F 78 2D 6B 16 16 00 1E 1C 23 00 19 1E 12 0F 1C 00 1A 16 0B 0D 0F 1D 6C	'You don't want it...I see.I'll try other places.'
0340	1A	00	01	8026	0	296	69 3D 19 1F 00 12 0B 20 0F 00 0B 00 0D 1C 13 1E 13 0D 0B 16 00 0F 23 0F 6E 00 3D 19 1F 6B 16 16 00 0C 0F 00 0B 00 11 19 19 0E 00 17 0F 1C 0D 12 0B 18 1E 6E 00 38 12 0B 18 15 1D 6C	'You have a critical eye! You'll be a good merchant! Thanks.'
0341	1A	01	01	8026	296	993	69 2D 1E 6B 1D 00 11 0F 1E 1E 13 18 11 00 16 0B 1E 0F 78 30 0F 1E 6B 1D 00 0D 16 19 1D 0F 00 10 19 1C 00 1E 12 0F 00 0E 0B 23 78 38 12 0B 18 15 1D 00 10 19 1C 00 21 19 1C 15 13 18 11 6C 4F 2C 0F 1C 0F 00 0B 1C 0F 00 23 19 1F 1C 00 21 0B 11 0F 1D 00 10 19 1C 00 1E 19 0E 0B 23 6C 44 38 0B 16 19 19 18 00 1C 0F 0D 0F 13 20 0F 1D 00 47 00 11 19 16 0E 00 1A 13 0F 0D 0F 4C 6E 4F 37 0F 0F 00 23 19 1F 00 1E 19 17 19 1C 1C 19 21 6C	'It's getting late.Let's close for the day.Thanks for working.'<4F>Here are your wages for today.'<44>Taloon receives <47> gold piece<4C>!<4F>See you tomorrow.'
0342	1A	02	01	8026	993	1930	25 16 0F 22 71 69 72 1E 12 0F 00 1D 0F 0D 1C 0F 1E 00 1A 16 0B 23 11 1C 19 1F 18 0E 00 13 1D 00 05 00 1D 1E 0F 1A 1D 00 1E 19 00 1E 12 0F 00 1D 19 1F 1E 12 00 0B 18 0E 00 1E 12 0F 18 00 05 00 1D 1E 0F 1A 1D 00 1E 19 00 1E 12 0F 00 0F 0B 1D 1E 00 19 10 00 1E 12 0F 00 20 13 16 16 0B 11 0F 00 1D 13 11 18 1A 19 1D 1E 6C 44 25 16 0F 22 71 69 37 19 17 0F 1E 12 13 18 11 00 17 0B 23 00 0C 0F 00 1E 12 0F 1C 0F 78 3D 19 1F 6B 0E 00 0C 0F 1E 1E 0F 1C 00 0D 12 0F 0D 15 00 13 1E 00 19 1F 1E 6C 43 2A 16 19 1C 0B 71 69 26 0F 00 0D 0B 1C 0F 10 1F 16 77 37 19 16 0E 13 0F 1C 6C	Alex:'...the secret playground is 4 steps to the south and then 4 steps to the east of the village signpost.'<44>Alex:'Something may be there.You'd better check it out.'<43>Flora:'Be careful,Soldier.'
0343	1A	03	01	8026	1930	2510	69 36 0B 11 18 0B 1C 6E 00 3B 0F 16 0D 19 17 0F 00 0C 0B 0D 15 6E 6A 4F 3D 19 1F 00 17 1F 1D 1E 00 1E 0B 15 0F 00 1E 12 0F 00 0D 12 13 16 0E 1C 0F 18 00 1E 19 00 2D 24 17 13 1E 00 3A 13 16 16 0B 11 0F 6C 4F 2D 00 21 13 16 16 00 12 0F 0B 1C 00 23 19 1F 1C 00 1D 1E 19 1C 23 00 16 0B 1E 0F 1C 78 2B 19 00 18 19 21 77 36 0B 11 18 0B 1C 6C 44	'Ragnar! Welcome back!'<4F>You must take the children to Izmit Village.'<4F>I will hear your story later.Go now,Ragnar.'<44>
0344	1A	04	01	8026	2510	4308	69 36 0B 11 18 0B 1C 6E 00 3B 0F 16 0D 19 17 0F 00 0C 0B 0D 15 6E 6A 4F 2D 6B 17 00 1E 1C 1F 16 23 00 13 17 1A 1C 0F 1D 1D 0F 0E 00 21 13 1E 12 00 23 19 1F 1C 00 0B 0D 0D 19 17 1A 16 13 1D 12 17 0F 18 1E 6C 4F 2D 6B 17 00 1A 1C 19 1F 0E 00 19 10 00 12 0B 20 13 18 11 00 0B 00 1D 19 16 0E 13 0F 1C 00 16 13 15 0F 00 23 19 1F 6E 6A 4F 2D 00 21 13 16 16 00 11 13 20 0F 00 23 19 1F 00 0B 00 1C 0F 21 0B 1C 0E 78 32 0B 17 0F 00 0B 18 23 1E 12 13 18 11 00 23 19 1F 00 21 0B 18 1E 6C 4F 3B 12 0B 1E 6D 00 3D 19 1F 00 21 0B 18 1E 00 1E 19 00 11 19 00 19 18 00 0B 00 14 19 1F 1C 18 0F 23 6D 6A 44 36 0B 11 18 0B 1C 71 69 72 72 72 6A 4F 3D 19 1F 00 13 18 1E 0F 18 0E 00 1E 19 00 10 13 18 0E 00 0B 18 0E 00 1A 1C 19 1E 0F 0D 1E 00 1E 12 0F 00 2C 0F 1C 19 00 21 12 19 00 13 1D 00 1D 1E 13 16 16 00 0B 00 0D 12 13 16 0E 72 6C 4F 2D 00 1D 0F 0F 72 78 3D 19 1F 6B 16 16 00 12 0B 20 0F 00 17 23 00 10 1F 16 16 00 1D 1F 1A 1A 19 1C 1E 6E 6A 4F 36 0B 11 18 0B 1C 77 1E 12 13 1D 00 13 1D 00 0B 00 10 0B 1C 0F 21 0F 16 16 00 11 13 10 1E 00 10 1C 19 17 00 17 0F 78 38 0B 15 0F 00 13 1E 6E 6A 44	'Ragnar! Welcome back!'<4F>I'm truly impressed with your accomplishment.'<4F>I'm proud of having a soldier like you!'<4F>I will give you a reward.Name anything you want.'<4F>What? You want to go on a journey?'<44>Ragnar:'.........'<4F>You intend to find and protect the Hero who is still a child....'<4F>I see....You'll have my full support!'<4F>Ragnar,this is a farewell gift from me.Take it!'<44>
0345	1A	05	01	8026	4308	4463	69 36 0B 11 18 0B 1C 77 12 0B 20 0F 00 0B 00 1D 0B 10 0F 00 14 19 1F 1C 18 0F 23 6E 6A	'Ragnar,have a safe journey!'
0346	1A	06	01	8026	4463	4718	38 12 1F 1D 77 36 0B 11 18 0B 1C 00 16 0F 10 1E 00 19 18 00 0B 00 14 19 1F 1C 18 0F 23 00 13 18 00 1D 0F 0B 1C 0D 12 00 19 10 00 1E 12 0F 00 2C 0F 1C 19 72 78	Thus,Ragnar left on a journey in search of the Hero....
0347	1A	07	01	8026	4718	4887	69 2B 0F 1E 00 13 18 00 1E 12 0F 00 19 10 10 0F 1C 13 18 11 00 16 13 1E 1E 0F 1C 77 1A 16 0F 0B 1D 0F 6C	'Get in the offering litter,please.'
0348	1A	08	01	8026	4887	5281	69 28 19 18 6B 1E 00 0F 20 0F 1C 00 16 13 1E 1E 0F 1C 00 1E 12 0F 00 16 13 1E 1E 0F 1C 6C 4F 38 12 13 1D 00 13 1D 00 18 19 00 1E 13 17 0F 00 10 19 1C 00 1A 1F 18 1D 77 37 12 0B 17 0B 18 6C 4F 36 13 11 12 1E 78 37 19 1C 1C 23 72 6C	'Don't ever litter the litter.'<4F>This is no time for puns,Shaman.'<4F>Right.Sorry....'
0349	1A	09	01	8026	5281	6505	38 0B 16 19 19 18 00 1C 0F 0B 0E 1D 00 1E 12 0F 00 34 1C 13 18 0D 0F 6B 1D 00 30 0F 1E 1E 0F 1C 78 4F 28 0F 0B 1C 00 31 13 0B 77 43 00 00 00 34 1C 13 18 0D 0F 1D 1D 00 19 10 00 29 18 0E 19 1C 71 43 31 0B 18 23 00 0E 0B 23 1D 00 12 0B 20 0F 00 1A 0B 1D 1D 0F 0E 77 23 0F 1E 00 2D 00 12 0B 20 0F 18 6B 1E 00 0C 0F 0F 18 00 0B 0C 16 0F 00 1E 19 00 1E 0F 16 16 00 17 23 00 10 0B 1E 12 0F 1C 00 0B 0C 19 1F 1E 00 1F 1D 6C 4F 3B 19 1C 1D 0F 00 1D 1E 13 16 16 77 17 23 00 10 0B 1E 12 0F 1C 00 1D 0F 0F 17 1D 00 1E 19 00 0C 0F 00 1A 16 0B 18 18 13 18 11 00 1E 19 00 13 18 20 0B 0E 0F 00 29 18 0E 19 1C 6C 4F 3B 0F 00 17 1F 1D 1E 00 1D 1E 19 1A 00 12 13 17 78 34 16 0F 0B 1D 0F 00 13 18 10 19 1C 17 00 23 19 1F 1C 00 10 0B 1E 12 0F 1C 00 19 10 00 1E 12 13 1D 00 0B 18 0E 72 6C 44	Taloon reads the Prince's Letter.<4F>Dear Mia,<43>   Princess of Endor:<43>Many days have passed,yet I haven't been able to tell my father about us.'<4F>Worse still,my father seems to be planning to invade Endor.'<4F>We must stop him.Please inform your father of this and....'<44>
034A	1A	0A	01	8026	6505	6784	69 38 12 13 1D 00 13 1D 00 2E 0B 13 16 6E 00 3D 19 1F 00 0D 0B 18 6B 1E 00 1E 0B 16 15 00 1E 19 00 1E 12 0F 00 1A 1C 13 1D 19 18 0F 1C 1D 6E 00 30 0F 0B 20 0F 6E 6A	'This is Jail! You can't talk to the prisoners! Leave!'
034B	1A	0B	01	8026	6784	6864	69 3B 12 19 00 0B 1C 0F 00 23 19 1F 6D 6A	'Who are you?'
034C	1A	0C	01	8026	6864	7043	26 1F 1E 00 1E 12 0F 00 34 1C 13 18 0D 0F 1D 1D 00 19 10 00 29 18 0E 19 1C 00 13 1D 18 6B 1E 00 12 0F 1C 0F 78	But the Princess of Endor isn't here.
034D	1A	0D	01	8026	7043	7494	38 12 0F 00 18 0F 21 1D 00 19 10 00 1E 12 0F 00 17 19 18 1D 1E 0F 1C 6B 1D 00 0E 0F 17 13 1D 0F 00 1D 1A 1C 0F 0B 0E 00 1E 12 1C 19 1F 11 12 00 1E 12 0F 00 20 13 16 16 0B 11 0F 00 16 13 15 0F 00 21 13 16 0E 10 13 1C 0F 78 44 25 18 0E 00 0B 00 18 0F 21 00 0E 0B 23 00 0C 0F 11 0B 18 72 78	The news of the monster's demise spread through the village like wildfire.<44>And a new day began....
034E	1A	0E	01	8026	7494	7932	69 49 6E 00 2D 6B 20 0F 00 0C 0F 0F 18 00 16 19 19 15 13 18 11 00 10 19 1C 00 23 19 1F 6C 4F 36 0F 1E 1F 1C 18 00 1E 19 00 1E 12 0F 00 27 0B 1D 1E 16 0F 00 13 17 17 0F 0E 13 0B 1E 0F 16 23 6E 00 38 12 0F 00 2F 13 18 11 00 13 1D 00 13 18 00 1E 1C 19 1F 0C 16 0F 6E 6A	'<49>! I've been looking for you.'<4F>Return to the Castle immediately! The King is in trouble!'
034F	1A	0F	01	8026	7932	8118	69 2D 1E 6B 1D 00 0B 21 10 1F 16 78 38 12 0F 00 2F 13 18 11 00 0D 0B 18 6B 1E 00 1D 1A 0F 0B 15 6E 6A	'It's awful.The King can't speak!'
0350	1A	10	01	8026	8118	8414	69 3D 19 1F 00 0D 0B 18 00 0F 22 0D 12 0B 18 11 0F 00 0D 19 13 18 1D 00 10 19 1C 00 13 1E 0F 17 1D 00 0B 1E 00 1E 12 13 1D 00 29 22 0D 12 0B 18 11 0F 00 27 19 1F 18 1E 0F 1C 6C 44	'You can exchange coins for items at this Exchange Counter.'<44>
0351	1A	11	01	8026	8414	8660	69 49 00 12 0B 1D 00 47 00 0D 19 13 18 4C 00 18 19 21 78 3B 19 1F 16 0E 00 23 19 1F 00 16 13 15 0F 00 1E 19 00 11 0F 1E 00 13 1E 0F 17 1D 6D 6A	'<49> has <47> coin<4C> now.Would you like to get items?'
0352	1A	12	01	8026	8660	8781	69 3B 12 0B 1E 00 21 19 1F 16 0E 00 23 19 1F 00 16 13 15 0F 6D 6A	'What would you like?'
0353	1A	13	01	8026	8781	8919	69 38 12 0F 00 48 6D 00 2D 1D 00 1E 12 0B 1E 00 0D 19 1C 1C 0F 0D 1E 6D 6A	'The <48>? Is that correct?'
0354	1A	14	01	8026	8919	9170	69 3B 0F 6B 16 16 00 15 0F 0F 1A 00 1E 12 0F 00 1C 0F 1D 1E 00 19 10 00 1E 12 0F 00 0D 19 13 18 1D 00 10 19 1C 00 23 19 1F 78 27 19 17 0F 00 0B 11 0B 13 18 6C	'We'll keep the rest of the coins for you.Come again.'
0355	1A	15	01	8026	9170	9306	69 38 12 13 1D 00 13 1D 00 1E 12 0F 00 27 19 13 18 00 37 0F 16 16 0F 1C 6C 44	'This is the Coin Seller.'<44>
0356	1A	16	01	8026	9306	9415	69 49 00 12 0B 1D 00 47 00 0D 19 13 18 4C 00 18 19 21 6C	'<49> has <47> coin<4C> now.'
0357	1A	17	01	8026	9415	9497	69 47 00 0D 19 13 18 4C 6D 6A 44	'<47> coin<4C>?'<44>
0358	1A	18	01	8026	9497	9629	69 38 12 0B 18 15 00 23 19 1F 78 2B 19 19 0E 00 16 1F 0D 15 6E 6A	'Thank you.Good luck!'
0359	1A	19	01	8026	9629	9830	69 37 19 1C 1C 23 00 0C 1F 1E 00 23 19 1F 00 0E 19 18 6B 1E 00 12 0B 20 0F 00 0F 18 19 1F 11 12 00 17 19 18 0F 23 6C 44	'Sorry but you don't have enough money.'<44>
035A	1A	1A	01	8026	9830	9946	69 38 12 0B 18 15 00 23 19 1F 00 20 0F 1C 23 00 17 1F 0D 12 6C	'Thank you very much.'
035B	1A	1B	01	8026	9946	10242	38 12 1F 1D 00 38 0B 16 19 19 18 00 10 13 18 0B 16 16 23 00 11 0F 1E 1D 00 12 13 1D 00 19 21 18 00 1D 12 19 1A 00 0B 18 0E 00 0D 0B 16 16 1D 00 10 19 1C 00 12 13 1D 00 10 0B 17 13 16 23 78	Thus Taloon finally gets his own shop and calls for his family.
035C	1A	1C	01	8026	10242	11207	32 0F 1E 0B 71 69 2C 19 21 00 21 19 18 0E 0F 1C 10 1F 16 6E 00 38 12 13 1D 00 13 1D 00 19 1F 1C 00 1D 12 19 1A 6E 00 2D 1E 6B 1D 00 0B 00 0E 1C 0F 0B 17 00 0D 19 17 0F 00 1E 1C 1F 0F 6E 6A 44 32 0F 1E 0B 71 69 2D 6B 16 16 00 21 19 1C 15 00 12 0B 1C 0E 00 10 1C 19 17 00 18 19 21 00 19 18 6E 6A 44 32 0F 1E 0B 71 69 30 0F 1E 6B 1D 00 21 19 1C 15 00 1E 19 11 0F 1E 12 0F 1C 00 1E 19 00 17 0B 15 0F 00 1E 12 13 1D 00 1E 12 0F 00 21 19 1C 16 0E 6B 1D 00 11 1C 0F 0B 1E 0F 1D 1E 00 1D 12 19 1A 6E 6A 44 32 0F 1E 0B 71 69 2D 00 16 19 20 0F 00 23 19 1F 72 37 17 0B 0D 15 6E 6A	Neta:'How wonderful! This is our shop! It's a dream come true!'<44>Neta:'I'll work hard from now on!'<44>Neta:'Let's work together to make this the world's greatest shop!'<44>Neta:'I love you...Smack!'
035D	1A	1D	01	8026	11207	11371	49 00 0D 0B 18 6B 1E 00 0C 0F 00 0F 1B 1F 13 1A 1A 0F 0E 00 21 13 1E 12 00 1E 12 0F 00 48 78	<49> can't be equipped with the <48>.
035E	1A	1E	01	8026	11371	11471	38 12 0F 1C 0F 6B 1D 00 18 19 00 0E 19 19 1C 00 12 0F 1C 0F 78	There's no door here.
035F	1A	1F	01	8026	11471	14091	2F 13 18 11 71 69 72 72 72 78 4B 4B 39 18 6D 00 4B 4B 25 12 72 4B 25 12 72 4B 4B 00 33 12 6E 00 4B 2D 00 4B 2D 00 0D 0B 18 00 1D 1A 0F 0B 15 6E 4B 4B 00 2D 00 0D 0B 18 00 1D 1A 0F 0B 15 6E 6A 4F 3D 19 1F 00 0E 13 0E 72 78 2D 00 1E 12 0B 18 15 00 23 19 1F 6C 4F 2D 00 12 0B 0E 00 1E 0F 1C 1C 13 0C 16 0F 00 0E 1C 0F 0B 17 1D 6C 4F 25 00 0C 13 11 00 17 19 18 1D 1E 0F 1C 00 0D 0B 17 0F 00 19 1F 1E 00 19 10 00 1E 12 0F 00 29 20 13 16 00 3B 19 1C 16 0E 00 0B 18 0E 00 21 0B 1D 00 0E 0F 1D 1E 1C 19 23 13 18 11 00 0F 20 0F 1C 23 1E 12 13 18 11 6C 4F 25 1E 00 10 13 1C 1D 1E 77 2D 00 13 18 1E 0F 18 0E 0F 0E 00 1E 19 00 15 0F 0F 1A 00 1E 12 0F 17 00 1E 19 00 17 23 1D 0F 16 10 77 0C 1F 1E 00 2D 00 15 0F 1A 1E 00 12 0B 20 13 18 11 00 1E 12 0F 00 1D 0B 17 0F 00 0E 1C 0F 0B 17 1D 00 19 20 0F 1C 00 0B 18 0E 00 19 20 0F 1C 00 0B 11 0B 13 18 6C 4F 2D 00 0C 0F 0D 0B 17 0F 00 21 19 1C 1C 13 0F 0E 77 1D 19 00 2D 00 0E 0F 0D 13 0E 0F 0E 00 1E 19 00 1E 0F 16 16 00 1E 12 0F 00 27 19 1F 18 1D 0F 16 00 0B 0C 19 1F 1E 00 1E 12 0F 17 78 38 12 0F 18 00 2D 00 16 19 1D 1E 00 17 23 00 20 19 13 0D 0F 6C 4F 37 19 17 0F 1E 12 13 18 11 00 1E 0F 1C 1C 13 0C 16 0F 00 17 0B 23 00 0C 0F 00 0B 0C 19 1F 1E 00 1E 19 00 12 0B 1A 1A 0F 18 72 6C 4F 2D 00 21 19 18 6B 1E 00 1D 1E 19 1A 00 23 19 1F 00 0B 18 23 17 19 1C 0F 78 38 1C 0B 20 0F 16 00 1E 12 0F 00 21 19 1C 16 0E 00 0B 18 0E 00 1D 0F 0F 00 21 12 0B 1E 6B 1D 00 12 0B 1A 1A 0F 18 13 18 11 6C 4F 26 1C 0F 23 00 0B 18 0E 00 27 1C 13 1D 1E 19 77 2D 00 1A 16 0B 0D 0F 00 25 16 0F 18 0B 6B 1D 00 1D 0B 10 0F 1E 23 00 13 18 00 23 19 1F 1C 00 12 0B 18 0E 1D 6E 6A	King:'..........<4B><4B>Un? <4B><4B>Ah...<4B>Ah...<4B><4B> Oh! <4B>I <4B>I can speak!<4B><4B> I can speak!'<4F>You did....I thank you.'<4F>I had terrible dreams.'<4F>A big monster came out of the Evil World and was destroying everything.'<4F>At first,I intended to keep them to myself,but I kept having the same dreams over and over again.'<4F>I became worried,so I decided to tell the Counsel about them.Then I lost my voice.'<4F>Something terrible may be about to happen....'<4F>I won't stop you anymore.Travel the world and see what's happening.'<4F>Brey and Cristo,I place Alena's safety in your hands!'
0360	1B	00	01	8708	0	110	38 12 0F 00 16 19 0D 15 00 0E 19 0F 1D 18 6B 1E 00 1E 1F 1C 18 78	The lock doesn't turn.
0361	1B	01	01	8708	110	188	38 12 0F 1C 0F 6B 1D 00 18 19 00 15 0F 23 78	There's no key.
0362	1B	02	01	8708	188	450	69 2D 00 1D 0F 0F 00 23 19 1F 6B 20 0F 00 0C 1C 19 1F 11 12 1E 00 21 12 0B 1E 00 21 0F 00 21 0B 18 1E 78 2B 13 20 0F 00 13 1E 00 1E 19 00 17 0F 00 18 19 21 6E 6A	'I see you've brought what we want.Give it to me now!'
0363	1B	03	01	8708	450	638	69 2D 00 11 19 1E 00 13 1E 6E 00 2C 0F 1C 0F 6B 1D 00 1E 12 0F 00 34 1C 13 18 0D 0F 1D 1D 78 26 23 0F 6E 6A	'I got it! Here's the Princess.Bye!'
0364	1B	04	01	8708	638	918	69 28 19 18 6B 1E 00 23 19 1F 00 21 0B 18 1E 00 1E 12 0F 00 34 1C 13 18 0D 0F 1D 1D 00 0C 0B 0D 15 00 0B 16 13 20 0F 6D 00 2B 13 20 0F 00 13 1E 00 1E 19 00 17 0F 6E 6A	'Don't you want the Princess back alive? Give it to me!'
0365	1B	05	01	8708	918	1839	69 38 12 0B 18 15 1D 00 10 19 1C 00 1C 0F 1D 0D 1F 13 18 11 00 17 0F 78 2D 6B 20 0F 00 16 0F 0B 1C 18 0F 0E 00 0B 00 16 0F 1D 1D 19 18 6C 4F 2D 6B 17 00 18 19 1E 00 1C 0F 0B 16 16 23 00 0B 00 1A 1C 13 18 0D 0F 1D 1D 78 31 23 00 18 0B 17 0F 00 13 1D 00 31 0B 23 78 2D 6B 17 00 14 1F 1D 1E 00 0B 18 00 0B 0D 1E 1C 0F 1D 1D 6C 4F 2D 00 11 19 1E 00 0D 0B 1C 1C 13 0F 0E 00 0B 21 0B 23 00 0C 0F 0D 0B 1F 1D 0F 00 1A 0F 19 1A 16 0F 00 1E 1C 0F 0B 1E 0F 0E 00 17 0F 00 18 13 0D 0F 16 23 00 21 12 0F 18 00 2D 00 1A 1C 0F 1E 0F 18 0E 0F 0E 00 1E 19 00 0C 0F 00 0B 00 1A 1C 13 18 0D 0F 1D 1D 72 6C	'Thanks for rescuing me.I've learned a lesson.'<4F>I'm not really a princess.My name is May.I'm just an actress.'<4F>I got carried away because people treated me nicely when I pretended to be a princess....'
0366	1B	06	01	8708	1839	2253	69 2D 6B 16 16 00 14 19 13 18 00 17 23 00 0D 19 17 1A 0B 18 13 19 18 1D 00 18 19 21 6C 4F 2D 1E 6B 1D 00 18 19 1E 00 17 1F 0D 12 77 0C 1F 1E 00 2D 6B 16 16 00 11 13 20 0F 00 23 19 1F 00 1E 12 13 1D 00 38 12 13 0F 10 6B 1D 00 2F 0F 23 6C 44	'I'll join my companions now.'<4F>It's not much,but I'll give you this Thief's Key.'<44>
0367	1B	07	01	8708	2253	2677	38 12 0F 1C 0F 0B 10 1E 0F 1C 77 1E 12 0F 00 10 0B 15 0F 00 1A 1C 13 18 0D 0F 1D 1D 77 31 0B 23 77 0B 18 0E 00 12 0F 1C 00 0D 19 17 1A 0B 18 13 19 18 1D 00 0E 13 1D 0B 1A 1A 0F 0B 1C 0F 0E 78 44 25 18 0E 00 0B 00 18 0F 21 00 0E 0B 23 00 0C 0F 11 0B 18 72 78	Thereafter,the fake princess,May,and her companions disappeared.<44>And a new day began....
0368	1B	08	01	8708	2677	2836	69 38 12 0F 00 2F 13 18 11 00 1D 0B 23 1D 00 23 19 1F 00 0D 0B 18 00 1A 0B 1D 1D 00 18 19 21 6C	'The King says you can pass now.'
0369	1B	09	01	8708	2836	3004	69 26 0F 00 20 0F 1C 23 00 0D 0B 1C 0F 10 1F 16 00 19 18 00 23 19 1F 1C 00 14 19 1F 1C 18 0F 23 6C	'Be very careful on your journey.'
036A	1B	0A	01	8708	3004	3402	36 0F 0F 0E 71 69 3D 19 1F 00 0D 0B 18 6B 1E 00 0D 0B 1C 1C 23 00 0B 18 23 00 17 19 1C 0F 00 1E 12 13 18 11 1D 78 27 19 17 0F 00 0C 0B 0D 15 00 0B 10 1E 0F 1C 00 1D 0F 16 16 13 18 11 00 19 1C 00 0E 13 1D 0D 0B 1C 0E 13 18 11 00 1D 19 17 0F 6C	Reed:'You can't carry any more things.Come back after selling or discarding some.'
036B	1B	0B	01	8708	3402	3720	32 0F 1E 0B 71 69 3B 0F 16 0D 19 17 0F 00 12 19 17 0F 77 0E 0B 1C 16 13 18 11 78 2C 0B 20 0F 00 23 19 1F 00 0C 1C 19 1F 11 12 1E 00 17 19 1C 0F 00 17 0F 1C 0D 12 0B 18 0E 13 1D 0F 6D 6A	Neta:'Welcome home,darling.Have you brought more merchandise?'
036C	1B	0C	01	8708	3720	3861	32 0F 1E 0B 71 69 38 12 0F 18 00 0D 19 17 0F 00 19 20 0F 1C 00 12 0F 1C 0F 72 6C	Neta:'Then come over here....'
036D	1B	0D	01	8708	3861	4455	32 0F 1E 0B 71 69 26 0F 10 19 1C 0F 00 1C 0F 0D 0F 13 20 13 18 11 00 1E 12 0F 00 17 0F 1C 0D 12 0B 18 0E 13 1D 0F 77 2D 6B 16 16 00 11 13 20 0F 00 23 19 1F 00 1E 12 0F 00 1A 1C 19 0D 0F 0F 0E 1D 00 10 1C 19 17 00 23 0F 1D 1E 0F 1C 0E 0B 23 6B 1D 00 1D 0B 16 0F 1D 6C 44 38 0B 16 19 19 18 00 1C 0F 0D 0F 13 20 0F 1D 00 47 00 11 19 16 0E 00 1A 13 0F 0D 0F 4C 6E 44	Neta:'Before receiving the merchandise,I'll give you the proceeds from yesterday's sales.'<44>Taloon receives <47> gold piece<4C>!<44>
036E	1B	0E	01	8708	4455	4642	32 0F 1E 0B 71 69 3B 12 0B 1E 00 1D 12 0B 16 16 00 2D 00 1A 1F 1E 00 1F 1A 00 10 19 1C 00 1D 0B 16 0F 6D 6A	Neta:'What shall I put up for sale?'
036F	1B	0F	01	8708	4642	4955	32 0F 1E 0B 71 69 38 12 0F 00 48 6D 00 2D 6B 16 16 00 1D 0F 16 16 00 13 1E 00 10 19 1C 00 47 00 11 19 16 0E 00 1A 13 0F 0D 0F 4C 6E 00 2D 1D 00 1E 12 0B 1E 00 33 2F 6D 6A	Neta:'The <48>? I'll sell it for <47> gold piece<4C>! Is that OK?'
0370	1B	10	01	8708	4955	5166	32 0F 1E 0B 71 69 25 16 1C 13 11 12 1E 77 2D 6B 16 16 00 1A 1F 1E 00 13 1E 00 1F 1A 00 10 19 1C 00 1D 0B 16 0F 6C 44	Neta:'Alright,I'll put it up for sale.'<44>
0371	1B	11	01	8708	5166	5323	32 0F 1E 0B 71 69 25 18 23 1E 12 13 18 11 00 0F 16 1D 0F 00 10 19 1C 00 1D 0B 16 0F 6D 6A	Neta:'Anything else for sale?'
0372	1B	12	01	8708	5323	5555	32 0F 1E 0B 71 69 3D 19 1F 00 0E 19 18 6B 1E 00 21 0B 18 1E 00 1E 19 00 1D 0F 16 16 00 13 1E 6D 00 2F 0F 0F 1A 00 13 1E 00 1E 12 0F 18 6C 44	Neta:'You don't want to sell it? Keep it then.'<44>
0373	1B	13	01	8708	5555	5880	32 0F 1E 0B 71 69 2D 00 1E 12 13 18 15 00 1E 12 0F 00 48 00 13 1D 00 1E 19 19 00 20 0B 16 1F 0B 0C 16 0F 00 1E 19 00 1D 0F 16 16 78 3D 19 1F 6B 0E 00 0C 0F 1E 1E 0F 1C 00 15 0F 0F 1A 00 13 1E 6C 44	Neta:'I think the <48> is too valuable to sell.You'd better keep it.'<44>
0374	1B	14	01	8708	5880	6274	32 0F 1E 0B 71 69 3B 0F 6B 1C 0F 00 1E 12 1C 19 1F 11 12 00 1D 1E 19 0D 15 13 18 11 77 1C 13 11 12 1E 6D 00 3B 19 1F 16 0E 00 23 19 1F 00 16 13 15 0F 00 1E 19 00 1D 0F 0F 00 21 12 0B 1E 00 21 0F 00 12 0B 20 0F 00 10 19 1C 00 1D 0B 16 0F 6D 6A	Neta:'We're through stocking,right? Would you like to see what we have for sale?'
0375	1B	15	01	8708	6274	6607	32 0F 1E 0B 71 69 2D 6B 16 16 00 1E 1C 23 00 12 0B 1C 0E 00 1E 19 00 11 0F 1E 00 11 19 19 0E 00 1A 1C 13 0D 0F 1D 78 3D 19 1F 00 21 19 1C 15 00 12 0B 1C 0E 00 1E 19 19 78 37 17 0B 0D 15 6E 6A	Neta:'I'll try hard to get good prices.You work hard too.Smack!'
0376	1B	16	01	8708	6607	6867	32 0F 1E 0B 71 69 3B 0F 00 0E 19 18 6B 1E 00 12 0B 20 0F 00 0B 18 23 00 17 0F 1C 0D 12 0B 18 0E 13 1D 0F 6E 00 26 1C 13 18 11 00 1D 19 17 0F 00 1D 19 19 18 6C	Neta:'We don't have any merchandise! Bring some soon.'
0377	1B	17	01	8708	6867	7555	32 0F 1E 0B 71 69 2D 6B 17 00 1D 19 1C 1C 23 72 6C 44 32 0F 1E 0B 71 69 2D 00 12 0B 20 0F 18 6B 1E 00 0C 0F 0F 18 00 0B 0C 16 0F 00 1E 19 00 15 0F 0F 1A 00 1F 1A 00 21 13 1E 12 00 23 19 1F 78 33 1F 1C 00 13 18 20 0F 18 1E 19 1C 23 00 13 1D 00 10 1F 16 16 6C 44 32 0F 1E 0B 71 69 3B 19 1F 16 0E 00 23 19 1F 00 16 13 15 0F 00 1E 19 00 1D 0F 0F 00 21 12 0B 1E 00 21 0F 00 12 0B 20 0F 00 10 19 1C 00 1D 0B 16 0F 6D 6A	Neta:'I'm sorry....'<44>Neta:'I haven't been able to keep up with you.Our inventory is full.'<44>Neta:'Would you like to see what we have for sale?'
0378	1B	18	01	8708	7555	7933	37 1E 1C 19 17 71 69 31 23 00 06 00 0E 0B 23 1D 00 12 0B 20 0F 00 1A 0B 1D 1D 0F 0E 78 2D 6B 16 16 00 16 0F 0B 20 0F 00 18 19 21 6C 44 37 1E 1C 19 17 71 69 38 0B 15 0F 00 0D 0B 1C 0F 6E 00 26 23 0F 6E 6A	Strom:'My 5 days have passed.I'll leave now.'<44>Strom:'Take care! Bye!'
0379	1B	19	01	8708	7933	8245	30 0B 1F 1C 0F 18 1E 71 69 37 19 1C 1C 23 77 17 23 00 06 00 0E 0B 23 1D 00 12 0B 20 0F 00 1A 0B 1D 1D 0F 0E 78 2D 00 17 1F 1D 1E 00 11 19 78 2A 0B 1C 0F 21 0F 16 16 6E 6A	Laurent:'Sorry,my 5 days have passed.I must go.Farewell!'
037A	1B	1A	01	8708	8245	8470	49 00 1A 1F 1D 12 0F 1D 00 1E 12 0F 00 0C 1F 1E 1E 19 18 00 19 18 00 1E 12 0F 00 21 0B 16 16 78 44 38 12 0F 00 0E 19 19 1C 00 19 1A 0F 18 1D 78	<49> pushes the button on the wall.<44>The door opens.
037B	1B	1B	01	8708	8470	8646	49 00 1A 1F 1E 1D 00 1E 12 0F 00 1E 1C 0F 0B 1D 1F 1C 0F 00 0C 0B 0D 15 00 21 12 0F 1C 0F 00 13 1E 00 21 0B 1D 78	<49> puts the treasure back where it was.
037C	1B	1C	01	8708	8646	9372	38 12 1F 1D 00 38 0B 16 19 19 18 00 16 0F 10 1E 00 10 19 1C 00 1E 12 0F 00 0F 0B 1D 1E 00 13 18 00 1D 0F 0B 1C 0D 12 00 19 10 00 16 0F 11 0F 18 0E 0B 1C 23 00 21 0F 0B 1A 19 18 1D 00 0B 18 0E 00 1E 1C 0F 0B 1D 1F 1C 0F 1D 78 44 38 19 00 0D 19 16 16 0F 0D 1E 00 0F 20 0F 1C 23 00 21 0F 0B 1A 19 18 00 0B 18 0E 00 1E 19 00 0C 0F 0D 19 17 0F 00 1E 12 0F 00 21 19 1C 16 0E 6B 1D 00 11 1C 0F 0B 1E 0F 1D 1E 00 0B 1C 17 1D 00 17 0F 1C 0D 12 0B 18 1E 00 21 0B 1D 00 12 13 1D 00 0E 1C 0F 0B 17 78	Thus Taloon left for the east in search of legendary weapons and treasures.<44>To collect every weapon and to become the world's greatest arms merchant was his dream.
037D	1B	1D	01	8708	9372	9990	69 3D 0F 0F 15 6E 00 3D 19 1F 6B 1C 0F 00 12 1F 17 0B 18 1D 78 30 13 1E 0B 77 21 0F 6B 1C 0F 00 16 0F 0B 20 13 18 11 00 18 19 21 6E 6A 4F 3D 0F 1D 77 1D 13 1D 1E 0F 1C 6C 4F 33 19 1A 1D 77 2D 00 0E 1C 19 1A 1A 0F 0E 00 1E 12 0F 00 17 0F 0E 13 0D 13 18 0F 6E 6A 4F 28 19 18 6B 1E 00 21 19 1C 1C 23 00 0B 0C 19 1F 1E 00 13 1E 78 2C 1F 1C 1C 23 6E 6A	'Yeek! You're humans.Lita,we're leaving now!'<4F>Yes,sister.'<4F>Oops,I dropped the medicine!'<4F>Don't worry about it.Hurry!'
037E	1B	1E	01	8708	9990	10219	27 1C 13 1D 1E 19 71 69 34 1C 13 18 0D 0F 1D 1D 77 2D 6B 16 16 00 0D 12 0F 0F 1C 00 23 19 1F 00 19 18 00 10 1C 19 17 00 12 0F 1C 0F 6C	Cristo:'Princess,I'll cheer you on from here.'
037F	1B	1F	01	8708	10219	10385	26 1C 0F 23 71 69 38 12 0F 00 0C 0F 1D 1E 00 19 10 00 16 1F 0D 15 00 1E 19 00 23 19 1F 6E 6A	Brey:'The best of luck to you!'
0380	1C	00	01	8C1B	0	867	2F 13 18 11 71 69 3B 0F 16 0D 19 17 0F 77 34 1C 13 18 0D 0F 1D 1D 00 25 16 0F 18 0B 6E 00 3D 19 1F 00 17 1F 1D 1E 00 0E 0F 10 0F 0B 1E 00 06 00 19 1A 1A 19 18 0F 18 1E 1D 00 1E 19 00 11 19 00 19 18 00 1E 19 00 1E 12 0F 00 10 13 18 0B 16 00 17 0B 1E 0D 12 6E 6A 44 2F 13 18 11 71 69 32 0F 0D 1C 19 1D 0B 1C 19 00 13 1D 00 1E 12 0F 00 19 18 16 23 00 19 18 0F 00 21 12 19 00 12 0B 1D 00 0E 0F 10 0F 0B 1E 0F 0E 00 06 00 19 1A 1A 19 18 0F 18 1E 1D 00 1D 19 00 10 0B 1C 6C 44 2F 13 18 11 71 69 2B 19 19 0E 00 16 1F 0D 15 6E 6A	King:'Welcome,Princess Alena! You must defeat 5 opponents to go on to the final match!'<44>King:'Necrosaro is the only one who has defeated 5 opponents so far.'<44>King:'Good luck!'
0381	1C	01	01	8C1B	867	1026	69 34 1C 13 18 0D 0F 1D 1D 00 25 16 0F 18 0B 00 0E 0F 10 0F 0B 1E 0F 0E 00 50 6E 6A 44	'Princess Alena defeated <50>!'<44>
0382	1C	02	01	8C1B	1026	1163	69 38 12 0F 00 18 0F 22 1E 00 19 1A 1A 19 18 0F 18 1E 00 13 1D 00 50 6E 6A	'The next opponent is <50>!'
0383	1C	03	01	8C1B	1163	1825	69 34 1C 13 18 0D 0F 1D 1D 00 25 16 0F 18 0B 00 12 0B 1D 00 0E 0F 10 0F 0B 1E 0F 0E 00 06 00 19 1A 1A 19 18 0F 18 1E 1D 6E 6A 44 2F 13 18 11 71 69 27 19 18 11 1C 0B 1E 1F 16 0B 1E 13 19 18 1D 77 34 1C 13 18 0D 0F 1D 1D 00 25 16 0F 18 0B 6E 6A 44 2F 13 18 11 71 69 38 12 0F 00 10 13 18 0B 16 00 17 0B 1E 0D 12 00 13 1D 00 18 0F 22 1E 78 27 0B 16 16 00 32 0F 0D 1C 19 1D 0B 1C 19 6C	'Princess Alena has defeated 5 opponents!'<44>King:'Congratulations,Princess Alena!'<44>King:'The final match is next.Call Necrosaro.'
0384	1C	04	01	8C1B	1825	2038	2F 13 18 11 71 69 3B 12 0F 1C 0F 00 13 1D 00 12 0F 6D 00 26 1C 13 18 11 00 32 0F 0D 1C 19 1D 0B 1C 19 00 18 19 21 6E 6A	King:'Where is he? Bring Necrosaro now!'
0385	1C	05	01	8C1B	2038	2829	2F 13 18 11 71 69 3B 12 0B 1E 6D 00 32 0F 0D 1C 19 1D 0B 1C 19 00 13 1D 00 17 13 1D 1D 13 18 11 6D 00 2C 17 17 72 6C 44 2F 13 18 11 71 69 72 72 72 6A 44 2F 13 18 11 71 69 3B 0F 00 0D 0B 18 6B 1E 00 21 0B 13 1E 00 10 19 1C 00 12 13 17 00 10 19 1C 0F 20 0F 1C 6C 44 2F 13 18 11 71 69 2D 00 0E 0F 0D 16 0B 1C 0F 00 34 1C 13 18 0D 0F 1D 1D 00 25 16 0F 18 0B 00 1E 12 0F 00 21 13 18 18 0F 1C 00 19 10 00 1E 12 13 1D 00 1E 19 1F 1C 18 0B 17 0F 18 1E 6E 6A	King:'What? Necrosaro is missing? Hmm....'<44>King:'.........'<44>King:'We can't wait for him forever.'<44>King:'I declare Princess Alena the winner of this tournament!'
0386	1C	06	01	8C1B	2829	2985	26 1C 0F 23 71 69 34 1C 13 18 0D 0F 1D 1D 77 11 19 19 0E 00 11 19 13 18 11 6E 6A	Brey:'Princess,good going!'
0387	1C	07	01	8C1B	2985	3271	27 1C 13 1D 1E 19 71 69 34 1C 13 18 0D 0F 1D 1D 00 25 16 0F 18 0B 77 0D 19 18 11 1C 0B 1E 1F 16 0B 1E 13 19 18 1D 00 19 18 00 23 19 1F 1C 00 20 13 0D 1E 19 1C 23 6E 6A	Cristo:'Princess Alena,congratulations on your victory!'
0388	1C	08	01	8C1B	3271	3457	26 1C 0F 23 71 69 2C 19 21 00 1D 1E 1C 0B 18 11 0F 6E 00 3B 12 0B 1E 00 12 0B 1A 1A 0F 18 0F 0E 6D 6A	Brey:'How strange! What happened?'
0389	1C	09	01	8C1B	3457	3848	27 1C 13 1D 1E 19 71 69 3B 12 0F 1C 0F 6B 1D 00 0F 20 0F 1C 23 0C 19 0E 23 6D 00 2C 0F 16 16 19 6D 00 2D 1D 00 0B 18 23 19 18 0F 00 12 0F 1C 0F 6D 6A 44 4E 26 1F 1E 00 1E 12 0F 1C 0F 00 21 0B 1D 00 18 19 00 1C 0F 1A 16 23 72 78	Cristo:'Where's everybody? Hello? Is anyone here?'<44><4E>But there was no reply....
038A	1C	0A	01	8C1B	3848	4053	69 38 12 0F 1C 0F 6B 1D 00 0B 00 1D 16 19 1E 00 17 0B 0D 12 13 18 0F 6D 00 3B 13 16 16 00 23 19 1F 00 1A 16 0B 23 6D 6A	'There's a slot machine? Will you play?'
038B	1C	0B	01	8C1B	4053	5163	3B 12 0B 1E 00 0E 13 0E 00 1E 12 0F 00 0E 1C 0F 0B 17 1D 00 19 10 00 1E 12 0F 00 2F 13 18 11 00 19 10 00 37 0B 18 1E 0F 0F 17 00 17 0F 0B 18 6D 43 72 1E 12 0F 00 17 23 1D 1E 0F 1C 13 19 1F 1D 00 32 0F 0D 1C 19 1D 0B 1C 19 77 21 12 23 00 0E 13 0E 00 12 0F 00 1D 1F 0E 0E 0F 18 16 23 00 0E 13 1D 0B 1A 1A 0F 0B 1C 6D 44 72 0B 18 0E 00 21 12 0B 1E 00 0C 0F 10 0F 16 16 00 1E 12 0F 00 1A 0F 19 1A 16 0F 00 19 10 00 37 0B 18 1E 0F 0F 17 6D 44 28 0F 1E 0F 1C 17 13 18 0F 0E 00 1E 19 00 1D 19 16 20 0F 00 1E 12 0F 1D 0F 00 17 23 1D 1E 0F 1C 13 0F 1D 77 34 1C 13 18 0D 0F 1D 1D 00 25 16 0F 18 0B 6B 1D 00 34 0B 1C 1E 23 00 0F 17 0C 0B 1C 15 0F 0E 00 19 18 00 0B 18 19 1E 12 0F 1C 00 14 19 1F 1C 18 0F 23 72 78	What did the dreams of the King of Santeem mean?<43>...the mysterious Necrosaro,why did he suddenly disappear?<44>...and what befell the people of Santeem?<44>Determined to solve these mysteries,Princess Alena's Party embarked on another journey....
038C	1C	0C	01	8C1B	5163	5169		
038D	1C	0D	01	8C1B	5169	5409	69 38 12 0B 1E 6B 1D 00 21 19 1C 1E 12 00 47 00 11 19 16 0E 00 1A 13 0F 0D 0F 4C 78 2D 1D 00 1E 12 0B 1E 00 0B 16 1C 13 11 12 1E 6D 6A	'That's worth <47> gold piece<4C>.Is that alright?'
038E	1C	0E	01	8C1B	5409	5786	69 3D 19 1F 6B 20 0F 00 0D 19 17 0F 00 1E 19 00 1E 12 0F 00 27 0B 1D 1E 16 0F 00 1D 19 00 16 0B 1E 0F 00 0B 1E 00 18 13 11 12 1E 6C 4F 2D 00 0D 0B 18 6B 1E 00 0B 16 16 19 21 00 23 19 1F 00 12 0F 1C 0F 78 30 0F 0B 20 0F 00 18 19 21 6E 6A	'You've come to the Castle so late at night.'<4F>I can't allow you here.Leave now!'
038F	1C	0F	01	8C1B	5786	6123	69 34 1C 13 18 0D 0F 1D 1D 00 25 16 0F 18 0B 77 1C 0F 1E 1F 1C 18 00 1E 19 00 37 0B 18 1E 0F 0F 17 00 27 0B 1D 1E 16 0F 00 13 17 17 0F 0E 13 0B 1E 0F 16 23 6E 00 2B 00 4B 2B 0B 1D 1A 6E 6A 51	'Princess Alena,return to Santeem Castle immediately! G <4B>Gasp!'<51>
0390	1C	10	01	8C1B	6123	6268	25 16 0F 18 0B 00 15 13 0D 15 1D 00 1E 12 1C 19 1F 11 12 00 1E 12 0F 00 21 0B 16 16 78	Alena kicks through the wall.
0391	1C	11	01	8C1B	6268	6572	00 00 27 19 18 11 1C 0B 1E 1F 16 0B 1E 13 19 18 1D 6E 43 00 00 00 00 34 1C 13 18 0D 0F 00 36 0F 0F 0E 43 00 00 00 00 00 00 00 00 0B 18 0E 43 00 00 00 34 1C 13 18 0D 0F 1D 1D 00 31 13 0B 6E	  Congratulations!<43>    Prince Reed<43>        and<43>   Princess Mia!
0392	1C	12	01	8C1B	6572	7164	25 00 20 19 13 0D 0F 00 13 1D 00 12 0F 0B 1C 0E 00 19 1F 1E 00 19 10 00 18 19 21 12 0F 1C 0F 72 78 44 4E 69 27 12 19 1D 0F 18 00 33 18 0F 1D 78 00 2D 1E 6B 1D 00 18 19 1E 00 1E 12 0F 00 1E 13 17 0F 00 1E 19 00 00 00 11 13 20 0F 00 1F 1A 6C 44 4E 69 2D 00 1D 12 0B 16 16 00 1C 0F 20 13 20 0F 00 23 19 1F 78 00 33 1A 0F 18 00 23 19 1F 1C 00 0F 23 0F 1D 72 6C 44	A voice is heard out of nowhere....<44><4E>'Chosen Ones. It's not the time to   give up.'<44><4E>'I shall revive you. Open your eyes....'<44>
0393	1C	13	01	8C1B	7164	7170		
0394	1C	14	01	8C1B	7170	8243	38 12 0F 1C 0F 00 21 0B 1D 00 0B 00 1D 17 0B 16 16 77 18 0B 17 0F 16 0F 1D 1D 00 20 13 16 16 0B 11 0F 00 0E 0F 0F 1A 00 13 18 00 1E 12 0F 00 17 19 1F 18 1E 0B 13 18 1D 00 10 0B 1C 00 0F 0B 1D 1E 00 19 10 00 29 18 0E 19 1C 78 44 38 12 0F 00 20 13 16 16 0B 11 0F 1C 1D 00 16 13 20 0F 0E 00 1B 1F 13 0F 1E 16 23 78 38 12 0F 23 00 18 0F 20 0F 1C 00 16 0F 10 1E 00 1E 12 0F 00 20 13 16 16 0B 11 0F 00 19 1C 00 16 0F 1E 00 19 1F 1E 1D 13 0E 0F 1C 1D 00 0F 18 1E 0F 1C 78 44 33 18 16 23 00 1E 12 0F 00 20 13 16 16 0B 11 0F 1C 1D 00 21 0F 1C 0F 00 1D 1F 1A 1A 19 1D 0F 0E 00 1E 19 00 15 18 19 21 00 19 10 00 1E 12 0F 00 20 13 16 16 0B 11 0F 6B 1D 00 0F 22 13 1D 1E 0F 18 0D 0F 78 43 26 1F 1E 72 44	There was a small,nameless village deep in the mountains far east of Endor.<44>The villagers lived quietly.They never left the village or let outsiders enter.<44>Only the villagers were supposed to know of the village's existence.<43>But...<44>
0395	1C	15	01	8C1B	8243	8306	69 2D 1E 6B 1D 00 0E 19 18 0F 6C	'It's done.'
0396	1C	16	01	8C1B	8306	8817	69 49 77 17 23 00 0E 0F 0B 1C 00 0D 12 13 16 0E 78 38 0B 15 0F 00 1E 12 13 1D 00 16 1F 18 0D 12 00 1E 19 00 23 19 1F 1C 00 10 0B 1E 12 0F 1C 00 0B 1E 00 1E 12 0F 00 1A 19 18 0E 78 2C 0F 6B 1D 00 10 13 1D 12 13 18 11 6C 4F 2B 1C 0F 0F 1E 00 0F 20 0F 1C 23 19 18 0F 00 23 19 1F 00 1A 0B 1D 1D 77 33 2F 6D 6A	'<49>,my dear child.Take this lunch to your father at the pond.He's fishing.'<4F>Greet everyone you pass,OK?'
0397	1C	17	01	8C1B	8817	9136	69 31 19 18 1D 1E 0F 1C 1D 00 10 13 18 0B 16 16 23 00 10 19 1F 18 0E 00 1E 12 13 1D 00 20 13 16 16 0B 11 0F 6E 00 38 12 0F 23 6B 16 16 00 0C 0F 00 12 0F 1C 0F 00 0B 18 23 00 1D 0F 0D 19 18 0E 6E 6A	'Monsters finally found this village! They'll be here any second!'
0398	1C	18	01	8C1B	9136	9353	69 33 12 77 18 19 6E 00 49 77 10 16 0F 0F 00 18 19 21 6E 00 28 19 18 6B 1E 00 21 19 1C 1C 23 00 0B 0C 19 1F 1E 00 17 0F 6C	'Oh,no! <49>,flee now! Don't worry about me.'
0399	1C	19	01	8C1B	9353	9429	69 2A 19 16 16 19 21 00 17 0F 6E 6A	'Follow me!'
039A	1C	1A	01	8C1B	9429	9669	69 3B 0F 6B 16 16 00 1D 1E 19 1A 00 1E 12 0F 00 17 19 18 1D 1E 0F 1C 1D 6E 00 38 0B 15 0F 00 49 00 1E 19 00 0B 00 1D 0B 10 0F 00 1A 16 0B 0D 0F 6E 6A	'We'll stop the monsters! Take <49> to a safe place!'
039B	1C	1B	01	8C1B	9669	10101	27 0F 16 13 0B 71 69 49 6E 00 2D 10 00 0B 18 23 1E 12 13 18 11 00 12 0B 1A 1A 0F 18 1D 00 1E 19 00 23 19 1F 77 2D 72 6C 44 27 0F 16 13 0B 71 69 2C 13 0E 0F 6E 00 2C 1F 1C 1C 23 6E 00 2D 6B 16 16 00 0C 0F 00 1E 12 0F 1C 0F 00 1D 19 19 18 6E 6A	Celia:'<49>! If anything happens to you,I....'<44>Celia:'Hide! Hurry! I'll be there soon!'
039C	1C	1C	01	8C1B	10101	10635	69 38 12 19 1D 0F 00 17 19 18 1D 1E 0F 1C 1D 6E 00 38 12 0F 23 00 10 19 1F 18 0E 00 49 6E 6A 4F 3B 0F 00 19 18 16 23 00 18 0F 0F 0E 0F 0E 00 0B 00 16 13 1E 1E 16 0F 00 17 19 1C 0F 00 1E 13 17 0F 00 1E 19 00 17 0B 15 0F 00 49 00 1E 12 0F 00 11 1C 0F 0B 1E 00 2C 0F 1C 19 6C 4F 38 12 13 1D 00 21 0B 23 77 49 6E 00 27 19 17 0F 6E 6A	'Those monsters! They found <49>!'<4F>We only needed a little more time to make <49> the great Hero.'<4F>This way,<49>! Come!'
039D	1C	1D	01	8C1B	10635	10868	69 3D 0B 12 19 19 6E 6A 43 4B 69 37 12 0B 15 0F 00 17 19 1C 0F 6E 6A 43 4B 69 25 12 19 19 19 6E 6A 43 4B	'Yahoo!'<43><4B>'Shake more!'<43><4B>'Ahooo!'<43><4B>
039E	1C	1E	01	8C1B	10868	11003	49 00 0D 12 0F 0D 15 0F 0E 00 13 18 1D 13 0E 0F 00 1E 12 0F 00 14 0B 1C 78 44	<49> checked inside the jar.<44>
039F	1C	1F	01	8C1B	11003	11089	38 12 0F 1C 0F 00 21 0F 1C 0F 00 1D 1E 0B 13 1C 1D 78	There were stairs.
03A0	1D	00	01	9186	0	257	31 13 0B 71 69 33 12 77 36 0F 0F 0E 6E 00 2D 00 12 0B 20 0F 00 1E 19 00 1E 0F 16 16 00 17 23 00 10 0B 1E 12 0F 1C 6E 00 2A 0B 1E 12 0F 1C 6E 6A	Mia:'Oh,Reed! I have to tell my father! Father!'
03A1	1D	01	01	9186	257	1296	2F 13 18 11 71 69 2D 00 12 0F 0B 1C 0E 00 1E 12 0F 00 18 0F 21 1D 77 31 13 0B 6C 44 2F 13 18 11 71 69 3D 19 1F 00 0E 19 00 18 19 1E 00 18 0F 0F 0E 00 1E 19 00 21 19 1C 1C 23 6C 44 2F 13 18 11 71 69 38 0B 16 19 19 18 00 13 1D 00 1E 12 0F 00 18 0B 17 0F 77 13 1D 18 6B 1E 00 13 1E 6D 00 3B 19 1F 16 0E 00 23 19 1F 00 1E 0B 15 0F 00 1E 12 13 1D 00 1D 0D 1C 19 16 16 00 1E 19 00 1E 12 0F 00 2F 13 18 11 00 19 10 00 26 19 18 17 0B 16 17 19 6D 6A 44 38 0B 16 19 19 18 00 1C 0F 0D 0F 13 20 0F 1D 00 1E 12 0F 00 36 19 23 0B 16 00 37 0D 1C 19 16 16 6E 43 56 44 2F 13 18 11 71 69 34 16 0F 0B 1D 0F 00 12 1F 1C 1C 23 6C	King:'I heard the news,Mia.'<44>King:'You do not need to worry.'<44>King:'Taloon is the name,isn't it? Would you take this scroll to the King of Bonmalmo?'<44>Taloon receives the Royal Scroll!<43><56><44>King:'Please hurry.'
03A2	1D	02	01	9186	1296	2550	38 0B 16 19 19 18 00 1C 0F 0B 0E 1D 00 1E 12 0F 00 36 19 23 0B 16 00 37 0D 1C 19 16 16 78 4F 28 0F 0B 1C 00 2A 1C 13 0F 18 0E 77 43 00 00 00 2F 13 18 11 00 19 10 00 26 19 18 17 0B 16 17 19 71 43 34 16 0F 0B 1D 0F 00 16 13 1D 1E 0F 18 00 1E 19 00 21 12 0B 1E 00 2D 00 17 1F 1D 1E 00 1D 0B 23 6C 4F 2D 1E 00 0B 1A 1A 0F 0B 1C 1D 00 1E 12 0B 1E 00 17 23 00 0E 0B 1F 11 12 1E 0F 1C 77 31 13 0B 77 0B 18 0E 00 23 19 1F 1C 00 1D 19 18 77 36 0F 0F 0E 77 0B 1C 0F 00 13 18 00 16 19 20 0F 6C 4F 38 12 0F 23 00 0E 19 18 6B 1E 00 12 0B 20 0F 00 1E 19 00 17 0B 1C 1C 23 00 18 19 21 77 0C 1F 1E 00 2D 00 0E 19 00 16 19 19 15 00 10 19 1C 21 0B 1C 0E 00 1E 19 00 1E 12 0F 13 1C 00 17 0B 1C 1C 13 0B 11 0F 72 78 43 00 00 00 38 12 0F 00 2F 13 18 11 00 19 10 00 29 18 0E 19 1C 6A 44	Taloon reads the Royal Scroll.<4F>Dear Friend,<43>   King of Bonmalmo:<43>Please listen to what I must say.'<4F>It appears that my daughter,Mia,and your son,Reed,are in love.'<4F>They don't have to marry now,but I do look forward to their marriage....<43>   The King of Endor'<44>
03A3	1D	03	01	9186	2550	2727	26 1F 1E 00 1E 12 0F 00 2F 13 18 11 00 19 10 00 26 19 18 17 0B 16 17 19 00 13 1D 18 6B 1E 00 12 0F 1C 0F 6E	But the King of Bonmalmo isn't here!
03A4	1D	04	01	9186	2727	3898	2F 13 18 11 71 69 33 12 77 13 1D 00 1E 12 0B 1E 00 1D 19 6D 6A 44 2F 13 18 11 71 69 2D 10 00 17 23 00 1D 19 18 77 36 0F 0F 0E 77 17 0B 1C 1C 13 0F 1D 00 1E 12 0F 00 34 1C 13 18 0D 0F 1D 1D 00 19 10 00 29 18 0E 19 1C 77 12 0F 6B 16 16 00 0C 0F 00 1E 12 0F 00 18 0F 22 1E 00 15 13 18 11 00 19 10 00 29 18 0E 19 1C 6C 44 2F 13 18 11 71 69 2D 00 21 19 18 6B 1E 00 12 0B 20 0F 00 1E 19 00 13 18 20 0B 0E 0F 00 29 18 0E 19 1C 6C 44 2F 13 18 11 71 69 2D 00 0B 1A 1A 1C 0F 0D 13 0B 1E 0F 00 21 12 0B 1E 00 23 19 1F 6B 20 0F 00 0E 19 18 0F 78 2D 6B 16 16 00 0E 13 1D 1A 0B 1E 0D 12 00 0B 00 17 0F 1D 1D 0F 18 11 0F 1C 00 1C 13 11 12 1E 00 0B 21 0B 23 78 3D 19 1F 00 0D 0B 18 00 11 19 00 18 19 21 6C	King:'Oh,is that so?'<44>King:'If my son,Reed,marries the Princess of Endor,he'll be the next king of Endor.'<44>King:'I won't have to invade Endor.'<44>King:'I appreciate what you've done.I'll dispatch a messenger right away.You can go now.'
03A5	1D	05	01	9186	3898	4100	2D 1E 6B 1D 00 16 19 0D 15 0F 0E 6E 44 26 1F 1E 00 33 1C 13 18 00 0C 1C 0F 0B 15 1D 00 1E 12 0F 00 16 19 0D 15 78	It's locked!<44>But Orin breaks the lock.
03A6	1D	06	01	9186	4100	4391	69 3B 12 0B 1E 00 0B 00 10 0B 13 16 1F 1C 0F 77 26 0B 16 24 0B 0D 15 6E 00 3B 12 0B 1E 00 0D 0B 18 00 21 0F 00 1E 0F 16 16 00 32 0F 0D 1C 19 1D 0B 1C 19 6D 6A 43 4B	'What a failure,Balzack! What can we tell Necrosaro?'<43><4B>
03A7	1D	07	01	9186	4391	5173	26 0B 16 24 0B 0D 15 71 69 2F 0F 0F 16 0F 19 18 77 1A 16 0F 0B 1D 0F 00 0E 19 18 6B 1E 00 1E 0F 16 16 00 1E 12 13 1D 00 1E 19 00 32 0F 0D 1C 19 1D 0B 1C 19 6C 44 2F 0F 0F 16 0F 19 18 71 69 28 19 18 6B 1E 00 21 19 1C 1C 23 78 2D 00 0D 0B 18 6B 1E 00 16 0F 1E 00 23 19 1F 00 0E 13 0F 00 18 19 21 6C 44 2F 0F 0F 16 0F 19 18 71 69 3D 19 1F 77 29 0E 11 0B 1C 6B 1D 00 0E 0B 1F 11 12 1E 0F 1C 1D 6E 00 27 19 17 0F 6E 00 2D 6B 16 16 00 10 13 11 12 1E 00 23 19 1F 6C	Balzack:'Keeleon,please don't tell this to Necrosaro.'<44>Keeleon:'Don't worry.I can't let you die now.'<44>Keeleon:'You,Edgar's daughters! Come! I'll fight you.'
03A8	1D	08	01	9186	5173	5471	69 25 1C 0F 00 23 19 1F 00 0B 21 0B 15 0F 6D 00 3D 19 1F 00 21 0F 1C 0F 00 1E 0F 1C 1C 13 0C 16 23 00 13 18 14 1F 1C 0F 0E 78 27 19 1F 11 12 72 27 19 1F 11 12 72 6A	'Are you awake? You were terribly injured.Cough...Cough...'
03A9	1D	09	01	9186	5471	5744	69 25 00 14 0B 13 16 0C 1C 0F 0B 15 6E 6A 44 33 1C 13 18 71 69 38 12 0F 23 6B 20 0F 00 10 19 1F 18 0E 00 1F 1D 6E 00 2C 1F 1C 1C 23 6E 6A	'A jailbreak!'<44>Orin:'They've found us! Hurry!'
03AA	1D	0A	01	9186	5744	5928	33 1C 13 18 71 69 2D 6B 16 16 00 1D 1E 19 1A 00 1E 12 0F 17 78 36 1F 18 6E 00 32 19 21 6E 6A	Orin:'I'll stop them.Run! Now!'
03AB	1D	0B	01	9186	5928	6077	69 38 12 0F 00 1D 12 13 1A 00 0B 1C 1C 13 20 0F 0E 00 0B 1E 00 29 18 0E 19 1C 6E 6A	'The ship arrived at Endor!'
03AC	1D	0C	01	9186	6077	6931	38 12 13 1D 00 13 1D 00 12 19 21 00 31 0B 1C 0B 00 0B 18 0E 00 32 0B 1C 0B 77 21 13 1E 12 19 1F 1E 00 10 1F 16 10 13 16 16 13 18 11 00 1E 12 0F 13 1C 00 21 13 1D 12 77 16 0F 10 1E 00 1E 12 0F 13 1C 00 12 19 17 0F 00 0D 19 1F 18 1E 1C 23 78 44 3B 12 0B 1E 00 0B 1C 0F 00 1E 12 0F 00 1D 17 0B 16 16 00 16 13 11 12 1E 1D 00 21 12 13 0D 12 00 21 13 16 16 00 12 0F 16 1A 00 1E 12 0F 17 6D 44 38 12 0F 13 1C 00 18 0F 21 00 14 19 1F 1C 18 0F 23 00 1E 19 00 1D 0F 0B 1C 0D 12 00 10 19 1C 00 1E 12 0F 17 00 12 0B 1D 00 14 1F 1D 1E 00 0C 0F 11 1F 18 78	This is how Mara and Nara,without fulfilling their wish,left their home country.<44>What are the small lights which will help them?<44>Their new journey to search for them has just begun.
03AD	1D	0D	01	9186	6931	7062	69 38 19 20 77 0B 16 21 0B 23 1D 00 19 0C 0F 23 00 38 0B 16 19 19 18 6C	'Tov,always obey Taloon.'
03AE	1D	0E	01	9186	7062	7472	38 19 17 71 69 2D 6B 17 00 10 13 18 0B 16 16 23 00 12 0F 1C 0F 78 38 12 0B 18 15 1D 78 38 12 13 1D 00 13 1D 00 10 19 1C 00 23 19 1F 6C 44 4E 38 0B 16 19 19 18 00 1C 0F 0D 0F 13 20 0F 1D 00 47 00 11 19 16 0E 00 1A 13 0F 0D 0F 4C 6E	Tom:'I'm finally here.Thanks.This is for you.'<44><4E>Taloon receives <47> gold piece<4C>!
03AF	1D	0F	01	9186	7472	7620	69 49 77 23 19 1F 6B 1C 0F 00 0B 16 1C 0F 0B 0E 23 00 1D 1E 1C 19 18 11 6E 6A 44	'<49>,you're already strong!'<44>
03B0	1D	10	01	9186	7620	7896	69 34 1C 13 18 0D 0F 77 23 19 1F 00 1D 12 19 1F 16 0E 18 6B 1E 00 1E 0B 16 15 00 21 13 1E 12 00 1D 1F 0D 12 00 0B 00 16 19 21 16 23 00 0D 19 17 17 19 18 0F 1C 6E 6A	'Prince,you shouldn't talk with such a lowly commoner!'
03B1	1D	11	01	9186	7896	7969	69 30 0F 0B 20 0F 00 18 19 21 6E 6A	'Leave now!'
03B2	1D	12	01	9186	7969	8746	69 2D 6B 17 00 0E 0B 00 2B 0B 1C 0E 13 78 3B 12 0B 1E 00 12 0B 1A 1A 0F 18 0F 0E 6D 6A 4F 3B 12 0F 18 00 2D 00 21 19 15 0F 00 1F 1A 77 1E 12 0F 00 20 13 16 16 0B 11 0F 00 21 0B 1D 00 11 19 18 0F 72 6C 4F 38 12 0B 1E 6B 1D 00 1C 13 11 12 1E 6E 6A 4F 2D 00 21 0B 1D 00 1D 1F 1A 1A 19 1D 0F 0E 00 1E 19 00 11 19 00 1E 19 00 26 19 18 17 0B 16 17 19 00 27 0B 1D 1E 16 0F 72 78 2D 00 12 0B 20 0F 00 1E 19 00 11 19 00 18 19 21 78 29 22 0D 1F 1D 0F 00 17 0F 6E 6A	'I'm da Gardi.What happened?'<4F>When I woke up,the village was gone....'<4F>That's right!'<4F>I was supposed to go to Bonmalmo Castle....I have to go now.Excuse me!'
03B3	1D	13	01	9186	8746	8940	38 12 0F 1C 0F 6B 1D 00 0B 00 0C 1F 1E 1E 19 18 78 28 19 00 23 19 1F 00 21 0B 18 1E 00 1E 19 00 1A 1F 1D 12 00 13 1E 6D	There's a button.Do you want to push it?
03B4	1D	14	01	9186	8940	9054	69 3B 0F 16 0D 19 17 0F 00 0C 0B 0D 15 77 49 6E 6A 44	'Welcome back,<49>!'<44>
03B5	1D	15	01	9186	9054	9194	49 00 0D 12 0F 0D 15 1D 00 13 18 1D 13 0E 0F 00 1E 12 0F 00 0E 1C 0B 21 0F 1C 78 44	<49> checks inside the drawer.<44>
03B6	1D	16	01	9186	9194	9323	49 00 0D 12 0F 0D 15 1D 00 1E 12 0F 00 0C 19 19 15 00 1D 12 0F 16 10 78 44	<49> checks the book shelf.<44>
03B7	1D	17	01	9186	9323	9467	32 19 00 13 17 1A 19 1C 1E 0B 18 1E 00 0C 19 19 15 1D 00 0B 1C 0F 00 10 19 1F 18 0E 78	No important books are found.
03B8	1D	18	01	9186	9467	9580	49 00 1C 0F 0B 0E 1D 00 1E 12 0F 00 1D 13 11 18 00 1A 19 1D 1E 78 44	<49> reads the sign post.<44>
03B9	1D	19	01	9186	9580	9712	49 00 19 0C 1E 0B 13 18 1D 00 47 00 11 19 16 0E 00 1A 13 0F 0D 0F 4C 78	<49> obtains <47> gold piece<4C>.
03BA	1D	1A	01	9186	9712	9886	49 6B 1D 00 34 0B 1C 1E 23 00 19 0C 1E 0B 13 18 1D 00 47 00 11 19 16 0E 00 1A 13 0F 0D 0F 4C 78	<49>'s Party obtains <47> gold piece<4C>.
03BB	1D	1B	01	9186	9886	10169	49 77 18 19 1E 00 0C 0F 13 18 11 00 19 18 0F 00 19 10 00 1E 12 0F 00 27 12 19 1D 0F 18 00 33 18 0F 1D 77 0E 19 0F 1D 18 6B 1E 00 15 18 19 21 00 21 12 0B 1E 00 1E 19 00 0E 19 6E 44	<49>,not being one of the Chosen Ones,doesn't know what to do!<44>
03BC	1D	1C	01	9186	10169	10281	27 0B 18 6B 1E 00 17 19 20 0F 00 1E 12 13 1D 00 21 0B 23 6E 44	Can't move this way!<44>
03BD	1D	1D	01	9186	10281	10496	39 1D 0F 00 38 25 27 38 2D 27 37 00 27 19 17 17 0B 18 0E 00 1E 19 00 0D 12 0B 18 11 0F 00 17 0F 17 0C 0F 1C 1D 78	Use TACTICS Command to change members.
03BE	1D	1E	01	9186	10496	10918	38 12 0F 00 1D 1E 19 1C 23 00 1F 1A 00 1E 19 00 1E 12 13 1D 00 1A 19 13 18 1E 00 21 13 16 16 00 0C 0F 00 1D 0B 20 0F 0E 00 19 18 00 1E 12 0F 00 2D 17 1A 0F 1C 13 0B 16 00 37 0D 1C 19 16 16 1D 00 19 10 00 2C 19 18 19 1C 78 2D 1D 00 1E 12 0B 1E 00 0B 16 1C 13 11 12 1E 6D	The story up to this point will be saved on the Imperial Scrolls of Honor.Is that alright?
03BF	1D	1F	01	9186	10918	11377	2D 10 00 23 19 1F 00 0E 19 18 6B 1E 00 1D 0B 20 0F 77 23 19 1F 6B 16 16 00 0C 0F 11 13 18 00 10 1C 19 17 00 1E 12 0F 00 16 0B 1D 1E 00 1A 19 13 18 1E 00 23 19 1F 00 1D 0B 20 0F 0E 00 13 18 00 27 12 0B 1A 1E 0F 1C 00 47 00 0B 11 0B 13 18 78 2D 1D 00 1E 12 0B 1E 00 0B 16 1C 13 11 12 1E 6D	If you don't save,you'll begin from the last point you saved in Chapter <47> again.Is that alright?
03C0	1E	00	01	9715	0	105	00 49 77 49 77 43 00 49 77 49 77 43 40	 <49>,<49>,<43> <49>,<49>,<43><40>
03C1	1E	01	01	9715	105	195	00 49 77 49 77 43 00 49 77 43 40	 <49>,<49>,<43> <49>,<43><40>
03C2	1E	02	01	9715	195	403	44 69 2D 1E 00 1D 0F 0F 17 1D 00 2D 00 0D 0B 18 6B 1E 00 0C 0F 00 0F 1B 1F 13 1A 1A 0F 0E 00 21 13 1E 12 00 1E 12 13 1D 6C	<44>'It seems I can't be equipped with this.'
03C3	1E	03	01	9715	403	600	44 69 2D 1E 00 1D 0F 0F 17 1D 00 2D 00 0D 0B 18 00 0C 0F 00 0F 1B 1F 13 1A 1A 0F 0E 00 21 13 1E 12 00 1E 12 13 1D 6C	<44>'It seems I can be equipped with this.'
03C4	1E	04	01	9715	600	613	6E	!
03C5	1E	05	01	9715	613	985	69 33 20 0F 1C 00 12 0F 1C 0F 00 13 1D 00 0B 00 21 0F 0B 1A 19 18 00 1D 12 19 1A 00 0B 18 0E 00 0B 18 00 0B 1C 17 19 1C 00 1D 12 19 1A 78 3D 19 1F 00 0D 0B 18 00 0C 1F 23 00 23 19 1F 1C 00 0F 1B 1F 13 1A 17 0F 18 1E 00 12 0F 1C 0F 6C	'Over here is a weapon shop and an armor shop.You can buy your equipment here.'
03C6	1E	06	01	9715	985	1605	38 0B 16 19 19 18 71 69 32 19 21 00 16 0F 1E 6B 1D 00 12 0F 0B 0E 00 1D 19 1F 1E 12 6E 6A 44 38 0B 16 19 19 18 71 69 2D 00 12 0F 0B 1C 00 0B 18 00 19 16 0E 00 1D 0F 0B 00 0F 22 1A 0F 1C 1E 00 21 12 19 00 12 0B 1D 00 0B 00 20 0B 16 1F 0B 0C 16 0F 00 17 0B 1A 00 16 13 20 0F 1D 00 13 18 00 1E 12 0F 00 38 19 21 18 00 19 10 00 31 13 18 1E 19 1D 00 0E 19 21 18 00 1D 19 1F 1E 12 6C 43 4B	Taloon:'Now let's head south!'<44>Taloon:'I hear an old sea expert who has a valuable map lives in the Town of Mintos down south.'<43><4B>
03C7	1E	07	01	9715	1605	2928	38 0B 16 19 19 18 71 69 33 12 6E 00 2D 00 0E 19 18 6B 1E 00 15 18 19 21 00 21 12 19 00 23 19 1F 00 0B 1C 0F 77 0C 1F 1E 00 23 19 1F 6B 20 0F 00 0D 19 17 0F 00 0B 1E 00 1C 13 11 12 1E 00 1E 13 17 0F 6E 6A 44 38 0B 16 19 19 18 71 69 2D 00 21 0B 18 1E 00 1E 19 00 0F 22 1E 13 18 11 1F 13 1D 12 00 1E 12 0F 00 29 20 13 16 00 2A 13 1C 0F 00 0C 1F 1C 18 13 18 11 00 13 18 00 1E 12 13 1D 00 16 13 11 12 1E 12 19 1F 1D 0F 6C 44 38 0B 16 19 19 18 71 69 26 1F 1E 00 1A 19 21 0F 1C 10 1F 16 00 17 19 18 1D 1E 0F 1C 1D 00 12 0B 20 0F 00 0C 0F 0F 18 00 1A 1C 0F 20 0F 18 1E 13 18 11 00 17 0F 00 10 1C 19 17 00 11 19 13 18 11 00 0B 18 23 00 10 0B 1C 1E 12 0F 1C 6C 44 38 0B 16 19 19 18 71 69 3B 13 16 16 00 23 19 1F 00 0F 22 1E 13 18 11 1F 13 1D 12 00 1E 12 0F 00 29 20 13 16 00 2A 13 1C 0F 00 10 19 1C 00 17 0F 6D 6A	Taloon:'Oh! I don't know who you are,but you've come at right time!'<44>Taloon:'I want to extinguish the Evil Fire burning in this lighthouse.'<44>Taloon:'But powerful monsters have been preventing me from going any farther.'<44>Taloon:'Will you extinguish the Evil Fire for me?'
03C8	1E	08	01	9715	2928	3072	38 0B 16 19 19 18 71 69 2D 00 0C 0F 11 00 23 19 1F 77 1A 16 0F 0B 1D 0F 6E 6A	Taloon:'I beg you,please!'
03C9	1E	09	01	9715	3072	3199	38 0B 16 19 19 18 71 69 2D 00 1E 12 0B 18 15 00 23 19 1F 6E 6A 44	Taloon:'I thank you!'<44>
03CA	1E	0A	01	9715	3199	4312	38 0B 16 19 19 18 71 69 38 12 0F 00 2A 13 1C 0F 00 19 10 00 37 0F 1C 0F 18 13 1E 23 00 0C 1F 1C 18 0F 0E 00 13 18 00 1E 12 13 1D 00 16 13 11 12 1E 12 19 1F 1D 0F 00 1F 18 1E 13 16 00 1C 0F 0D 0F 18 1E 16 23 6C 44 38 0B 16 19 19 18 71 69 38 12 0F 23 00 1D 0B 23 00 0B 00 1C 0F 17 18 0B 18 1E 00 19 10 00 13 1E 00 1D 1E 13 16 16 00 0C 1F 1C 18 1D 00 1D 19 17 0F 21 12 0F 1C 0F 00 13 18 00 1E 12 13 1D 00 16 13 11 12 1E 12 19 1F 1D 0F 6C 44 38 0B 16 19 19 18 71 69 2D 1E 00 1D 12 19 1F 16 0E 00 0C 0F 00 0B 0C 16 0F 00 1E 19 00 0F 22 1E 13 18 11 1F 13 1D 12 00 1E 12 0F 00 29 20 13 16 00 2A 13 1C 0F 6C 44 38 0B 16 19 19 18 71 69 37 12 0B 16 16 00 2D 00 1C 0F 1A 0F 0B 1E 00 1E 12 13 1D 6D 6A	Taloon:'The Fire of Serenity burned in this lighthouse until recently.'<44>Taloon:'They say a remnant of it still burns somewhere in this lighthouse.'<44>Taloon:'It should be able to extinguish the Evil Fire.'<44>Taloon:'Shall I repeat this?'
03CB	1E	0B	01	9715	4312	4444	49 77 1A 0B 1C 0B 16 23 24 0F 0E 77 0D 0B 18 6B 1E 00 17 19 20 0F 78	<49>,paralyzed,can't move.
03CC	1E	0C	01	9715	4444	4543	49 00 0D 12 0F 0D 15 1D 00 1E 12 0F 00 19 20 0F 18 78 44	<49> checks the oven.<44>
03CD	1E	0D	01	9715	4543	4644	49 00 0D 12 0F 0D 15 1D 00 1E 12 0F 00 1D 13 18 15 78 44	<49> checks the sink.<44>
03CE	1E	0E	01	9715	4644	4750	49 00 0D 12 0F 0D 15 1D 00 1E 12 0F 00 11 1C 0B 20 0F 78 44	<49> checks the grave.<44>
03CF	1E	0F	01	9715	4750	5020	69 49 00 18 19 21 00 12 0B 1D 72 6A 4F 18 19 00 0D 19 13 18 6C 4F 3B 12 0F 18 00 23 19 1F 00 12 0B 20 0F 00 0D 19 13 18 1D 77 0D 19 17 0F 00 0C 0B 0D 15 6C	'<49> now has...'<4F>no coin.'<4F>When you have coins,come back.'
03D0	1E	10	01	9715	5020	5177	00 00 00 38 12 0F 00 38 19 1F 1C 18 0B 17 0F 18 1E 43 00 00 00 00 00 2C 0F 16 0E 00 32 19 21 6E	   The Tournament<43>     Held Now!
03D1	1E	11	01	9715	5177	5333	00 00 00 00 00 28 0B 18 11 0F 1C 19 1F 1D 6E 43 00 00 00 00 00 37 1E 0B 23 00 25 21 0B 23 6E	     Dangerous!<43>     Stay Away!
03D2	1E	12	01	9715	5333	5637	00 00 00 00 00 00 00 3B 25 32 38 29 28 6E 43 00 00 38 12 0F 00 2B 0B 1D 00 27 0B 18 13 1D 1E 0F 1C 6E 43 41 00 00 00 00 00 00 00 00 38 12 0F 00 2D 1E 0F 17 00 37 12 19 1A	       WANTED!<43>  The Gas Canister!<43><41>        The Item Shop
03D3	1E	13	01	9715	5637	5806	00 00 25 00 28 0F 1D 0F 1C 1E 00 26 0B 24 0B 0B 1C 43 00 00 00 00 00 32 19 21 00 33 1A 0F 18 6E	  A Desert Bazaar<43>     Now Open!
03D4	1E	14	01	9715	5806	6100	00 00 00 00 00 38 12 0F 00 3B 13 18 18 0F 1C 00 19 10 43 00 00 00 00 38 12 0F 00 38 19 1F 1C 18 0B 17 0F 18 1E 71 43 41 00 00 00 00 00 34 1C 13 18 0D 0F 1D 1D 00 25 16 0F 18 0B 6E	     The Winner of<43>    The Tournament:<43><41>     Princess Alena!
03D5	1E	15	01	9715	6100	6624	00 00 00 3B 0B 13 1E 00 0B 00 31 13 18 1F 1E 0F 6E 43 00 3D 19 1F 00 32 0F 0F 0E 00 1E 19 00 39 1A 11 1C 0B 0E 0F 43 00 00 00 3D 19 1F 1C 00 29 1B 1F 13 1A 17 0F 18 1E 6E 43 41 00 00 00 00 00 37 1F 1C 0F 18 0F 6B 1D 00 2B 1F 13 16 0E 00 19 10 43 00 00 00 00 00 25 1C 17 1D 00 31 0F 1C 0D 12 0B 18 1E 1D	   Wait a Minute!<43> You Need to Upgrade<43>   Your Equipment!<43><41>     Surene's Guild of<43>     Arms Merchants
03D6	1E	16	01	9715	6624	7740	69 3E 0F 18 13 1E 12 13 0B 18 00 27 0B 1D 1E 16 0F 00 13 1D 00 12 13 11 12 00 1F 1A 00 13 18 00 1E 12 0F 00 1D 15 23 78 31 0B 1D 1E 0F 1C 00 28 1C 0B 11 19 18 00 16 13 20 0F 1D 00 1E 12 0F 1C 0F 6C 4F 31 0B 1D 1E 0F 1C 00 28 1C 0B 11 19 18 00 13 1D 00 1D 19 00 1D 1E 1C 19 18 11 78 30 19 18 11 00 0B 11 19 77 12 0F 00 13 17 1A 1C 13 1D 19 18 0F 0E 00 1E 12 0F 00 36 1F 16 0F 1C 00 19 10 00 29 20 13 16 00 13 18 00 0E 0B 1C 15 18 0F 1D 1D 6C 4F 2D 00 1E 12 13 18 15 00 1E 12 0F 00 1A 0F 19 1A 16 0F 00 19 10 00 37 1E 0B 18 0D 13 0B 00 13 18 00 1E 12 0F 00 18 19 1C 1E 12 0F 1C 18 00 1D 0F 0B 00 0D 0B 18 00 1E 0F 16 16 00 23 19 1F 00 17 19 1C 0F 00 0B 0C 19 1F 1E 00 3E 0F 18 13 1E 12 13 0B 18 00 27 0B 1D 1E 16 0F 6C	'Zenithian Castle is high up in the sky.Master Dragon lives there.'<4F>Master Dragon is so strong.Long ago,he imprisoned the Ruler of Evil in darkness.'<4F>I think the people of Stancia in the northern sea can tell you more about Zenithian Castle.'
03D7	1E	17	01	9715	7740	7895	00 00 00 00 00 2F 0F 0F 1A 00 19 10 10 43 00 00 1E 12 0F 00 2A 16 19 21 0F 1C 00 26 0F 0E 6E	     Keep off<43>  the Flower Bed!
03D8	1E	18	01	9715	7895	8078	00 00 38 12 0F 00 2C 19 1F 1D 0F 00 19 10 00 29 0E 11 0B 1C 77 43 00 00 00 00 00 00 25 16 0D 12 0F 17 13 1D 1E	  The House of Edgar,<43>      Alchemist
03D9	1E	19	01	9715	8078	8434	36 0F 1A 19 1C 1E 00 1E 12 0F 00 37 13 11 12 1E 13 18 11 00 19 10 43 00 00 37 1F 1D 1A 13 0D 13 19 1F 1D 00 34 0F 19 1A 16 0F 6E 43 41 00 00 00 38 12 0F 00 2F 13 18 11 00 19 10 00 26 1F 1C 16 0B 18 0E	Report the Sighting of<43>  Suspicious People!<43><41>   The King of Burland
03DA	1E	1A	01	9715	8434	8739	00 00 00 00 26 1C 13 0E 11 0F 1D 00 26 0F 16 19 18 11 43 00 00 00 00 00 1E 19 00 29 20 0F 1C 23 19 18 0F 78 43 28 19 00 32 19 1E 00 3A 0B 18 0E 0B 16 13 24 0F 00 38 12 0F 17 78	    Bridges Belong<43>     to Everyone.<43>Do Not Vandalize Them.
03DB	1E	1B	01	9715	8739	8916	00 00 00 00 00 00 00 00 29 0B 1D 1E 00 1E 19 43 00 38 12 0F 00 3A 13 16 16 0B 11 0F 00 19 10 00 38 0F 17 1A 0F	        East to<43> The Village of Tempe
03DC	1E	1C	01	9715	8916	9077	00 00 00 00 28 19 00 32 19 1E 00 34 16 0B 23 43 00 00 00 00 13 18 00 1E 12 0F 00 3B 19 19 0E 1D 78	    Do Not Play<43>    in the Woods.
03DD	1E	1D	01	9715	9077	9277	69 3D 19 1F 00 0E 19 18 6B 1E 00 12 0B 20 0F 00 0F 18 19 1F 11 12 00 0D 19 13 18 1D 00 10 19 1C 00 1E 12 0F 00 48 6C 44	'You don't have enough coins for the <48>.'<44>
03DE	1E	1E	01	9715	9277	10016	69 49 77 1E 12 0F 00 1E 13 17 0F 00 2D 6B 20 0F 00 10 0F 0B 1C 0F 0E 00 12 0B 1D 00 0D 19 17 0F 6C 4F 3B 0F 00 0E 13 0E 18 6B 1E 00 1E 0F 16 16 00 23 19 1F 00 1E 12 13 1D 00 0C 0F 10 19 1C 0F 77 0C 1F 1E 00 21 0F 00 0B 1C 0F 00 18 19 1E 00 23 19 1F 1C 00 1E 1C 1F 0F 00 1A 0B 1C 0F 18 1E 1D 6C 4F 3B 0F 00 21 0B 18 1E 00 1E 19 00 0F 22 1A 16 0B 13 18 77 0C 1F 1E 00 21 0F 00 12 0B 20 0F 00 18 19 00 1E 13 17 0F 72 78 3D 19 1F 00 17 1F 1D 1E 00 12 13 0E 0F 00 18 19 21 6C	'<49>,the time I've feared has come.'<4F>We didn't tell you this before,but we are not your true parents.'<4F>We want to explain,but we have no time....You must hide now.'
03DF	1E	1F	01	9715	10016	10255	69 33 12 00 18 19 6E 00 38 12 0F 00 17 19 18 1D 1E 0F 1C 1D 00 0B 1C 0F 00 0D 19 17 13 18 11 6E 00 3B 0F 00 17 1F 1D 1E 00 10 13 11 12 1E 6E 6A	'Oh no! The monsters are coming! We must fight!'
03E0	1F	00	01	9C17	0	1078	69 30 13 1D 1E 0F 18 00 21 0F 16 16 77 49 78 38 12 0F 00 17 19 18 1D 1E 0F 1C 1D 00 1D 0F 0F 15 00 1E 19 00 0F 18 0E 00 23 19 1F 1C 00 16 13 10 0F 6E 00 3D 19 1F 00 0B 1C 0F 00 0B 00 1E 12 1C 0F 0B 1E 00 1E 19 00 1E 12 0F 17 6C 4F 26 19 1C 18 00 21 13 1E 12 00 0B 00 12 13 0E 0E 0F 18 00 1A 19 21 0F 1C 77 23 19 1F 00 12 0B 20 0F 00 1E 12 0F 00 1A 19 1E 0F 18 1E 13 0B 16 00 1E 19 00 0C 0F 0D 19 17 0F 00 1D 1E 1C 19 18 11 00 0F 18 19 1F 11 12 00 1E 19 00 0E 0F 1D 1E 1C 19 23 00 0B 18 23 00 0F 20 13 16 00 0C 0F 13 18 11 6C 4F 26 1F 1E 00 23 19 1F 6B 1C 0F 00 1D 1E 13 16 16 00 21 0F 0B 15 78 29 1D 0D 0B 1A 0F 00 0B 18 0E 00 1D 1F 1C 20 13 20 0F 6E 00 39 18 0E 0F 1C 1D 1E 0B 18 0E 6D 6A	'Listen well,<49>.The monsters seek to end your life! You are a threat to them.'<4F>Born with a hidden power,you have the potential to become strong enough to destroy any evil being.'<4F>But you're still weak.Escape and survive! Understand?'
03E1	1F	01	01	9C17	1078	1331	27 0F 16 13 0B 71 69 49 72 78 2D 6B 20 0F 00 0F 18 14 19 23 0F 0E 00 11 1C 19 21 13 18 11 00 1F 1A 00 21 13 1E 12 00 23 19 1F 72 6C 44	Celia:'<49>....I've enjoyed growing up with you....'<44>
03E2	1F	02	01	9C17	1331	1689	27 0F 16 13 0B 71 69 49 77 23 19 1F 6B 1C 0F 00 1D 19 00 0D 1F 1E 0F 00 2D 6B 20 0F 00 0B 16 21 0B 23 1D 00 1E 12 19 1F 11 12 1E 00 19 10 00 23 19 1F 00 0B 1D 00 17 23 00 16 13 1E 1E 16 0F 00 1D 13 1D 1E 0F 1C 72 6C 44	Celia:'<49>,you're so cute I've always thought of you as my little sister....'<44>
03E3	1F	03	01	9C17	1689	1955	27 0F 16 13 0B 71 69 28 19 18 6B 1E 00 21 19 1C 1C 23 78 2D 00 21 19 18 6B 1E 00 16 0F 1E 00 1E 12 0F 17 00 1E 0B 15 0F 00 23 19 1F 1C 00 16 13 10 0F 6C 44	Celia:'Don't worry.I won't let them take your life.'<44>
03E4	1F	04	01	9C17	1955	2073	27 0F 16 13 0B 00 0D 12 0B 18 1E 1D 00 38 1C 0B 18 1D 10 19 1C 17 78	Celia chants Transform.
03E5	1F	05	01	9C17	2073	2405	27 0F 16 13 0B 00 1E 1C 0B 18 1D 10 19 1C 17 1D 00 13 18 1E 19 00 0B 18 00 0F 22 0B 0D 1E 00 1C 0F 1A 16 13 0D 0B 00 19 10 00 49 6E 44 27 0F 16 13 0B 71 69 2B 19 19 0E 0C 23 0F 77 49 72 6C	Celia transforms into an exact replica of <49>!<44>Celia:'Goodbye,<49>....'
03E6	1F	06	01	9C17	2405	3068	38 12 0F 00 17 19 18 1D 1E 0F 1C 1D 6B 00 20 19 13 0D 0F 1D 00 0B 1C 0F 00 12 0F 0B 1C 0E 00 10 1C 19 17 00 19 1F 1E 1D 13 0E 0F 78 44 69 32 0F 0D 1C 19 1D 0B 1C 19 77 21 0F 6B 20 0F 00 0E 0F 1D 1E 1C 19 23 0F 0E 00 49 00 1E 12 0F 00 2C 0F 1C 19 6E 6A 44 32 0F 0D 1C 19 1D 0B 1C 19 71 69 3B 0F 16 16 00 0E 19 18 0F 6E 00 29 20 0F 1C 23 19 18 0F 77 1C 0F 1E 1F 1C 18 00 1E 19 00 19 1F 1C 00 0C 0B 1D 0F 6E 6A	The monsters' voices are heard from outside.<44>'Necrosaro,we've destroyed <49> the Hero!'<44>Necrosaro:'Well done! Everyone,return to our base!'
03E7	1F	07	01	9C17	3068	3559	69 2F 0F 15 13 15 13 6E 00 26 1F 1C 18 6E 00 4B 26 1F 1C 18 6E 6A 4F 38 12 0F 00 29 20 13 16 00 2A 13 1C 0F 00 21 13 16 16 00 1D 13 18 15 00 0B 16 16 00 1E 12 0F 00 1D 12 13 1A 1D 78 2F 0F 15 13 15 13 6E 6A 4F 2C 0B 6E 00 4B 3B 12 19 6B 1D 00 1E 12 0F 1C 0F 6D 6A	'Kekiki! Burn! <4B>Burn!'<4F>The Evil Fire will sink all the ships.Kekiki!'<4F>Ha! <4B>Who's there?'
03E8	1F	08	01	9C17	3559	4117	69 2F 0F 15 13 15 13 6E 00 3D 19 1F 00 10 19 19 16 1D 6E 6A 4F 3D 19 1F 6B 20 0F 00 0D 19 17 0F 00 0B 1E 00 1E 12 0F 00 1C 13 11 12 1E 00 17 19 17 0F 18 1E 78 2D 6B 16 16 00 1E 12 1C 19 21 00 23 19 1F 00 13 18 1E 19 00 1E 12 13 1D 00 29 20 13 16 00 2A 13 1C 0F 00 0B 1D 00 15 13 18 0E 16 13 18 11 6E 00 2F 0F 15 13 15 13 6E 6A	'Kekiki! You fools!'<4F>You've come at the right moment.I'll throw you into this Evil Fire as kindling! Kekiki!'
03E9	1F	09	01	9C17	4117	4247	49 00 1E 12 1C 19 21 1D 00 1E 12 0F 00 48 00 13 18 00 1E 12 0F 00 10 13 1C 0F 6E	<49> throws the <48> in the fire!
03EA	1F	0A	01	9C17	4247	4591	38 12 0F 1C 0F 6B 1D 00 0B 00 0C 1F 1E 1E 19 18 00 19 18 00 1E 12 0F 00 0C 19 1E 1E 19 17 00 19 10 00 1E 12 0F 00 1E 1C 0F 0B 1D 1F 1C 0F 00 0D 12 0F 1D 1E 6E 00 28 19 00 23 19 1F 00 21 0B 18 1E 00 1E 19 00 1A 1F 1D 12 00 13 1E 6D	There's a button on the bottom of the treasure chest! Do you want to push it?
03EB	1F	0B	01	9C17	4591	4645	31 19 1C 0F 19 20 0F 1C 44	Moreover<44>
03EC	1F	0C	01	9C17	4645	5022	38 12 0F 00 0E 19 19 1C 00 16 19 19 15 1D 00 1D 1E 1F 1C 0E 23 77 0C 1F 1E 00 13 1E 00 17 13 11 12 1E 00 0C 1C 0F 0B 15 00 21 13 1E 12 00 1E 12 0F 00 0D 19 17 0C 13 18 0F 0E 00 10 19 1C 0D 0F 00 19 10 00 04 00 1A 0F 19 1A 16 0F 6E	The door looks sturdy,but it might break with the combined force of 3 people!
03ED	1F	0D	01	9C17	5022	5598	25 16 0F 18 0B 71 69 3D 19 1F 00 10 19 1F 18 0E 00 1E 12 0F 00 34 0B 0E 0F 1B 1F 13 0B 00 36 19 19 1E 6D 6A 44 25 16 0F 18 0B 71 69 2D 00 0D 19 1F 16 0E 18 6B 1E 00 10 13 18 0E 00 13 1E 00 17 23 1D 0F 16 10 00 0B 18 0E 00 1C 0F 1E 1F 1C 18 0F 0E 00 0F 17 1A 1E 23 00 12 0B 18 0E 0F 0E 78 2D 6B 17 00 11 1C 0B 1E 0F 10 1F 16 6E 6A 44	Alena:'You found the Padequia Root?'<44>Alena:'I couldn't find it myself and returned empty handed.I'm grateful!'<44>
03EE	1F	0E	01	9C17	5598	5826	25 16 0F 18 0B 71 69 35 1F 13 0D 15 6E 00 27 1C 13 1D 1E 19 00 18 0F 0F 0E 1D 00 1E 12 0F 00 34 0B 0E 0F 1B 1F 13 0B 6E 6A	Alena:'Quick! Cristo needs the Padequia!'
03EF	1F	0F	01	9C17	5826	6080	49 00 11 1C 13 18 0E 1D 00 1E 12 0F 00 34 0B 0E 0F 1B 1F 13 0B 00 36 19 19 1E 00 0B 18 0E 00 11 13 20 0F 1D 00 13 1E 00 1E 19 00 27 1C 13 1D 1E 19 6E 44	<49> grinds the Padequia Root and gives it to Cristo!<44>
03F0	1F	10	01	9C17	6080	6680	69 34 16 0F 0B 1D 0F 00 21 0B 13 1E 6E 00 2D 6B 17 00 1D 19 1C 1C 23 00 0C 1F 1E 00 2D 00 0F 0B 20 0F 1D 0E 1C 19 1A 1A 0F 0E 00 19 18 00 23 19 1F 1C 00 0D 19 18 20 0F 1C 1D 0B 1E 13 19 18 6C 4F 2D 00 0E 13 0E 18 6B 1E 00 15 18 19 21 00 1E 12 0B 1E 00 49 00 21 0B 1D 00 1E 12 0F 00 2C 0F 1C 19 00 21 12 19 00 21 13 16 16 00 1D 0B 20 0F 00 1E 12 0F 00 21 19 1C 16 0E 6E 6A 44	'Please wait! I'm sorry but I eavesdropped on your conversation.'<4F>I didn't know that <49> was the Hero who will save the world!'<44>
03F1	1F	11	01	9C17	6680	7310	69 25 00 17 0B 18 00 18 0B 17 0F 0E 00 36 0B 11 18 0B 1C 77 1D 0F 0B 1C 0D 12 13 18 11 00 10 19 1C 00 1E 12 0F 00 2C 0F 1C 19 77 19 18 0D 0F 00 1D 1E 0B 23 0F 0E 00 0B 1E 00 1E 12 13 1D 00 13 18 18 6C 4F 36 0B 11 18 0B 1C 00 1D 0B 13 0E 00 12 0F 00 21 0B 1D 00 11 19 13 18 11 00 1E 19 00 0B 00 0D 19 1F 18 1E 1C 23 00 18 0B 17 0F 0E 00 2F 0F 0F 16 0F 19 18 00 13 18 00 1E 12 0F 00 10 0B 1C 00 21 0F 1D 1E 72 6C	'A man named Ragnar,searching for the Hero,once stayed at this inn.'<4F>Ragnar said he was going to a country named Keeleon in the far west....'
03F2	1F	12	01	9C17	7310	7453	38 12 13 1D 00 0E 19 19 1C 00 0E 19 0F 1D 18 6B 1E 00 1D 0F 0F 17 00 1E 19 00 19 1A 0F 18 78	This door doesn't seem to open.
03F3	1F	13	01	9C17	7453	7877	69 3D 19 1F 6B 20 0F 00 0D 19 17 0F 00 1E 19 00 1D 0B 20 0F 00 1F 1D 6E 6A 4F 3B 0F 6B 20 0F 00 0C 0F 0F 18 00 21 0B 13 1E 13 18 11 00 10 19 1C 00 23 19 1F 72 6A 4F 1E 19 00 10 0B 16 16 00 13 18 1E 19 00 1E 12 0F 00 29 20 13 16 00 3B 19 1C 16 0E 6E 6A	'You've come to save us!'<4F>We've been waiting for you...'<4F>to fall into the Evil World!'
03F4	1F	14	01	9C17	7877	8083	26 1F 1E 00 1E 12 0F 00 1D 1E 1C 0B 18 11 0F 00 10 19 1C 0D 0F 00 21 19 1C 15 1D 00 0B 18 0E 00 0D 19 18 1E 0B 13 18 1D 00 50 6E	But the strange force works and contains <50>!
03F5	1F	15	01	9C17	8083	8166	32 0B 1C 0B 71 69 2C 0F 16 1A 6E 6A	Nara:'Help!'
03F6	1F	16	01	9C17	8166	8292	38 12 0F 00 17 19 18 1D 1E 0F 1C 00 0D 12 0B 18 1E 1D 00 36 0F 1E 1F 1C 18 6E	The monster chants Return!
03F7	1F	17	01	9C17	8292	9278	31 0B 1C 0B 71 69 49 77 23 19 1F 6B 20 0F 00 0D 19 17 0F 00 1E 19 00 1C 0F 1D 0D 1F 0F 00 1F 1D 6E 00 38 12 0B 1E 6B 1D 00 21 12 0B 1E 00 23 19 1F 00 1E 12 19 1F 11 12 1E 00 2D 00 21 19 1F 16 0E 00 1D 0B 23 72 6C 44 31 0B 1C 0B 71 69 3D 19 1F 00 21 19 18 6B 1E 00 10 19 19 16 00 1F 1D 00 0B 11 0B 13 18 78 3D 19 1F 6B 1C 0F 00 18 19 1E 00 49 6E 00 3B 0F 6B 16 16 00 10 13 11 12 1E 00 23 19 1F 00 1E 12 13 1D 00 1E 13 17 0F 6E 6A 44 32 0B 1C 0B 71 69 3B 0B 13 1E 00 1D 13 1D 6E 00 2D 00 1E 12 13 18 15 00 1E 12 13 1D 00 13 1D 00 1C 0F 0B 16 16 23 00 49 78 2D 00 0D 0B 18 00 1E 0F 16 16 6C 44	Mara:'<49>,you've come to rescue us! That's what you thought I would say....'<44>Mara:'You won't fool us again.You're not <49>! We'll fight you this time!'<44>Nara:'Wait sis! I think this is really <49>.I can tell.'<44>
03F8	1F	18	01	9C17	9278	9603	31 0B 1C 0B 71 69 36 0F 0B 16 16 23 6D 00 38 12 0F 18 00 0B 18 1D 21 0F 1C 00 1E 12 13 1D 78 3B 0B 1D 00 32 0B 1C 0B 00 0B 1E 00 1E 12 0F 00 27 0B 1D 13 18 19 00 13 18 00 29 18 0E 19 1C 6D 6A	Mara:'Really? Then answer this.Was Nara at the Casino in Endor?'
03F9	1F	19	01	9C17	9603	10078	31 0B 1C 0B 71 69 2D 00 21 0B 1D 00 1C 13 11 12 1E 6E 00 38 12 13 1D 00 13 1D 00 0B 00 17 19 18 1D 1E 0F 1C 6E 6A 44 32 0B 1C 0B 71 69 2D 00 1D 1E 13 16 16 00 1E 12 13 18 15 00 13 1E 6B 1D 00 49 78 43 49 77 13 1E 6B 1D 00 23 19 1F 77 13 1D 18 6B 1E 00 13 1E 6D 6A 44	Mara:'I was right! This is a monster!'<44>Nara:'I still think it's <49>.<43><49>,it's you,isn't it?'<44>
03FA	1F	1A	01	9C17	10078	10729	31 0B 1C 0B 71 69 2C 17 17 72 23 19 1F 00 17 0B 23 00 0C 0F 00 1C 13 11 12 1E 6C 44 32 0B 1C 0B 71 69 37 19 1C 1C 23 00 21 0F 00 0E 19 1F 0C 1E 0F 0E 00 23 19 1F 78 3B 0F 6B 20 0F 00 0C 0F 0F 18 00 0D 12 0B 1D 0F 0E 00 0C 23 00 23 19 1F 1C 00 13 17 1A 19 1D 1E 0F 1C 00 10 19 1C 00 1D 19 00 16 19 18 11 72 6C 44 31 0B 1C 0B 71 69 30 0F 1E 6B 1D 00 11 19 00 18 19 21 6E 6A	Mara:'Hmm...you may be right.'<44>Nara:'Sorry we doubted you.We've been chased by your imposter for so long....'<44>Mara:'Let's go now!'
03FB	1F	1B	01	9C17	10729	10933	49 00 0D 0B 18 6B 1E 00 0C 0F 00 0F 1B 1F 13 1A 1A 0F 0E 00 21 13 1E 12 00 0B 18 23 00 17 19 1C 0F 00 1E 12 13 18 11 1D 78	<49> can't be equipped with any more things.
03FC	1F	1C	01	9C17	10933	11949	69 27 19 18 11 1C 0B 1E 1F 16 0B 1E 13 19 18 1D 6E 00 3D 19 1F 6B 1C 0F 00 1E 12 0F 00 02 01 01 01 1E 12 00 1A 0F 1C 1D 19 18 00 1E 19 00 1E 1C 0B 20 0F 16 00 1E 12 1C 19 1F 11 12 00 1E 12 13 1D 00 1E 1F 18 18 0F 16 00 1D 13 18 0D 0F 00 13 1E 1D 00 19 1A 0F 18 13 18 11 6E 6A 4F 3D 19 1F 6B 16 16 00 1C 0F 0D 0F 13 20 0F 00 0B 00 1E 0F 1C 1C 13 10 13 0D 00 1A 1C 13 24 0F 00 10 1C 19 17 00 1E 12 0F 00 2F 13 18 11 00 19 10 00 29 18 0E 19 1C 6C 4F 2D 1E 6B 1D 00 03 01 01 01 00 0D 19 13 18 1D 00 23 19 1F 00 0D 0B 18 00 1F 1D 0F 00 0B 1E 00 1E 12 0F 00 27 0B 1D 13 18 19 00 13 18 00 29 18 0E 19 1C 6E 6A 44	'Congratulations! You're the 1000th person to travel through this tunnel since its opening!'<4F>You'll receive a terrific prize from the King of Endor.'<4F>It's 2000 coins you can use at the Casino in Endor!'<44>
03FD	1F	1D	01	9C17	11949	12273	69 2D 1E 6B 16 16 00 0C 0F 00 0E 0F 1A 19 1D 13 1E 0F 0E 00 0B 1E 00 1E 12 0F 00 27 0B 1D 13 18 19 00 1F 18 0E 0F 1C 00 23 19 1F 1C 00 18 0B 17 0F 6E 00 27 19 18 11 1C 0B 1E 1F 16 0B 1E 13 19 18 1D 6E 6A	'It'll be deposited at the Casino under your name! Congratulations!'
03FE	1F	1E	01	9C17	12273	12454	00 00 00 00 00 00 00 32 19 1C 1E 12 00 1E 19 43 00 38 12 0F 00 3A 13 16 16 0B 11 0F 00 19 10 00 2F 13 0F 20 1D	       North to<43> The Village of Kievs
03FF	1F	1F	01	9C17	12454	12747	38 12 0F 00 29 20 13 16 00 2A 13 1C 0F 00 0D 0F 0B 1D 0F 1D 00 0B 18 0E 00 1E 12 0F 00 2A 13 1C 0F 00 19 10 00 37 0F 1C 0F 18 13 1E 23 00 1D 1E 0B 1C 1E 1D 00 0C 1F 1C 18 13 18 11 6E	The Evil Fire ceases and the Fire of Serenity starts burning!
0400	20	00	01	A251	0	258	37 19 16 0E 13 0F 1C 71 69 35 1F 13 0F 1E 6E 6A 44 36 0B 11 18 0B 1C 71 69 3D 19 1F 00 0D 0B 18 6B 1E 00 1D 1E 19 1A 00 17 0F 6E 6A	Soldier:'Quiet!'<44>Ragnar:'You can't stop me!'
0401	20	01	01	A251	258	660	36 0B 11 18 0B 1C 71 69 25 1C 0F 18 6B 1E 00 23 19 1F 00 1E 12 0F 00 2C 0F 1C 19 6B 1D 00 0D 19 17 1A 0B 18 13 19 18 1D 6D 6A 44 36 0B 11 18 0B 1C 71 69 2D 00 21 0B 18 1E 00 1E 19 00 1D 0F 0F 00 1E 12 0F 00 2C 0F 1C 19 00 18 19 21 6E 6A	Ragnar:'Aren't you the Hero's companions?'<44>Ragnar:'I want to see the Hero now!'
0402	20	02	01	A251	660	2241	36 0B 11 18 0B 1C 71 69 2D 6B 20 0F 00 10 13 18 0B 16 16 23 00 10 19 1F 18 0E 00 1E 12 0F 00 2C 0F 1C 19 00 2D 6B 20 0F 00 0C 0F 0F 18 00 1D 0F 0B 1C 0D 12 13 18 11 00 10 19 1C 6E 6A 44 36 0B 11 18 0B 1C 71 69 3D 19 1F 00 10 13 1E 00 1E 12 0F 00 0E 0F 1D 0D 1C 13 1A 1E 13 19 18 00 2D 00 12 0F 0B 1C 0E 00 0B 1E 00 1E 12 0F 00 2C 19 1F 1D 0F 00 19 10 00 34 1C 19 1A 12 0F 0D 23 6E 6A 44 36 0B 11 18 0B 1C 71 69 2D 00 12 0F 0B 1C 00 1E 12 0F 00 19 18 0F 1D 00 13 18 00 1E 12 13 1D 00 1C 19 19 17 00 0C 0F 16 19 18 11 00 1E 19 00 1E 12 0F 00 0F 20 13 16 00 10 19 1C 0D 0F 00 21 12 13 0D 12 00 1A 16 0B 18 1D 00 1E 19 00 0E 0F 1D 1E 1C 19 23 00 1E 12 0F 00 21 19 1C 16 0E 6C 44 36 0B 11 18 0B 1C 71 69 30 0F 1E 6B 1D 00 0E 0F 10 0F 0B 1E 00 1E 12 0F 17 00 0B 18 0E 00 1C 0F 20 0F 0B 16 00 1E 12 0F 00 1D 19 1F 1C 0D 0F 00 19 10 00 0F 20 13 16 00 21 12 13 0D 12 00 0E 1C 13 20 0F 1D 00 1E 12 0F 17 6E 6A 44 36 0B 11 18 0B 1C 71 69 30 0F 1E 6B 1D 00 11 19 00 13 18 1D 13 0E 0F 6E 6A	Ragnar:'I've finally found the Hero I've been searching for!'<44>Ragnar:'You fit the description I heard at the House of Prophecy!'<44>Ragnar:'I hear the ones in this room belong to the evil force which plans to destroy the world.'<44>Ragnar:'Let's defeat them and reveal the source of evil which drives them!'<44>Ragnar:'Let's go inside!'
0403	20	03	01	A251	2241	2359	37 19 16 0E 13 0F 1C 71 69 2D 18 1E 1C 1F 0E 0F 1C 1D 6E 6A	Soldier:'Intruders!'
0404	20	04	01	A251	2359	2636	36 0B 11 18 0B 1C 71 69 2D 6B 16 16 00 12 0B 18 0E 16 0F 00 1E 12 0F 17 6E 00 3D 19 1F 00 1E 0B 15 0F 00 0D 0B 1C 0F 00 19 10 00 1E 12 0F 00 17 19 18 1D 1E 0F 1C 6E 6A	Ragnar:'I'll handle them! You take care of the monster!'
0405	20	05	01	A251	2636	3454	69 2D 72 2D 6B 17 00 0E 0F 10 0F 0B 1E 0F 0E 72 78 3B 12 19 00 0B 1C 0F 00 23 19 1F 6D 6A 4F 25 1C 0F 00 23 19 1F 00 1E 12 0F 00 2C 0F 1C 19 00 21 12 19 00 13 1D 00 1A 1C 19 1A 12 0F 1D 13 0F 0E 00 1E 19 00 0E 0F 1D 1E 1C 19 23 00 1E 12 0F 00 36 1F 16 0F 1C 00 19 10 00 29 20 13 16 6D 6A 4F 3D 19 1F 00 0D 0B 18 6B 1E 00 0C 0F 6E 00 2D 00 12 0F 0B 1C 0E 00 32 0F 0D 1C 19 1D 0B 1C 19 00 0E 0F 1D 1E 1C 19 23 0F 0E 00 1E 12 0F 00 2C 0F 1C 19 72 78 4B 2B 0B 1D 1A 6E 6A 43 4B 51	'I...I'm defeated....Who are you?'<4F>Are you the Hero who is prophesied to destroy the Ruler of Evil?'<4F>You can't be! I heard Necrosaro destroyed the Hero....<4B>Gasp!'<43><4B><51>
0406	20	06	01	A251	3454	4306	69 2D 1E 72 4B 2D 1E 6B 1D 00 13 17 1A 19 1D 1D 13 0C 16 0F 6E 00 31 23 00 0C 19 0E 23 77 1D 1F 1A 1A 19 1D 0F 0E 16 23 00 13 18 20 13 18 0D 13 0C 16 0F 77 13 1D 00 1E 0F 1C 1C 13 0C 16 23 00 21 19 1F 18 0E 0F 0E 72 6C 4F 26 1F 1E 00 0B 1D 00 16 19 18 11 00 0B 1D 00 1E 12 0F 00 37 0F 0D 1C 0F 1E 00 19 10 00 29 20 19 16 1F 1E 13 19 18 00 0F 22 13 1D 1E 1D 77 2D 00 21 13 16 16 00 18 0F 20 0F 1C 00 10 0B 16 16 72 78 2D 00 21 13 16 16 72 2D 00 21 13 16 16 72 4B 2B 0B 1D 1A 6E 6A 43 4B	'It...<4B>It's impossible! My body,supposedly invincible,is terribly wounded....'<4F>But as long as the Secret of Evolution exists,I will never fall....I will...I will...<4B>Gasp!'<43><4B>
0407	20	07	01	A251	4306	4621	69 38 12 0F 00 0F 22 1A 0F 1C 13 17 0F 18 1E 00 1D 0F 0F 17 1D 00 1E 19 00 12 0B 20 0F 00 10 0B 13 16 0F 0E 78 3B 0F 00 17 1F 1D 1E 00 1C 0F 1A 19 1C 1E 00 1E 19 00 32 0F 0D 1C 19 1D 0B 1C 19 72 6C	'The experiment seems to have failed.We must report to Necrosaro....'
0408	20	08	01	A251	4621	5220	69 38 12 0F 00 2B 19 16 0E 0F 18 00 26 1C 0B 0D 0F 16 0F 1E 00 13 1D 00 18 0F 0D 0F 1D 1D 0B 1C 23 00 1E 19 00 1A 0F 1C 10 0F 0D 1E 00 1E 12 0F 00 37 0F 0D 1C 0F 1E 00 19 10 00 29 20 19 16 1F 1E 13 19 18 6C 4F 2D 1E 6B 1D 00 1D 0B 13 0E 00 1E 12 0F 00 2B 19 16 0E 0F 18 00 26 1C 0B 0D 0F 16 0F 1E 00 0B 17 1A 16 13 10 13 0F 1D 00 1E 12 0F 00 0F 20 13 16 00 10 19 1C 0D 0F 6E 6A	'The Golden Bracelet is necessary to perfect the Secret of Evolution.'<4F>It's said the Golden Bracelet amplifies the evil force!'
0409	20	09	01	A251	5220	5856	69 3B 12 0F 18 00 21 0F 00 19 0C 1E 0B 13 18 00 1E 12 0F 00 2B 19 16 0E 0F 18 00 26 1C 0B 0D 0F 16 0F 1E 00 0B 18 0E 00 1A 0F 1C 10 0F 0D 1E 00 1E 12 0F 00 37 0F 0D 1C 0F 1E 00 19 10 00 29 20 19 16 1F 1E 13 19 18 72 6A 4F 19 1F 1C 00 1E 13 17 0F 77 1E 12 0F 00 1E 13 17 0F 00 19 10 00 1E 12 0F 00 0F 20 13 16 00 10 19 1C 0D 0F 77 21 13 16 16 00 0D 19 17 0F 6E 00 2C 0B 77 2C 0B 77 2C 0B 6E 6A	'When we obtain the Golden Bracelet and perfect the Secret of Evolution...'<4F>our time,the time of the evil force,will come! Ha,Ha,Ha!'
040A	20	0A	01	A251	5856	5953	69 32 19 19 19 6E 00 31 19 18 1D 1E 0F 1C 1D 6E 6A	'Nooo! Monsters!'
040B	20	0B	01	A251	5953	6090	69 3D 0F 0F 15 6E 00 2B 0F 1E 00 0B 21 0B 23 00 10 1C 19 17 00 17 0F 6E 6A	'Yeek! Get away from me!'
040C	20	0C	01	A251	6090	6281	69 3D 19 1F 00 17 19 18 1D 1E 0F 1C 1D 6E 00 2D 6B 16 16 00 1E 0B 15 0F 00 0D 0B 1C 0F 00 19 10 00 23 19 1F 6E 6A	'You monsters! I'll take care of you!'
040D	20	0D	01	A251	6281	6419	69 25 1F 1F 11 12 6E 00 31 23 00 0F 18 0E 00 12 0B 1D 00 0D 19 17 0F 6E 6A	'Auugh! My end has come!'
040E	20	0E	01	A251	6419	6502	69 3D 1F 15 6E 00 2C 0F 16 1A 6E 6A	'Yuk! Help!'
040F	20	0F	01	A251	6502	6586	69 3B 12 0B 1E 00 0B 1C 0F 00 23 19 1F 6D 6A	'What are you?'
0410	20	10	01	A251	6586	6733	69 2D 6B 17 00 18 19 1E 00 0B 10 1C 0B 13 0E 00 19 10 00 17 19 18 1D 1E 0F 1C 1D 6E 6A	'I'm not afraid of monsters!'
0411	20	11	01	A251	6733	6831	69 33 12 77 17 23 72 2A 1F 1F 10 6E 6A	'Oh,my...Fuuf!'
0412	20	12	01	A251	6831	7075	69 33 12 77 18 19 6E 00 31 19 18 1D 1E 0F 1C 1D 00 0B 1C 0F 00 13 18 00 1E 12 0F 00 1E 19 21 18 6E 00 38 12 13 1D 00 13 1D 00 1E 12 0F 00 0F 18 0E 6E 6A	'Oh,no! Monsters are in the town! This is the end!'
0413	20	13	01	A251	7075	7216	69 3D 19 1F 00 0C 19 16 0E 00 17 19 18 1D 1E 0F 1C 1D 6E 00 27 19 17 0F 6E 6A	'You bold monsters! Come!'
0414	20	14	01	A251	7216	7325	69 29 13 13 23 0B 0B 6E 00 31 19 18 1D 1E 0F 1C 1D 6E 6A	'Eiiyaa! Monsters!'
0415	20	15	01	A251	7325	7494	69 31 19 18 1D 1E 0F 1C 1D 6E 00 2C 0F 16 1A 6E 00 37 19 17 0F 19 18 0F 77 12 0F 16 1A 6E 6A	'Monsters! Help! Someone,help!'
0416	20	16	01	A251	7494	7595	69 37 19 17 0F 19 18 0F 77 12 0F 16 1A 00 17 0F 6E 6A	'Someone,help me!'
0417	20	17	01	A251	7595	7706	69 28 19 18 6B 1E 00 0D 19 17 0F 00 18 0F 0B 1C 00 17 0F 6E 6A	'Don't come near me!'
0418	20	18	01	A251	7706	7887	69 3D 13 0F 0F 6E 00 2D 00 12 0B 20 0F 00 1D 19 17 0F 00 17 19 18 0F 23 78 37 1A 0B 1C 0F 00 17 0F 6E 6A	'Yiee! I have some money.Spare me!'
0419	20	19	01	A251	7887	8094	69 28 19 18 6B 1E 00 0D 19 17 0F 00 0B 18 23 00 0D 16 19 1D 0F 1C 00 19 1C 00 2D 6B 16 16 00 0C 0B 1D 12 00 23 19 1F 6E 6A	'Don't come any closer or I'll bash you!'
041A	20	1A	01	A251	8094	8157	69 2B 0B 1C 1C 1C 1F 6E 6A	'Garrru!'
041B	20	1B	01	A251	8157	8234	69 2B 23 0B 18 23 0B 18 23 0B 6E 6A	'Gyanyanya!'
041C	20	1C	01	A251	8234	8290	69 37 18 1C 1C 1E 6E 6A	'Snrrt!'
041D	20	1D	01	A251	8290	8403	69 3D 19 1F 6E 00 26 19 18 15 77 26 19 18 15 72 6A	'You! Bonk,Bonk...'
041E	20	1E	01	A251	8403	8540	69 39 12 6E 00 2D 72 2D 6B 0E 00 0C 0F 1E 1E 0F 1C 00 1C 1F 18 6E 6A	'Uh! I...I'd better run!'
041F	20	1F	01	A251	8540	8635	69 34 16 0F 0B 1D 0F 00 1D 1A 0B 1C 0F 00 1F 1D 6E 6A	'Please spare us!'
0420	21	00	01	A689	0	58	69 33 19 19 1A 1D 6E 6A	'Ooops!'
0421	21	01	01	A689	58	621	34 0B 18 19 18 71 69 3B 0F 16 16 77 1D 0F 0F 17 1D 00 17 23 00 1E 0B 1D 15 00 13 1D 00 19 20 0F 1C 6C 44 34 0B 18 19 18 71 69 2D 6B 16 16 00 1C 0F 1D 1F 17 0F 00 17 23 00 21 0B 18 0E 0F 1C 13 18 11 6C 44 34 0B 18 19 18 71 69 2B 19 19 0E 0C 23 0F 77 49 78 2D 00 21 13 1D 12 00 23 19 1F 00 1D 1F 0D 0D 0F 1D 1D 6E 6A 44	Panon:'Well,seems my task is over.'<44>Panon:'I'll resume my wandering.'<44>Panon:'Goodbye,<49>.I wish you success!'<44>
0422	21	02	01	A689	621	726	34 0B 18 19 18 00 16 0F 10 1E 00 1E 12 0F 00 34 0B 1C 1E 23 6E	Panon left the Party!
0423	21	03	01	A689	726	1122	69 25 00 17 19 18 1D 1E 0F 1C 6E 6A 4F 2C 1F 12 6D 00 4B 2C 0F 0B 16 13 0F 00 13 1D 00 1E 12 0F 00 18 0B 17 0F 6D 6A 4F 37 19 1C 1C 23 00 0C 1F 1E 00 2D 00 0D 0B 18 6B 1E 00 1D 0F 16 16 00 23 19 1F 00 0B 18 23 1E 12 13 18 11 72 6C	'A monster!'<4F>Huh? <4B>Healie is the name?'<4F>Sorry but I can't sell you anything....'
0424	21	04	01	A689	1122	1281	49 00 0E 19 0F 1D 18 6B 1E 00 1D 0F 0F 17 00 1E 19 00 21 0B 18 1E 00 1E 19 00 0D 0B 1C 1C 23 00 13 1E 78	<49> doesn't seem to want to carry it.
0425	21	05	01	A689	1281	1481	69 32 19 00 21 0B 23 6E 6A 4F 2D 00 0E 19 18 6B 1E 00 0E 0F 0B 16 00 21 13 1E 12 00 17 19 18 1D 1E 0F 1C 1D 6E 6A	'No way!'<4F>I don't deal with monsters!'
0426	21	06	01	A689	1481	1631	49 00 0E 19 0F 1D 18 6B 1E 00 1D 0F 0F 17 00 1E 19 00 21 0B 18 1E 00 1E 19 00 1D 0F 16 16 00 13 1E 78	<49> doesn't seem to want to sell it.
0427	21	07	01	A689	1631	1678	69 26 23 0F 72 6C	'Bye....'
0428	21	08	01	A689	1678	2142	27 1C 13 1D 1E 19 6B 1D 00 0D 19 17 1A 16 0F 22 13 19 18 00 1C 0F 1E 1F 1C 18 1D 00 1E 19 00 18 19 1C 17 0B 16 00 0B 1E 00 19 18 0D 0F 77 0B 18 0E 00 12 0F 00 1C 0F 0D 19 20 0F 1C 1D 6E 44 27 1C 13 1D 1E 19 71 69 39 17 17 72 2C 0B 6E 00 4B 34 1C 13 18 0D 0F 1D 1D 6E 6A	Cristo's complexion returns to normal at once,and he recovers!<44>Cristo:'Umm...Ha! <4B>Princess!'
0429	21	09	01	A689	2142	2448	69 3D 19 1F 00 17 0B 23 00 21 0B 11 0F 1C 00 1E 12 0F 1D 0F 00 21 13 18 18 13 18 11 1D 00 19 18 00 1E 12 0F 00 18 0F 22 1E 00 17 0B 1E 0D 12 78 28 19 00 23 19 1F 00 21 0B 18 1E 00 1E 19 6D 6A	'You may wager these winnings on the next match.Do you want to?'
042A	21	0A	01	A689	2448	2570	26 1F 1E 00 1E 12 0F 00 2F 13 18 11 00 13 1D 00 0B 1D 16 0F 0F 1A 72 78	But the King is asleep....
042B	21	0B	01	A689	2570	2831	69 26 1F 1E 00 23 19 1F 00 0E 19 18 6B 1E 00 1D 0F 0F 17 00 1E 19 00 0C 0F 00 0B 0C 16 0F 00 1E 19 00 0D 0B 1C 1C 23 00 1E 12 0B 1E 00 17 1F 0D 12 00 17 19 18 0F 23 6C	'But you don't seem to be able to carry that much money.'
042C	21	0C	01	A689	2831	2974	69 49 00 1D 12 19 1F 16 0E 00 1C 0F 1E 1F 1C 18 00 1E 19 00 1E 12 0F 00 21 0B 11 19 18 6C	'<49> should return to the wagon.'
042D	21	0D	01	A689	2974	3248	44 69 02 00 0D 19 13 18 00 0D 19 1D 1E 1D 00 47 00 11 19 16 0E 00 1A 13 0F 0D 0F 4C 78 2C 19 21 00 17 0B 18 23 00 0E 19 00 23 19 1F 00 21 0B 18 1E 6D 6A	<44>'1 coin costs <47> gold piece<4C>.How many do you want?'
042E	21	0E	01	A689	3248	3734	69 3B 0B 13 1E 00 0B 00 1D 0F 0D 19 18 0E 6E 00 3D 19 1F 00 0D 0B 18 6B 1E 00 1E 1C 0B 20 0F 16 00 16 13 15 0F 00 1E 12 0B 1E 6C 4F 3D 19 1F 6B 0E 00 0C 0F 1E 1E 0F 1C 00 1E 0B 15 0F 00 1E 12 0F 00 1E 12 13 18 11 1D 00 10 1C 19 17 00 1E 12 19 1D 0F 00 14 0B 1C 1D 00 13 18 00 1E 12 0B 1E 00 1C 19 19 17 6E 6A	'Wait a second! You can't travel like that.'<4F>You'd better take the things from those jars in that room!'
042F	21	0F	01	A689	3734	4596	44 25 16 0F 18 0B 71 69 3D 19 1F 6B 1C 0F 00 10 13 18 0F 77 27 1C 13 1D 1E 19 6C 44 27 1C 13 1D 1E 19 71 69 2D 6B 17 00 0B 1D 12 0B 17 0F 0E 78 2D 6B 17 00 1E 12 0F 00 19 18 0F 00 21 12 19 00 1D 12 19 1F 16 0E 00 0C 0F 00 16 19 19 15 13 18 11 00 0B 10 1E 0F 1C 00 23 19 1F 6C 44 25 16 0F 18 0B 71 69 28 19 18 6B 1E 00 21 19 1C 1C 23 77 27 1C 13 1D 1E 19 78 32 19 21 00 16 0F 1E 6B 1D 00 1C 0F 1D 1F 17 0F 00 19 1F 1C 00 14 19 1F 1C 18 0F 23 00 1E 19 00 10 13 18 0E 00 32 0F 0D 1C 19 1D 0B 1C 19 6E 6A 44	<44>Alena:'You're fine,Cristo.'<44>Cristo:'I'm ashamed.I'm the one who should be looking after you.'<44>Alena:'Don't worry,Cristo.Now let's resume our journey to find Necrosaro!'<44>
0430	21	10	01	A689	4596	4876	25 16 0F 18 0B 71 69 3B 12 0B 1E 6B 1D 00 1E 12 0F 00 17 0B 1E 1E 0F 1C 6D 00 4B 2C 1F 12 6D 00 4B 49 00 1E 19 19 72 32 0F 0D 1C 19 1D 0B 1C 19 72 6C 44	Alena:'What's the matter? <4B>Huh? <4B><49> too...Necrosaro....'<44>
0431	21	11	01	A689	4876	5336	69 2D 00 18 0F 0F 0E 00 1E 19 00 17 0B 15 0F 00 1D 1F 1C 0F 6C 4F 38 12 0F 00 2D 17 1A 0F 1C 13 0B 16 00 37 0D 1C 19 16 16 1D 00 19 10 00 2C 19 18 19 1C 00 21 19 18 6B 1E 00 0C 0F 00 1F 1A 0E 0B 1E 0F 0E 78 28 19 00 23 19 1F 00 1D 1E 13 16 16 00 21 0B 18 1E 00 1E 19 00 0F 18 0E 6D 6A	'I need to make sure.'<4F>The Imperial Scrolls of Honor won't be updated.Do you still want to end?'
0432	21	12	01	A689	5336	5342		
0433	21	13	01	A689	5342	5545	69 2D 10 00 1E 12 0B 1E 6B 1D 00 1E 12 0F 00 0D 0B 1D 0F 77 0D 19 18 1E 13 18 1F 0F 00 23 19 1F 1C 00 1B 1F 0F 1D 1E 6C 44	'If that's the case,continue your quest.'<44>
0434	21	14	01	A689	5545	5865	49 00 12 0B 1D 00 10 0B 16 16 0F 18 00 13 18 1E 19 00 0B 00 0E 0F 0F 1A 00 1D 16 0F 0F 1A 72 78 43 37 0F 0F 17 1D 00 1E 19 00 12 0B 20 0F 00 0C 0F 11 1F 18 00 0E 1C 0F 0B 17 13 18 11 72 78 4B 4B	<49> has fallen into a deep sleep....<43>Seems to have begun dreaming....<4B><4B>
0435	21	15	01	A689	5865	7028	4E 37 0B 1C 19 71 69 36 19 1D 0B 77 12 0B 20 0F 00 23 19 1F 43 00 0C 0F 0F 18 00 0B 00 11 19 19 0E 00 11 13 1C 16 6D 6A 43 4E 36 19 1D 0B 71 69 37 0B 1C 19 72 6C 44 4E 37 0B 1C 19 71 69 36 19 1D 0B 77 2D 6B 20 0F 43 00 0E 0F 0D 13 0E 0F 0E 00 1E 19 43 00 0F 22 1E 0F 1C 17 13 18 0B 1E 0F 00 0B 16 16 00 19 10 43 00 17 0B 18 15 13 18 0E 6C 44 4E 37 0B 1C 19 71 69 38 12 0F 00 21 19 1C 16 0E 00 21 13 16 16 43 00 1D 19 19 18 00 1D 0F 0F 00 13 1E 1D 00 0F 18 0E 6C 44 4E 37 0B 1C 19 71 69 39 18 1E 13 16 00 17 23 43 00 0B 17 0C 13 1E 13 19 18 00 13 1D 43 00 10 1F 16 10 13 16 16 0F 0E 77 23 19 1F 00 1D 1E 0B 23 43 00 12 0F 1C 0F 72 6C 44	<4E>Saro:'Rosa,have you<43> been a good girl?'<43><4E>Rosa:'Saro....'<44><4E>Saro:'Rosa,I've<43> decided to<43> exterminate all of<43> mankind.'<44><4E>Saro:'The world will<43> soon see its end.'<44><4E>Saro:'Until my<43> ambition is<43> fulfilled,you stay<43> here....'<44>
0436	21	16	01	A689	7028	7245	4E 36 19 1D 0B 71 69 3B 0B 13 1E 77 37 0B 1C 19 6E 6A 44 4E 36 19 1D 0B 71 69 72 72 72 6A 44	<4E>Rosa:'Wait,Saro!'<44><4E>Rosa:'.........'<44>
0437	21	17	01	A689	7245	7913	4E 36 19 1D 0B 71 69 37 19 17 0F 19 18 0F 72 1D 19 17 0F 19 18 0F 43 00 17 1F 1D 1E 00 1D 1E 19 1A 00 37 0B 1C 19 6E 6A 44 4E 36 19 1D 0B 71 69 33 1C 00 1E 12 0F 00 21 19 1C 16 0E 43 00 21 13 16 16 00 0D 0F 0B 1D 0F 00 1E 19 00 0F 22 13 1D 1E 72 6C 44 4E 36 19 1D 0B 71 69 34 16 0F 0B 1D 0F 72 78 00 37 19 17 0F 19 18 0F 72 78 00 30 13 1D 1E 0F 18 00 1E 19 00 17 0F 72 6C	<4E>Rosa:'Someone...someone<43> must stop Saro!'<44><4E>Rosa:'Or the world<43> will cease to exist....'<44><4E>Rosa:'Please.... Someone.... Listen to me....'
0438	21	18	01	A689	7913	8115	4E 36 19 1D 0B 71 69 37 19 17 0F 19 18 0F 72 78 00 30 13 1D 1E 0F 18 00 1E 19 00 17 0F 72 6C 43 4B 4B	<4E>Rosa:'Someone.... Listen to me....'<43><4B><4B>
0439	21	19	01	A689	8115	8363	69 3D 19 1F 00 0C 19 16 0E 00 1E 12 13 0F 20 0F 1D 6E 6A 4F 3D 19 1F 6B 1C 0F 00 1F 18 0E 0F 1C 00 0B 1C 1C 0F 1D 1E 6E 00 27 19 17 0F 6E 6A	'You bold thieves!'<4F>You're under arrest! Come!'
043A	21	1A	01	A689	8363	8529	69 2B 0F 1E 00 19 1F 1E 6E 00 38 12 0F 00 35 1F 0F 0F 18 00 21 13 16 16 00 1D 0F 0F 00 23 19 1F 6C	'Get out! The Queen will see you.'
043B	21	1B	01	A689	8529	9208	69 2D 6B 17 00 1E 12 0F 00 35 1F 0F 0F 18 00 19 10 00 1E 12 13 1D 00 0D 19 1F 18 1E 1C 23 78 2D 00 14 1F 0E 11 0F 00 0B 16 16 00 0B 0D 0D 1F 1D 0F 0E 6C 4F 3D 19 1F 6B 1C 0F 00 0B 0D 0D 1F 1D 0F 0E 00 19 10 00 1D 1E 0F 0B 16 13 18 11 00 1E 12 0F 00 1A 1C 19 1A 12 0F 1E 0F 1D 1D 6B 1D 00 26 1C 19 18 24 0F 00 25 17 1F 16 0F 1E 6C 4F 28 19 00 23 19 1F 00 0B 0E 17 13 1E 00 23 19 1F 00 1D 1E 19 16 0F 00 13 1E 6D 6A	'I'm the Queen of this country.I judge all accused.'<4F>You're accused of stealing the prophetess's Bronze Amulet.'<4F>Do you admit you stole it?'
043C	21	1C	01	A689	9208	9969	69 28 19 18 6B 1E 00 1E 1C 23 00 1E 19 00 11 0F 1E 00 0B 21 0B 23 00 21 13 1E 12 00 0B 00 16 13 11 12 1E 0F 1C 00 1D 0F 18 1E 0F 18 0D 0F 00 0C 23 00 1D 13 17 1A 16 23 00 0D 19 18 10 0F 1D 1D 13 18 11 6C 4F 3D 19 1F 6B 1C 0F 00 19 18 00 1E 1C 13 0B 16 78 3D 19 1F 00 17 1F 1D 1E 00 1E 0F 16 16 00 1E 12 0F 00 1E 1C 1F 1E 12 6C 4F 2D 00 0B 1D 15 00 23 19 1F 00 0B 11 0B 13 18 78 28 13 0E 00 23 19 1F 00 1D 1E 0F 0B 16 00 1E 12 0F 00 26 1C 19 18 24 0F 00 25 17 1F 16 0F 1E 6D 6A	'Don't try to get away with a lighter sentence by simply confessing.'<4F>You're on trial.You must tell the truth.'<4F>I ask you again.Did you steal the Bronze Amulet?'
043D	21	1D	01	A689	9969	10360	69 38 12 0F 00 1A 1C 19 1A 12 0F 1E 0F 1D 1D 00 1D 0B 23 1D 00 1D 12 0F 00 1D 0B 21 00 23 19 1F 00 1D 1E 0F 0B 16 00 13 1E 6C 4F 28 19 00 23 19 1F 00 1D 1E 13 16 16 00 13 18 1D 13 1D 1E 00 23 19 1F 00 0E 13 0E 18 6B 1E 00 1D 1E 0F 0B 16 00 13 1E 6D 6A	'The prophetess says she saw you steal it.'<4F>Do you still insist you didn't steal it?'
043E	21	1E	01	A689	10360	11466	69 38 12 0F 18 00 21 12 19 00 1D 1E 19 16 0F 00 1E 12 0F 00 26 1C 19 18 24 0F 00 25 17 1F 16 0F 1E 6D 6A 4F 2D 10 00 23 19 1F 00 13 18 1D 13 1D 1E 00 23 19 1F 6B 1C 0F 00 10 0B 16 1D 0F 16 23 00 0B 0D 0D 1F 1D 0F 0E 77 2D 6B 16 16 00 11 13 20 0F 00 23 19 1F 00 0B 00 0D 12 0B 18 0D 0F 00 1E 19 00 10 13 18 0E 00 1E 12 0F 00 1C 0F 0B 16 00 1E 12 13 0F 10 6C 4F 2C 19 21 0F 20 0F 1C 77 2D 6B 16 16 00 12 0B 20 0F 00 1E 19 00 15 0F 0F 1A 00 19 18 0F 00 19 10 00 23 19 1F 00 0B 1D 00 0B 00 12 19 1D 1E 0B 11 0F 6C 4F 37 19 16 0E 13 0F 1C 1D 6E 00 34 1F 1E 00 19 18 0F 00 19 10 00 1E 12 0F 17 00 13 18 1E 19 00 14 0B 13 16 6E 6A 4F 2B 19 00 10 13 18 0E 00 1E 12 0F 00 1E 12 13 0F 10 00 18 19 21 6E 6A	'Then who stole the Bronze Amulet?'<4F>If you insist you're falsely accused,I'll give you a chance to find the real thief.'<4F>However,I'll have to keep one of you as a hostage.'<4F>Soldiers! Put one of them into jail!'<4F>Go find the thief now!'
043F	21	1F	01	A689	11466	11767	69 38 12 0B 1E 6B 1D 00 0E 13 10 10 0F 1C 0F 18 1E 00 10 1C 19 17 00 21 12 0B 1E 00 23 19 1F 00 1D 0B 13 0E 6E 6A 4F 2D 6B 16 16 00 0B 1D 15 00 23 19 1F 00 0B 11 0B 13 18 6C 44	'That's different from what you said!'<4F>I'll ask you again.'<44>
0440	22	00	01	AC48	0	142	69 3B 0F 6B 20 0F 00 1E 0B 15 0F 18 00 50 00 0B 1D 00 12 19 1D 1E 0B 11 0F 6C 44	'We've taken <50> as hostage.'<44>
0441	22	01	01	AC48	142	304	69 38 19 00 0D 12 0B 18 11 0F 00 1E 12 0F 00 12 19 1D 1E 0B 11 0F 77 1E 0B 16 15 00 1E 19 00 17 0F 6C	'To change the hostage,talk to me.'
0442	22	02	01	AC48	304	477	69 28 19 00 23 19 1F 00 21 0B 18 1E 00 1E 19 00 0D 12 0B 18 11 0F 00 1E 12 0F 00 12 19 1D 1E 0B 11 0F 6D 6A	'Do you want to change the hostage?'
0443	22	03	01	AC48	477	609	69 3B 12 19 00 21 13 16 16 00 0C 0F 00 1E 12 0F 00 12 19 1D 1E 0B 11 0F 6D 6A	'Who will be the hostage?'
0444	22	04	01	AC48	609	803	69 31 0F 1C 0D 23 00 19 18 00 17 0F 6E 00 2D 00 0B 0E 17 13 1E 00 17 23 00 21 1C 19 18 11 0E 19 13 18 11 6E 6A	'Mercy on me! I admit my wrongdoing!'
0445	22	05	01	AC48	803	1597	69 37 1A 16 0F 18 0E 13 0E 77 49 6E 6A 4F 38 12 0F 00 35 1F 0F 0F 18 00 19 1C 0E 0F 1C 0F 0E 00 17 0F 00 1E 19 00 10 19 16 16 19 21 00 23 19 1F 6C 4F 37 12 0F 00 13 18 1D 1E 1C 1F 0D 1E 0F 0E 00 17 0F 00 1E 19 00 19 10 10 0F 1C 00 0B 1D 1D 13 1D 1E 0B 18 0D 0F 00 13 10 00 18 0F 0D 0F 1D 1D 0B 1C 23 6C 4F 2D 6B 16 16 00 1E 0B 15 0F 00 12 13 17 00 1E 19 00 1E 12 0F 00 27 0B 1D 1E 16 0F 6C 4F 49 77 23 19 1F 00 1C 0F 1E 1F 1C 18 00 1E 19 00 1E 12 0F 00 27 0B 1D 1E 16 0F 78 26 23 0F 6E 6A	'Splendid,<49>!'<4F>The Queen ordered me to follow you.'<4F>She instructed me to offer assistance if necessary.'<4F>I'll take him to the Castle.'<4F><49>,you return to the Castle.Bye!'
0446	22	06	01	AC48	1597	1788	69 3D 1F 17 17 17 6E 00 25 00 0E 0F 16 13 0D 13 19 1F 1D 00 16 19 19 15 13 18 11 00 12 1F 17 0B 18 6E 6A	'Yummm! A delicious looking human!'
0447	22	07	01	AC48	1788	1899	69 3D 19 1F 00 14 0B 13 16 00 0C 1C 0F 0B 15 0F 1C 6E 6A	'You jail breaker!'
0448	22	08	01	AC48	1899	1975	69 3D 19 1F 00 0D 1C 19 19 15 6E 6A	'You crook!'
0449	22	09	01	AC48	1975	3416	37 0B 1C 19 71 69 29 20 0F 1C 23 19 18 0F 6E 00 37 19 17 0F 1E 12 13 18 11 00 1E 0F 1C 1C 13 0C 16 0F 00 12 0B 1D 00 14 1F 1D 1E 00 12 0B 1A 1A 0F 18 0F 0E 00 0B 1E 00 25 15 1E 0F 17 1E 19 6E 6A 44 37 0B 1C 19 71 69 29 1D 1E 1F 1C 15 77 1E 12 0F 00 36 1F 16 0F 1C 00 19 10 00 29 20 13 16 77 1D 0F 0F 17 1D 00 1E 19 00 12 0B 20 0F 00 1C 0F 20 13 20 0F 0E 6E 6A 44 37 0B 1C 19 71 69 2D 1E 00 1D 0F 0F 17 1D 00 17 0F 18 00 0E 1F 11 00 1E 19 19 00 0E 0F 0F 1A 00 0B 18 0E 00 1C 0F 0B 0D 12 0F 0E 00 1E 12 0F 00 29 20 13 16 00 3B 19 1C 16 0E 6C 44 37 0B 1C 19 71 69 3B 0F 00 17 1F 1D 1E 00 11 19 00 1E 19 00 25 15 1E 0F 17 1E 19 00 18 19 21 6E 00 3B 0F 6B 16 16 00 0C 1C 13 18 11 00 29 1D 1E 1F 1C 15 00 1E 12 0F 00 2B 1C 0F 0B 1E 00 1E 19 00 19 1F 1C 00 27 0B 1D 1E 16 0F 6E 6A 44 58 4B 32 0F 0D 1C 19 1D 0B 1C 19 00 0D 12 0B 18 1E 1D 00 36 0F 1E 1F 1C 18 6E	Saro:'Everyone! Something terrible has just happened at Aktemto!'<44>Saro:'Esturk,the Ruler of Evil,seems to have revived!'<44>Saro:'It seems men dug too deep and reached the Evil World.'<44>Saro:'We must go to Aktemto now! We'll bring Esturk the Great to our Castle!'<44><58><4B>Necrosaro chants Return!
044A	22	0A	01	AC48	3416	3513	69 38 12 13 0F 20 0F 1D 6E 00 2C 0F 16 1A 6E 6A	'Thieves! Help!'
044B	22	0B	01	AC48	3513	3770	69 2C 1F 12 6D 00 2D 1E 6B 1D 00 23 19 1F 6E 6A 44 69 32 19 00 21 0B 23 6E 00 3D 19 1F 00 0D 0B 18 6B 1E 00 0D 0B 1E 0D 12 00 17 0F 6E 6A	'Huh? It's you!'<44>'No way! You can't catch me!'
044C	22	0C	01	AC48	3770	3784	49	<49>
044D	22	0D	01	AC48	3784	3913	69 3B 0F 6B 20 0F 00 1E 0B 15 0F 18 00 49 00 0B 1D 00 12 19 1D 1E 0B 11 0F 6C	'We've taken <49> as hostage.'
044E	22	0E	01	AC48	3913	4210	69 2D 00 0C 0F 16 13 0F 20 0F 00 49 00 13 1D 00 13 18 0E 13 1D 1A 0F 18 1D 0B 0C 16 0F 00 1E 19 00 23 19 1F 72 6C 4F 2D 6B 16 16 00 1E 0B 15 0F 00 1D 19 17 0F 19 18 0F 00 0F 16 1D 0F 6C	'I believe <49> is indispensable to you....'<4F>I'll take someone else.'
044F	22	0F	01	AC48	4210	4346	69 32 19 6E 00 2D 72 4B 2D 6B 17 00 18 19 1E 00 1E 0B 1D 1E 23 6E 6A	'No! I...<4B>I'm not tasty!'
0450	22	10	01	AC48	4346	4666	69 2D 6B 17 00 1E 19 19 00 1D 15 13 18 18 23 78 2D 00 15 18 19 21 00 1E 12 0F 00 1A 0F 1C 1D 19 18 00 13 18 00 1E 12 0F 00 18 0F 22 1E 00 1C 19 19 17 00 21 13 16 16 00 1E 0B 1D 1E 0F 00 0C 0F 1E 1E 0F 1C 6C	'I'm too skinny.I know the person in the next room will taste better.'
0451	22	11	01	AC48	4666	4817	69 2C 0F 16 1A 6E 00 4B 37 19 17 0F 0C 19 0E 23 00 12 0F 16 1A 00 17 0F 6E 6A	'Help! <4B>Somebody help me!'
0452	22	12	01	AC48	4817	4943	37 1E 0B 13 1C 1D 00 0B 1A 1A 0F 0B 1C 00 0C 0F 10 19 1C 0F 00 23 19 1F 78	Stairs appear before you.
0453	22	13	01	AC48	4943	5111	49 00 1A 16 0B 23 1D 00 1E 12 0F 00 2A 16 1F 1E 0F 00 19 10 00 39 18 0D 19 20 0F 1C 13 18 11 78	<49> plays the Flute of Uncovering.
0454	22	14	01	AC48	5111	5450	3D 19 1F 00 0D 0B 18 6B 1E 00 1E 0B 16 15 00 1E 12 13 1D 00 21 0B 23 6E 44 39 1D 0F 00 38 25 27 38 2D 27 37 00 27 19 17 17 0B 18 0E 00 1E 19 00 0D 12 0B 18 11 0F 00 17 0F 17 0C 0F 1C 1D 78	You can't talk this way!<44>Use TACTICS Command to change members.
0455	22	15	01	AC48	5450	5689	69 2C 1F 12 6D 00 2D 1E 6B 1D 00 23 19 1F 6E 6A 4F 32 19 6E 00 4B 3D 19 1F 00 21 19 18 6B 1E 00 0D 0B 1E 0D 12 00 17 0F 6E 6A	'Huh? It's you!'<4F>No! <4B>You won't catch me!'
0456	22	16	01	AC48	5689	6743	32 0F 0D 1C 19 1D 0B 1C 19 71 69 2D 00 0D 0B 18 6B 1E 00 0C 0F 16 13 0F 20 0F 00 13 1E 6E 00 29 1D 1E 1F 1C 15 00 1E 12 0F 00 2B 1C 0F 0B 1E 00 21 0B 1D 00 0E 0F 1D 1E 1C 19 23 0F 0E 6E 6A 44 32 0F 0D 1C 19 1D 0B 1C 19 71 69 25 0D 0D 19 1C 0E 13 18 11 00 1E 19 00 1E 12 0F 00 1A 1C 19 1A 12 0F 0D 23 77 19 18 16 23 00 1E 12 0F 00 2C 0F 1C 19 77 0B 00 0E 0F 1D 0D 0F 18 0E 0B 18 1E 00 19 10 00 3E 0F 18 13 1E 12 13 0B 18 1D 77 13 1D 00 0D 0B 1A 0B 0C 16 0F 00 19 10 00 0E 0F 10 0F 0B 1E 13 18 11 00 1E 12 0F 00 36 1F 16 0F 1C 6E 6A 44 32 0F 0D 1C 19 1D 0B 1C 19 71 69 25 1C 0F 00 23 19 1F 72 0B 1C 0F 00 23 19 1F 00 1E 12 0F 72 6E 6D 6A	Necrosaro:'I can't believe it! Esturk the Great was destroyed!'<44>Necrosaro:'According to the prophecy,only the Hero,a descendant of Zenithians,is capable of defeating the Ruler!'<44>Necrosaro:'Are you...are you the...!?'
0457	22	17	01	AC48	6743	7562	69 32 0F 0D 1C 19 1D 0B 1C 19 6E 00 3B 0F 00 12 0B 20 0F 00 0C 0B 0E 00 18 0F 21 1D 6E 6A 4F 3D 19 1F 1C 00 36 19 1D 0B 77 1E 12 0F 00 0F 16 10 13 18 00 11 13 1C 16 77 12 0B 1D 00 0C 0F 0F 18 00 0B 0C 0E 1F 0D 1E 0F 0E 00 0C 23 00 12 1F 17 0B 18 1D 6E 6A 44 32 0F 0D 1C 19 1D 0B 1C 19 71 69 3B 12 0B 1E 6D 6A 44 32 0F 0D 1C 19 1D 0B 1C 19 71 69 27 1F 1C 1D 0F 1D 6E 00 29 20 0F 1C 23 19 18 0F 6E 00 3B 0F 00 17 1F 1D 1E 00 1C 0F 1E 1F 1C 18 00 1E 19 00 19 1F 1C 00 0C 0B 1D 0F 6E 6A	'Necrosaro! We have bad news!'<4F>Your Rosa,the elfin girl,has been abducted by humans!'<44>Necrosaro:'What?'<44>Necrosaro:'Curses! Everyone! We must return to our base!'
0458	22	18	01	AC48	7562	7740	50 00 11 19 0F 1D 00 19 1F 1E 00 0B 12 0F 0B 0E 00 0B 18 0E 00 11 0F 1E 1D 00 13 18 00 1E 12 0F 00 21 0B 11 19 18 6E	<50> goes out ahead and gets in the wagon!
0459	22	19	01	AC48	7740	7935	25 16 0F 18 0B 71 69 26 1C 0F 23 6E 00 3D 19 1F 6B 1C 0F 00 0C 0B 0D 15 00 1D 0B 10 0F 16 23 6E 6A 44	Alena:'Brey! You're back safely!'<44>
045A	22	1A	01	AC48	7935	8155	25 16 0F 18 0B 71 69 2D 00 0D 19 1F 16 0E 18 6B 1E 00 10 13 18 0E 00 1E 12 0F 00 34 0B 0E 0F 1B 1F 13 0B 00 36 19 19 1E 6C	Alena:'I couldn't find the Padequia Root.'
045B	22	1B	01	AC48	8155	8728	25 16 0F 18 0B 71 69 3B 12 0B 1E 6D 00 3D 19 1F 00 10 19 1F 18 0E 00 1E 12 0F 00 34 0B 0E 0F 1B 1F 13 0B 00 36 19 19 1E 6D 6A 44 25 16 0F 18 0B 71 69 2D 00 1E 1C 13 0F 0E 00 17 23 1D 0F 16 10 00 0C 1F 1E 00 0D 19 1F 16 0E 18 6B 1E 00 10 13 18 0E 00 13 1E 78 2D 6B 17 00 13 17 1A 1C 0F 1D 1D 0F 0E 77 26 1C 0F 23 6E 6A 44	Alena:'What? You found the Padequia Root?'<44>Alena:'I tried myself but couldn't find it.I'm impressed,Brey!'<44>
045C	22	1C	01	AC48	8728	8806	49 71 69 72 72 72 6E 6A 44	<49>:'.........!'<44>
045D	22	1D	01	AC48	8806	9777	27 1C 13 1D 1E 19 71 69 2D 00 12 0F 0B 1C 0E 00 32 0F 0D 1C 19 1D 0B 1C 19 00 0E 0F 1D 1E 1C 19 23 0F 0E 00 1E 12 0F 00 2C 0F 1C 19 6B 1D 00 20 13 16 16 0B 11 0F 78 2D 1D 00 49 00 1E 12 0F 72 6D 6A 44 25 16 0F 18 0B 71 69 36 0F 0B 16 16 23 6D 00 38 12 0F 18 00 21 0F 00 1D 12 19 1F 16 0E 00 14 19 1F 1C 18 0F 23 00 1E 19 11 0F 1E 12 0F 1C 6C 44 25 16 0F 18 0B 6B 1D 00 1A 0B 1C 1E 23 00 14 19 13 18 0F 0E 00 1E 12 0F 00 2C 0F 1C 19 6B 1D 00 34 0B 1C 1E 23 6E 43 55 44 38 12 0F 23 00 11 19 00 19 1F 1E 00 0B 12 0F 0B 0E 00 0B 18 0E 00 11 0F 1E 00 13 18 00 1E 12 0F 00 21 0B 11 19 18 78	Cristo:'I heard Necrosaro destroyed the Hero's village.Is <49> the...?'<44>Alena:'Really? Then we should journey together.'<44>Alena's party joined the Hero's Party!<43><55><44>They go out ahead and get in the wagon.
045E	22	1E	01	AC48	9777	10303	26 1C 0F 23 71 69 34 1C 13 18 0D 0F 1D 1D 77 0B 0C 19 1F 1E 00 1E 12 0B 1E 72 6C 44 25 16 0F 18 0B 71 69 3B 12 0B 1E 6D 00 4B 25 1C 0F 00 23 19 1F 00 1D 1F 1C 0F 6D 00 37 19 17 0F 19 18 0F 00 0F 16 1D 0F 00 13 1D 00 0B 16 1D 19 00 1D 0F 0B 1C 0D 12 13 18 11 00 10 19 1C 00 32 0F 0D 1C 19 1D 0B 1C 19 6D 6A 44	Brey:'Princess,about that....'<44>Alena:'What? <4B>Are you sure? Someone else is also searching for Necrosaro?'<44>
045F	22	1F	01	AC48	10303	10588	25 16 0F 18 0B 71 69 2D 6B 0E 00 16 13 15 0F 00 1E 19 00 1D 0F 0F 00 1E 12 0F 17 78 3B 19 1F 16 0E 00 23 19 1F 00 1A 16 0F 0B 1D 0F 00 0C 1C 13 18 11 00 1E 12 0F 17 6D 6A	Alena:'I'd like to see them.Would you please bring them?'
0460	23	00	01	B174	0	348	25 16 0F 18 0B 71 69 26 1C 0F 23 00 1E 19 16 0E 00 17 0F 00 1E 12 0B 1E 00 49 00 13 1D 00 1D 0F 0B 1C 0D 12 13 18 11 00 10 19 1C 00 32 0F 0D 1C 19 1D 0B 1C 19 78 2D 1D 00 1E 12 0B 1E 00 1C 13 11 12 1E 6D 6A 44	Alena:'Brey told me that <49> is searching for Necrosaro.Is that right?'<44>
0461	23	01	01	B174	348	797	25 00 20 19 13 0D 0F 00 13 1D 00 12 0F 0B 1C 0E 72 78 4F 38 12 13 1D 00 13 1D 00 3E 0F 18 13 1E 12 13 0B 18 00 38 19 21 0F 1C 78 33 18 16 23 00 1E 12 19 1D 0F 00 21 12 19 00 0B 1C 0F 00 0F 16 13 11 13 0C 16 0F 00 0D 0B 18 00 0F 18 1E 0F 1C 72 6C 4F 30 0F 0B 20 0F 6E 6A	A voice is heard....<4F>This is Zenithian Tower.Only those who are eligible can enter....'<4F>Leave!'
0462	23	02	01	B174	797	973	25 00 17 23 1D 1E 0F 1C 13 19 1F 1D 00 10 19 1C 0D 0F 00 1C 0F 20 13 20 0F 1D 00 30 1F 0D 13 0B 6E 44	A mysterious force revives Lucia!<44>
0463	23	03	01	B174	973	1604	30 1F 0D 13 0B 71 69 38 12 0B 18 15 1D 00 1E 19 00 23 19 1F 77 2D 6B 17 00 0C 0B 0D 15 00 13 18 00 3E 0F 18 13 1E 12 13 0B 18 00 27 0B 1D 1E 16 0F 6E 6A 44 30 1F 0D 13 0B 71 69 2D 00 12 0B 20 0F 00 1E 19 00 16 0F 1E 00 0F 20 0F 1C 23 19 18 0F 00 15 18 19 21 00 2D 6B 17 00 0C 0B 0D 15 6C 44 30 1F 0D 13 0B 71 69 37 0F 0F 00 23 19 1F 00 16 0B 1E 0F 1C 6E 6A	Lucia:'Thanks to you,I'm back in Zenithian Castle!'<44>Lucia:'I have to let everyone know I'm back.'<44>Lucia:'See you later!'
0464	23	04	01	B174	1604	1906	69 2F 0F 15 13 15 13 6E 00 3D 19 1F 00 1D 12 19 1F 16 0E 18 6B 1E 00 1E 1F 1C 18 00 23 19 1F 1C 00 0C 0B 0D 15 00 19 18 00 0B 18 00 0F 18 0F 17 23 77 23 19 1F 00 10 19 19 16 6E 6A	'Kekiki! You shouldn't turn your back on an enemy,you fool!'
0465	23	05	01	B174	1906	1994	69 2B 0B 1D 1A 6E 6A 43 51 4B	'Gasp!'<43><51><4B>
0466	23	06	01	B174	1994	2199	41 33 18 0F 00 19 10 00 1E 12 0F 00 1D 12 13 0F 16 0E 1D 00 1D 0F 0F 17 1D 00 1E 19 00 12 0B 20 0F 00 0C 1C 19 15 0F 18 72 78	<41>One of the shields seems to have broken....
0467	23	07	01	B174	2199	2868	69 39 11 11 11 72 78 2C 19 21 00 0E 0F 20 0B 1D 1E 0B 1E 0F 0E 00 32 0F 0D 1C 19 1D 0B 1C 19 00 21 0B 1D 00 0B 10 1E 0F 1C 00 16 19 1D 13 18 11 00 36 19 1D 0B 6E 6A 4F 25 16 16 00 17 0B 18 15 13 18 0E 00 0E 0F 1D 0F 1C 20 0F 1D 00 1E 19 00 0C 0F 00 0F 22 1E 0F 1C 17 13 18 0B 1E 0F 0E 72 78 2B 16 19 1C 23 00 1E 19 00 32 0F 0D 1C 19 1D 0B 1C 19 6E 00 4B 2B 0B 1D 1A 6E 6A 43 51 4B	'Uggg....How devastated Necrosaro was after losing Rosa!'<4F>All mankind deserves to be exterminated....Glory to Necrosaro! <4B>Gasp!'<43><51><4B>
0468	23	08	01	B174	2868	3637	69 2F 15 15 15 72 78 3D 19 1F 6B 1C 0F 00 11 19 19 0E 77 2D 00 0B 0E 17 13 1E 72 6C 4F 29 18 14 19 23 00 23 19 1F 1C 00 17 19 17 0F 18 1E 00 19 10 00 11 16 19 1C 23 6C 4F 26 1F 1E 00 1C 0F 17 0F 17 0C 0F 1C 00 1E 12 0F 00 0F 20 0F 1C 00 0F 20 19 16 20 13 18 11 00 32 0F 0D 1C 19 1D 0B 1C 19 00 21 13 16 16 00 0E 0F 1D 1E 1C 19 23 00 23 19 1F 00 0B 16 16 6C 4F 3B 0B 77 2C 0B 77 2C 0B 6E 00 4B 2B 1F 10 10 10 6E 6A 43 51 4B	'Kkkk....You're good,I admit....'<4F>Enjoy your moment of glory.'<4F>But remember the ever evolving Necrosaro will destroy you all.'<4F>Wa,Ha,Ha! <4B>Gufff!'<43><51><4B>
0469	23	09	01	B174	3637	3906	69 2C 19 21 00 2D 00 1C 0F 11 1C 0F 1E 72 6C 4F 31 23 00 0D 1F 1C 1D 0F 00 19 18 00 23 19 1F 72 78 4B 2B 0B 10 10 10 6E 6A 43 51 4B	'How I regret....'<4F>My curse on you....<4B>Gafff!'<43><51><4B>
046A	23	0A	01	B174	3906	4831	69 2B 0B 0B 12 12 12 72 6E 6A 4F 3B 12 19 00 0B 1C 0F 00 23 19 1F 6D 00 2D 6B 17 00 32 0F 0D 1C 19 1D 0B 1C 19 78 2D 00 12 0B 20 0F 00 14 1F 1D 1E 00 0B 21 19 15 0F 00 0B 1D 00 1E 12 0F 00 36 1F 16 0F 1C 00 19 10 00 29 20 13 16 6C 4F 39 1C 1C 11 11 11 72 6E 00 27 0B 18 6B 1E 00 1C 0F 17 0F 17 0C 0F 1C 00 0B 18 23 1E 12 13 18 11 72 6C 4F 26 1F 1E 00 2D 00 15 18 19 21 00 21 12 0B 1E 00 2D 00 18 0F 0F 0E 00 1E 19 00 0E 19 6C 4F 2B 0B 21 0B 0B 0B 72 6E 00 2D 00 17 1F 1D 1E 00 0F 22 1E 0F 1C 17 13 18 0B 1E 0F 00 23 19 1F 00 0B 16 16 6E 6A	'Gaahhh...!'<4F>Who are you? I'm Necrosaro.I have just awoke as the Ruler of Evil.'<4F>Urrggg...! Can't remember anything....'<4F>But I know what I need to do.'<4F>Gawaaa...! I must exterminate you all!'
046B	23	0B	01	B174	4831	5259	69 2B 1F 0B 0B 1C 1C 1C 72 6E 6A 4F 2D 1D 00 1E 12 13 1D 00 17 23 00 0F 18 0E 6D 00 2D 6B 17 00 0C 1F 1C 18 13 18 11 72 17 23 00 0C 19 0E 23 00 13 1D 00 17 0F 16 1E 13 18 11 00 0B 21 0B 23 72 6C 4F 39 11 1C 1C 1C 72 72 72 6E 6A	'Guaarrr...!'<4F>Is this my end? I'm burning...my body is melting away....'<4F>Ugrrr.........!'
046C	23	0C	01	B174	5259	5568	49 00 1C 0F 0D 0F 13 20 0F 1D 00 1E 12 0F 00 2A 13 1C 0F 00 19 10 00 37 0F 1C 0F 18 13 1E 23 00 10 1C 19 17 00 49 00 0B 18 0E 00 1E 12 1C 19 21 1D 00 13 1E 00 13 18 1E 19 00 1E 12 0F 00 10 13 1C 0F 78	<49> receives the Fire of Serenity from <49> and throws it into the fire.
046D	23	0D	01	B174	5568	5711	30 1F 0D 13 0B 71 69 27 19 17 0F 00 12 0F 1C 0F 77 28 19 1C 0B 18 6E 6A	Lucia:'Come here,Doran!'
046E	23	0E	01	B174	5711	5973	30 1F 0D 13 0B 71 69 38 0B 15 0F 00 28 19 1C 0B 18 00 21 13 1E 12 00 23 19 1F 78 2C 0F 6B 16 16 00 0C 0F 00 0B 00 11 19 19 0E 00 12 0F 16 1A 6C 44	Lucia:'Take Doran with you.He'll be a good help.'<44>
046F	23	0F	01	B174	5973	6125	28 19 1C 0B 18 00 14 19 13 18 0F 0E 00 1E 12 0F 00 34 0B 1C 1E 23 6E 43 55 44	Doran joined the Party!<43><55><44>
0470	23	10	01	B174	6125	6325	28 19 1C 0B 18 00 11 19 0F 1D 00 19 1F 1E 00 0B 12 0F 0B 0E 00 0B 18 0E 00 11 0F 1E 1D 00 13 18 00 1E 12 0F 00 21 0B 11 19 18 6E 44	Doran goes out ahead and gets in the wagon!<44>
0471	23	11	01	B174	6325	6489	30 1F 0D 13 0B 71 69 2B 19 19 0E 00 16 1F 0D 15 00 1E 19 00 23 19 1F 00 0B 16 16 6E 6A	Lucia:'Good luck to you all!'
0472	23	12	01	B174	6489	6651	69 25 12 12 6E 00 4B 2D 1E 6B 1D 00 17 19 1E 12 0F 1C 6E 00 2C 1F 1C 1C 0B 23 6E 6A	'Ahh! <4B>It's mother! Hurray!'
0473	23	13	01	B174	6651	6946	34 16 0F 0B 1D 0F 00 1A 16 0B 0D 0F 00 23 19 1F 1C 00 21 0B 11 0F 1C 78 3D 19 1F 00 0D 0B 18 00 0C 0F 1E 00 10 1C 19 17 00 02 00 1E 19 00 02 01 01 00 0D 19 13 18 1D 78	Please place your wager.You can bet from 1 to 100 coins.
0474	23	14	01	B174	6946	7217	37 0F 16 0F 0D 1E 00 1E 12 0F 00 0D 0B 1C 0E 1D 00 23 19 1F 00 21 0B 18 1E 00 1E 19 00 2C 33 30 28 78 38 12 0F 18 00 1A 1C 0F 1D 1D 00 28 29 25 30 78	Select the cards you want to HOLD.Then press DEAL.
0475	23	15	01	B174	7217	7410	27 19 18 11 1C 0B 1E 1F 16 0B 1E 13 19 18 1D 6E 00 3D 19 1F 6B 20 0F 00 21 19 18 00 47 00 0D 19 13 18 4C 78	Congratulations! You've won <47> coin<4C>.
0476	23	16	01	B174	7410	7581	2D 10 00 23 19 1F 00 21 13 18 77 23 19 1F 00 21 13 16 16 00 11 0F 1E 00 47 00 0D 19 13 18 4C 78	If you win,you will get <47> coin<4C>.
0477	23	17	01	B174	7581	7797	3B 13 16 16 00 23 19 1F 00 1E 1C 23 00 28 19 1F 0C 16 0F 6F 19 1C 6F 32 19 1E 12 13 18 11 00 32 19 78 47 6D	Will you try Double-or-Nothing No.<47>?
0478	23	18	01	B174	7797	8029	37 0F 16 0F 0D 1E 00 0B 00 12 13 11 12 0F 1C 00 0D 0B 1C 0E 00 1E 12 0B 18 00 1E 12 13 1D 00 10 1C 19 17 00 1E 12 0F 00 05 00 0D 0B 1C 0E 1D 78	Select a higher card than this from the 4 cards.
0479	23	19	01	B174	8029	8141	2D 1E 6B 1D 00 0B 00 1E 13 0F 6E 00 38 1C 23 00 0B 11 0B 13 18 78	It's a tie! Try again.
047A	23	1A	01	B174	8141	8242	37 19 1C 1C 23 77 23 19 1F 6B 20 0F 00 16 19 1D 1E 78	Sorry,you've lost.
047B	23	1B	01	B174	8242	8371	28 19 00 23 19 1F 00 21 0B 18 1E 00 1E 19 00 1A 16 0B 23 00 0B 11 0B 13 18 6D	Do you want to play again?
047C	23	1C	01	B174	8371	8660	3D 19 1F 00 0E 19 18 6B 1E 00 12 0B 20 0F 00 0B 18 23 00 0D 19 13 18 1D 78 34 16 0F 0B 1D 0F 00 0D 19 17 0F 00 0C 0B 0D 15 00 0B 10 1E 0F 1C 00 0C 1F 23 13 18 11 00 1D 19 17 0F 78	You don't have any coins.Please come back after buying some.
047D	23	1D	01	B174	8660	8985	69 25 16 0F 18 0B 77 0E 19 00 23 19 1F 00 21 0B 18 1E 00 1E 19 00 1F 1D 0F 00 23 19 1F 1C 00 31 0F 0E 13 0D 0B 16 00 2C 0F 1C 0C 00 0C 0F 10 19 1C 0F 00 1E 12 0F 00 18 0F 22 1E 00 17 0B 1E 0D 12 6D 6A	'Alena,do you want to use your Medical Herb before the next match?'
047E	23	1E	01	B174	8985	9182	69 28 19 00 23 19 1F 00 21 0B 18 1E 00 1E 19 00 1F 1D 0F 00 17 19 1C 0F 00 31 0F 0E 13 0D 0B 16 00 2C 0F 1C 0C 6D 6A	'Do you want to use more Medical Herb?'
047F	23	1F	01	B174	9182	9400	69 25 16 0F 18 0B 77 23 19 1F 00 0E 19 18 6B 1E 00 12 0B 20 0F 00 0B 18 23 00 31 0F 0E 13 0D 0B 16 00 2C 0F 1C 0C 6E 6A 44	'Alena,you don't have any Medical Herb!'<44>
0480	24	00	01	B60C	0	668	69 37 1E 0F 1A 00 1C 13 11 12 1E 00 1F 1A 6E 00 3B 13 1E 18 0F 1D 1D 00 1E 12 0F 00 0C 1C 0F 0B 1E 12 1E 0B 15 13 18 11 00 10 13 11 12 1E 1D 00 0B 17 19 18 11 00 17 19 18 1D 1E 0F 1C 1D 00 10 1C 19 17 00 0B 16 16 00 0D 19 1F 18 1E 1C 13 0F 1D 6E 6A 4F 34 13 0D 15 00 1E 12 0F 00 21 13 18 18 13 18 11 00 17 19 18 1D 1E 0F 1C 77 0B 18 0E 00 23 19 1F 6B 16 16 00 1C 0B 15 0F 00 13 18 00 1E 12 0F 00 0D 19 13 18 1D 6E 6A 44	'Step right up! Witness the breathtaking fights among monsters from all countries!'<4F>Pick the winning monster,and you'll rake in the coins!'<44>
0481	24	01	01	B60C	668	1070	69 2A 19 1C 00 0F 0B 0D 12 00 10 13 11 12 1E 77 23 19 1F 00 0D 0B 18 00 0C 0F 1E 00 10 1C 19 17 00 02 00 1E 19 00 06 01 00 0D 19 13 18 1D 78 2C 19 21 00 17 1F 0D 12 00 0E 19 00 23 19 1F 00 21 0B 18 1E 00 1E 19 00 21 0B 11 0F 1C 6D 6A	'For each fight,you can bet from 1 to 50 coins.How much do you want to wager?'
0482	24	02	01	B60C	1070	1353	69 3D 19 1F 00 0E 19 18 6B 1E 00 12 0B 20 0F 00 0F 18 19 1F 11 12 00 0D 19 13 18 1D 78 27 19 17 0F 00 0C 0B 0D 15 00 0B 10 1E 0F 1C 00 0C 1F 23 13 18 11 00 17 19 1C 0F 6C	'You don't have enough coins.Come back after buying more.'
0483	24	03	01	B60C	1353	1415	69 2B 1F 10 10 10 6E 6A	'Gufff!'
0484	24	04	01	B60C	1415	1466	69 33 18 00 50 77	'On <50>,
0485	24	05	01	B60C	1466	1653	69 25 1C 0F 00 23 19 1F 00 16 0F 0B 20 13 18 11 6D 00 27 19 17 0F 00 0C 0B 0D 15 00 0B 11 0B 13 18 6E 6A	'Are you leaving? Come back again!'
0486	24	06	01	B60C	1653	1761	49 00 0D 19 17 0F 1D 00 19 1F 1E 00 1E 12 0F 00 21 13 18 18 0F 1C 6E	<49> comes out the winner!
0487	24	07	01	B60C	1761	1878	69 37 19 1C 1C 23 77 23 19 1F 6B 20 0F 00 16 19 1D 1E 6C 44	'Sorry,you've lost.'<44>
0488	24	08	01	B60C	1878	2087	69 27 19 18 11 1C 0B 1E 1F 16 0B 1E 13 19 18 1D 6E 00 3D 19 1F 6B 20 0F 00 21 19 18 00 47 00 0D 19 13 18 4C 6C 44	'Congratulations! You've won <47> coin<4C>.'<44>
0489	24	09	01	B60C	2087	2477	69 2C 0F 1C 0F 6B 1D 00 1E 12 0F 00 18 0F 22 1E 00 10 13 11 12 1E 6B 1D 00 17 19 18 1D 1E 0F 1C 1D 00 0B 18 0E 00 1E 12 0F 13 1C 00 19 0E 0E 1D 78 3B 12 13 0D 12 00 17 19 18 1D 1E 0F 1C 00 0E 19 00 23 19 1F 00 21 0B 18 1E 00 0C 0F 1E 00 19 18 6D 6A	'Here's the next fight's monsters and their odds.Which monster do you want bet on?'
048A	24	0A	01	B60C	2477	2800	69 3D 19 1F 00 0D 0B 18 6B 1E 00 1A 0B 1D 1D 00 1F 1A 00 1E 12 13 1D 00 10 13 11 12 1E 78 3B 12 13 0D 12 00 17 19 18 1D 1E 0F 1C 00 0E 19 00 23 19 1F 00 21 0B 18 1E 00 1E 19 00 0C 0F 1E 00 19 18 6D 6A	'You can't pass up this fight.Which monster do you want to bet on?'
048B	24	0B	01	B60C	2800	3155	38 19 00 13 18 1D 0F 1C 1E 00 0B 00 0D 19 13 18 77 1A 1C 0F 1D 1D 00 39 34 00 19 18 00 1E 12 0F 00 27 19 18 1E 1C 19 16 00 34 0B 0E 78 38 19 00 1D 1E 0B 1C 1E 77 1A 1C 0F 1D 1D 00 1E 12 0F 00 25 00 26 1F 1E 1E 19 18 78	To insert a coin,press UP on the Control Pad.To start,press the A Button.
048C	24	0C	01	B60C	3155	3538	2D 10 00 23 19 1F 00 1A 1C 0F 1D 1D 00 1E 12 0F 00 25 00 26 1F 1E 1E 19 18 77 1E 12 0F 00 1C 0F 0F 16 1D 00 21 13 16 16 00 1D 1E 19 1A 00 1D 1A 13 18 18 13 18 11 00 1D 1E 0B 1C 1E 13 18 11 00 10 1C 19 17 00 16 0F 10 1E 00 1E 19 00 1C 13 11 12 1E 78	If you press the A Button,the reels will stop spinning starting from left to right.
048D	24	0D	01	B60C	3538	3882	69 33 12 77 37 19 16 0E 13 0F 1C 77 1A 16 0F 0B 1D 0F 00 10 13 18 0E 00 19 1F 1C 00 0D 12 13 16 0E 1C 0F 18 6E 6A 4F 38 12 0F 23 6B 1C 0F 00 0B 16 13 20 0F 6E 00 2D 00 15 18 19 21 00 13 1E 6E 6A	'Oh,Soldier,please find our children!'<4F>They're alive! I know it!'
048E	24	0E	01	B60C	3882	3995	69 26 23 0F 72 1C 0F 0B 16 00 1A 1C 13 18 0D 0F 1D 1D 72 6C	'Bye...real princess....'
048F	24	0F	01	B60C	3995	4321	28 19 00 23 19 1F 00 21 0B 18 1E 00 1E 19 00 1A 16 0B 23 00 1E 12 0F 00 1D 16 19 1E 00 17 0B 0D 12 13 18 0F 00 19 18 0F 00 17 19 1C 0F 00 1E 13 17 0F 6D 43 00 00 00 00 00 00 3D 29 37 00 00 00 32 33 40	Do you want to play the slot machine one more time?<43>      YES   NO<40>
0490	24	10	01	B60C	4321	4698	44 69 2D 00 0E 19 18 6B 1E 00 1E 12 13 18 15 00 1E 12 13 1D 00 21 13 16 16 00 1A 1C 19 0E 1F 0D 0F 00 0B 18 23 00 1D 1A 0F 0D 13 0B 16 00 0F 10 10 0F 0D 1E 00 21 12 0F 18 00 1F 1D 0F 0E 00 0B 1D 00 13 1E 0F 17 00 13 18 00 0C 0B 1E 1E 16 0F 6C	<44>'I don't think this will produce any special effect when used as item in battle.'
0491	24	11	01	B60C	4698	5113	44 69 2A 1F 1C 1E 12 0F 1C 17 19 1C 0F 77 2D 00 1E 12 13 18 15 00 1E 12 13 1D 00 21 13 16 16 00 1A 1C 19 0E 1F 0D 0F 00 1D 19 17 0F 00 1D 1A 0F 0D 13 0B 16 00 0F 10 10 0F 0D 1E 00 21 12 0F 18 00 1F 1D 0F 0E 00 0B 1D 00 13 1E 0F 17 00 13 18 00 0C 0B 1E 1E 16 0F 6C	<44>'Furthermore,I think this will produce some special effect when used as item in battle.'
0492	24	12	01	B60C	5113	5495	44 69 3D 19 1F 00 1D 12 19 1F 16 0E 00 0C 0F 00 0B 0C 16 0F 00 1E 19 00 0E 0F 10 0F 0B 1E 00 0B 18 23 00 17 19 18 1D 1E 0F 1C 00 0C 23 00 1A 0F 18 0F 1E 1C 0B 1E 13 18 11 00 13 1E 1D 00 20 13 1E 0B 16 00 1D 1A 19 1E 00 21 13 1E 12 00 1E 12 13 1D 6C	<44>'You should be able to defeat any monster by penetrating its vital spot with this.'
0493	24	13	01	B60C	5495	5880	44 69 37 19 00 1E 12 13 1D 00 13 1D 00 1E 12 0F 00 3E 0F 18 13 1E 12 13 0B 18 00 37 21 19 1C 0E 6E 00 2D 00 21 0B 1D 00 0F 22 1A 0F 0D 1E 13 18 11 00 1D 19 17 0F 1E 12 13 18 11 00 17 19 1C 0F 00 1D 1A 0F 0D 1E 0B 0D 1F 16 0B 1C 72 6C	<44>'So this is the Zenithian Sword! I was expecting something more spectacular....'
0494	24	14	01	B60C	5880	6151	44 69 30 19 19 15 00 0B 1E 00 13 1E 00 11 16 19 21 6E 00 38 12 13 1D 00 1D 21 19 1C 0E 00 13 1D 00 1D 19 17 0F 1E 12 13 18 11 77 0B 10 1E 0F 1C 00 0B 16 16 6E 6A	<44>'Look at it glow! This sword is something,after all!'
0495	24	15	01	B60C	6151	6264	44 69 3B 12 0B 1E 00 0D 1F 1E 0F 00 0D 16 19 1E 12 0F 1D 6E 6A	<44>'What cute clothes!'
0496	24	16	01	B60C	6264	6575	44 69 29 1B 1F 13 1A 1A 0F 0E 00 21 13 1E 12 00 1E 12 13 1D 77 2D 00 1E 12 13 18 15 00 23 19 1F 6B 16 16 00 16 0F 1D 1D 0F 18 00 0E 0B 17 0B 11 0F 00 10 1C 19 17 00 10 13 1C 0F 1D 6C	<44>'Equipped with this,I think you'll lessen damage from fires.'
0497	24	17	01	B60C	6575	6891	44 69 29 1B 1F 13 1A 1A 0F 0E 00 21 13 1E 12 00 1E 12 13 1D 77 2D 00 1E 12 13 18 15 00 23 19 1F 6B 16 16 00 16 0F 1D 1D 0F 18 00 0E 0B 17 0B 11 0F 00 10 1C 19 17 00 1D 1A 0F 16 16 1D 6C	<44>'Equipped with this,I think you'll lessen damage from spells.'
0498	24	18	01	B60C	6891	7050	44 69 2D 00 0E 19 18 6B 1E 00 15 18 19 21 00 21 12 0B 1E 00 1E 19 00 1E 0F 16 16 00 23 19 1F 6C	<44>'I don't know what to tell you.'
0499	24	19	01	B60C	7050	7408	44 69 29 1B 1F 13 1A 1A 0F 0E 00 21 13 1E 12 00 1E 12 13 1D 77 2D 00 1E 12 13 18 15 00 23 19 1F 6B 16 16 00 16 0F 1D 1D 19 18 00 1E 12 0F 00 0D 12 0B 18 0D 0F 00 19 10 00 0C 0F 13 18 11 00 0D 19 18 10 1F 1D 0F 0E 6C	<44>'Equipped with this,I think you'll lesson the chance of being confused.'
049A	24	1A	01	B60C	7408	7551	44 69 37 12 19 1F 16 0E 00 13 18 0D 1C 0F 0B 1D 0F 00 25 11 13 16 13 1E 23 6C	<44>'Should increase Agility.'
049B	24	1B	01	B60C	7551	7682	44 69 37 12 19 1F 16 0E 00 13 18 0D 1C 0F 0B 1D 0F 00 30 1F 0D 15 6C	<44>'Should increase Luck.'
049C	24	1C	01	B60C	7682	7794	44 69 31 1F 1D 1E 00 0C 0F 00 0B 00 17 0F 0E 13 0D 13 18 0F 6C	<44>'Must be a medicine.'
049D	24	1D	01	B60C	7794	7943	44 69 37 12 19 1F 16 0E 00 1C 0F 1A 0F 16 00 21 0F 0B 15 00 17 19 18 1D 1E 0F 1C 1D 6C	<44>'Should repel weak monsters.'
049E	24	1E	01	B60C	7943	8190	44 69 38 12 13 1D 00 10 16 13 0F 1D 00 23 19 1F 00 1E 19 00 1E 12 0F 00 0E 0F 1D 1E 13 18 0B 1E 13 19 18 00 19 10 00 23 19 1F 1C 00 0D 12 19 13 0D 0F 6E 6A	<44>'This flies you to the destination of your choice!'
049F	24	1F	01	B60C	8190	8314	44 69 38 12 13 1D 00 1C 0F 20 13 20 0F 1D 00 0B 18 23 19 18 0F 6E 6A	<44>'This revives anyone!'
04A0	25	00	01	BA1C	0	126	44 69 38 12 13 1D 00 0F 18 0E 1D 00 1A 0B 1C 0B 16 23 1D 13 1D 6E 6A	<44>'This ends paralysis!'
04A1	25	01	01	BA1C	126	267	44 69 2D 00 1E 12 13 18 15 00 1E 12 13 1D 00 1C 0F 1D 1E 19 1C 0F 1D 00 31 34 6C	<44>'I think this restores MP.'
04A2	25	02	01	BA1C	267	487	44 69 2D 00 1E 12 13 18 15 00 1E 12 13 1D 00 1C 0F 1D 1E 19 1C 0F 1D 00 0F 20 0F 1C 23 19 18 0F 6B 1D 00 2C 34 00 0B 1E 00 19 18 0D 0F 6C	<44>'I think this restores everyone's HP at once.'
04A3	25	03	01	BA1C	487	780	44 69 2D 00 1E 12 13 18 15 00 1E 12 13 1D 00 1A 1C 19 0E 1F 0D 0F 1D 00 1D 19 17 0F 00 1D 1A 0F 0D 13 0B 16 00 0F 10 10 0F 0D 1E 00 13 10 00 1F 1D 0F 0E 00 13 18 00 0C 0B 1E 1E 16 0F 6C	<44>'I think this produces some special effect if used in battle.'
04A4	25	04	01	BA1C	780	989	44 69 2D 00 1E 12 13 18 15 00 1E 12 13 1D 00 1C 0F 16 0F 0B 1D 0F 1D 00 0B 00 1D 0D 0F 18 1E 00 17 19 18 1D 1E 0F 1C 1D 00 16 19 20 0F 6C	<44>'I think this releases a scent monsters love.'
04A5	25	05	01	BA1C	989	1259	44 69 26 1F 1E 00 13 1E 00 1D 0F 0F 17 1D 00 13 1E 00 0D 0B 18 00 19 18 16 23 00 0C 0F 00 1F 1D 0F 0E 00 0F 10 10 0F 0D 1E 13 20 0F 16 23 00 19 18 0D 0F 00 0B 00 0E 0B 23 6C	<44>'But it seems it can only be used effectively once a day.'
04A6	25	06	01	BA1C	1259	1428	44 69 2D 00 1E 12 13 18 15 00 1E 12 13 1D 00 13 18 0D 1C 0F 0B 1D 0F 1D 00 37 1E 1C 0F 18 11 1E 12 6C	<44>'I think this increases Strength.'
04A7	25	07	01	BA1C	1428	1611	44 69 38 12 13 1D 00 13 18 0D 1C 0F 0B 1D 0F 1D 00 1E 12 0F 00 31 0B 22 13 17 1F 17 00 2C 34 6E 6A	<44>'This increases the Maximum HP!'
04A8	25	08	01	BA1C	1611	1795	44 69 38 12 13 1D 00 13 18 0D 1C 0F 0B 1D 0F 1D 00 1E 12 0F 00 31 0B 22 13 17 1F 17 00 31 34 6E 6A	<44>'This increases the Maximum MP!'
04A9	25	09	01	BA1C	1795	1947	44 69 2C 17 17 72 25 00 17 23 1D 1E 0F 1C 13 19 1F 1D 00 19 0C 14 0F 0D 1E 6C	<44>'Hmm...A mysterious object.'
04AA	25	0A	01	BA1C	1947	2252	44 69 30 19 19 15 1D 00 0E 0F 16 13 0D 13 19 1F 1D 6E 00 2D 6B 17 00 1D 1F 1C 0F 00 23 19 1F 6B 16 16 00 10 0F 0F 16 00 0C 0F 1E 1E 0F 1C 00 13 10 00 23 19 1F 00 0F 0B 1E 00 1E 12 13 1D 6C	<44>'Looks delicious! I'm sure you'll feel better if you eat this.'
04AB	25	0B	01	BA1C	2252	2600	44 69 3B 12 0B 1E 00 0B 21 10 1F 16 00 12 0B 18 0E 00 21 1C 13 1E 13 18 11 6E 00 33 18 16 23 00 2D 00 0D 0B 18 00 1C 0F 0B 0E 00 1D 19 17 0F 1E 12 13 18 11 00 16 13 15 0F 00 1E 12 13 1D 78 29 12 0F 17 6E 6A	<44>'What awful hand writing! Only I can read something like this.Ehem!'
04AC	25	0C	01	BA1C	2600	2742	44 69 34 12 0F 21 6E 00 2D 00 0D 0B 18 6B 1E 00 1D 1E 0B 18 0E 00 13 1E 6E 6A	<44>'Phew! I can't stand it!'
04AD	25	0D	01	BA1C	2742	3140	69 2D 6B 17 00 36 1F 20 0B 1D 78 38 12 0F 23 00 0D 0B 16 16 0F 0E 00 1E 12 0F 00 0B 1C 17 19 1C 00 2D 00 21 19 1C 0F 00 1E 12 0F 00 3E 0F 18 13 1E 12 13 0B 18 00 25 1C 17 19 1C 6C 4F 37 19 17 0F 0C 19 0E 23 00 1D 1E 19 16 0F 00 13 1E 6C	'I'm Ruvas.They called the armor I wore the Zenithian Armor.'<4F>Somebody stole it.'
04AE	25	0E	01	BA1C	3140	3519	69 33 12 77 23 19 1F 6B 20 0F 00 10 19 1F 18 0E 00 17 23 00 0B 1C 17 19 1C 6E 6A 4F 2D 6B 16 16 00 11 13 20 0F 00 13 1E 00 1E 19 00 23 19 1F 78 39 1D 0F 00 13 1E 00 1E 19 00 1D 0B 20 0F 00 1E 12 0F 00 21 19 1C 16 0E 6E 6A	'Oh,you've found my armor!'<4F>I'll give it to you.Use it to save the world!'
04AF	25	0F	01	BA1C	3519	4679	2C 0F 0D 1E 19 1C 71 69 29 22 0D 1F 1D 0F 00 17 0F 77 0F 20 0F 1C 23 19 18 0F 6E 6A 44 2C 0F 0D 1E 19 1C 71 69 2D 00 15 18 19 21 00 2D 00 17 1F 1D 1E 00 1E 0B 15 0F 00 19 20 0F 1C 00 17 23 00 10 0B 1E 12 0F 1C 6B 1D 00 13 18 18 00 1D 19 17 0F 0E 0B 23 6C 44 2C 0F 0D 1E 19 1C 71 69 2D 6B 20 0F 00 0E 0F 0D 13 0E 0F 0E 00 1E 19 00 1D 1E 1F 0E 23 00 17 0B 18 0B 11 0F 17 0F 18 1E 00 1F 18 0E 0F 1C 00 33 16 0E 00 2C 19 21 0E 0F 18 6C 44 2C 0F 0D 1E 19 1C 71 69 2B 19 19 0E 0C 23 0F 77 34 1C 13 17 1C 19 1D 0F 6E 00 2B 19 19 0E 0C 23 0F 77 0F 20 0F 1C 23 19 18 0F 6E 00 26 0F 1D 1E 00 19 10 00 16 1F 0D 15 6E 6A 44 2C 0F 0D 1E 19 1C 00 16 0F 10 1E 00 1E 12 0F 00 34 0B 1C 1E 23 6E	Hector:'Excuse me,everyone!'<44>Hector:'I know I must take over my father's inn someday.'<44>Hector:'I've decided to study management under Old Howden.'<44>Hector:'Goodbye,Primrose! Goodbye,everyone! Best of luck!'<44>Hector left the Party!
04B0	25	10	01	BA1C	4679	4963	69 2D 6B 17 00 31 0B 1D 1E 0F 1C 00 28 1C 0B 11 19 18 78 2D 00 19 20 0F 1C 1D 0F 0F 00 1E 12 0F 00 21 19 1C 16 0E 00 10 1C 19 17 00 1E 12 13 1D 00 27 0B 1D 1E 16 0F 6C 44	'I'm Master Dragon.I oversee the world from this Castle.'<44>
04B1	25	11	01	BA1C	4963	5029	49 00 1C 0F 20 13 20 0F 1D 6E 44	<49> revives!<44>
04B2	25	12	01	BA1C	5029	5544	69 38 12 0F 00 10 1C 13 0F 18 0E 1D 12 13 1A 00 21 12 13 0D 12 00 12 0B 1D 00 11 1C 19 21 18 00 0B 17 19 18 11 00 23 19 1F 00 0E 1F 1C 13 18 11 00 1E 12 13 1D 00 14 19 1F 1C 18 0F 23 00 13 1D 00 1D 19 00 10 13 1C 17 77 18 19 00 19 18 0F 00 0D 0B 18 00 1C 1F 13 18 00 13 1E 6C 4F 49 77 2D 00 0B 1D 1D 1F 1C 0F 00 23 19 1F 6C	'The friendship which has grown among you during this journey is so firm,no one can ruin it.'<4F><49>,I assure you.'
04B3	25	13	01	BA1C	5544	5950	69 2D 00 0D 19 16 16 0F 0D 1E 00 37 17 0B 16 16 00 31 0F 0E 0B 16 1D 00 10 1C 19 17 00 0B 16 16 00 19 20 0F 1C 00 1E 12 0F 00 21 19 1C 16 0E 6C 4F 2D 00 1C 0F 21 0B 1C 0E 00 1E 12 19 1D 0F 00 21 12 19 00 0C 1C 13 18 11 00 1E 12 0F 17 00 1E 19 00 17 0F 6C	'I collect Small Medals from all over the world.'<4F>I reward those who bring them to me.'
04B4	25	14	01	BA1C	5950	6195	69 2D 00 0D 19 16 16 0F 0D 1E 00 37 17 0B 16 16 00 31 0F 0E 0B 16 1D 00 10 1C 19 17 00 0B 16 16 00 19 20 0F 1C 00 1E 12 0F 00 21 19 1C 16 0E 6C 44	'I collect Small Medals from all over the world.'<44>
04B5	25	15	01	BA1C	6195	6481	69 3D 19 1F 00 0C 1C 19 1F 11 12 1E 00 1D 19 17 0F 00 37 17 0B 16 16 00 31 0F 0E 0B 16 1D 6D 00 3D 19 1F 00 0D 0B 18 00 11 13 20 0F 00 1E 12 0F 17 00 1E 19 00 17 0F 6C 44	'You brought some Small Medals? You can give them to me.'<44>
04B6	25	16	01	BA1C	6481	6800	69 2D 6B 17 00 15 0F 0F 1A 13 18 11 00 23 19 1F 1C 00 47 00 37 17 0B 16 16 00 31 0F 0E 0B 16 4C 78 2D 1D 00 1E 12 0F 1C 0F 00 0B 18 23 1E 12 13 18 11 00 23 19 1F 00 21 0B 18 1E 6D 6A	'I'm keeping your <47> Small Medal<4C>.Is there anything you want?'
04B7	25	17	01	BA1C	6800	6903	69 3B 12 0B 1E 00 0E 19 00 23 19 1F 00 21 0B 18 1E 6D 6A	'What do you want?'
04B8	25	18	01	BA1C	6903	7037	69 38 12 0F 00 48 78 2D 1D 00 1E 12 0B 1E 00 0D 19 1C 1C 0F 0D 1E 6D 6A	'The <48>.Is that correct?'
04B9	25	19	01	BA1C	7037	7377	69 37 19 1C 1C 23 00 0C 1F 1E 00 2D 00 0D 0B 18 6B 1E 00 11 13 20 0F 00 23 19 1F 00 1E 12 0B 1E 00 1F 18 16 0F 1D 1D 00 23 19 1F 00 0C 1C 13 18 11 00 17 19 1C 0F 00 37 17 0B 16 16 00 31 0F 0E 0B 16 1D 6C 44	'Sorry but I can't give you that unless you bring more Small Medals.'<44>
04BA	25	1A	01	BA1C	7377	7515	69 3D 19 1F 00 21 0B 18 1E 00 1E 12 0F 00 48 77 1C 13 11 12 1E 6D 6A 44	'You want the <48>,right?'<44>
04BB	25	1B	01	BA1C	7515	7619	69 3B 12 19 00 21 13 16 16 00 1E 0B 15 0F 00 13 1E 6D 6A	'Who will take it?'
04BC	25	1C	01	BA1C	7619	7832	69 3A 0F 1C 23 00 21 0F 16 16 78 2D 00 21 13 16 16 00 11 13 20 0F 00 23 19 1F 00 1D 19 17 0F 00 0D 12 19 13 0D 0F 1D 6C 44	'Very well.I will give you some choices.'<44>
04BD	25	1D	01	BA1C	7832	8134	69 26 1F 1E 00 49 00 0D 0B 18 6B 1E 00 0D 0B 1C 1C 23 00 0B 18 23 00 17 19 1C 0F 00 1E 12 13 18 11 1D 6C 4F 3B 13 16 16 00 0B 18 23 19 18 0F 00 0F 16 1D 0F 00 1E 0B 15 0F 00 13 1E 6D 6A	'But <49> can't carry any more things.'<4F>Will anyone else take it?'
04BE	25	1E	01	BA1C	8134	8276	69 28 19 00 23 19 1F 00 21 0B 18 1E 00 0B 18 23 1E 12 13 18 11 00 0F 16 1D 0F 6D 6A	'Do you want anything else?'
04BF	25	1F	01	BA1C	8276	8389	69 27 19 17 0F 00 0C 0B 0D 15 00 0B 18 23 1E 13 17 0F 6E 6A	'Come back anytime!'
04C0	26	00	01	BE35	0	4024	69 49 77 1E 12 0F 00 2C 0F 1C 19 77 0B 00 3E 0F 18 13 1E 12 13 0B 18 00 0B 18 0E 00 12 1F 17 0B 18 00 0E 0F 1D 0D 0F 18 0E 0B 18 1E 6E 6A 4F 38 12 0B 18 15 1D 00 1E 19 00 23 19 1F 00 0B 18 0E 00 23 19 1F 1C 00 10 1C 13 0F 18 0E 1D 77 1E 12 0F 00 37 0F 0D 1C 0F 1E 00 19 10 00 29 20 19 16 1F 1E 13 19 18 77 0B 16 19 18 11 00 21 13 1E 12 00 32 0F 0D 1C 19 1D 0B 1C 19 77 12 0B 1D 00 0C 0F 0F 18 00 0E 1C 13 20 0F 18 00 0E 0F 0F 1A 00 0E 19 21 18 00 13 18 1E 19 00 1E 12 0F 00 0B 0C 23 1D 1D 00 19 10 00 1E 12 0F 00 21 19 1C 16 0E 6C 4F 3B 13 1E 12 00 1E 12 0F 00 1E 12 1C 0F 0B 1E 00 11 19 18 0F 77 1A 0F 0B 0D 0F 00 21 13 16 16 00 1C 1F 16 0F 00 1E 12 0F 00 21 19 1C 16 0E 00 0B 11 0B 13 18 6E 6A 4F 38 12 0F 00 29 13 11 12 1E 00 27 12 19 1D 0F 18 00 33 18 0F 1D 6E 00 2D 00 1E 12 0B 18 15 00 0F 0B 0D 12 00 19 18 0F 00 19 10 00 23 19 1F 6C 4F 36 0B 11 18 0B 1C 77 23 19 1F 1C 00 1A 0F 1C 10 19 1C 17 0B 18 0D 0F 00 21 0B 1D 00 1D 1A 16 0F 18 0E 13 0E 6C 4F 25 16 0F 18 0B 77 23 19 1F 6B 20 0F 00 1A 0F 1C 10 19 1C 17 0F 0E 00 21 13 1E 12 00 0C 1C 0B 20 0F 1C 23 00 0B 18 0E 00 0D 19 1F 1C 0B 11 0F 6C 4F 26 1C 0F 23 00 0B 18 0E 00 27 1C 13 1D 1E 19 77 2D 00 0D 19 17 17 0F 18 0E 00 23 19 1F 1C 00 0E 0F 20 19 1E 13 19 18 00 1E 19 00 25 16 0F 18 0B 00 0B 18 0E 00 23 19 1F 1C 00 0D 19 18 1E 1C 13 0C 1F 1E 13 19 18 00 1E 19 00 1E 12 0F 00 1B 1F 0F 1D 1E 6C 4F 31 0B 1C 0B 00 0B 18 0E 00 32 0B 1C 0B 77 2D 6B 17 00 1D 1F 1C 0F 00 23 19 1F 1C 00 10 0B 1E 12 0F 1C 00 21 19 1F 16 0E 00 0C 0F 00 1A 1C 19 1F 0E 00 19 10 00 23 19 1F 6E 6A 4F 38 0B 16 19 19 18 77 0D 19 18 1E 13 18 1F 0F 00 1E 19 00 0C 0F 18 0F 10 13 1E 00 1E 12 0F 00 21 19 1C 16 0E 00 0B 18 0E 00 13 1E 1D 00 1A 0F 19 1A 16 0F 00 21 13 1E 12 00 23 19 1F 1C 00 11 0F 18 13 1F 1D 00 13 18 00 1E 1C 0B 0E 0F 6C 4F 25 18 0E 00 49 6E 6A 4F 3D 19 1F 6B 20 0F 00 1A 1C 19 20 0F 18 00 1E 19 00 0C 0F 00 0B 18 00 0F 22 1E 1C 0B 19 1C 0E 13 18 0B 1C 23 00 16 0F 0B 0E 0F 1C 6E 00 3D 19 1F 00 21 19 18 6B 1E 00 12 0B 20 0F 00 1E 19 00 1C 0F 1E 1F 1C 18 00 1E 19 00 1E 12 0F 00 0F 0B 1C 1E 12 6C 4F 2D 00 1D 12 0B 16 16 00 0B 16 16 19 21 00 23 19 1F 00 1E 19 00 16 13 20 0F 00 21 13 1E 12 00 1F 1D 00 13 18 00 1E 12 13 1D 00 3E 0F 18 13 1E 12 13 0B 18 00 27 0B 1D 1E 16 0F 6C 4F 29 12 6D 00 4B 3B 12 0B 1E 6B 1D 00 21 1C 19 18 11 6D 6A 4F 3D 19 1F 00 21 13 1D 12 00 1E 19 00 1C 0F 1E 1F 1C 18 00 1E 19 00 1E 12 0F 00 0F 0B 1C 1E 12 00 21 13 1E 12 00 1E 12 0F 17 6D 00 2C 17 17 72 6C 4F 3A 0F 1C 23 00 21 0F 16 16 78 2D 6B 16 16 00 12 19 18 19 1C 00 23 19 1F 1C 00 21 13 1D 12 6C 44	'<49>,the Hero,a Zenithian and human descendant!'<4F>Thanks to you and your friends,the Secret of Evolution,along with Necrosaro,has been driven deep down into the abyss of the world.'<4F>With the threat gone,peace will rule the world again!'<4F>The Eight Chosen Ones! I thank each one of you.'<4F>Ragnar,your performance was splendid.'<4F>Alena,you've performed with bravery and courage.'<4F>Brey and Cristo,I commend your devotion to Alena and your contribution to the quest.'<4F>Mara and Nara,I'm sure your father would be proud of you!'<4F>Taloon,continue to benefit the world and its people with your genius in trade.'<4F>And <49>!'<4F>You've proven to be an extraordinary leader! You won't have to return to the earth.'<4F>I shall allow you to live with us in this Zenithian Castle.'<4F>Eh? <4B>What's wrong?'<4F>You wish to return to the earth with them? Hmm....'<4F>Very well.I'll honor your wish.'<44>
04C1	26	01	01	BE35	4024	4232	38 12 0F 00 2B 13 0B 18 1E 00 37 1E 0B 1E 1F 0F 77 27 19 16 19 1D 1D 1F 1D 77 0C 0F 11 13 18 1D 00 17 19 20 13 18 11 6E	The Giant Statue,Colossus,begins moving!
04C2	26	02	01	BE35	4232	4592	2D 1E 00 1D 0F 0F 17 1D 00 1E 12 0F 00 0D 19 17 0C 13 18 0F 0E 00 1D 1E 1C 0F 18 11 1E 12 00 19 10 00 04 00 1A 0F 19 1A 16 0F 00 13 1D 00 18 0F 0D 0F 1D 1D 0B 1C 23 00 1E 19 00 0C 1C 0F 0B 15 00 1E 12 0F 00 0E 19 19 1C 00 19 1A 0F 18 78	It seems the combined strength of 3 people is necessary to break the door open.
04C3	26	03	01	BE35	4592	4783	38 12 0F 1C 0F 00 13 1D 00 0B 00 16 0F 20 0F 1C 78 28 19 00 23 19 1F 00 21 0B 18 1E 00 1E 19 00 1A 1F 16 16 00 13 1E 6D	There is a lever.Do you want to pull it?
04C4	26	04	01	BE35	4783	5203	69 38 12 0F 00 19 18 0F 1D 00 23 19 1F 00 1D 0B 21 00 1F 1A 1D 1E 0B 13 1C 1D 00 21 0F 1C 0F 00 19 1F 1C 00 13 17 1A 19 1D 1E 0F 1C 1D 6C 4F 38 12 0F 1C 0F 6B 1D 00 18 19 00 12 19 1A 0F 00 19 10 00 0F 1D 0D 0B 1A 0F 72 6A 4F 10 19 1C 00 3D 33 39 6E 6A	'The ones you saw upstairs were our imposters.'<4F>There's no hope of escape...'<4F>for YOU!'
04C5	26	05	01	BE35	5203	5512	69 38 12 0F 00 18 0F 22 1E 00 10 13 11 12 1E 00 21 13 16 16 00 0C 0F 11 13 18 00 1D 12 19 1C 1E 16 23 78 28 19 00 23 19 1F 00 21 0B 18 1E 00 1E 19 00 1A 16 0B 23 00 0B 11 0B 13 18 6D 6A	'The next fight will begin shortly.Do you want to play again?'
04C6	26	06	01	BE35	5512	5726	26 1F 1E 00 1E 12 0F 00 30 0F 0B 10 00 19 10 00 3B 19 1C 16 0E 00 38 1C 0F 0F 00 0E 19 0F 1D 18 6B 1E 00 0D 19 17 0F 00 19 10 10 6E	But the Leaf of World Tree doesn't come off!
04C7	26	07	01	BE35	5726	6015	69 37 13 18 0D 0F 00 23 19 1F 6B 20 0F 00 21 19 18 00 19 20 0F 1C 00 02 01 01 01 01 00 0D 19 13 18 1D 77 21 0F 00 17 1F 1D 1E 00 1D 1E 19 1A 00 18 19 21 6C	'Since you've won over 10000 coins,we must stop now.'
04C8	26	08	01	BE35	6015	6376	2C 0F 0D 1E 19 1C 71 69 2C 0F 16 16 19 6E 00 2D 1E 6B 1D 00 17 0F 77 2C 0F 0D 1E 19 1C 6E 6A 4F 2C 0F 0D 1E 19 1C 71 69 37 0F 0F 6D 00 2D 6B 17 00 21 19 1C 15 13 18 11 00 12 0B 1C 0E 6E 6A 44	Hector:'Hello! It's me,Hector!'<4F>Hector:'See? I'm working hard!'<44>
04C9	26	09	01	BE35	6376	6444	50 71 69 72 72 72 6A	<50>:'.........'
04CA	26	0A	01	BE35	6444	6590	3D 19 1F 00 0D 0B 18 6B 1E 00 1A 0B 1D 1D 00 1F 1A 00 1E 12 13 1D 00 10 13 11 12 1E 78	You can't pass up this fight.
04CB	26	0B	01	BE35	6590	6911	69 28 33 00 32 33 38 00 34 36 33 27 29 29 28 00 25 32 3D 00 2A 39 36 38 2C 29 36 72 78 30 29 25 3A 29 72 6C 44	'DO NOT PROCEED ANY FURTHER....LEAVE....'<44>
04CC	26	0C	01	BE35	6911	7115	00 47 00 0D 19 13 18 4C 77 1C 13 11 12 1E 6D 43 00 32 19 21 00 21 0B 1E 0D 12 00 1E 12 0F 00 10 13 11 12 1E 6C	 <47> coin<4C>,right?<43> Now watch the fight.'
04CD	26	0D	01	BE35	7115	7264	27 1C 13 1D 1E 19 71 69 2D 6B 0E 00 16 13 15 0F 00 1E 19 00 17 0F 0F 1E 00 1E 19 19 6C	Cristo:'I'd like to meet too.'
04CE	26	0E	01	BE35	7264	7541	69 27 1C 23 6E 00 37 12 0F 0E 00 36 1F 0C 23 00 38 0F 0B 1C 0E 1C 19 1A 1D 6E 6A 4F 27 1C 23 00 12 0B 1C 0E 0F 1C 6E 00 2C 0B 1C 0E 0F 1C 6E 6A	'Cry! Shed Ruby Teardrops!'<4F>Cry harder! Harder!'
04CF	26	0F	01	BE35	7541	7866	32 0F 0D 1C 19 1D 0B 1C 19 71 69 36 19 1D 0B 6E 6A 44 32 0F 0D 1C 19 1D 0B 1C 19 71 69 3D 19 1F 6E 00 3B 12 0B 1E 00 12 0B 20 0F 00 23 19 1F 00 0E 19 18 0F 00 1E 19 00 12 0F 1C 6D 6A	Necrosaro:'Rosa!'<44>Necrosaro:'You! What have you done to her?'
04D0	26	10	01	BE35	7866	8661	36 19 1D 0B 71 69 37 0B 72 4B 37 0B 1C 72 4B 37 0B 1C 19 72 4B 23 19 1F 6B 20 0F 72 4B 0D 19 17 0F 00 10 19 1C 00 17 0F 72 6C 44 36 19 1D 0B 71 69 34 16 0F 0B 1D 0F 00 16 13 1D 1E 0F 18 00 1E 19 00 17 23 00 16 0B 1D 1E 00 21 19 1C 0E 1D 72 6C 44 36 19 1D 0B 71 69 2B 13 20 0F 72 1A 16 0F 0B 1D 0F 72 11 13 20 0F 00 1F 1A 00 23 19 1F 1C 00 19 0C 1D 0F 1D 1D 13 19 18 00 0B 18 0E 00 0D 19 17 0F 00 21 13 1E 12 00 17 0F 72 78 25 0B 0B 12 6E 6A	Rosa:'Sa...<4B>Sar...<4B>Saro...<4B>you've...<4B>come for me....'<44>Rosa:'Please listen to my last words....'<44>Rosa:'Give...please...give up your obsession and come with me....Aaah!'
04D1	26	11	01	BE35	8661	9225	32 0F 0D 1C 19 1D 0B 1C 19 71 69 36 72 36 19 1D 0B 6E 6A 44 32 0F 0D 1C 19 1D 0B 1C 19 71 69 72 72 72 6A 44 32 0F 0D 1C 19 1D 0B 1C 19 71 69 38 12 19 1D 0F 00 12 1F 17 0B 18 1D 6E 00 2D 00 21 13 16 16 00 16 0F 1E 00 1E 12 0F 17 00 1D 1F 10 10 0F 1C 00 10 19 1C 00 1E 12 13 1D 6E 00 2D 00 1A 1C 19 17 13 1D 0F 6E 6A	Necrosaro:'R...Rosa!'<44>Necrosaro:'.........'<44>Necrosaro:'Those humans! I will let them suffer for this! I promise!'
04D2	26	12	01	BE35	9225	10058	69 34 1C 13 18 0D 0F 1D 1D 00 25 16 0F 18 0B 77 2D 00 1E 12 0B 18 15 00 23 19 1F 00 10 19 1C 00 21 13 18 18 13 18 11 6E 6A 4F 2D 00 15 18 19 21 00 23 19 1F 1C 00 10 0B 1E 12 0F 1C 77 1E 12 0F 00 2F 13 18 11 00 19 10 00 37 0B 18 1E 0F 0F 17 77 21 13 16 16 00 0C 0F 00 1A 1C 19 1F 0E 00 19 10 00 23 19 1F 6C 4F 34 0F 1C 12 0B 1A 1D 00 23 19 1F 00 1D 12 19 1F 16 0E 00 1C 0F 1E 1F 1C 18 00 12 19 17 0F 00 0B 18 0E 00 16 0F 1E 00 12 13 17 00 15 18 19 21 00 23 19 1F 6B 1C 0F 00 0B 16 13 20 0F 00 0B 18 0E 00 21 0F 16 16 6C	'Princess Alena,I thank you for winning!'<4F>I know your father,the King of Santeem,will be proud of you.'<4F>Perhaps you should return home and let him know you're alive and well.'
04D3	26	13	01	BE35	10058	10412	69 38 12 13 1D 00 13 1D 00 17 23 00 12 19 1C 1D 0F 77 34 1C 13 17 1C 19 1D 0F 78 29 20 0F 1C 23 19 18 0F 77 0C 0F 00 18 13 0D 0F 00 1E 19 00 12 0F 1C 77 33 2F 6D 6A 4F 30 0F 1E 6B 1D 00 11 19 6E 6A	'This is my horse,Primrose.Everyone,be nice to her,OK?'<4F>Let's go!'
04D4	26	14	01	BE35	10412	10856	25 00 20 19 13 0D 0F 00 13 1D 00 12 0F 0B 1C 0E 72 78 4F 38 12 13 1D 00 13 1D 00 3E 0F 18 13 1E 12 13 0B 18 00 27 0B 1D 1E 16 0F 78 33 18 16 23 00 1E 12 19 1D 0F 00 21 12 19 00 0B 1C 0F 00 0F 16 13 11 13 0C 16 0F 00 0D 0B 18 00 0F 18 1E 0F 1C 6C 4F 30 0F 0B 20 0F 6E 6A	A voice is heard....<4F>This is Zenithian Castle.Only those who are eligible can enter.'<4F>Leave!'
04D5	26	15	01	BE35	10856	11182	69 3D 19 1F 00 0D 0B 18 6B 1E 00 1E 0B 15 0F 00 0B 18 23 00 17 19 1C 0F 00 0D 19 13 18 1D 6C 4F 3B 0F 00 16 19 19 15 00 10 19 1C 21 0B 1C 0E 00 1E 19 00 23 19 1F 1C 00 18 0F 22 1E 00 20 13 1D 13 1E 6C	'You can't take any more coins.'<4F>We look forward to your next visit.'
04D6	26	16	01	BE35	11182	11218	41 41	<41><41>
04D7	26	17	01	BE35	11218	11257	00 49 77 49 77	 <49>,<49>,
04D8	26	18	01	BE35	11257	11263		
04D9	26	19	01	BE35	11263	11269		
04DA	26	1A	01	BE35	11269	11275		
04DB	26	1B	01	BE35	11275	11281		
04DC	26	1C	01	BE35	11281	11287		
04DD	26	1D	01	BE35	11287	11293		
04DE	26	1E	01	BE35	11293	11299		
04DF	26	1F	01	BE35	11299	11305		
04E0	27	00	01	83E3	0	276	1F 0F 0F 71 1A 13 1A 00 1E 12 0F 00 27 0B 1D 1E 16 0F 00 13 17 17 0F 0E 13 0B 1E 0F 16 23 6E 00 38 12 0F 00 2F 13 18 11 00 13 1D 00 13 18 00 1E 1C 19 1F 0C 16 0F 6E 6A	uee:pip the Castle immediately! The King is in trouble!'
04E1	27	01	01	83E3	276	462	69 2D 1E 6B 1D 00 0B 21 10 1F 16 78 38 12 0F 00 2F 13 18 11 00 0D 0B 18 6B 1E 00 1D 1A 0F 0B 15 6E 6A	'It's awful.The King can't speak!'
04E2	27	02	01	83E3	462	758	69 3D 19 1F 00 0D 0B 18 00 0F 22 0D 12 0B 18 11 0F 00 0D 19 13 18 1D 00 10 19 1C 00 13 1E 0F 17 1D 00 0B 1E 00 1E 12 13 1D 00 29 22 0D 12 0B 18 11 0F 00 27 19 1F 18 1E 0F 1C 6C 44	'You can exchange coins for items at this Exchange Counter.'<44>
04E3	27	03	01	83E3	758	1004	69 49 00 12 0B 1D 00 47 00 0D 19 13 18 4C 00 18 19 21 78 3B 19 1F 16 0E 00 23 19 1F 00 16 13 15 0F 00 1E 19 00 11 0F 1E 00 13 1E 0F 17 1D 6D 6A	'<49> has <47> coin<4C> now.Would you like to get items?'
04E4	27	04	01	83E3	1004	1125	69 3B 12 0B 1E 00 21 19 1F 16 0E 00 23 19 1F 00 16 13 15 0F 6D 6A	'What would you like?'
04E5	27	05	01	83E3	1125	1263	69 38 12 0F 00 48 6D 00 2D 1D 00 1E 12 0B 1E 00 0D 19 1C 1C 0F 0D 1E 6D 6A	'The <48>? Is that correct?'
04E6	27	06	01	83E3	1263	1514	69 3B 0F 6B 16 16 00 15 0F 0F 1A 00 1E 12 0F 00 1C 0F 1D 1E 00 19 10 00 1E 12 0F 00 0D 19 13 18 1D 00 10 19 1C 00 23 19 1F 78 27 19 17 0F 00 0B 11 0B 13 18 6C	'We'll keep the rest of the coins for you.Come again.'
04E7	27	07	01	83E3	1514	1650	69 38 12 13 1D 00 13 1D 00 1E 12 0F 00 27 19 13 18 00 37 0F 16 16 0F 1C 6C 44	'This is the Coin Seller.'<44>
04E8	27	08	01	83E3	1650	1759	69 49 00 12 0B 1D 00 47 00 0D 19 13 18 4C 00 18 19 21 6C	'<49> has <47> coin<4C> now.'
04E9	27	09	01	83E3	1759	1841	69 47 00 0D 19 13 18 4C 6D 6A 44	'<47> coin<4C>?'<44>
04EA	27	0A	01	83E3	1841	1973	69 38 12 0B 18 15 00 23 19 1F 78 2B 19 19 0E 00 16 1F 0D 15 6E 6A	'Thank you.Good luck!'
04EB	27	0B	01	83E3	1973	2174	69 37 19 1C 1C 23 00 0C 1F 1E 00 23 19 1F 00 0E 19 18 6B 1E 00 12 0B 20 0F 00 0F 18 19 1F 11 12 00 17 19 18 0F 23 6C 44	'Sorry but you don't have enough money.'<44>
04EC	27	0C	01	83E3	2174	2290	69 38 12 0B 18 15 00 23 19 1F 00 20 0F 1C 23 00 17 1F 0D 12 6C	'Thank you very much.'
04ED	27	0D	01	83E3	2290	2586	38 12 1F 1D 00 38 0B 16 19 19 18 00 10 13 18 0B 16 16 23 00 11 0F 1E 1D 00 12 13 1D 00 19 21 18 00 1D 12 19 1A 00 0B 18 0E 00 0D 0B 16 16 1D 00 10 19 1C 00 12 13 1D 00 10 0B 17 13 16 23 78	Thus Taloon finally gets his own shop and calls for his family.
04EE	27	0E	01	83E3	2586	3551	32 0F 1E 0B 71 69 2C 19 21 00 21 19 18 0E 0F 1C 10 1F 16 6E 00 38 12 13 1D 00 13 1D 00 19 1F 1C 00 1D 12 19 1A 6E 00 2D 1E 6B 1D 00 0B 00 0E 1C 0F 0B 17 00 0D 19 17 0F 00 1E 1C 1F 0F 6E 6A 44 32 0F 1E 0B 71 69 2D 6B 16 16 00 21 19 1C 15 00 12 0B 1C 0E 00 10 1C 19 17 00 18 19 21 00 19 18 6E 6A 44 32 0F 1E 0B 71 69 30 0F 1E 6B 1D 00 21 19 1C 15 00 1E 19 11 0F 1E 12 0F 1C 00 1E 19 00 17 0B 15 0F 00 1E 12 13 1D 00 1E 12 0F 00 21 19 1C 16 0E 6B 1D 00 11 1C 0F 0B 1E 0F 1D 1E 00 1D 12 19 1A 6E 6A 44 32 0F 1E 0B 71 69 2D 00 16 19 20 0F 00 23 19 1F 72 37 17 0B 0D 15 6E 6A	Neta:'How wonderful! This is our shop! It's a dream come true!'<44>Neta:'I'll work hard from now on!'<44>Neta:'Let's work together to make this the world's greatest shop!'<44>Neta:'I love you...Smack!'
04EF	27	0F	01	83E3	3551	3715	49 00 0D 0B 18 6B 1E 00 0C 0F 00 0F 1B 1F 13 1A 1A 0F 0E 00 21 13 1E 12 00 1E 12 0F 00 48 78	<49> can't be equipped with the <48>.
04F0	27	10	01	83E3	3715	3815	38 12 0F 1C 0F 6B 1D 00 18 19 00 0E 19 19 1C 00 12 0F 1C 0F 78	There's no door here.
04F1	27	11	01	83E3	3815	6435	2F 13 18 11 71 69 72 72 72 78 4B 4B 39 18 6D 00 4B 4B 25 12 72 4B 25 12 72 4B 4B 00 33 12 6E 00 4B 2D 00 4B 2D 00 0D 0B 18 00 1D 1A 0F 0B 15 6E 4B 4B 00 2D 00 0D 0B 18 00 1D 1A 0F 0B 15 6E 6A 4F 3D 19 1F 00 0E 13 0E 72 78 2D 00 1E 12 0B 18 15 00 23 19 1F 6C 4F 2D 00 12 0B 0E 00 1E 0F 1C 1C 13 0C 16 0F 00 0E 1C 0F 0B 17 1D 6C 4F 25 00 0C 13 11 00 17 19 18 1D 1E 0F 1C 00 0D 0B 17 0F 00 19 1F 1E 00 19 10 00 1E 12 0F 00 29 20 13 16 00 3B 19 1C 16 0E 00 0B 18 0E 00 21 0B 1D 00 0E 0F 1D 1E 1C 19 23 13 18 11 00 0F 20 0F 1C 23 1E 12 13 18 11 6C 4F 25 1E 00 10 13 1C 1D 1E 77 2D 00 13 18 1E 0F 18 0E 0F 0E 00 1E 19 00 15 0F 0F 1A 00 1E 12 0F 17 00 1E 19 00 17 23 1D 0F 16 10 77 0C 1F 1E 00 2D 00 15 0F 1A 1E 00 12 0B 20 13 18 11 00 1E 12 0F 00 1D 0B 17 0F 00 0E 1C 0F 0B 17 1D 00 19 20 0F 1C 00 0B 18 0E 00 19 20 0F 1C 00 0B 11 0B 13 18 6C 4F 2D 00 0C 0F 0D 0B 17 0F 00 21 19 1C 1C 13 0F 0E 77 1D 19 00 2D 00 0E 0F 0D 13 0E 0F 0E 00 1E 19 00 1E 0F 16 16 00 1E 12 0F 00 27 19 1F 18 1D 0F 16 00 0B 0C 19 1F 1E 00 1E 12 0F 17 78 38 12 0F 18 00 2D 00 16 19 1D 1E 00 17 23 00 20 19 13 0D 0F 6C 4F 37 19 17 0F 1E 12 13 18 11 00 1E 0F 1C 1C 13 0C 16 0F 00 17 0B 23 00 0C 0F 00 0B 0C 19 1F 1E 00 1E 19 00 12 0B 1A 1A 0F 18 72 6C 4F 2D 00 21 19 18 6B 1E 00 1D 1E 19 1A 00 23 19 1F 00 0B 18 23 17 19 1C 0F 78 38 1C 0B 20 0F 16 00 1E 12 0F 00 21 19 1C 16 0E 00 0B 18 0E 00 1D 0F 0F 00 21 12 0B 1E 6B 1D 00 12 0B 1A 1A 0F 18 13 18 11 6C 4F 26 1C 0F 23 00 0B 18 0E 00 27 1C 13 1D 1E 19 77 2D 00 1A 16 0B 0D 0F 00 25 16 0F 18 0B 6B 1D 00 1D 0B 10 0F 1E 23 00 13 18 00 23 19 1F 1C 00 12 0B 18 0E 1D 6E 6A	King:'..........<4B><4B>Un? <4B><4B>Ah...<4B>Ah...<4B><4B> Oh! <4B>I <4B>I can speak!<4B><4B> I can speak!'<4F>You did....I thank you.'<4F>I had terrible dreams.'<4F>A big monster came out of the Evil World and was destroying everything.'<4F>At first,I intended to keep them to myself,but I kept having the same dreams over and over again.'<4F>I became worried,so I decided to tell the Counsel about them.Then I lost my voice.'<4F>Something terrible may be about to happen....'<4F>I won't stop you anymore.Travel the world and see what's happening.'<4F>Brey and Cristo,I place Alena's safety in your hands!'
04F2	27	12	01	83E3	6435	6550	0F 18 00 18 1E 0F 00 16 19 0D 15 00 0E 19 0F 1D 18 6B 1E 00 1E 1F 1C 18 78	en nte lock doesn't turn.
04F3	27	13	01	83E3	6550	6628	38 12 0F 1C 0F 6B 1D 00 18 19 00 15 0F 23 78	There's no key.
04F4	27	14	01	83E3	6628	6890	69 2D 00 1D 0F 0F 00 23 19 1F 6B 20 0F 00 0C 1C 19 1F 11 12 1E 00 21 12 0B 1E 00 21 0F 00 21 0B 18 1E 78 2B 13 20 0F 00 13 1E 00 1E 19 00 17 0F 00 18 19 21 6E 6A	'I see you've brought what we want.Give it to me now!'
04F5	27	15	01	83E3	6890	7078	69 2D 00 11 19 1E 00 13 1E 6E 00 2C 0F 1C 0F 6B 1D 00 1E 12 0F 00 34 1C 13 18 0D 0F 1D 1D 78 26 23 0F 6E 6A	'I got it! Here's the Princess.Bye!'
04F6	27	16	01	83E3	7078	7358	69 28 19 18 6B 1E 00 23 19 1F 00 21 0B 18 1E 00 1E 12 0F 00 34 1C 13 18 0D 0F 1D 1D 00 0C 0B 0D 15 00 0B 16 13 20 0F 6D 00 2B 13 20 0F 00 13 1E 00 1E 19 00 17 0F 6E 6A	'Don't you want the Princess back alive? Give it to me!'
04F7	27	17	01	83E3	7358	8279	69 38 12 0B 18 15 1D 00 10 19 1C 00 1C 0F 1D 0D 1F 13 18 11 00 17 0F 78 2D 6B 20 0F 00 16 0F 0B 1C 18 0F 0E 00 0B 00 16 0F 1D 1D 19 18 6C 4F 2D 6B 17 00 18 19 1E 00 1C 0F 0B 16 16 23 00 0B 00 1A 1C 13 18 0D 0F 1D 1D 78 31 23 00 18 0B 17 0F 00 13 1D 00 31 0B 23 78 2D 6B 17 00 14 1F 1D 1E 00 0B 18 00 0B 0D 1E 1C 0F 1D 1D 6C 4F 2D 00 11 19 1E 00 0D 0B 1C 1C 13 0F 0E 00 0B 21 0B 23 00 0C 0F 0D 0B 1F 1D 0F 00 1A 0F 19 1A 16 0F 00 1E 1C 0F 0B 1E 0F 0E 00 17 0F 00 18 13 0D 0F 16 23 00 21 12 0F 18 00 2D 00 1A 1C 0F 1E 0F 18 0E 0F 0E 00 1E 19 00 0C 0F 00 0B 00 1A 1C 13 18 0D 0F 1D 1D 72 6C	'Thanks for rescuing me.I've learned a lesson.'<4F>I'm not really a princess.My name is May.I'm just an actress.'<4F>I got carried away because people treated me nicely when I pretended to be a princess....'
04F8	27	18	01	83E3	8279	8693	69 2D 6B 16 16 00 14 19 13 18 00 17 23 00 0D 19 17 1A 0B 18 13 19 18 1D 00 18 19 21 6C 4F 2D 1E 6B 1D 00 18 19 1E 00 17 1F 0D 12 77 0C 1F 1E 00 2D 6B 16 16 00 11 13 20 0F 00 23 19 1F 00 1E 12 13 1D 00 38 12 13 0F 10 6B 1D 00 2F 0F 23 6C 44	'I'll join my companions now.'<4F>It's not much,but I'll give you this Thief's Key.'<44>
04F9	27	19	01	83E3	8693	9117	38 12 0F 1C 0F 0B 10 1E 0F 1C 77 1E 12 0F 00 10 0B 15 0F 00 1A 1C 13 18 0D 0F 1D 1D 77 31 0B 23 77 0B 18 0E 00 12 0F 1C 00 0D 19 17 1A 0B 18 13 19 18 1D 00 0E 13 1D 0B 1A 1A 0F 0B 1C 0F 0E 78 44 25 18 0E 00 0B 00 18 0F 21 00 0E 0B 23 00 0C 0F 11 0B 18 72 78	Thereafter,the fake princess,May,and her companions disappeared.<44>And a new day began....
04FA	27	1A	01	83E3	9117	9276	69 38 12 0F 00 2F 13 18 11 00 1D 0B 23 1D 00 23 19 1F 00 0D 0B 18 00 1A 0B 1D 1D 00 18 19 21 6C	'The King says you can pass now.'
04FB	27	1B	01	83E3	9276	9444	69 26 0F 00 20 0F 1C 23 00 0D 0B 1C 0F 10 1F 16 00 19 18 00 23 19 1F 1C 00 14 19 1F 1C 18 0F 23 6C	'Be very careful on your journey.'
04FC	27	1C	01	83E3	9444	9842	36 0F 0F 0E 71 69 3D 19 1F 00 0D 0B 18 6B 1E 00 0D 0B 1C 1C 23 00 0B 18 23 00 17 19 1C 0F 00 1E 12 13 18 11 1D 78 27 19 17 0F 00 0C 0B 0D 15 00 0B 10 1E 0F 1C 00 1D 0F 16 16 13 18 11 00 19 1C 00 0E 13 1D 0D 0B 1C 0E 13 18 11 00 1D 19 17 0F 6C	Reed:'You can't carry any more things.Come back after selling or discarding some.'
04FD	27	1D	01	83E3	9842	10160	32 0F 1E 0B 71 69 3B 0F 16 0D 19 17 0F 00 12 19 17 0F 77 0E 0B 1C 16 13 18 11 78 2C 0B 20 0F 00 23 19 1F 00 0C 1C 19 1F 11 12 1E 00 17 19 1C 0F 00 17 0F 1C 0D 12 0B 18 0E 13 1D 0F 6D 6A	Neta:'Welcome home,darling.Have you brought more merchandise?'
04FE	27	1E	01	83E3	10160	10301	32 0F 1E 0B 71 69 38 12 0F 18 00 0D 19 17 0F 00 19 20 0F 1C 00 12 0F 1C 0F 72 6C	Neta:'Then come over here....'
04FF	27	1F	01	83E3	10301	10895	32 0F 1E 0B 71 69 26 0F 10 19 1C 0F 00 1C 0F 0D 0F 13 20 13 18 11 00 1E 12 0F 00 17 0F 1C 0D 12 0B 18 0E 13 1D 0F 77 2D 6B 16 16 00 11 13 20 0F 00 23 19 1F 00 1E 12 0F 00 1A 1C 19 0D 0F 0F 0E 1D 00 10 1C 19 17 00 23 0F 1D 1E 0F 1C 0E 0B 23 6B 1D 00 1D 0B 16 0F 1D 6C 44 38 0B 16 19 19 18 00 1C 0F 0D 0F 13 20 0F 1D 00 47 00 11 19 16 0E 00 1A 13 0F 0D 0F 4C 6E 44	Neta:'Before receiving the merchandise,I'll give you the proceeds from yesterday's sales.'<44>Taloon receives <47> gold piece<4C>!<44>
0500	28	00	02	83E3	0	120	3D 19 1F 00 0D 0B 17 0F 00 1E 19 00 1D 0F 0F 00 1E 12 0F 00 2F 13 18 11 6D	You came to see the King?
0501	28	01	02	83E3	120	278	2D 10 00 1D 19 77 1A 1C 19 0D 0F 0F 0E 00 1E 12 1C 19 1F 11 12 00 1E 12 13 1D 00 0E 19 19 1C 78	If so,proceed through this door.
0502	28	02	02	83E3	278	726	38 12 0F 18 00 23 19 1F 00 0D 0B 17 0F 00 10 19 1C 00 1E 12 0F 00 1E 19 1F 1C 18 0B 17 0F 18 1E 77 0D 19 1C 1C 0F 0D 1E 6D 00 34 1C 19 0D 0F 0F 0E 00 1E 12 1C 19 1F 11 12 00 19 18 0F 00 19 10 00 1E 12 0F 00 1E 21 19 00 1D 17 0B 16 16 00 0E 19 19 1C 1D 00 19 18 00 0F 13 1E 12 0F 1C 00 1D 13 0E 0F 78	Then you came for the tournament,correct? Proceed through one of the two small doors on either side.
0503	28	03	02	83E3	726	887	2C 0B 20 0F 00 23 19 1F 00 0C 0F 0F 18 00 1E 19 00 1E 12 0F 00 18 19 1C 1E 12 00 0B 16 1C 0F 0B 0E 23 6D	Have you been to the north already?
0504	28	04	02	83E3	887	1180	3D 19 1F 00 1C 0F 0B 0D 12 0F 0E 00 0B 00 21 1C 0F 0D 15 0F 0E 00 0C 1C 13 0E 11 0F 6D 00 3B 12 19 00 0E 13 0E 00 1D 1F 0D 12 00 0B 00 1E 0F 1C 1C 13 0C 16 0F 00 1E 12 13 18 11 6D	You reached a wrecked bridge? Who did such a terrible thing?
0505	28	05	02	83E3	1180	1376	29 20 0F 18 00 13 10 00 23 19 1F 00 21 0B 18 1E 00 1E 19 00 11 19 77 23 19 1F 00 0D 0B 18 6B 1E 77 1C 13 11 12 1E 6D	Even if you want to go,you can't,right?
0506	28	06	02	83E3	1376	1516	2C 19 21 00 0B 1C 0F 00 23 19 1F 00 0E 19 13 18 11 6D 00 3B 13 18 18 13 18 11 6D	How are you doing? Winning?
0507	28	07	02	83E3	1516	1710	2B 19 19 0E 78 30 0F 1E 00 13 1E 00 1C 13 0E 0F 78 2B 19 1E 00 13 1E 6D 00 30 0F 1E 00 13 1E 00 1C 13 0E 0F 6E	Good.Let it ride.Got it? Let it ride!
0508	28	08	02	83E3	1710	1894	30 1F 0D 15 00 17 0B 23 00 0D 19 17 0F 00 1D 19 19 18 78 3B 0B 13 1E 00 13 1E 00 19 1F 1E 77 33 2F 6D	Luck may come soon.Wait it out,OK?
0509	28	09	02	83E3	1894	2208	2D 6B 17 00 1D 19 00 1E 13 1C 0F 0E 6E 00 2C 0F 23 00 0C 1C 19 1E 12 0F 1C 77 12 19 21 6B 1D 00 13 1E 00 11 19 13 18 11 6D 00 25 1C 0F 00 23 19 1F 00 17 0B 15 13 18 11 00 17 19 18 0F 23 6D	I'm so tired! Hey brother,how's it going? Are you making money?
050A	28	0A	02	83E3	2208	2276	38 12 0B 1E 6B 1D 00 11 19 19 0E 78	That's good.
050B	28	0B	02	83E3	2276	2370	3B 0F 16 16 77 15 0F 0F 1A 00 1E 1C 23 13 18 11 6E	Well,keep trying!
050C	28	0C	02	83E3	2370	2601	3B 0F 16 0D 19 17 0F 6E 00 2C 19 21 00 21 19 1F 16 0E 00 23 19 1F 00 16 13 15 0F 00 0B 00 17 0B 1A 00 19 10 00 1E 12 0F 00 21 19 1C 16 0E 6D	Welcome! How would you like a map of the world?
050D	28	0D	02	83E3	2601	2862	2A 1F 18 18 23 77 2D 00 1E 12 19 1F 11 12 1E 00 2D 00 12 0B 0E 00 1D 19 17 0F 00 17 19 1C 0F 78 38 12 0F 23 6B 1C 0F 00 11 19 18 0F 78 2C 17 17 72 78	Funny,I thought I had some more.They're gone.Hmm....
050E	28	0E	02	83E3	2862	3053	25 1C 0F 00 23 19 1F 00 1D 1F 1C 0F 6D 00 3B 0F 16 16 77 0D 19 17 0F 00 0C 0B 0D 15 00 0B 18 23 00 1E 13 17 0F 78	Are you sure? Well,come back any time.
050F	28	0F	02	83E3	3053	3579	38 12 13 1D 00 13 1D 00 0B 00 20 13 16 16 0B 11 0F 00 1E 12 0B 1E 00 0F 20 0F 18 00 1E 13 17 0F 00 12 0B 1D 00 16 0F 10 1E 00 0C 0F 12 13 18 0E 6C 4F 25 1C 0F 00 23 19 1F 00 10 0B 17 13 16 13 0B 1C 00 21 13 1E 12 00 1E 12 0F 00 16 0F 11 0F 18 0E 00 19 10 00 1E 12 0F 00 37 0B 18 0E 11 16 0B 1D 1D 00 19 10 00 36 0F 11 1C 0F 1D 1D 13 19 18 6D	This is a village that even time has left behind.'<4F>Are you familiar with the legend of the Sandglass of Regression?
0510	28	10	02	83E3	3579	3620	2D 00 1D 0F 0F 72 78	I see....
0511	28	11	02	83E3	3620	3942	38 12 0F 00 16 0F 11 0F 18 0E 00 1D 0B 23 1D 00 1E 12 0F 00 37 0B 18 0E 11 16 0B 1D 1D 00 19 10 00 36 0F 11 1C 0F 1D 1D 13 19 18 00 0D 0B 18 00 1C 0F 20 0F 1C 1D 0F 00 1E 13 17 0F 00 1D 16 13 11 12 1E 16 23 78	The legend says the Sandglass of Regression can reverse time slightly.
0512	28	12	02	83E3	3942	4253	25 1C 0F 00 23 19 1F 00 1E 12 0F 00 19 18 0F 00 21 12 19 00 21 0B 18 1E 1D 00 1E 19 00 15 18 19 21 00 0B 0C 19 1F 1E 00 1E 12 0F 00 37 0B 18 0E 11 16 0B 1D 1D 00 19 10 00 36 0F 11 1C 0F 1D 1D 13 19 18 6D	Are you the one who wants to know about the Sandglass of Regression?
0513	28	13	02	83E3	4253	4906	33 1F 1C 00 0B 18 0D 0F 1D 1E 19 1C 1D 00 1F 1D 0F 0E 00 13 1E 00 13 18 00 0C 0B 1E 1E 16 0F 6C 4F 3D 19 1F 00 1F 1D 0F 00 13 1E 00 1E 19 00 1C 0F 20 0F 1C 1D 0F 00 1E 13 17 0F 00 0B 10 1E 0F 1C 00 0B 00 21 1C 19 18 11 00 17 19 20 0F 00 13 18 00 0C 0B 1E 1E 16 0F 6C 4F 2D 1E 6B 1D 00 18 19 1E 00 0F 1D 1D 0F 18 1E 13 0B 16 00 23 19 1F 00 19 21 18 00 13 1E 77 0C 1F 1E 00 13 1E 00 17 0B 23 00 0D 19 17 0F 00 13 18 00 12 0B 18 0E 23 78	Our ancestors used it in battle.'<4F>You use it to reverse time after a wrong move in battle.'<4F>It's not essential you own it,but it may come in handy.
0514	28	14	02	83E3	4906	5048	3A 0F 1C 23 00 21 0F 16 16 78 2A 0F 0F 16 00 10 1C 0F 0F 00 1E 19 00 1D 1E 0B 23 78	Very well.Feel free to stay.
0515	28	15	02	83E3	5048	5326	38 12 0F 00 21 19 1C 16 0E 00 21 19 18 6B 1E 00 0D 19 17 0F 00 1E 19 00 0B 18 00 0F 18 0E 6C 4F 38 0F 16 16 00 17 0F 00 2D 6B 17 00 1C 13 11 12 1E 77 1A 16 0F 0B 1D 0F 6E	The world won't come to an end.'<4F>Tell me I'm right,please!
0516	28	16	02	83E3	5326	5491	3D 19 1F 6B 1C 0F 00 1D 19 00 0D 19 18 1D 13 0E 0F 1C 0B 1E 0F 72 37 19 0C 72 37 19 0C 72	You're so considerate...Sob...Sob...
0517	28	17	02	83E3	5491	5553	37 19 0C 72 37 19 0C 72	Sob...Sob...
0518	28	18	02	83E3	5553	5792	25 12 0B 6E 00 3D 19 1F 00 17 19 18 1D 1E 0F 1C 1D 6E 00 33 19 1A 1D 72 2D 00 21 0B 1D 00 14 1F 1D 1E 00 0E 1C 0F 0B 17 13 18 11 72 78	Aha! You monsters! Oops...I was just dreaming....
0519	28	19	02	83E3	5792	6158	3B 19 1C 1C 23 00 10 19 1C 00 17 23 00 17 13 1D 1D 13 18 11 00 0D 12 13 16 0E 00 17 0B 15 0F 1D 00 1D 16 0F 0F 1A 00 13 17 1A 19 1D 1D 13 0C 16 0F 72 78 34 16 0F 0B 1D 0F 00 10 13 18 0E 00 17 23 00 0D 12 13 16 0E 72 78	Worry for my missing child makes sleep impossible....Please find my child....
051A	28	1A	02	83E3	6158	6255	38 12 0F 00 2F 13 18 11 00 13 1D 00 0B 1D 16 0F 0F 1A 78	The King is asleep.
051B	28	1B	02	83E3	6255	6471	37 1E 0B 23 00 0B 1E 00 0B 18 00 13 18 18 00 1E 19 18 13 11 12 1E 00 0B 18 0E 00 0D 19 17 0F 00 0C 0B 0D 15 00 1E 19 17 19 1C 1C 19 21 78	Stay at an inn tonight and come back tomorrow.
051C	28	1C	02	83E3	6471	7032	2C 17 17 72 1E 12 0F 00 17 19 1C 0F 00 2D 00 0D 19 17 1A 0B 1C 0F 77 1E 12 0F 00 17 19 1C 0F 00 1D 13 17 13 16 0B 1C 13 1E 23 00 2D 00 10 13 18 0E 6C 4F 38 12 0F 00 1A 1C 0F 1D 0F 18 1E 00 21 0F 0B 1E 12 0F 1C 00 1C 0F 1D 0F 17 0C 16 0F 1D 00 1E 12 0B 1E 00 19 10 00 1A 0B 1D 1E 00 1E 13 17 0F 1D 00 21 12 0F 18 00 17 19 18 1D 1E 0F 1C 1D 00 1C 0F 13 11 18 0F 0E 78	Hmm...the more I compare,the more similarity I find.'<4F>The present weather resembles that of past times when monsters reigned.
051D	28	1D	02	83E3	7032	7170	2C 19 00 12 1F 17 72 11 1F 0B 1C 0E 13 18 11 00 13 1D 18 6B 1E 00 10 1F 18 78	Ho hum...guarding isn't fun.
051E	28	1E	02	83E3	7170	7405	2D 6B 16 16 00 11 19 00 1E 19 00 1D 16 0F 0F 1A 78 2D 6B 17 00 12 0B 1A 1A 13 0F 1D 1E 00 21 12 0F 18 00 2D 00 11 19 00 1E 19 00 1D 16 0F 0F 1A 78	I'll go to sleep.I'm happiest when I go to sleep.
051F	28	1F	02	83E3	7405	7617	3B 0F 6B 1C 0F 00 0D 16 19 1D 0F 0E 00 10 19 1C 00 1E 19 0E 0B 23 78 27 19 17 0F 00 0C 0B 0D 15 00 1E 19 17 19 1C 1C 19 21 78	We're closed for today.Come back tomorrow.
0520	29	00	02	879C	0	233	2C 17 17 72 1D 19 17 0F 1E 12 13 18 11 00 0B 21 10 1F 16 00 17 0B 23 00 0C 0F 00 12 0B 1A 1A 0F 18 13 18 11 00 1D 19 17 0F 21 12 0F 1C 0F 78	Hmm...something awful may be happening somewhere.
0521	29	01	02	879C	233	399	31 19 18 1D 1E 0F 1C 1D 00 1D 0F 0F 17 00 1E 19 00 0C 0F 00 11 0F 1E 1E 13 18 11 00 1D 1E 1C 19 18 11 0F 1C 78	Monsters seem to be getting stronger.
0522	29	02	02	879C	399	761	38 12 0F 00 21 19 17 0B 18 00 19 10 00 1E 12 13 1D 00 12 19 1F 1D 0F 00 13 1D 00 21 0B 13 1E 13 18 11 00 10 19 1C 00 12 0F 1C 00 17 13 1D 1D 13 18 11 00 12 1F 1D 0C 0B 18 0E 00 1E 19 00 1C 0F 1E 1F 1C 18 78 2C 19 21 00 1D 0B 0E 72 78	The woman of this house is waiting for her missing husband to return.How sad....
0523	29	03	02	879C	761	1015	3B 0F 0F 1A 72 2D 00 21 0B 18 1E 00 1E 19 00 11 19 00 1E 19 00 1E 12 0F 00 0C 0B 1E 12 1C 19 19 17 77 0C 1F 1E 00 2D 6B 17 00 1E 19 19 00 1D 0D 0B 1C 0F 0E 6E	Weep...I want to go to the bathroom,but I'm too scared!
0524	29	04	02	879C	1015	1308	2C 19 21 00 16 19 18 11 00 21 13 16 16 00 1D 12 0F 00 21 0B 13 1E 6D 00 37 12 0F 00 1D 12 19 1F 16 0E 00 11 13 20 0F 00 1F 1A 00 12 19 1A 0F 00 0B 18 0E 00 17 0B 1C 1C 23 00 17 0F 78	How long will she wait? She should give up hope and marry me.
0525	29	05	02	879C	1308	1685	3B 0F 00 21 0F 1C 0F 00 14 1F 1D 1E 00 1E 0B 16 15 13 18 11 00 0B 0C 19 1F 1E 00 1E 12 0F 00 13 18 0D 13 0E 0F 18 1E 1D 6C 4F 2D 00 0C 0F 16 13 0F 20 0F 00 1E 12 0F 00 0D 12 13 16 0E 1C 0F 18 00 15 18 19 21 00 1D 19 17 0F 1E 12 13 18 11 78	We were just talking about the incidents.'<4F>I believe the children know something.
0526	29	06	02	879C	1685	1956	28 19 18 6B 1E 00 21 19 1C 1C 23 77 34 1C 13 18 0D 13 1A 0B 16 6C 4F 27 12 13 16 0E 1C 0F 18 00 0B 16 21 0B 23 1D 00 12 0B 20 0F 00 1D 0F 0D 1C 0F 1E 1D 78	Don't worry,Principal.'<4F>Children always have secrets.
0527	29	07	02	879C	1956	2233	27 0B 18 00 15 13 0E 1D 00 1C 0F 0B 16 16 23 00 20 0B 18 13 1D 12 00 0C 0F 10 19 1C 0F 00 23 19 1F 1C 00 0F 23 0F 1D 6D 00 2D 1E 6B 1D 00 13 17 1A 19 1D 1D 13 0C 16 0F 6E	Can kids really vanish before your eyes? It's impossible!
0528	29	08	02	879C	2233	2558	38 12 0F 23 00 1D 0B 23 00 1E 12 0F 00 17 0B 18 00 13 18 00 1E 12 0F 00 1F 18 0E 0F 1C 11 1C 19 1F 18 0E 00 14 0B 13 16 00 13 1D 00 18 0B 17 0F 0E 00 25 16 0F 22 78 2C 0F 6B 1D 00 17 23 00 1A 0B 16 78	They say the man in the underground jail is named Alex.He's my pal.
0529	29	09	02	879C	2558	2892	31 23 00 21 13 10 0F 00 1D 0B 23 1D 00 34 19 0D 19 1D 00 21 0B 1D 00 1A 16 0B 23 13 18 11 00 21 13 1E 12 00 1D 19 17 0F 00 10 1F 18 18 23 00 1D 12 19 0F 1D 00 21 12 0F 18 00 12 0F 00 20 0B 18 13 1D 12 0F 0E 72 78	My wife says Pocos was playing with some funny shoes when he vanished....
052A	29	0A	02	879C	2892	3752	3B 12 0B 1E 6D 00 2D 6B 17 00 18 19 1E 00 1D 18 19 19 1A 13 18 11 6E 6A 4F 2F 0F 0F 1A 00 1B 1F 13 0F 1E 77 0B 18 0E 00 2D 6B 16 16 00 1E 0F 16 16 00 23 19 1F 00 1D 19 17 0F 1E 12 13 18 11 6C 4F 2D 00 1D 0B 21 00 1E 12 0F 00 17 0B 18 00 13 18 00 1E 12 0F 00 1F 18 0E 0F 1C 11 1C 19 1F 18 0E 00 14 0B 13 16 00 0C 0F 10 19 1C 0F 72 13 18 00 1E 12 0F 00 27 0B 1D 1E 16 0F 00 38 19 21 18 00 19 10 00 26 1F 1C 16 0B 18 0E 72 17 0B 23 0C 0F 6C 4F 3B 12 23 00 0E 19 18 6B 1E 00 23 19 1F 00 11 19 00 0C 0B 0D 15 00 1E 12 0F 1C 0F 6D	What? I'm not snooping!'<4F>Keep quiet,and I'll tell you something.'<4F>I saw the man in the underground jail before...in the Castle Town of Burland...maybe.'<4F>Why don't you go back there?
052B	29	0B	02	879C	3752	4008	2D 6B 17 00 0B 00 1E 1C 0B 20 0F 16 0F 1C 78 2D 6B 17 00 11 19 13 18 11 00 1E 19 00 1E 0B 15 0F 00 0B 00 0C 0B 1E 12 78 34 16 0F 0B 1D 0F 00 16 0F 0B 20 0F 78	I'm a traveler.I'm going to take a bath.Please leave.
052C	29	0C	02	879C	4008	4256	25 16 0F 22 77 16 0F 1E 6B 1D 00 1A 16 0B 23 00 0B 11 0B 13 18 00 1E 19 17 19 1C 1C 19 21 78 31 1F 17 0C 16 0F 72 31 1F 17 0C 16 0F 72	Alex,let's play again tomorrow.Mumble...Mumble...
052D	29	0D	02	879C	4256	4548	33 1F 1C 00 1D 19 18 00 20 0B 18 13 1D 12 0F 0E 00 1E 19 19 6E 6A 4F 3B 12 19 6B 1D 00 0E 19 13 18 11 00 1E 12 13 1D 6D 00 3B 12 0B 1E 00 0E 19 00 1E 12 0F 23 00 21 0B 18 1E 6D	Our son vanished too!'<4F>Who's doing this? What do they want?
052E	29	0E	02	879C	4548	4786	3D 0F 1D 77 2D 6B 17 00 25 16 0F 22 72 17 19 18 1D 1E 0F 1C 1D 00 0B 1C 0F 00 0D 19 17 13 18 11 6E 00 2D 6B 17 00 1D 0D 0B 1C 0F 0E 6E	Yes,I'm Alex...monsters are coming! I'm scared!
052F	29	0F	02	879C	4786	4842	37 1D 1D 72 37 1D 1D 72	Sss...Sss...
0530	29	10	02	879C	4842	4988	2D 00 10 0F 0F 16 00 0B 18 22 13 19 1F 1D 78 2D 00 0D 0B 18 6B 1E 00 1D 16 0F 0F 1A 78	I feel anxious.I can't sleep.
0531	29	11	02	879C	4988	5111	3D 1F 17 72 3D 1F 17 72 2D 6B 17 00 12 1F 18 11 1C 23 78	Yum...Yum...I'm hungry.
0532	29	12	02	879C	5111	5351	2B 1F 1C 11 72 2B 1F 1C 11 72 34 1C 13 18 0D 0F 1D 1D 72 19 12 77 18 19 72 31 1F 17 0C 16 0F 72 31 1F 17 0C 16 0F 72	Gurg...Gurg...Princess...oh,no...Mumble...Mumble...
0533	29	13	02	879C	5351	5535	3B 0F 00 21 0F 1C 0F 00 14 1F 1D 1E 00 1D 1A 0F 0B 15 13 18 11 00 19 10 00 1E 12 0F 00 34 1C 13 18 0D 0F 1D 1D 78	We were just speaking of the Princess.
0534	29	14	02	879C	5535	6090	38 12 0F 00 34 1C 13 18 0D 0F 1D 1D 00 13 1D 00 16 0F 0B 20 13 18 11 00 19 18 00 0B 00 14 19 1F 1C 18 0F 23 6D 00 33 10 00 0D 19 1F 1C 1D 0F 77 2D 00 21 19 18 6B 1E 00 1E 0F 16 16 00 0B 18 23 19 18 0F 6C 4F 2D 6B 17 00 15 18 19 21 18 00 1E 19 00 0C 0F 00 1E 13 11 12 1E 6F 16 13 1A 1A 0F 0E 78 2C 0F 12 77 2C 0F 12 77 2C 0F 12 6E	The Princess is leaving on a journey? Of course,I won't tell anyone.'<4F>I'm known to be tight-lipped.Heh,Heh,Heh!
0535	29	15	02	879C	6090	6297	32 19 21 00 2D 00 0D 0B 18 00 1E 0B 15 0F 00 0D 0B 1C 0F 00 19 10 00 17 23 00 0C 1F 1D 13 18 0F 1D 1D 78 38 12 0B 18 15 1D 78	Now I can take care of my business.Thanks.
0536	29	16	02	879C	6297	6411	38 12 0B 18 15 1D 00 10 19 1C 00 0F 20 0F 1C 23 1E 12 13 18 11 78	Thanks for everything.
0537	29	17	02	879C	6411	6552	38 12 0B 18 15 1D 78 2C 0B 20 0F 00 0B 00 1D 0B 10 0F 00 14 19 1F 1C 18 0F 23 78	Thanks.Have a safe journey.
0538	29	18	02	879C	6552	6889	2D 00 1E 12 13 18 15 00 2D 6B 20 0F 00 1D 0F 0F 18 00 23 19 1F 00 0C 0F 10 19 1C 0F 72 6C 4F 3B 0B 1D 00 13 1E 00 0B 1E 00 1E 12 0F 00 27 0B 1D 1E 16 0F 6D 00 2D 00 0D 0B 18 6B 1E 00 1C 0F 17 0F 17 0C 0F 1C 78	I think I've seen you before....'<4F>Was it at the Castle? I can't remember.
0539	29	19	02	879C	6889	7173	3D 19 1F 00 0E 19 18 6B 1E 00 16 19 19 15 00 16 13 15 0F 00 0D 19 17 17 19 18 0F 1C 1D 6C 4F 25 1C 0F 18 6B 1E 00 23 19 1F 00 19 10 00 18 19 0C 16 0F 00 0C 13 1C 1E 12 6D	You don't look like commoners.'<4F>Aren't you of noble birth?
053A	29	1A	02	879C	7173	7374	2D 00 21 0B 1D 00 1C 13 11 12 1E 78 3D 19 1F 6B 1C 0F 00 1E 12 0F 00 34 1C 13 18 0D 0F 1D 1D 6B 00 34 0B 1C 1E 23 6E	I was right.You're the Princess' Party!
053B	29	1B	02	879C	7374	7471	33 2F 72 13 10 00 23 19 1F 00 1D 0B 23 00 1D 19 78	OK...if you say so.
053C	29	1C	02	879C	7471	7659	3B 12 0F 21 6E 00 2D 6B 17 00 1E 13 1C 0F 0E 78 27 19 17 0F 00 0C 0B 0D 15 00 1E 19 17 19 1C 1C 19 21 78	Whew! I'm tired.Come back tomorrow.
053D	29	1D	02	879C	7659	7747	2B 1C 24 24 72 2B 1C 24 24 72	Grzz...Grzz...
053E	29	1E	02	879C	7747	8013	3B 0F 00 1E 1C 0B 20 0F 16 00 10 1C 19 17 00 1A 16 0B 0D 0F 00 1E 19 00 1A 16 0B 0D 0F 00 11 13 20 13 18 11 00 0C 0B 24 0B 0B 1C 1D 00 16 13 15 0F 00 1E 12 13 1D 78	We travel from place to place giving bazaars like this.
053F	29	1F	02	879C	8013	8329	33 18 00 18 13 11 12 1E 1D 00 16 13 15 0F 00 1E 12 13 1D 77 21 12 0F 18 00 2D 00 0D 0B 18 00 1D 0F 0F 00 1E 12 0F 00 1D 1E 0B 1C 1D 00 0D 16 0F 0B 1C 16 23 77 2D 00 11 0F 1E 00 12 19 17 0F 1D 13 0D 15 78	On nights like this,when I can see the stars clearly,I get homesick.
0540	2A	00	02	8BAE	0	88	2B 1C 24 24 72 2B 1C 24 24 72	Grzz...Grzz...
0541	2A	01	02	8BAE	88	725	2D 6B 17 00 36 0B 11 18 0B 1C 77 0B 00 1D 19 16 0E 13 0F 1C 00 10 1C 19 17 00 26 1F 1C 16 0B 18 0E 78 2D 6B 17 00 1D 0F 0B 1C 0D 12 13 18 11 00 10 19 1C 00 1E 12 0F 00 2C 0F 1C 19 6C 4F 72 11 1F 0F 1D 1D 00 23 19 1F 00 21 19 1F 16 0E 18 6B 1E 00 1F 18 0E 0F 1C 1D 1E 0B 18 0E 00 21 12 0B 1E 00 2D 6B 17 00 1E 0B 16 15 13 18 11 00 0B 0C 19 1F 1E 72 78 29 22 0D 1F 1D 0F 00 17 0F 78	I'm Ragnar,a soldier from Burland.I'm searching for the Hero.'<4F>...guess you wouldn't understand what I'm talking about....Excuse me.
0542	2A	02	02	8BAE	725	978	30 19 19 15 6E 00 25 00 1D 12 19 19 1E 13 18 11 00 1D 1E 0B 1C 6E 6A 4F 2D 00 12 19 1A 0F 00 13 1E 6B 1D 00 18 19 1E 00 0B 00 0C 0B 0E 00 19 17 0F 18 78	Look! A shooting star!'<4F>I hope it's not a bad omen.
0543	2A	03	02	8BAE	978	1173	2D 6B 17 00 11 1C 0B 1E 0F 10 1F 16 00 2D 00 12 0B 0E 00 0B 18 19 1E 12 0F 1C 00 1A 0F 0B 0D 0F 10 1F 16 00 0E 0B 23 78	I'm grateful I had another peaceful day.
0544	2A	04	02	8BAE	1173	1331	31 0F 0B 16 1D 00 0B 10 1E 0F 1C 00 12 0B 1C 0E 00 21 19 1C 15 00 1E 0B 1D 1E 0F 00 11 1C 0F 0B 1E 78	Meals after hard work taste great.
0545	2A	05	02	8BAE	1331	1419	2D 6B 17 00 18 19 1E 00 10 1F 16 16 00 23 0F 1E 78	I'm not full yet.
0546	2A	06	02	8BAE	1419	1582	38 12 13 1D 00 13 1D 00 1E 12 0F 00 27 0B 1D 1E 16 0F 00 38 19 21 18 00 19 10 00 29 18 0E 19 1C 78	This is the Castle Town of Endor.
0547	2A	07	02	8BAE	1582	1638	37 1D 1D 72 37 1D 1D 72	Sss...Sss...
0548	2A	08	02	8BAE	1638	2029	3D 19 1F 00 21 0B 18 1E 00 1E 19 00 0C 1F 23 00 1E 12 0F 00 1D 12 19 1A 6D 00 32 19 77 23 19 1F 6B 0E 00 0C 0F 1E 1E 0F 1C 00 18 19 1E 78 3D 19 1F 00 0E 19 18 6B 1E 00 12 0B 20 0F 00 0C 1F 1D 13 18 0F 1D 1D 00 0F 22 1A 0F 1C 13 0F 18 0D 0F 78	You want to buy the shop? No,you'd better not.You don't have business experience.
0549	2A	09	02	8BAE	2029	2310	38 12 0F 00 1E 19 1F 1C 18 0B 17 0F 18 1E 00 13 1D 00 19 18 16 23 00 12 0F 16 0E 00 0E 1F 1C 13 18 11 00 1E 12 0F 00 0E 0B 23 78 27 19 17 0F 00 0C 0B 0D 15 00 0B 11 0B 13 18 78	The tournament is only held during the day.Come back again.
054A	2A	0A	02	8BAE	2310	2398	2B 1C 24 24 72 2B 1C 24 24 72	Grzz...Grzz...
054B	2A	0B	02	8BAE	2398	2771	2C 19 21 00 17 0B 18 23 00 1D 19 16 0E 13 0F 1C 1D 00 12 0B 20 0F 00 0C 0F 0F 18 00 0E 19 18 0F 00 13 18 00 0C 23 00 32 0F 0D 1C 19 1D 0B 1C 19 6E 6A 4F 2D 1E 6B 1D 00 16 13 15 0F 00 0B 18 00 0F 22 1E 0F 1C 17 13 18 0B 1E 13 19 18 78	How many soldiers have been done in by Necrosaro!'<4F>It's like an extermination.
054C	2A	0C	02	8BAE	2771	2969	38 12 0F 00 2F 13 18 11 00 0B 18 0E 00 1E 12 0F 00 34 1C 13 18 0D 0F 1D 1D 00 0B 1C 0F 00 0C 19 1E 12 00 0B 1D 16 0F 0F 1A 78	The King and the Princess are both asleep.
054D	2A	0D	02	8BAE	2969	3132	2D 00 12 0B 20 0F 00 1E 19 00 0D 16 0F 0B 18 00 12 0F 1C 0F 78 27 16 0F 0B 18 72 27 16 0F 0B 18 72	I have to clean here.Clean...Clean...
054E	2A	0E	02	8BAE	3132	3363	2D 00 0C 0F 1E 00 32 0F 0D 1C 19 1D 0B 1C 19 00 21 13 16 16 00 0C 0F 00 1E 12 0F 00 21 13 18 18 0F 1C 78 2C 0F 00 16 19 19 15 1D 00 17 0F 0B 18 6E	I bet Necrosaro will be the winner.He looks mean!
054F	2A	0F	02	8BAE	3363	3576	2D 00 14 1F 1D 1E 00 0E 19 18 6B 1E 00 16 13 15 0F 00 1E 12 0B 1E 00 17 0B 18 00 0D 0B 16 16 0F 0E 00 32 0F 0D 1C 19 1D 0B 1C 19 78	I just don't like that man called Necrosaro.
0550	2A	10	02	8BAE	3576	3773	2D 00 0D 0B 18 6B 1E 00 15 0F 0F 1A 00 1F 1A 00 21 13 1E 12 00 21 19 17 0F 18 6B 1D 00 1D 13 16 16 23 00 1E 0B 16 15 78	I can't keep up with women's silly talk.
0551	2A	11	02	8BAE	3773	3917	39 17 17 72 39 17 17 72 3E 24 24 72 3E 24 24 72	Umm...Umm...Zzz...Zzz...
0552	2A	12	02	8BAE	3917	3973	37 1D 1D 72 37 1D 1D 72	Sss...Sss...
0553	2A	13	02	8BAE	3973	4053	3E 24 24 72 3E 24 24 72	Zzz...Zzz...
0554	2A	14	02	8BAE	4053	4627	3B 0F 16 0D 19 17 0F 00 12 19 17 0F 77 0E 0B 0E 0E 23 6E 00 3D 0F 1D 77 2D 6B 20 0F 00 0C 0F 0F 18 00 0B 00 11 19 19 0E 00 0C 19 23 6C 4F 3B 12 0F 18 00 2D 00 11 1C 19 21 00 1F 1A 77 2D 6B 16 16 00 21 19 1C 15 00 0B 1D 00 12 0B 1C 0E 00 0B 1D 00 23 19 1F 00 0B 18 0E 00 16 0F 1E 00 23 19 1F 00 1E 21 19 00 16 13 20 0F 00 13 18 00 0D 19 17 10 19 1C 1E 6E	Welcome home,daddy! Yes,I've been a good boy.'<4F>When I grow up,I'll work as hard as you and let you two live in comfort!
0555	2A	15	02	8BAE	4627	5000	30 0F 1E 6B 1D 00 12 19 1A 0F 00 1E 12 0F 00 21 19 1C 16 0E 00 21 19 18 6B 1E 00 0F 18 0E 6C 4F 3B 13 1E 12 19 1F 1E 00 1E 12 0F 00 21 19 1C 16 0E 77 23 19 1F 00 21 19 18 6B 1E 00 12 0B 20 0F 00 0B 18 23 00 0C 1F 1D 13 18 0F 1D 1D 78	Let's hope the world won't end.'<4F>Without the world,you won't have any business.
0556	2A	16	02	8BAE	5000	5172	3D 19 1F 00 17 0B 23 00 18 19 1E 00 0F 18 1E 0F 1C 00 1E 12 0F 00 27 0B 1D 1E 16 0F 00 0B 1E 00 18 13 11 12 1E 6E	You may not enter the Castle at night!
0557	2A	17	02	8BAE	5172	5323	2D 1E 6B 1D 00 16 0B 1E 0F 78 27 19 17 0F 00 0C 0B 0D 15 00 1E 19 17 19 1C 1C 19 21 78	It's late.Come back tomorrow.
0558	2A	18	02	8BAE	5323	5504	34 1C 13 18 0D 0F 6E 00 34 1C 13 18 0D 0F 6E 00 33 12 00 18 19 6E 00 3B 12 0F 1C 0F 00 13 1D 00 12 0F 6D	Prince! Prince! Oh no! Where is he?
0559	2A	19	02	8BAE	5504	5889	38 12 0F 23 00 1D 0B 23 00 1E 12 0F 00 17 19 18 1D 1E 0F 1C 1D 00 0C 0F 11 0B 18 00 0B 1A 1A 0F 0B 1C 13 18 11 00 0C 0F 0D 0B 1F 1D 0F 00 1E 12 0F 00 36 1F 16 0F 1C 00 19 10 00 29 20 13 16 00 13 1D 00 0B 0C 19 1F 1E 00 1E 19 00 1C 0F 20 13 20 0F 78	They say the monsters began appearing because the Ruler of Evil is about to revive.
055A	2A	1A	02	8BAE	5889	6345	3D 19 1F 00 17 1F 1D 1E 00 12 0B 20 0F 00 1E 12 0F 00 2F 13 18 11 6B 1D 00 1A 0F 1C 17 13 1D 1D 13 19 18 00 1E 19 00 19 21 18 00 0B 00 1D 12 19 1A 00 13 18 00 1E 12 13 1D 00 1E 19 21 18 6C 4F 2D 1E 6B 1D 00 18 19 1E 00 0F 0B 1D 23 00 1E 19 00 11 0F 1E 00 12 13 1D 00 1A 0F 1C 17 13 1D 1D 13 19 18 78	You must have the King's permission to own a shop in this town.'<4F>It's not easy to get his permission.
055B	2A	1B	02	8BAE	6345	6585	2D 00 21 0B 1D 00 1D 1F 1C 0F 00 1E 12 0B 1E 00 32 0F 0D 1C 19 1D 0B 1C 19 00 21 19 1F 16 0E 00 21 13 18 00 1E 12 0F 00 1E 19 1F 1C 18 0B 17 0F 18 1E 72 78	I was sure that Necrosaro would win the tournament....
055C	2A	1C	02	8BAE	6585	7008	2D 00 1E 12 13 18 15 00 32 0F 0D 1C 19 1D 0B 1C 19 00 0E 13 1D 0B 1A 1A 0F 0B 1C 0F 0E 00 10 1C 19 17 00 1E 12 0F 00 1E 19 1F 1C 18 0B 17 0F 18 1E 00 0C 0F 0D 0B 1F 1D 0F 00 12 0F 00 12 0B 0E 00 17 19 1C 0F 00 13 17 1A 19 1C 1E 0B 18 1E 00 1E 12 13 18 11 1D 00 1E 19 00 0E 19 78	I think Necrosaro disappeared from the tournament because he had more important things to do.
055D	2A	1D	02	8BAE	7008	7315	2D 00 12 0F 0B 1C 00 1E 12 0F 00 2C 0F 1C 19 77 21 12 19 00 21 13 16 16 00 1D 0B 20 0F 00 1E 12 13 1D 00 21 19 1C 16 0E 77 13 1D 00 11 1C 19 21 13 18 11 00 1F 1A 00 1D 19 17 0F 21 12 0F 1C 0F 78	I hear the Hero,who will save this world,is growing up somewhere.
055E	2A	1E	02	8BAE	7315	7748	38 12 0F 1C 0F 6B 1D 00 0B 00 1C 1F 17 19 1C 00 1E 12 0B 1E 00 1E 12 0F 00 36 1F 16 0F 1C 00 19 10 00 29 20 13 16 00 21 13 16 16 00 1C 0F 20 13 20 0F 72 6C 4F 2D 00 14 1F 1D 1E 00 0E 19 18 6B 1E 00 15 18 19 21 00 21 12 0B 1E 00 1E 19 00 0C 0F 16 13 0F 20 0F 72 78	There's a rumor that the Ruler of Evil will revive....'<4F>I just don't know what to believe....
055F	2A	1F	02	8BAE	7748	7981	2B 1C 0F 0F 1E 13 18 11 1D 6E 00 29 0B 1E 00 0B 18 0E 00 1D 13 18 11 6E 00 2A 19 1C 11 0F 1E 00 23 19 1F 1C 00 1A 1C 19 0C 16 0F 17 1D 6E	Greetings! Eat and sing! Forget your problems!
0560	2B	00	02	8F94	0	560	2C 0F 23 6E 00 25 1C 0F 18 6B 1E 00 23 19 1F 00 29 0E 11 0B 1C 6B 1D 00 0E 0B 1F 11 12 1E 0F 1C 1D 6D 6A 4F 28 13 0E 00 12 0F 00 1D 1F 0D 0D 0F 0F 0E 00 13 18 00 1E 1F 1C 18 13 18 11 00 13 1C 19 18 00 13 18 1E 19 00 11 19 16 0E 6D 6A 4F 2D 10 00 12 0F 00 0E 13 0E 77 12 0F 00 0D 19 1F 16 0E 00 0C 0F 0D 19 17 0F 00 0B 00 15 13 18 11 78	Hey! Aren't you Edgar's daughters?'<4F>Did he succeed in turning iron into gold?'<4F>If he did,he could become a king.
0561	2B	01	02	8F94	560	847	2D 00 21 19 18 0E 0F 1C 00 21 12 23 00 29 0E 11 0B 1C 00 21 0B 1D 00 17 1F 1C 0E 0F 1C 0F 0E 00 0C 23 00 12 13 1D 00 1A 1F 1A 13 16 77 26 0B 16 24 0B 0D 15 72 78	I wonder why Edgar was murdered by his pupil,Balzack....
0562	2B	02	02	8F94	847	1163	25 16 0D 12 0F 17 23 6D 00 3D 0F 1D 77 2D 00 15 18 19 21 78 2D 1D 18 6B 1E 00 13 1E 00 0B 00 17 0F 1E 12 19 0E 00 19 10 00 1E 1F 1C 18 13 18 11 00 13 1C 19 18 00 13 18 1E 19 00 11 19 16 0E 6D	Alchemy? Yes,I know.Isn't it a method of turning iron into gold?
0563	2B	03	02	8F94	1163	1406	2B 19 19 0E 00 10 19 19 0E 00 0B 10 1E 0F 1C 00 21 19 1C 15 00 13 1D 00 1E 12 0F 00 0C 0F 1D 1E 6E 00 25 12 77 1D 19 00 0E 0F 16 13 0D 13 19 1F 1D 6E	Good food after work is the best! Ah,so delicious!
0564	2B	04	02	8F94	1406	1620	3E 24 24 72 2D 00 1D 1E 1C 13 20 0F 00 1E 19 00 1D 0B 20 0F 00 1E 12 0F 00 13 18 14 1F 1C 0F 0E 72 3E 24 24 72	Zzz...I strive to save the injured...Zzz...
0565	2B	05	02	8F94	1620	1778	30 0F 1E 6B 1D 00 0E 0B 18 0D 0F 00 0B 18 0E 00 0F 18 14 19 23 00 1E 12 0F 00 17 1F 1D 13 0D 6E	Let's dance and enjoy the music!
0566	2B	06	02	8F94	1778	2288	31 0B 18 23 00 11 13 1C 16 1D 00 0B 1C 0F 00 1D 1F 17 17 19 18 0F 0E 00 1E 19 00 1E 12 0F 00 10 0F 0B 1D 1E 1D 00 12 0F 16 0E 00 0B 16 17 19 1D 1E 00 0F 20 0F 1C 23 00 18 13 11 12 1E 00 0B 1E 00 2F 0F 0F 16 0F 19 18 00 27 0B 1D 1E 16 0F 6C 4F 32 19 00 11 13 1C 16 00 0F 20 0F 1C 00 1C 0F 1E 1F 1C 18 1D 00 10 1C 19 17 00 1E 12 0F 1C 0F 6E	Many girls are summoned to the feasts held almost every night at Keeleon Castle.'<4F>No girl ever returns from there!
0567	2B	07	02	8F94	2288	2615	27 1F 1C 1D 0F 1D 6E 00 3B 12 0F 1C 0F 00 0E 13 0E 00 30 23 18 18 00 11 19 6D 6A 4F 37 12 0F 6B 1D 00 0C 0F 0F 18 00 1D 1F 17 17 19 18 0F 0E 00 1E 19 00 2F 0F 0F 16 0F 19 18 00 27 0B 1D 1E 16 0F 78	Curses! Where did Lynn go?'<4F>She's been summoned to Keeleon Castle.
0568	2B	08	02	8F94	2615	2961	2C 0F 00 0D 0B 17 0F 00 0C 0B 0D 15 00 0B 18 0E 00 10 0F 16 16 00 0B 1D 16 0F 0F 1A 00 21 12 13 16 0F 00 2D 00 21 0B 1D 00 19 1F 1E 00 16 19 19 15 13 18 11 00 10 19 1C 00 12 13 17 78 3B 12 0F 1C 0F 00 21 0B 1D 00 12 0F 6D	He came back and fell asleep while I was out looking for him.Where was he?
0569	2B	09	02	8F94	2961	3214	3E 24 24 72 3E 24 24 72 1E 12 0B 1E 00 0D 0B 20 0F 00 12 0B 1D 00 0B 00 1D 0F 0D 1C 0F 1E 72 3E 24 24 72 3E 24 24 72	Zzz...Zzz...that cave has a secret...Zzz...Zzz...
056A	2B	0A	02	8F94	3214	3494	2D 00 12 19 1A 0F 00 23 19 1F 00 10 13 18 0E 00 26 0B 16 24 0B 0D 15 77 1E 12 0F 00 19 0C 14 0F 0D 1E 00 19 10 00 23 19 1F 1C 00 1C 0F 20 0F 18 11 0F 77 1D 19 19 18 78	I hope you find Balzack,the object of your revenge,soon.
056B	2B	0B	02	8F94	3494	3667	34 0F 19 1A 16 0F 00 16 13 15 0F 00 23 19 1F 00 1D 12 19 1F 16 0E 18 6B 1E 00 0D 19 17 0F 00 12 0F 1C 0F 78	People like you shouldn't come here.
056C	2B	0C	02	8F94	3667	3898	3B 12 0B 1E 6D 00 2D 1D 00 1E 12 13 1D 00 0B 00 34 1F 10 1A 1F 10 00 1C 19 19 17 6D 00 2D 00 0D 0B 18 6B 1E 00 1E 0F 16 16 00 23 19 1F 78	What? Is this a Pufpuf room? I can't tell you.
056D	2B	0D	02	8F94	3898	4086	38 12 13 1D 00 21 0B 1D 00 30 23 18 18 6B 1D 00 1C 19 19 17 78 3B 12 0F 1C 0F 00 13 1D 00 1D 12 0F 00 18 19 21 6D	This was Lynn's room.Where is she now?
056E	2B	0E	02	8F94	4086	4876	4E 31 0B 1D 1E 0F 1C 71 69 38 12 0F 00 27 0B 1D 1E 16 0F 00 1A 0F 19 1A 16 0F 00 0B 1C 0F 00 1D 1F 17 17 19 18 13 18 11 00 11 13 1C 16 1D 00 1E 19 00 1E 12 0F 00 27 0B 1D 1E 16 0F 78 38 12 0F 23 00 1D 0B 23 00 1E 12 0F 23 00 0B 1C 0F 00 12 0B 20 13 18 11 00 10 0F 0B 1D 1E 1D 00 1E 12 0F 1C 0F 6C 44 31 0B 1D 1E 0F 1C 71 69 3B 12 0F 1C 0F 6B 1D 00 1E 12 0F 00 27 0B 1D 1E 16 0F 6D 00 2D 1E 6B 1D 00 10 0B 1C 00 18 19 1C 1E 12 00 10 1C 19 17 00 12 0F 1C 0F 00 0C 0F 23 19 18 0E 00 2F 13 0F 20 1D 6C	<4E>Master:'The Castle people are summoning girls to the Castle.They say they are having feasts there.'<44>Master:'Where's the Castle? It's far north from here beyond Kievs.'
056F	2B	0F	02	8F94	4876	5240	2D 6B 17 00 0B 00 18 0F 21 00 0E 0B 18 0D 0F 1C 6C 4F 2D 6B 16 16 00 1E 1C 23 00 1E 19 00 0C 0F 0D 19 17 0F 00 0B 1D 00 1A 19 1A 1F 16 0B 1C 00 0B 1D 00 31 0B 1C 0B 77 1E 12 0F 00 10 19 1C 17 0F 1C 00 1D 1E 0B 1C 00 12 0F 1C 0F 78	I'm a new dancer.'<4F>I'll try to become as popular as Mara,the former star here.
0570	2B	10	02	8F94	5240	5430	3B 19 21 6E 00 2D 00 16 19 20 0F 00 21 0B 1E 0D 12 13 18 11 00 1E 12 0F 00 1D 12 19 21 00 1F 1A 00 0D 16 19 1D 0F 6E	Wow! I love watching the show up close!
0571	2B	11	02	8F94	5430	5672	38 12 13 1D 00 0D 1C 19 21 0E 6E 00 28 19 18 6B 1E 00 1E 12 0F 23 00 12 0B 20 0F 00 0B 18 23 1E 12 13 18 11 00 0C 0F 1E 1E 0F 1C 00 1E 19 00 0E 19 6D	This crowd! Don't they have anything better to do?
0572	2B	12	02	8F94	5672	6005	2D 00 0C 19 1F 11 12 1E 00 1E 12 0F 00 0D 12 0F 0B 1A 0F 1D 1E 00 1E 13 0D 15 0F 1E 72 2D 00 0E 13 0E 18 6B 1E 00 15 18 19 21 00 2D 6B 0E 00 0C 0F 00 1D 1E 1F 0D 15 00 13 18 00 1E 12 0F 00 0C 0B 0D 15 6E	I bought the cheapest ticket...I didn't know I'd be stuck in the back!
0573	2B	13	02	8F94	6005	6063	3D 0F 0F 0F 00 2C 0B 0B 0B 0B 6E	Yeee Haaaa!
0574	2B	14	02	8F94	6063	6336	38 12 0F 00 17 0B 18 00 0C 0F 12 13 18 0E 00 17 0F 00 13 1D 00 18 19 13 1D 23 6C 4F 27 0B 18 6B 1E 00 12 0F 00 0B 0D 1E 00 16 13 15 0F 00 0B 00 11 0F 18 1E 16 0F 17 0B 18 6D	The man behind me is noisy.'<4F>Can't he act like a gentleman?
0575	2B	15	02	8F94	6336	6554	2D 00 0D 0B 18 6B 1E 00 1D 0F 0F 00 0B 00 1E 12 13 18 11 6E 00 38 12 0F 00 1A 19 1D 1E 00 0C 16 19 0D 15 1D 00 17 23 00 20 13 0F 21 6E	I can't see a thing! The post blocks my view!
0576	2B	16	02	8F94	6554	6692	3B 0B 1E 0D 12 13 18 11 00 0E 0B 18 0D 0F 00 1C 0F 16 0B 22 0F 1D 00 17 0F 72 78	Watching dance relaxes me....
0577	2B	17	02	8F94	6692	7147	38 12 0F 00 18 0F 21 00 2F 13 18 11 00 19 10 00 2F 0F 0F 16 0F 19 18 6B 1D 00 1E 0B 22 0B 1E 13 19 18 00 13 1D 00 1D 0F 20 0F 1C 0F 6C 4F 2D 00 12 0B 20 0F 00 1E 19 00 21 19 1C 15 00 16 0B 1E 0F 00 0F 20 0F 1C 23 00 0E 0B 23 78 2B 1C 1F 17 0C 16 0F 72 2B 1C 1F 17 0C 16 0F 72	The new King of Keeleon's taxation is severe.'<4F>I have to work late every day.Grumble...Grumble...
0578	2B	18	02	8F94	7147	7223	39 1F 1F 1C 72 39 1F 1F 1C 72	Uuur...Uuur...
0579	2B	19	02	8F94	7223	7685	2D 00 12 0F 0B 1C 0E 00 0B 18 00 0B 21 10 1F 16 00 1C 1F 17 19 1C 00 19 18 00 17 23 00 21 0B 23 00 12 0F 1C 0F 6C 4F 38 12 0F 00 18 0F 21 00 2F 13 18 11 00 19 10 00 2F 0F 0F 16 0F 19 18 00 12 0B 1D 00 0B 16 16 13 0F 0E 00 12 13 17 1D 0F 16 10 00 21 13 1E 12 00 1E 12 0F 00 0F 20 13 16 00 19 18 0F 1D 78	I heard an awful rumor on my way here.'<4F>The new King of Keeleon has allied himself with the evil ones.
057A	2B	1A	02	8F94	7685	7944	38 12 0F 00 19 16 0E 00 17 0B 18 00 18 0F 22 1E 00 1E 19 00 17 0F 00 1E 0B 16 15 1D 00 13 18 00 12 13 1D 00 1D 16 0F 0F 1A 78 2D 00 0D 0B 18 6B 1E 00 1D 16 0F 0F 1A 78	The old man next to me talks in his sleep.I can't sleep.
057B	2B	1B	02	8F94	7944	8181	3E 24 24 72 3E 24 24 72 25 12 72 25 12 6F 0D 12 19 19 6E 72 3E 24 24 72 3E 24 24 72	Zzz...Zzz...Ah...Ah-choo!...Zzz...Zzz...
057C	2B	1C	02	8F94	8181	8592	31 23 00 11 1C 0B 18 0E 1A 0B 00 13 1D 00 12 0F 1C 0F 00 0B 11 0B 13 18 6C 4F 29 18 0E 19 1C 00 17 1F 1D 1E 00 0C 0F 00 0E 0F 0B 1C 00 1E 19 00 12 13 17 77 0C 1F 1E 00 21 0F 00 0D 0B 18 6B 1E 00 1D 0F 0F 00 29 18 0E 19 1C 00 10 1C 19 17 00 12 0F 1C 0F 72 78	My grandpa is here again.'<4F>Endor must be dear to him,but we can't see Endor from here....
057D	2B	1D	02	8F94	8592	8672	3E 24 24 72 3E 24 24 72	Zzz...Zzz...
057E	2B	1E	02	8F94	8672	8752	3E 24 24 72 3E 24 24 72	Zzz...Zzz...
057F	2B	1F	02	8F94	8752	9474	33 1F 1C 00 10 0B 1E 12 0F 1C 00 1F 1D 0F 0E 00 1E 19 00 21 19 1C 15 00 13 18 00 1E 12 13 1D 00 0D 19 1F 18 1E 1C 23 6B 1D 00 17 13 18 0F 6C 4F 3B 0F 00 0D 0B 17 0F 00 12 0F 1C 0F 00 1E 19 00 1D 0F 0F 00 12 13 17 77 0C 1F 1E 00 12 0F 00 0E 13 0F 0E 00 0C 0F 10 19 1C 0F 00 19 1F 1C 00 0B 1C 1C 13 20 0B 16 6C 4F 3B 12 0B 1E 00 1D 12 19 1F 16 0E 00 2D 00 1E 0F 16 16 00 17 23 00 16 13 1E 1E 16 0F 00 0C 1C 19 1E 12 0F 1C 77 34 13 1A 13 18 6D 00 37 19 0C 72	Our father used to work in this country's mine.'<4F>We came here to see him,but he died before our arrival.'<4F>What should I tell my little brother,Pipin? Sob...
0580	2C	00	02	9435	0	291	3E 24 24 72 3E 24 24 72 78 2A 0B 1E 12 0F 1C 77 13 1E 6B 1D 00 17 0F 77 34 13 1A 13 18 6E 00 31 1F 17 0C 16 0F 72 31 1F 17 0C 16 0F 72	Zzz...Zzz....Father,it's me,Pipin! Mumble...Mumble...
0581	2C	01	02	9435	291	488	3B 0F 16 0D 19 17 0F 6E 00 29 0B 1E 00 0B 18 0E 00 1D 13 18 11 6E 00 2C 0B 20 0F 00 0B 00 11 19 19 0E 00 1E 13 17 0F 6E	Welcome! Eat and sing! Have a good time!
0582	2C	02	02	9435	488	608	2D 6B 17 00 2E 19 23 78 30 0F 1E 6B 1D 00 0E 0B 18 0D 0F 6E	I'm Joy.Let's dance!
0583	2C	03	02	9435	608	800	2D 1E 6B 1D 00 12 0B 1C 0E 00 1E 19 00 15 0F 0F 1A 00 1F 1A 00 21 13 1E 12 00 0B 16 16 00 1E 12 0F 00 19 1C 0E 0F 1C 1D 78	It's hard to keep up with all the orders.
0584	2C	04	02	9435	800	949	3B 12 0F 1C 0F 6B 1D 00 17 23 00 19 1C 0E 0F 1C 6D 00 3B 12 0F 1C 0F 00 13 1D 00 13 1E 6D	Where's my order? Where is it?
0585	2C	05	02	9435	949	1158	2D 00 12 0F 0B 1C 00 0B 00 1A 1C 13 18 0D 0F 1D 1D 00 21 19 18 00 1E 12 0F 00 1E 19 1F 1C 18 0B 17 0F 18 1E 00 13 18 00 29 18 0E 19 1C 78	I hear a princess won the tournament in Endor.
0586	2C	06	02	9435	1158	1590	38 12 13 1D 00 13 1D 00 1E 12 0F 00 11 1C 0B 20 0F 00 19 10 00 17 23 00 21 13 10 0F 77 2C 0F 16 11 0B 6C 4F 28 0F 0B 1C 00 2C 0F 16 11 0B 77 1E 12 0F 00 1E 13 17 0F 00 19 10 00 19 1F 1C 00 1C 0F 1F 18 13 19 18 00 1D 0F 0F 17 1D 00 1E 19 00 0C 0F 00 18 0F 0B 1C 13 18 11 72 78	This is the grave of my wife,Helga.'<4F>Dear Helga,the time of our reunion seems to be nearing....
0587	2C	07	02	9435	1590	1911	2D 00 0E 19 18 6B 1E 00 10 0F 0F 16 00 11 19 19 0E 78 2D 00 18 0F 0F 0E 00 0B 00 1C 0F 1D 1E 78 27 19 17 0F 00 0C 0B 0D 15 00 1E 19 17 19 1C 1C 19 21 78 27 19 1F 11 12 72 27 19 1F 11 12 72	I don't feel good.I need a rest.Come back tomorrow.Cough...Cough...
0588	2C	08	02	9435	1911	2281	31 23 00 11 1C 0B 18 0E 1A 0B 00 13 1D 00 0B 18 00 0F 22 1A 0F 1C 1E 00 13 18 00 11 1F 18 1A 19 21 0E 0F 1C 00 17 0B 18 1F 10 0B 0D 1E 1F 1C 13 18 11 77 0C 1F 1E 00 13 1E 6B 1D 00 1A 1C 19 12 13 0C 13 1E 0F 0E 00 18 19 21 78	My grandpa is an expert in gunpowder manufacturing,but it's prohibited now.
0589	2C	09	02	9435	2281	2361	3E 24 24 72 3E 24 24 72	Zzz...Zzz...
058A	2C	0A	02	9435	2361	2441	27 19 1F 11 12 72 27 19 1F 11 12 72	Cough...Cough...
058B	2C	0B	02	9435	2441	2839	27 19 1F 11 12 72 27 19 1F 11 12 72 38 12 0B 1E 00 17 13 18 0F 00 1D 12 19 1F 16 0E 00 23 13 0F 16 0E 00 17 19 1C 0F 00 11 19 16 0E 6C 4F 2D 00 21 19 18 6B 1E 00 11 13 20 0F 00 1F 1A 72 27 19 1F 11 12 72 27 19 1F 11 12 72	Cough...Cough...That mine should yield more gold.'<4F>I won't give up...Cough...Cough...
058C	2C	0C	02	9435	2839	3107	25 00 0D 1F 1C 1D 0F 00 19 18 00 1E 12 19 1D 0F 00 21 12 19 00 1C 0B 13 0E 00 19 1F 1C 00 1C 1F 13 18 1D 72 78 27 1C 0B 0D 15 16 0F 72 27 1C 0B 0D 15 16 0F 72	A curse on those who raid our ruins....Crackle...Crackle...
058D	2C	0D	02	9435	3107	3204	38 12 0F 00 2F 13 18 11 00 13 1D 00 0B 1D 16 0F 0F 1A 78	The King is asleep.
058E	2C	0E	02	9435	3204	3252	28 19 24 0F 72 6A	Doze...'
058F	2C	0F	02	9435	3252	3521	25 18 00 19 16 0E 00 17 0B 18 00 1D 1E 0B 18 0E 1D 00 0C 23 00 1E 12 0F 00 1A 19 18 0E 00 0F 20 0F 1C 23 00 18 13 11 12 1E 6C 4F 2D 1E 6B 1D 00 0D 1C 0F 0F 1A 23 6E	An old man stands by the pond every night.'<4F>It's creepy!
0590	2C	10	02	9435	3521	3745	33 12 77 1E 12 0B 1E 00 19 16 0E 00 17 0B 18 00 1D 1E 0B 1C 1E 0F 0E 00 1C 0B 17 0C 16 13 18 11 00 18 19 18 1D 0F 18 1D 0F 00 0B 11 0B 13 18 78	Oh,that old man started rambling nonsense again.
0591	2C	11	02	9435	3745	3937	38 12 0F 00 21 0F 0E 0E 13 18 11 00 13 1D 00 19 18 16 23 00 12 0F 16 0E 00 0E 1F 1C 13 18 11 00 1E 12 0F 00 0E 0B 23 78	The wedding is only held during the day.
0592	2C	12	02	9435	3937	4293	2D 1E 6B 1D 00 19 1F 1C 00 0D 1F 1D 1E 19 17 00 1E 19 00 0D 19 18 1E 13 18 1F 0F 00 21 0F 0E 0E 13 18 11 1D 00 10 19 1C 00 1D 0F 20 0F 1C 0B 16 00 0E 0B 23 1D 6C 4F 27 19 17 0F 00 0C 0B 0D 15 00 1E 19 17 19 1C 1C 19 21 78	It's our custom to continue weddings for several days.'<4F>Come back tomorrow.
0593	2C	13	02	9435	4293	4555	32 0F 0D 1C 19 1D 0B 1C 19 00 21 0B 1D 00 0B 00 17 19 18 1D 1E 0F 1C 72 12 0F 00 0E 13 1D 0B 1A 1A 0F 0B 1C 0F 0E 00 13 18 00 1E 12 0F 00 17 13 0E 0E 16 0F 00 19 10 72	Necrosaro was a monster...he disappeared in the middle of...
0594	2C	14	02	9435	4555	5059	2C 19 77 2C 19 77 2C 19 6E 00 2D 00 18 0F 20 0F 1C 00 0F 22 1A 0F 0D 1E 0F 0E 00 1E 12 0F 00 34 1C 13 18 0D 0F 1D 1D 00 1E 19 00 17 0B 1C 1C 23 00 1D 19 00 23 19 1F 18 11 6C 4F 32 19 21 00 2D 6B 20 0F 00 16 19 1D 1E 00 17 23 00 1A 16 0B 0D 0F 00 1E 19 00 1D 16 0F 0F 1A 78 2C 19 77 2C 19 77 2C 19 6E	Ho,Ho,Ho! I never expected the Princess to marry so young.'<4F>Now I've lost my place to sleep.Ho,Ho,Ho!
0595	2C	15	02	9435	5059	5220	31 13 0B 72 2D 00 16 19 20 0F 00 23 19 1F 72 3E 24 24 72 3E 24 24 72	Mia...I love you...Zzz...Zzz...
0596	2C	16	02	9435	5220	5412	37 1D 1D 72 37 1D 1D 72 2A 0B 1E 12 0F 1C 77 2D 6B 17 00 1D 19 1C 1C 23 72 37 1D 1D 72 37 1D 1D	Sss...Sss...Father,I'm sorry...Sss...Sss
0597	2C	17	02	9435	5412	5619	27 16 0F 0B 18 13 18 11 00 1F 1A 00 13 1D 00 12 0B 1C 0E 00 21 19 1C 15 78 28 19 18 6B 1E 00 0C 19 1E 12 0F 1C 00 17 0F 78	Cleaning up is hard work.Don't bother me.
0598	2C	18	02	9435	5619	6207	25 00 17 0F 1C 0D 12 0B 18 1E 00 18 0B 17 0F 0E 00 38 0B 16 19 19 18 00 1D 1E 19 1A 1A 0F 0E 00 0C 23 00 1E 12 13 1D 00 1E 19 21 18 6C 4F 2C 0F 00 12 0B 0E 00 16 19 1E 1D 00 19 10 00 17 19 18 0F 23 00 0B 18 0E 00 21 0B 1D 00 1E 0B 16 15 13 18 11 00 0B 0C 19 1F 1E 00 0C 1F 23 13 18 11 00 0B 00 1D 12 13 1A 78 3B 12 0B 1E 00 0B 18 00 0B 17 0C 13 1E 13 19 1F 1D 00 17 0B 18 6E	A merchant named Taloon stopped by this town.'<4F>He had lots of money and was talking about buying a ship.What an ambitious man!
0599	2C	19	02	9435	6207	6453	3B 0B 0B 0B 72 2D 6B 17 00 1D 0D 0B 1C 0F 0E 72 31 19 18 1D 1E 0F 1C 1D 00 0B 1C 0F 00 12 0F 1C 0F 72 3E 24 24 72 3E 24 24 72	Waaa...I'm scared...Monsters are here...Zzz...Zzz...
059A	2C	1A	02	9435	6453	6786	38 12 0B 1E 00 1D 1A 0B 00 17 1F 1D 1E 00 12 0B 20 0F 00 0C 0F 0F 18 00 1C 0F 0B 16 16 23 00 11 19 19 0E 00 10 19 1C 00 12 13 17 78 2C 0F 6B 1D 00 1D 16 0F 0F 1A 13 18 11 00 16 13 15 0F 00 0B 00 0C 0B 0C 23 78	That spa must have been really good for him.He's sleeping like a baby.
059B	2C	1B	02	9435	6786	6931	38 12 13 1D 00 21 12 0B 1C 10 00 13 1D 00 0D 16 19 1D 0F 0E 00 0B 1E 00 18 13 11 12 1E 78	This wharf is closed at night.
059C	2C	1C	02	9435	6931	7058	31 23 00 1D 12 13 1A 72 3E 24 24 72 3E 24 24 72	My ship...Zzz...Zzz...
059D	2C	1D	02	9435	7058	7756	25 1C 0F 00 23 19 1F 00 1D 0F 0B 1C 0D 12 13 18 11 00 10 19 1C 00 1D 19 17 0F 19 18 0F 6D 00 2D 00 1D 0B 21 00 0B 18 00 1F 18 1F 1D 1F 0B 16 00 11 1C 19 1F 1A 00 19 10 00 1E 12 1C 0F 0F 00 1A 0F 19 1A 16 0F 6C 4F 2D 1E 00 21 0B 1D 00 0B 00 1A 1C 13 18 0D 0F 1D 1D 00 0B 18 0E 00 12 0F 1C 00 0F 1D 0D 19 1C 1E 1D 78 38 12 0F 23 00 1D 0B 13 0E 00 1E 12 0F 23 00 21 0F 1C 0F 00 0B 10 1E 0F 1C 00 0B 00 17 0B 18 00 0D 0B 16 16 0F 0E 00 32 0F 0D 1C 19 1D 0B 1C 19 78	Are you searching for someone? I saw an unusual group of three people.'<4F>It was a princess and her escorts.They said they were after a man called Necrosaro.
059E	2C	1E	02	9435	7756	8321	38 0B 16 19 19 18 00 13 1D 00 0B 00 10 13 18 0F 00 0F 22 0B 17 1A 16 0F 00 19 10 00 0B 18 00 0B 1C 17 1D 00 17 0F 1C 0D 12 0B 18 1E 6E 6A 4F 2C 0F 00 1A 16 0B 18 1D 00 1E 19 00 1E 1C 0B 20 0F 16 00 1E 12 0F 00 21 19 1C 16 0E 00 13 18 00 12 13 1D 00 19 21 18 00 1D 12 13 1A 00 1E 19 00 1D 0F 0B 1C 0D 12 00 10 19 1C 00 16 0F 11 0F 18 0E 0B 1C 23 00 21 0F 0B 1A 19 18 1D 78	Taloon is a fine example of an arms merchant!'<4F>He plans to travel the world in his own ship to search for legendary weapons.
059F	2C	1F	02	9435	8321	8456	37 1F 1C 0F 72 0B 00 1D 0F 0B 00 20 19 23 0B 11 0F 00 13 1D 00 18 13 0D 0F 72 78	Sure...a sea voyage is nice....
05A0	2D	00	02	9857	0	409	2D 00 21 13 1D 12 00 2D 00 0D 19 1F 16 0E 00 1D 0B 20 0F 00 0F 18 19 1F 11 12 00 17 19 18 0F 23 00 1E 19 00 0C 1F 23 00 17 23 00 19 21 18 00 1D 12 13 1A 00 1E 19 19 72 6A 4F 0C 1F 1E 00 2D 00 1D 1A 0F 18 0E 00 1E 19 19 00 17 1F 0D 12 6E 00 3B 12 23 6D	I wish I could save enough money to buy my own ship too...'<4F>but I spend too much! Why?
05A1	2D	01	02	9857	409	786	2D 10 00 23 19 1F 00 12 0B 20 0F 00 16 19 20 0F 77 0B 18 00 0B 11 0F 00 0E 13 10 10 0F 1C 0F 18 0D 0F 00 0E 19 0F 1D 18 6B 1E 00 17 0B 1E 1E 0F 1C 78 2D 1D 00 1E 12 0F 1C 0F 00 1C 0F 0B 16 16 23 00 1D 1F 0D 12 00 0B 00 1A 1C 19 20 0F 1C 0C 6D	If you have love,an age difference doesn't matter.Is there really such a proverb?
05A2	2D	02	02	9857	786	1098	31 23 00 12 1F 1D 0C 0B 18 0E 6E 00 2C 0F 00 1E 12 13 18 15 1D 00 1E 19 19 00 17 1F 0D 12 6C 4F 38 12 0B 1E 6B 1D 00 21 12 23 00 12 0F 6B 1D 00 11 1C 19 21 13 18 11 00 0C 0B 16 0E 6E	My husband! He thinks too much.'<4F>That's why he's growing bald!
05A3	2D	03	02	9857	1098	1274	37 1E 0B 1C 0C 19 0B 1C 0E 00 1E 12 0F 00 2C 0F 16 17 6E 00 2E 1F 1D 1E 00 14 19 15 13 18 11 6E	Starboard the Helm! Just joking!
05A4	2D	04	02	9857	1274	1560	31 1F 17 0C 16 0F 72 31 1F 17 0C 16 0F 72 38 12 0F 00 1D 12 13 1A 00 13 1D 00 1D 0B 13 16 13 18 11 00 19 1F 1E 72 2B 1C 24 24 72 2B 1C 24 24 72	Mumble...Mumble...The ship is sailing out...Grzz...Grzz...
05A5	2D	05	02	9857	1560	1815	2C 1F 12 6D 00 2D 00 10 0F 16 16 00 0B 1D 16 0F 0F 1A 78 38 12 0B 1E 00 19 16 0E 00 17 0B 18 6B 1D 00 1D 1E 19 1C 13 0F 1D 00 0B 1C 0F 00 0C 19 1C 13 18 11 78	Huh? I fell asleep.That old man's stories are boring.
05A6	2D	06	02	9857	1815	2086	25 12 77 4B 25 12 77 4B 25 12 72 6A 4F 25 12 6F 0D 12 19 19 6E 00 2D 1E 00 11 0F 1E 1D 00 0D 12 13 16 16 23 00 0B 1E 00 18 13 11 12 1E 78	Ah,<4B>Ah,<4B>Ah...'<4F>Ah-choo! It gets chilly at night.
05A7	2D	07	02	9857	2086	3013	4E 2C 19 21 0E 0F 18 71 69 2D 00 19 1A 0F 18 0F 0E 00 0B 18 00 13 18 18 77 12 19 1A 13 18 11 00 1E 19 00 17 0F 0F 1E 00 1E 1C 0B 20 0F 16 0F 1C 1D 00 21 12 19 00 12 0B 0E 00 13 18 10 19 1C 17 0B 1E 13 19 18 00 1E 12 0B 1E 00 21 19 1F 16 0E 00 12 0F 16 1A 00 17 0F 00 1F 18 0D 19 20 0F 1C 00 1E 12 0F 00 1D 0F 0D 1C 0F 1E 00 19 10 00 1E 12 0F 00 38 1C 0F 0B 1D 1F 1C 0F 00 31 0B 1A 6C 44 2C 19 21 0E 0F 18 71 69 2D 6B 20 0F 00 17 0B 0E 0F 00 0F 18 19 1F 11 12 00 17 19 18 0F 23 00 0B 16 1C 0F 0B 0E 23 78 2D 00 0E 19 18 6B 1E 00 18 0F 0F 0E 00 0B 18 23 00 17 19 1C 0F 00 1E 1C 0F 0B 1D 1F 1C 0F 6C	<4E>Howden:'I opened an inn,hoping to meet travelers who had information that would help me uncover the secret of the Treasure Map.'<44>Howden:'I've made enough money already.I don't need any more treasure.'
05A8	2D	08	02	9857	3013	3262	33 16 0E 00 2C 19 21 0E 0F 18 6B 1D 00 1D 1F 0D 0D 0F 1D 1D 00 0C 0F 11 0B 18 00 21 12 0F 18 00 12 0F 00 19 1A 0F 18 0F 0E 00 0B 18 00 13 18 18 00 12 0F 1C 0F 78	Old Howden's success began when he opened an inn here.
05A9	2D	09	02	9857	3262	3823	31 23 00 12 19 17 0F 1E 19 21 18 00 13 1D 00 13 18 00 1E 12 0F 00 10 0B 1C 00 1C 0F 0B 0D 12 0F 1D 00 19 10 00 1E 12 13 1D 00 16 0B 18 0E 78 2D 1E 6B 1D 00 0B 00 20 13 16 16 0B 11 0F 00 21 13 1E 12 00 0B 00 1D 17 0B 16 16 00 0D 0B 1D 1E 16 0F 6C 4F 2D 00 21 19 18 0E 0F 1C 00 13 10 00 1E 12 0F 23 00 1D 1E 13 16 16 00 11 1C 19 21 00 34 0B 0E 0F 1B 1F 13 0B 78	My hometown is in the far reaches of this land.It's a village with a small castle.'<4F>I wonder if they still grow Padequia.
05AA	2D	0A	02	9857	3823	4169	2D 00 1C 0F 17 0F 17 0C 0F 1C 00 1E 12 0B 1E 00 0B 00 1D 12 19 1C 1E 00 1E 13 17 0F 00 0B 11 19 77 0B 00 1C 1F 11 11 0F 0E 00 17 0B 18 00 18 0B 17 0F 0E 00 36 0B 11 18 0B 1C 00 21 0B 1D 00 13 18 00 1E 12 13 1D 00 1E 19 21 18 78	I remember that a short time ago,a rugged man named Ragnar was in this town.
05AB	2D	0B	02	9857	4169	4411	38 12 13 1D 00 13 1D 00 37 19 1C 0F 1E 1E 0B 00 27 0B 1D 1E 16 0F 78 38 12 0F 00 2F 13 18 11 00 13 1D 00 0B 16 1C 0F 0B 0E 23 00 0B 1D 16 0F 0F 1A 78	This is Soretta Castle.The King is already asleep.
05AC	2D	0C	02	9857	4411	4696	3E 24 24 72 3E 24 24 72 2D 6B 17 00 12 0B 1A 1A 23 00 14 1F 1D 1E 00 1E 19 00 12 0B 20 0F 00 0B 00 1C 19 19 10 00 19 20 0F 1C 00 17 23 00 12 0F 0B 0E 78	Zzz...Zzz...I'm happy just to have a roof over my head.
05AD	2D	0D	02	9857	4696	4799	2D 6B 17 00 13 18 00 16 19 20 0F 78 26 16 1F 1D 12 72	I'm in love.Blush...
05AE	2D	0E	02	9857	4799	5320	38 0B 16 19 19 18 6E 6A 4F 2D 1E 6B 1D 00 17 0F 77 38 19 17 6B 1D 00 1D 19 18 78 3D 19 1F 1C 00 21 13 10 0F 00 1D 19 16 0E 00 17 0F 00 1E 12 13 1D 00 12 19 1F 1D 0F 6C 4F 2D 6B 17 00 0E 0F 1E 0F 1C 17 13 18 0F 0E 00 1E 19 00 0C 0F 0D 19 17 0F 00 0B 00 11 1C 0F 0B 1E 00 17 0F 1C 0D 12 0B 18 1E 00 16 13 15 0F 00 23 19 1F 78	Taloon!'<4F>It's me,Tom's son.Your wife sold me this house.'<4F>I'm determined to become a great merchant like you.
05AF	2D	0F	02	9857	5320	5614	38 12 0F 00 1E 13 0E 0F 00 0B 16 21 0B 23 1D 00 1C 13 1D 0F 1D 00 16 13 15 0F 00 1E 12 13 1D 00 0B 1E 00 18 13 11 12 1E 00 0B 18 0E 00 1D 1F 0C 17 0F 1C 11 0F 1D 00 1E 12 0F 00 0C 0F 0B 0D 12 78	The tide always rises like this at night and submerges the beach.
05B0	2D	10	02	9857	5614	5805	2D 1D 00 1E 12 0F 1C 0F 00 1C 0F 0B 16 16 23 00 0B 00 0D 0B 1D 1E 16 0F 00 0B 0C 19 20 0F 00 1E 12 0F 00 0D 16 19 1F 0E 1D 6D	Is there really a castle above the clouds?
05B1	2D	11	02	9857	5805	5893	2B 1C 24 24 72 2B 1C 24 24 72	Grzz...Grzz...
05B2	2D	12	02	9857	5893	6016	2C 13 1D 00 0B 1A 1A 0F 1E 13 1E 0F 00 13 1D 00 0B 17 0B 24 13 18 11 6E	His appetite is amazing!
05B3	2D	13	02	9857	6016	6291	3B 19 1C 15 13 18 11 00 19 18 00 17 23 00 0C 19 0B 1E 00 1D 12 19 1A 00 17 0B 15 0F 1D 00 17 0F 00 12 1F 18 11 1C 23 78 3B 12 0F 1C 0F 6B 1D 00 17 23 00 17 0F 0B 16 6D	Working on my boat shop makes me hungry.Where's my meal?
05B4	2D	14	02	9857	6291	6407	3B 12 0F 1C 0F 00 0E 13 0E 00 1E 12 0F 00 1D 12 0B 17 0B 18 00 11 19 6D	Where did the shaman go?
05B5	2D	15	02	9857	6407	6921	39 17 17 72 2D 00 0D 0B 18 6B 1E 00 0D 19 17 0F 00 1F 1A 00 21 13 1E 12 00 0B 00 11 19 19 0E 00 14 19 15 0F 6C 4F 3B 12 23 00 0E 19 0F 1D 00 1E 12 0F 00 2F 13 18 11 00 21 0B 18 1E 00 0B 00 12 0F 0B 1C 1E 23 00 16 0B 1F 11 12 00 13 18 00 1E 12 0F 1D 0F 00 1E 1C 19 1F 0C 16 0F 0E 00 1E 13 17 0F 1D 00 0B 18 23 21 0B 23 6D	Umm...I can't come up with a good joke.'<4F>Why does the King want a hearty laugh in these troubled times anyway?
05B6	2D	16	02	9857	6921	7072	27 1F 1D 1E 19 17 0F 1C 1D 00 0B 1C 0F 00 11 16 19 19 17 23 00 1E 12 0F 1D 0F 00 0E 0B 23 1D 78	Customers are gloomy these days.
05B7	2D	17	02	9857	7072	7593	32 19 00 17 0B 1E 1E 0F 1C 00 21 12 0B 1E 77 21 0F 6B 16 16 00 0B 16 16 00 0C 0F 00 0E 0F 1D 1E 1C 19 23 0F 0E 00 0C 23 00 1D 19 17 0F 19 18 0F 00 0D 0B 16 16 0F 0E 00 1E 12 0F 00 36 1F 16 0F 1C 00 19 10 00 29 20 13 16 6C 4F 3B 12 0B 1E 00 11 19 19 0E 00 21 13 16 16 00 17 23 00 21 19 1C 15 00 0E 19 00 0B 18 23 21 0B 23 6D	No matter what,we'll all be destroyed by someone called the Ruler of Evil.'<4F>What good will my work do anyway?
05B8	2D	18	02	9857	7593	7871	2D 00 12 19 1A 0F 00 1E 12 0F 00 1E 13 17 0F 00 21 12 0F 18 00 21 0F 00 0D 0B 18 00 0B 16 16 00 16 0B 1F 11 12 00 12 0F 0B 1C 1E 13 16 23 00 21 13 16 16 00 0D 19 17 0F 00 1D 19 19 18 78	I hope the time when we can all laugh heartily will come soon.
05B9	2D	19	02	9857	7871	8133	3E 24 24 72 3E 24 24 72 30 0B 1F 11 12 00 0B 18 0E 00 11 1C 19 21 00 10 0B 1E 72 31 1F 17 0C 16 0F 72 31 1F 17 0C 16 0F 72	Zzz...Zzz...Laugh and grow fat...Mumble...Mumble...
05BA	2D	1A	02	9857	8133	8531	3B 12 23 00 0E 13 0E 00 1E 12 0F 00 0E 0F 0F 1C 00 0D 1C 19 1D 1D 00 1E 12 0F 00 1C 19 0B 0E 6D 00 26 0F 0D 0B 1F 1D 0F 00 1E 12 0F 00 0D 12 13 0D 15 0F 18 00 21 0B 1D 00 19 18 00 20 0B 0D 0B 1E 13 19 18 6E 00 32 19 1E 00 0C 0B 0E 77 1C 13 11 12 1E 6D	Why did the deer cross the road? Because the chicken was on vacation! Not bad,right?
05BB	2D	1B	02	9857	8531	8664	38 12 0F 00 2F 13 18 11 00 13 1D 00 0B 16 1C 0F 0B 0E 23 00 0B 1D 16 0F 0F 1A 78	The King is already asleep.
05BC	2D	1C	02	9857	8664	8961	3B 12 13 0D 12 00 0D 0B 20 0F 00 1D 12 19 1F 16 0E 00 21 0F 00 0F 22 1A 16 19 1C 0F 00 18 0F 22 1E 6D 6A 4F 2D 6B 16 16 00 1E 0B 16 15 00 21 13 1E 12 00 34 19 0D 19 1D 78	Which cave should we explore next?'<4F>I'll talk with Pocos.
05BD	2D	1D	02	9857	8961	9236	3B 0F 00 0D 16 19 1D 0F 00 1E 12 0F 00 11 0B 1E 0F 00 0B 1E 00 18 13 11 12 1E 00 10 19 1C 00 1D 0B 10 0F 1E 23 6C 4F 27 19 17 0F 00 0C 0B 0D 15 00 1E 19 17 19 1C 1C 19 21 78	We close the gate at night for safety.'<4F>Come back tomorrow.
05BE	2D	1E	02	9857	9236	9566	3E 24 24 72 3E 24 24 78 27 1C 23 00 12 0B 1C 0E 0F 1C 6E 00 37 12 0F 0E 00 1C 1F 0C 23 00 1E 0F 0B 1C 0E 1C 19 1A 1D 6E 00 31 1F 17 0C 16 0F 72 31 1F 17 0C 16 0F 72	Zzz...Zzz.Cry harder! Shed ruby teardrops! Mumble...Mumble...
05BF	2D	1F	02	9857	9566	10199	25 00 23 19 1F 18 11 00 17 19 18 1D 1E 0F 1C 00 0D 0B 16 16 0F 0E 00 37 0B 1C 19 00 1F 1D 0F 0E 00 1E 19 00 16 13 20 0F 00 13 18 00 1E 12 13 1D 00 20 13 16 16 0B 11 0F 6C 4F 2C 0F 00 16 0F 10 1E 00 1E 12 0F 00 20 13 16 16 0B 11 0F 00 0E 0F 1E 0F 1C 17 13 18 0F 0E 00 1E 19 00 1C 1F 16 0F 00 1E 12 0F 00 21 19 1C 16 0E 6C 4F 2C 0F 00 21 0B 1D 00 11 0F 18 1E 16 0F 00 1E 19 00 36 19 1D 0B 77 1E 12 19 1F 11 12 78	A young monster called Saro used to live in this village.'<4F>He left the village determined to rule the world.'<4F>He was gentle to Rosa,though.
05C0	2E	00	02	9D52	0	165	27 0B 18 00 21 0F 00 1C 0F 0B 16 16 23 00 17 0B 15 0F 00 10 16 23 13 18 11 00 20 0F 1D 1D 0F 16 1D 6D	Can we really make flying vessels?
05C1	2E	01	02	9D52	165	617	25 0D 0D 19 1C 0E 13 18 11 00 1E 19 00 19 16 0E 00 0C 19 19 15 1D 77 1E 12 0F 00 0F 1D 1D 0F 18 1E 13 0B 16 00 0D 19 17 1A 19 18 0F 18 1E 00 19 10 00 1E 12 0F 00 10 16 23 13 18 11 00 20 0F 1D 1D 0F 16 1D 00 21 0B 1D 00 15 0F 1A 1E 00 13 18 00 0B 00 1D 1E 1F 1C 0E 23 00 0D 0B 18 13 1D 1E 0F 1C 78	According to old books,the essential component of the flying vessels was kept in a sturdy canister.
05C2	2E	02	02	9D52	617	1045	2D 6B 17 00 1E 19 19 00 1E 13 1C 0F 0E 00 10 1C 19 17 00 21 19 1C 15 6C 4F 2D 00 0E 19 18 6B 1E 00 21 0B 18 1E 00 1E 19 00 12 0F 0B 1C 00 12 0F 1C 00 1D 13 16 16 23 00 1E 0B 16 15 00 0B 0C 19 1F 1E 00 0B 00 11 13 0B 18 1E 00 1D 1E 0B 1E 1F 0F 00 1E 12 0B 1E 00 21 0B 16 15 1D 78	I'm too tired from work.'<4F>I don't want to hear her silly talk about a giant statue that walks.
05C3	2E	03	02	9D52	1045	1541	2D 00 12 0F 0B 1C 00 1E 12 0F 00 2B 19 16 0E 0F 18 00 26 1C 0B 0D 0F 16 0F 1E 77 21 12 13 0D 12 00 21 0B 1D 00 10 19 1C 00 1D 0B 16 0F 77 21 0B 1D 00 1D 1E 19 16 0F 18 00 0C 23 00 17 19 18 1D 1E 0F 1C 1D 6C 4F 3B 12 0B 1E 00 21 13 16 16 00 1E 12 0F 23 00 0E 19 00 21 13 1E 12 00 1D 1F 0D 12 00 0B 00 1E 12 13 18 11 6D	I hear the Golden Bracelet,which was for sale,was stolen by monsters.'<4F>What will they do with such a thing?
05C4	2E	04	02	9D52	1541	2063	27 1C 0B 0D 15 16 0F 72 27 1C 0B 0D 15 16 0F 72 78 3D 19 1F 00 17 0B 23 00 11 19 00 13 10 00 23 19 1F 00 21 0B 18 1E 00 1E 19 72 6C 4F 26 1F 1E 00 2D 6B 17 00 1D 1F 1C 0F 00 23 19 1F 1C 00 1D 12 13 1A 00 21 13 16 16 00 0C 0F 00 1D 0F 18 1E 00 1E 19 00 1E 12 0F 00 0C 19 1E 1E 19 17 00 19 10 00 1E 12 0F 00 1D 0F 0B 72 78	Crackle...Crackle....You may go if you want to....'<4F>But I'm sure your ship will be sent to the bottom of the sea....
05C5	2E	05	02	9D52	2063	2295	33 12 77 18 19 6E 00 38 12 0F 00 1D 12 13 1A 00 13 1D 00 1D 13 18 15 13 18 11 6E 00 31 1F 17 0C 16 0F 72 31 1F 17 0C 16 0F 72	Oh,no! The ship is sinking! Mumble...Mumble...
05C6	2E	06	02	9D52	2295	2663	38 12 0F 00 1D 15 23 00 16 19 19 15 1D 00 19 17 13 18 19 1F 1D 6E 6A 4F 2D 6B 17 00 0B 10 1C 0B 13 0E 00 1E 12 0F 00 36 1F 16 0F 1C 00 19 10 00 29 20 13 16 00 13 1D 00 0B 0C 19 1F 1E 00 1E 19 00 1C 0F 1D 1F 1C 1C 0F 0D 1E 6E	The sky looks ominous!'<4F>I'm afraid the Ruler of Evil is about to resurrect!
05C7	2E	07	02	9D52	2663	2833	4E 32 19 00 0B 18 1D 21 0F 1C 78 43 37 0F 0F 17 1D 00 1E 19 00 0C 0F 00 0B 00 0D 19 1C 1A 1D 0F 78	<4E>No answer.<43>Seems to be a corpse.
05C8	2E	08	02	9D52	2833	2877	31 0F 19 21 72 6A	Meow...'
05C9	2E	09	02	9D52	2877	2957	3E 24 24 72 3E 24 24 72	Zzz...Zzz...
05CA	2E	0A	02	9D52	2957	3013	37 1D 1D 72 37 1D 1D 72	Sss...Sss...
05CB	2E	0B	02	9D52	3013	3087	28 19 24 0F 72 28 19 24 0F 72	Doze...Doze...
05CC	2E	0C	02	9D52	3087	3175	2B 1C 24 24 72 2B 1C 24 24 72	Grzz...Grzz...
05CD	2E	0D	02	9D52	3175	3231	37 1D 1D 72 37 1D 1D 72	Sss...Sss...
05CE	2E	0E	02	9D52	3231	3301	39 17 17 72 39 17 17 72	Umm...Umm...
05CF	2E	0F	02	9D52	3301	3375	2B 1F 1C 11 72 2B 1F 1C 11 72	Gurg...Gurg...
05D0	2E	10	02	9D52	3375	3431	37 1D 1D 72 37 1D 1D 72	Sss...Sss...
05D1	2E	11	02	9D52	3431	4095	3D 19 1F 00 0D 0B 18 00 1C 0F 0D 19 1C 0E 00 23 19 1F 1C 00 1A 1C 19 11 1C 0F 1D 1D 00 0B 1E 00 0B 18 23 00 2C 19 1F 1D 0F 00 19 10 00 2C 0F 0B 16 13 18 11 6C 4F 3B 12 0F 1C 0F 20 0F 1C 00 23 19 1F 00 11 19 77 10 13 18 0E 00 19 18 0F 72 6A 4F 0B 18 0E 00 1C 0F 0D 19 1C 0E 00 23 19 1F 1C 00 1A 1C 19 11 1C 0F 1D 1D 00 19 18 00 1E 12 0F 00 2D 17 1A 0F 1C 13 0B 16 00 37 0D 1C 19 16 16 1D 00 19 10 00 2C 19 18 19 1C 78	You can record your progress at any House of Healing.'<4F>Wherever you go,find one...'<4F>and record your progress on the Imperial Scrolls of Honor.
05D2	2E	12	02	9D52	4095	4243	33 1F 1C 00 2F 13 18 11 00 13 1D 00 1E 1C 1F 16 23 00 0B 0E 17 13 1C 0B 0C 16 0F 78	Our King is truly admirable.
05D3	2E	13	02	9D52	4243	4436	38 12 13 1D 00 13 1D 00 1E 12 0F 00 2F 13 18 11 00 19 10 00 26 1F 1C 16 0B 18 0E 6B 1D 00 0D 12 0B 17 0C 0F 1C 78	This is the King of Burland's chamber.
05D4	2E	14	02	9D52	4436	4598	38 12 0F 00 1D 15 23 00 17 0B 15 0F 1D 00 17 0F 00 1F 18 0F 0B 1D 23 00 1E 12 0F 1D 0F 00 0E 0B 23 1D 78	The sky makes me uneasy these days.
05D5	2E	15	02	9D52	4598	4774	28 19 18 6B 1E 00 10 0B 16 16 00 0C 0F 12 13 18 0E 00 1E 12 0F 00 19 1E 12 0F 1C 00 1D 19 16 0E 13 0F 1C 1D 78	Don't fall behind the other soldiers.
05D6	2E	16	02	9D52	4774	5150	2C 0F 23 77 36 0B 11 18 0B 1C 77 1D 1E 13 16 16 00 12 0F 1C 0F 6D 6A 4F 2C 0B 20 0F 18 6B 1E 00 1E 12 0F 00 19 1E 12 0F 1C 1D 00 0B 16 1C 0F 0B 0E 23 00 16 0F 10 1E 00 10 19 1C 00 2D 24 17 13 1E 00 3A 13 16 16 0B 11 0F 6D	Hey,Ragnar,still here?'<4F>Haven't the others already left for Izmit Village?
05D7	2E	17	02	9D52	5150	5658	2D 00 12 0F 0B 1C 00 1E 12 0B 1E 00 17 19 18 1D 1E 0F 1C 1D 00 21 12 13 0D 12 00 19 18 16 23 00 0B 1A 1A 0F 0B 1C 0F 0E 00 0B 1E 00 18 13 11 12 1E 00 0B 1C 0F 00 18 19 21 00 0B 1A 1A 0F 0B 1C 13 18 11 00 0E 1F 1C 13 18 11 00 1E 12 0F 00 0E 0B 23 78 38 1C 19 1F 0C 16 0F 0E 00 1E 13 17 0F 1D 77 0B 1C 0F 18 6B 1E 00 1E 12 0F 23 6D	I hear that monsters which only appeared at night are now appearing during the day.Troubled times,aren't they?
05D8	2E	18	02	9D52	5658	5805	3B 0F 00 0D 0B 17 0F 00 10 1C 19 17 00 2D 24 17 13 1E 00 3A 13 16 16 0B 11 0F 78	We came from Izmit Village.
05D9	2E	19	02	9D52	5805	6052	2D 10 00 23 19 1F 00 11 0F 1E 00 13 18 14 1F 1C 0F 0E 77 1C 0F 1E 1F 1C 18 00 1E 19 00 0B 00 1E 19 21 18 00 0B 18 0E 00 1C 0F 1D 1E 00 0B 1E 00 0B 18 00 13 18 18 78	If you get injured,return to a town and rest at an inn.
05DA	2E	1A	02	9D52	6052	6257	2A 19 1C 00 16 19 18 11 00 1E 1C 13 1A 1D 77 1E 0B 15 0F 00 0B 16 19 18 11 00 31 0F 0E 13 0D 0B 16 00 2C 0F 1C 0C 1D 78	For long trips,take along Medical Herbs.
05DB	2E	1B	02	9D52	6257	6377	38 12 13 1D 00 13 1D 00 26 1F 1C 16 0B 18 0E 00 27 0B 1D 1E 16 0F 78	This is Burland Castle.
05DC	2E	1C	02	9D52	6377	6542	2D 00 21 19 18 6B 1E 00 16 0F 1E 00 0B 18 23 19 18 0F 00 1D 1F 1D 1A 13 0D 13 19 1F 1D 00 1A 0B 1D 1D 6E	I won't let anyone suspicious pass!
05DD	2E	1D	02	9D52	6542	7005	31 19 18 1D 1E 0F 1C 1D 00 12 0B 20 0F 00 0C 0F 0F 18 00 0B 1C 19 1F 18 0E 00 10 19 1C 00 1D 19 17 0F 00 1E 13 17 0F 78 38 12 0F 23 00 17 0B 23 00 0C 0F 00 1E 12 0F 00 0D 0B 1F 1D 0F 00 19 10 00 1E 12 0F 00 1C 0F 0D 0F 18 1E 00 0E 13 1D 0B 1A 1A 0F 0B 1C 0B 18 0D 0F 1D 00 19 10 00 0D 12 13 16 0E 1C 0F 18 78	Monsters have been around for some time.They may be the cause of the recent disappearances of children.
05DE	2E	1E	02	9D52	7005	7224	2D 10 00 23 19 1F 00 15 0F 0F 1A 00 21 0B 16 15 13 18 11 00 19 1F 1E 1D 13 0E 0F 77 18 13 11 12 1E 00 21 13 16 16 00 10 0B 16 16 78	If you keep walking outside,night will fall.
05DF	2E	1F	02	9D52	7224	7416	33 12 77 36 0B 11 18 0B 1C 77 2D 6B 17 00 1C 0F 1D 0F 0B 1C 0D 12 13 18 11 00 1D 19 17 0F 1E 12 13 18 11 78	Oh,Ragnar,I'm researching something.
05E0	2F	00	02	A0F2	0	173	38 12 13 1D 00 13 1D 00 1E 12 0F 00 27 0B 1D 1E 16 0F 00 38 19 21 18 00 19 10 00 26 1F 1C 16 0B 18 0E 78	This is the Castle Town of Burland.
05E1	2F	01	02	A0F2	173	1218	26 1F 1C 16 0B 18 0E 6B 1D 00 2F 13 18 11 00 13 1D 00 11 19 19 0E 6F 18 0B 1E 1F 1C 0F 0E 00 0B 18 0E 00 15 0F 0F 1A 1D 00 1E 0B 22 0F 1D 00 16 19 21 6C 4F 39 18 10 19 1C 1E 1F 18 0B 1E 0F 16 23 00 12 0F 00 0D 0B 18 6B 1E 00 1D 1A 0F 18 0E 00 17 1F 0D 12 00 19 18 00 23 19 1F 1C 00 0F 1B 1F 13 1A 17 0F 18 1E 6C 4F 25 0D 0D 1F 17 1F 16 0B 1E 0F 00 11 19 16 0E 00 1E 19 00 0C 1F 23 00 17 19 1C 0F 00 1A 19 21 0F 1C 10 1F 16 00 21 0F 0B 1A 19 18 1D 00 0B 18 0E 00 0B 1C 17 19 1C 6C 4F 26 0F 00 1D 1F 1C 0F 00 1E 19 00 0F 1B 1F 13 1A 00 23 19 1F 1C 1D 0F 16 10 00 21 13 1E 12 00 1E 12 0F 17 00 0B 10 1E 0F 1C 00 23 19 1F 00 0C 1F 23 00 1E 12 0F 17 78	Burland's King is good-natured and keeps taxes low.'<4F>Unfortunately he can't spend much on your equipment.'<4F>Accumulate gold to buy more powerful weapons and armor.'<4F>Be sure to equip yourself with them after you buy them.
05E2	2F	02	02	A0F2	1218	1525	2D 24 17 13 1E 00 3A 13 16 16 0B 11 0F 00 13 1D 00 19 18 00 1E 12 0F 00 0D 19 0B 1D 1E 00 0C 0F 23 19 18 0E 00 1E 12 0F 00 0D 0B 20 0F 00 21 0F 1D 1E 00 19 10 00 1E 12 13 1D 00 27 0B 1D 1E 16 0F 78	Izmit Village is on the coast beyond the cave west of this Castle.
05E3	2F	03	02	A0F2	1525	1775	29 20 0F 18 00 1E 12 19 1F 11 12 00 1E 12 0F 23 6B 1C 0F 00 1D 1E 1C 19 18 11 77 17 19 18 1D 1E 0F 1C 1D 00 0D 0B 18 6B 1E 00 0F 18 1E 0F 1C 00 1E 19 21 18 1D 78	Even though they're strong,monsters can't enter towns.
05E4	2F	04	02	A0F2	1775	1948	4E 44 69 26 1F 1E 00 21 12 23 00 0E 19 00 0D 12 13 16 0E 1C 0F 18 00 20 0B 18 13 1D 12 6D 6A	<4E><44>'But why do children vanish?'
05E5	2F	05	02	A0F2	1948	2170	3D 19 1F 00 17 0B 23 00 10 13 18 0E 00 19 1F 1E 00 1D 19 17 0F 1E 12 13 18 11 00 0B 1E 00 2D 24 17 13 1E 00 3A 13 16 16 0B 11 0F 78	You may find out something at Izmit Village.
05E6	2F	06	02	A0F2	2170	2565	2D 1D 00 13 1E 00 1E 1C 1F 0F 00 1E 12 0B 1E 00 0D 12 13 16 0E 1C 0F 18 00 0B 1C 0F 00 20 0B 18 13 1D 12 13 18 11 6D 6A 4F 2D 6B 17 00 18 19 1E 00 0B 00 15 13 0E 00 0B 18 23 17 19 1C 0F 77 1D 19 00 2D 00 11 1F 0F 1D 1D 00 2D 6B 17 00 1D 0B 10 0F 78	Is it true that children are vanishing?'<4F>I'm not a kid anymore,so I guess I'm safe.
05E7	2F	07	02	A0F2	2565	2701	3B 0F 16 0D 19 17 0F 00 1E 19 00 2D 24 17 13 1E 00 3A 13 16 16 0B 11 0F 78	Welcome to Izmit Village.
05E8	2F	08	02	A0F2	2701	3173	2D 6B 17 00 0B 00 1E 1C 0B 20 0F 16 13 18 11 00 1A 1C 19 1A 12 0F 1E 0F 1D 1D 78 2D 00 0D 0B 18 00 1D 0F 0F 00 1E 12 0F 00 10 1F 1E 1F 1C 0F 6C 4F 25 00 0D 12 19 1D 0F 18 00 19 18 0F 00 21 13 16 16 00 1D 19 19 18 00 0B 1A 1A 0F 0B 1C 00 1D 19 17 0F 21 12 0F 1C 0F 00 13 18 00 1E 12 13 1D 00 21 19 1C 16 0E 78	I'm a traveling prophetess.I can see the future.'<4F>A chosen one will soon appear somewhere in this world.
05E9	2F	09	02	A0F2	3173	3726	38 12 0F 00 17 0B 18 00 13 18 00 14 0B 13 16 00 1D 1E 19 16 0F 00 1D 19 17 0F 00 0C 1C 0F 0B 0E 78 37 0F 0F 17 1D 00 12 0F 00 16 19 1D 1E 00 12 13 1D 00 17 0F 17 19 1C 23 72 6C 4F 2C 0F 00 0B 0D 1E 1D 00 16 13 15 0F 00 0B 00 0D 12 13 16 0E 78 2C 0F 00 17 1F 1D 1E 00 12 0B 20 0F 00 0C 0F 0F 18 00 1E 12 1C 19 1F 11 12 00 1D 19 17 0F 00 19 1C 0E 0F 0B 16 78	The man in jail stole some bread.Seems he lost his memory....'<4F>He acts like a child.He must have been through some ordeal.
05EA	2F	0A	02	A0F2	3726	4068	37 19 16 0E 13 0F 1C 77 1A 16 0F 0B 1D 0F 00 10 13 18 0E 00 17 23 00 0D 12 13 16 0E 6E 6A 4F 2C 0F 00 20 0B 18 13 1D 12 0F 0E 00 16 13 15 0F 00 1D 17 19 15 0F 00 0C 0F 10 19 1C 0F 00 17 23 00 0F 23 0F 1D 78	Soldier,please find my child!'<4F>He vanished like smoke before my eyes.
05EB	2F	0B	02	A0F2	4068	4153	38 12 13 1D 00 13 1D 00 0B 00 1D 0D 12 19 19 16 78	This is a school.
05EC	2F	0C	02	A0F2	4153	4707	2C 0F 23 77 36 0B 11 18 0B 1C 77 13 1E 6B 1D 00 23 19 1F 78 3D 19 1F 00 0D 0B 17 0F 00 1E 19 00 1E 12 13 1D 00 20 13 16 16 0B 11 0F 00 1E 19 19 6C 4F 38 12 0F 00 1E 19 21 0F 1C 00 21 0F 1D 1E 00 19 10 00 12 0F 1C 0F 00 16 19 19 15 1D 00 1D 1F 1D 1A 13 0D 13 19 1F 1D 78 2D 00 21 19 18 0E 0F 1C 00 12 19 21 00 21 0F 00 0D 0B 18 00 11 0F 1E 00 13 18 78	Hey,Ragnar,it's you.You came to this village too.'<4F>The tower west of here looks suspicious.I wonder how we can get in.
05ED	2F	0D	02	A0F2	4707	4775	3B 0B 13 1E 6E 00 37 1E 19 1A 6E	Wait! Stop!
05EE	2F	0E	02	A0F2	4775	4820	32 19 00 21 0B 23 6E	No way!
05EF	2F	0F	02	A0F2	4820	5137	3D 19 1F 6B 1C 0F 00 0B 00 1D 19 16 0E 13 0F 1C 78 38 12 0B 1E 6B 1D 00 11 1C 0F 0B 1E 6E 6A 4F 2D 6B 16 16 00 0C 0F 00 0B 00 1C 19 23 0B 16 00 1D 19 16 0E 13 0F 1C 00 1D 19 17 0F 0E 0B 23 78	You're a soldier.That's great!'<4F>I'll be a royal soldier someday.
05F0	2F	10	02	A0F2	5137	5294	28 19 18 6B 1E 00 13 18 1E 0F 1C 1C 1F 1A 1E 78 2D 6B 17 00 1D 1E 1F 0E 23 13 18 11 6E	Don't interrupt.I'm studying!
05F1	2F	11	02	A0F2	5294	5608	38 12 0F 00 17 13 1D 1D 13 18 11 00 0D 12 13 16 0E 6D 00 34 19 0D 19 1D 00 19 10 00 1E 12 0F 00 13 18 18 6D 6A 4F 2C 0F 00 10 16 0F 21 00 0B 21 0B 23 00 13 18 1E 19 00 1E 12 0F 00 1D 15 23 78	The missing child? Pocos of the inn?'<4F>He flew away into the sky.
05F2	2F	12	02	A0F2	5608	5926	3B 0F 16 0D 19 17 0F 77 37 19 16 0E 13 0F 1C 78 2D 6B 17 00 1E 0F 0B 0D 12 13 18 11 00 18 19 21 6C 4F 34 0F 1C 12 0B 1A 1D 00 21 0F 00 0D 0B 18 00 1E 0B 16 15 00 0B 1E 00 18 13 11 12 1E 78	Welcome,Soldier.I'm teaching now.'<4F>Perhaps we can talk at night.
05F3	2F	13	02	A0F2	5926	6271	2B 0F 1E 00 17 0F 00 19 1F 1E 77 1D 13 1C 78 2D 00 21 0B 1D 00 12 1F 18 11 1C 23 00 0B 18 0E 00 1E 19 19 15 00 1D 19 17 0F 00 0C 1C 0F 0B 0E 78 38 12 0B 1E 6B 1D 00 0B 16 16 00 2D 00 0E 13 0E 78 37 19 0C 72	Get me out,sir.I was hungry and took some bread.That's all I did.Sob...
05F4	2F	14	02	A0F2	6271	6533	2C 0F 16 1A 00 17 0F 77 1D 13 1C 6E 00 38 12 0F 23 00 1D 0B 23 00 2D 6B 17 00 1E 12 0F 00 2C 0F 1C 19 00 0B 18 0E 00 1E 1C 0F 0B 1E 00 17 0F 00 0C 0B 0E 16 23 6E	Help me,sir! They say I'm the Hero and treat me badly!
05F5	2F	15	02	A0F2	6533	6746	2D 00 12 0B 20 0F 00 18 19 00 0C 1F 1D 13 18 0F 1D 1D 00 21 13 1E 12 00 0B 00 16 19 21 16 23 00 1C 19 23 0B 16 00 1D 19 16 0E 13 0F 1C 6E	I have no business with a lowly royal soldier!
05F6	2F	16	02	A0F2	6746	6843	31 19 1E 12 0F 1C 77 12 0F 00 1D 0B 20 0F 0E 00 17 0F 78	Mother,he saved me.
05F7	2F	17	02	A0F2	6843	6968	2C 19 21 00 0D 0B 18 00 2D 00 0F 20 0F 1C 00 1E 12 0B 18 15 00 23 19 1F 6D	How can I ever thank you?
05F8	2F	18	02	A0F2	6968	7057	2C 1F 1C 1C 0B 23 6E 00 2C 1F 1C 1C 0B 23 6E	Hurray! Hurray!
05F9	2F	19	02	A0F2	7057	7529	38 12 0B 18 15 00 23 19 1F 00 1D 19 00 17 1F 0D 12 6C 4F 36 0F 17 0F 17 0C 0F 1C 00 17 0F 6D 00 2D 6B 17 00 1E 12 0F 00 17 19 1E 12 0F 1C 00 21 12 19 00 0C 0F 11 11 0F 0E 00 23 19 1F 00 1E 19 00 1D 0B 20 0F 00 17 23 00 0D 12 13 16 0E 00 0B 1E 00 26 1F 1C 16 0B 18 0E 00 27 0B 1D 1E 16 0F 78	Thank you so much.'<4F>Remember me? I'm the mother who begged you to save my child at Burland Castle.
05FA	2F	1A	02	A0F2	7529	7675	2C 0F 23 77 36 0B 11 18 0B 1C 6E 00 2D 6B 17 00 13 17 1A 1C 0F 1D 1D 0F 0E 78	Hey,Ragnar! I'm impressed.
05FB	2F	1B	02	A0F2	7675	7881	32 19 21 77 2D 00 0D 0B 18 00 1E 0F 0B 0D 12 00 21 13 1E 12 19 1F 1E 00 21 19 1C 1C 23 78 38 12 0B 18 15 00 23 19 1F 78	Now,I can teach without worry.Thank you.
05FC	2F	1C	02	A0F2	7881	8040	2D 00 0E 0F 0D 13 0E 0F 0E 78 2D 6B 16 16 00 0C 0F 00 0B 00 1D 19 16 0E 13 0F 1C 00 1E 19 19 78	I decided.I'll be a soldier too.
05FD	2F	1D	02	A0F2	8040	8314	2D 1E 6B 1D 00 18 19 1E 00 1E 1C 1F 0F 00 1E 12 0B 1E 00 1E 12 0F 00 36 1F 16 0F 1C 00 19 10 00 29 20 13 16 00 21 13 16 16 00 1C 0F 1D 1F 1C 1C 0F 0D 1E 77 13 1D 00 13 1E 6D	It's not true that the Ruler of Evil will resurrect,is it?
05FE	2F	1E	02	A0F2	8314	8401	3D 19 1F 6B 1C 0F 00 1D 19 00 1D 1E 1C 19 18 11 6E	You're so strong!
05FF	2F	1F	02	A0F2	8401	8565	3D 19 1F 6B 1C 0F 00 0B 00 1E 1C 1F 0F 00 1D 19 16 0E 13 0F 1C 78 2F 0F 0F 1A 00 13 1E 00 1F 1A 6E	You're a true soldier.Keep it up!
0600	30	00	02	A521	0	227	3B 12 0B 1E 6D 00 33 1F 1C 00 0D 12 13 16 0E 00 12 0B 1D 00 1C 0F 1E 1F 1C 18 0F 0E 6D 00 38 12 72 38 12 0B 18 15 00 23 19 1F 78	What? Our child has returned? Th...Thank you.
0601	30	01	02	A521	227	503	33 12 6E 00 3D 19 1F 6B 20 0F 00 10 19 1F 18 0E 00 1E 12 0F 00 20 0B 18 13 1D 12 0F 0E 00 0D 12 13 16 0E 1C 0F 18 6E 00 38 12 72 38 12 0B 18 15 00 23 19 1F 78	Oh! You've found the vanished children! Th...Thank you.
0602	30	02	02	A521	503	850	38 12 0F 00 17 0B 18 00 13 18 00 14 0B 13 16 00 21 0F 18 1E 00 12 19 17 0F 00 21 13 1E 12 00 12 13 1D 00 21 13 10 0F 78 38 12 0F 23 00 1E 19 16 0E 00 17 0F 00 1E 19 00 1E 12 0B 18 15 00 23 19 1F 00 10 19 1C 00 1E 12 0F 17 78	The man in jail went home with his wife.They told me to thank you for them.
0603	30	03	02	A521	850	1139	2D 10 00 2D 00 21 0F 1C 0F 00 23 19 1F 18 11 77 21 0F 00 0D 19 1F 16 0E 00 12 0B 20 0F 00 10 19 1F 11 12 1E 00 1E 19 11 0F 1E 12 0F 1C 72 78 3B 12 0B 1E 00 0B 00 1A 13 1E 23 78	If I were young,we could have fought together....What a pity.
0604	30	04	02	A521	1139	1333	38 12 0B 18 15 00 23 19 1F 78 32 19 21 00 21 0F 00 0D 0B 18 00 16 13 20 0F 00 21 13 1E 12 19 1F 1E 00 10 0F 0B 1C 78	Thank you.Now we can live without fear.
0605	30	05	02	A521	1333	1583	3B 0F 00 0D 0B 18 00 16 0F 1E 00 19 1F 1C 00 15 13 0E 1D 00 19 1F 1E 1D 13 0E 0F 00 18 19 21 77 0D 0B 18 6B 1E 00 21 0F 6D 00 38 12 0B 18 15 00 23 19 1F 78	We can let our kids outside now,can't we? Thank you.
0606	30	06	02	A521	1583	1782	3D 0F 0B 12 6E 00 3D 0F 0B 12 6E 00 2D 00 0D 0B 18 00 1A 16 0B 23 00 19 1F 1E 1D 13 0E 0F 00 1E 19 17 19 1C 1C 19 21 78	Yeah! Yeah! I can play outside tomorrow.
0607	30	07	02	A521	1782	2069	2D 6B 17 00 13 18 0E 0F 0C 1E 0F 0E 00 1E 19 00 23 19 1F 00 10 19 1C 00 17 23 00 12 1F 1D 0C 0B 18 0E 6B 1D 00 1D 0B 10 0F 00 1C 0F 1E 1F 1C 18 78 38 12 0B 18 15 00 23 19 1F 78	I'm indebted to you for my husband's safe return.Thank you.
0608	30	08	02	A521	2069	2350	3D 19 1F 6B 1C 0F 00 1E 12 0B 1E 00 1D 19 16 0E 13 0F 1C 6E 00 2D 1E 6B 1D 00 17 0F 77 25 16 0F 22 78 38 12 0B 18 15 1D 00 10 19 1C 00 1D 0B 20 13 18 11 00 17 0F 78	You're that soldier! It's me,Alex.Thanks for saving me.
0609	30	09	02	A521	2350	2494	2C 1F 1C 1C 23 6E 00 38 12 0F 00 2F 13 18 11 00 13 1D 00 21 0B 13 1E 13 18 11 6E	Hurry! The King is waiting!
060A	30	0A	02	A521	2494	2690	2D 00 0B 17 00 0D 19 1F 18 1E 13 18 11 00 19 18 00 23 19 1F 1C 00 11 19 19 0E 00 21 19 1C 15 77 36 0B 11 18 0B 1C 78	I am counting on your good work,Ragnar.
060B	30	0B	02	A521	2690	2875	3B 12 0B 1E 00 0B 1C 0F 00 23 19 1F 00 21 0B 13 1E 13 18 11 00 10 19 1C 6D 00 2B 19 78 2B 19 00 18 19 21 78	What are you waiting for? Go.Go now.
060C	30	0C	02	A521	2875	3069	30 0F 1E 6B 1D 00 11 19 00 1D 16 19 21 77 36 0B 11 18 0B 1C 78 30 0F 1E 6B 1D 00 11 19 00 1D 16 19 21 72 78	Let's go slow,Ragnar.Let's go slow....
060D	30	0D	02	A521	3069	3948	4E 27 1C 13 1D 1E 19 71 69 34 1C 13 18 0D 0F 1D 1D 00 25 16 0F 18 0B 77 23 19 1F 1C 00 1E 1F 1E 19 1C 77 26 1C 0F 23 77 1E 19 16 0E 00 17 0F 00 23 19 1F 00 1A 16 0B 18 00 1E 19 00 11 19 00 19 1F 1E 00 0B 16 19 18 0F 6C 44 27 1C 13 1D 1E 19 71 69 38 12 0B 1E 6B 1D 00 1D 19 00 1C 0F 0D 15 16 0F 1D 1D 6E 6A 44 27 1C 13 1D 1E 19 71 69 2D 10 00 1D 19 17 0F 1E 12 13 18 11 00 12 0B 1A 1A 0F 18 1D 00 1E 19 00 23 19 1F 77 2D 72 2D 00 17 0F 0B 18 00 1E 12 0F 00 2F 13 18 11 00 21 13 16 16 00 0C 0F 00 0E 0F 20 0B 1D 1E 0B 1E 0F 0E 6C	<4E>Cristo:'Princess Alena,your tutor,Brey,told me you plan to go out alone.'<44>Cristo:'That's so reckless!'<44>Cristo:'If something happens to you,I...I mean the King will be devastated.'
060E	30	0E	02	A521	3948	4439	37 19 17 0F 1E 12 13 18 11 00 19 17 13 18 19 1F 1D 00 13 1D 00 0B 1A 1A 1C 19 0B 0D 12 13 18 11 00 10 1C 19 17 00 1E 12 0F 00 0F 0B 1D 1E 0F 1C 18 00 1D 15 23 6C 4F 2D 00 12 19 1A 0F 00 18 19 1E 12 13 18 11 00 1E 0F 1C 1C 13 0C 16 0F 00 21 13 16 16 00 12 0B 1A 1A 0F 18 00 1E 19 00 19 1F 1C 00 27 0B 1D 1E 16 0F 78	Something ominous is approaching from the eastern sky.'<4F>I hope nothing terrible will happen to our Castle.
060F	30	0F	02	A521	4439	4593	2D 00 17 1F 1D 1E 00 0D 19 19 15 00 17 0F 0B 16 1D 78 2D 6B 17 00 1D 19 00 0C 1F 1D 23 78	I must cook meals.I'm so busy.
0610	30	10	02	A521	4593	4951	2D 00 12 0F 0B 1C 00 1E 12 0F 00 34 1C 13 18 0D 0F 1D 1D 00 13 1D 00 0B 00 1C 0F 0B 16 00 1E 19 17 0C 19 23 6C 4F 2D 6B 0E 00 16 13 15 0F 00 1E 19 00 1D 0F 0F 00 12 0F 1C 00 13 18 00 1A 0F 1C 1D 19 18 78 2C 0F 12 77 2C 0F 12 72	I hear the Princess is a real tomboy.'<4F>I'd like to see her in person.Heh,Heh...
0611	30	11	02	A521	4951	5136	2C 0F 6B 1D 00 0B 00 18 13 0D 0F 00 17 0B 18 77 0C 1F 1E 00 12 0F 00 12 0B 1D 00 0B 00 0C 13 11 00 17 19 1F 1E 12 78	He's a nice man,but he has a big mouth.
0612	30	12	02	A521	5136	5344	2D 6B 17 00 1D 19 00 12 1F 18 11 1C 23 78 3B 12 0F 18 00 21 13 16 16 00 1E 12 0F 00 10 19 19 0E 00 0C 0F 00 1C 0F 0B 0E 23 6D	I'm so hungry.When will the food be ready?
0613	30	13	02	A521	5344	5634	2D 10 00 1E 12 0F 00 34 1C 13 18 0D 0F 1D 1D 00 16 0F 0B 20 0F 1D 00 1E 12 0F 00 27 0B 1D 1E 16 0F 77 1D 12 0F 00 17 0B 23 00 10 0B 16 16 00 13 18 1E 19 00 0F 20 13 16 00 12 0B 18 0E 1D 78	If the Princess leaves the Castle,she may fall into evil hands.
0614	30	14	02	A521	5634	5843	2C 1F 1C 1C 0B 23 6E 00 3D 19 1F 00 0D 0B 17 0F 00 1E 19 00 0C 0F 0B 1E 00 1E 12 0F 00 17 19 18 1D 1E 0F 1C 77 1C 13 11 12 1E 6D	Hurray! You came to beat the monster,right?
0615	30	15	02	A521	5843	6278	38 12 13 1D 00 13 1D 00 38 0F 17 1A 0F 77 0B 00 0D 1F 1C 1D 0F 0E 00 20 13 16 16 0B 11 0F 6C 4F 2D 10 00 17 23 00 0E 0B 1F 11 12 1E 0F 1C 00 12 0B 0E 18 6B 1E 00 0C 0F 0F 18 00 0C 19 1C 18 00 12 0F 1C 0F 77 1D 12 0F 6B 0E 00 1D 1E 13 16 16 00 0C 0F 00 0B 16 13 20 0F 78	This is Tempe,a cursed village.'<4F>If my daughter hadn't been born here,she'd still be alive.
0616	30	16	02	A521	6278	6835	37 19 17 0F 00 1E 13 17 0F 00 0B 11 19 00 0B 00 17 19 18 1D 1E 0F 1C 00 17 19 20 0F 0E 00 13 18 1E 19 00 1E 12 0F 00 18 19 1C 1E 12 0F 1C 18 00 21 19 19 0E 6C 4F 2C 0F 00 1E 12 1C 0F 0B 1E 0F 18 1D 00 1E 19 00 0E 0F 1D 1E 1C 19 23 00 1E 12 0F 00 20 13 16 16 0B 11 0F 00 13 10 00 21 0F 00 0E 19 18 6B 1E 00 19 10 10 0F 1C 00 12 13 17 00 23 19 1F 18 11 00 11 13 1C 16 1D 78	Some time ago a monster moved into the northern wood.'<4F>He threatens to destroy the village if we don't offer him young girls.
0617	30	17	02	A521	6835	6965	2D 00 0D 0B 18 6B 1E 00 16 0F 0B 20 0F 00 17 23 00 1A 0B 1C 0F 18 1E 1D 72 78	I can't leave my parents....
0618	30	18	02	A521	6965	7169	2C 19 21 00 1E 1C 0B 11 13 0D 72 1E 12 0B 1E 00 0D 19 1F 1A 16 0F 1D 00 17 1F 1D 1E 00 0C 0F 00 1D 0F 1A 0B 1C 0B 1E 0F 0E 78	How tragic...that couples must be separated.
0619	30	19	02	A521	7169	7263	39 12 12 77 32 13 18 0B 77 1F 12 12 72 78	Uhh,Nina,uhh....
061A	30	1A	02	A521	7263	7433	2D 6B 16 16 00 18 0F 20 0F 1C 00 10 19 1C 11 0F 1E 00 21 12 0B 1E 00 23 19 1F 6B 20 0F 00 0E 19 18 0F 6E	I'll never forget what you've done!
061B	30	1B	02	A521	7433	8227	3D 19 1F 6B 1C 0F 00 1D 19 00 1D 1E 1C 19 18 11 6E 00 2C 17 17 72 23 19 1F 6B 1C 0F 00 1E 1C 0B 20 0F 16 13 18 11 00 1E 19 00 1A 1C 19 20 0F 00 23 19 1F 1C 00 1D 1E 1C 0F 18 11 1E 12 6C 4F 2D 00 1D 1F 11 11 0F 1D 1E 00 23 19 1F 00 0F 18 1E 0F 1C 00 1E 12 0F 00 1E 19 1F 1C 18 0B 17 0F 18 1E 00 0B 1E 00 29 18 0E 19 1C 00 13 18 00 1E 12 0F 00 0F 0B 1D 1E 6C 4F 3D 19 1F 00 0D 0B 18 00 11 19 00 1E 19 00 29 18 0E 19 1C 00 10 1C 19 17 00 1E 12 0F 00 1D 12 1C 13 18 0F 00 1D 19 1F 1E 12 21 0F 1D 1E 00 19 10 00 12 0F 1C 0F 78	You're so strong! Hmm...you're traveling to prove your strength.'<4F>I suggest you enter the tournament at Endor in the east.'<4F>You can go to Endor from the shrine southwest of here.
061C	30	1C	02	A521	8227	8363	2C 1F 1C 1C 0B 23 6E 00 38 12 0F 00 17 19 18 1D 1E 0F 1C 6B 1D 00 11 19 18 0F 6E	Hurray! The monster's gone!
061D	30	1D	02	A521	8363	8474	3B 0F 6B 1C 0F 00 11 0F 1E 1E 13 18 11 00 17 0B 1C 1C 13 0F 0E 78	We're getting married.
061E	30	1E	02	A521	8474	8669	2D 6B 0E 00 11 13 20 0F 18 00 1F 1A 00 12 19 1A 0F 72 78 38 12 0B 18 15 00 23 19 1F 00 1D 19 00 17 1F 0D 12 78	I'd given up hope....Thank you so much.
061F	30	1F	02	A521	8669	9015	38 12 0F 00 13 1E 0F 17 00 1D 12 19 1A 00 12 0B 1D 00 19 1A 0F 18 0F 0E 00 0B 11 0B 13 18 78 38 0F 17 1A 0F 00 21 13 16 16 00 0D 19 17 0F 00 0C 0B 0D 15 00 1E 19 00 16 13 10 0F 6C 4F 38 12 0B 18 15 00 23 19 1F 78	The item shop has opened again.Tempe will come back to life.'<4F>Thank you.
0620	31	00	02	A988	0	286	2D 10 00 23 19 1F 00 11 19 00 0F 0B 1D 1E 00 0B 10 1E 0F 1C 00 16 0F 0B 20 13 18 11 00 1E 12 0F 00 21 19 19 0E 1D 77 23 19 1F 00 21 13 16 16 00 1C 0F 0B 0D 12 00 2A 1C 0F 18 19 1C 78	If you go east after leaving the woods,you will reach Frenor.
0621	31	01	02	A988	286	735	38 12 0F 00 13 18 18 15 0F 0F 1A 0F 1C 00 0F 18 1E 0F 1C 1E 0B 13 18 0F 0E 00 1E 12 0F 00 34 1C 13 18 0D 0F 1D 1D 6B 00 34 0B 1C 1E 23 00 16 0B 20 13 1D 12 16 23 6C 4F 2D 00 17 13 11 12 1E 00 19 10 10 0F 1C 00 12 0F 1C 00 17 23 00 1D 17 0B 16 16 00 1D 0B 20 13 18 11 1D 00 1E 19 19 78	The innkeeper entertained the Princess' Party lavishly.'<4F>I might offer her my small savings too.
0622	31	02	02	A988	735	1304	38 12 0F 00 2B 19 16 0E 0F 18 00 26 1C 0B 0D 0F 16 0F 1E 00 21 0B 1D 00 19 1F 1C 00 1E 1C 0F 0B 1D 1F 1C 0F 6C 4F 2D 1E 00 0D 0B 1F 1D 0F 0E 00 1E 19 19 00 17 1F 0D 12 00 0D 19 18 10 16 13 0D 1E 00 0B 17 19 18 11 00 1F 1D 00 0B 18 0E 00 21 0B 1D 00 10 13 18 0B 16 16 23 00 12 13 0E 0E 0F 18 00 0B 21 0B 23 00 13 18 00 1E 12 0F 00 1D 19 1F 1E 12 0F 1C 18 00 0D 0B 20 0F 78	The Golden Bracelet was our treasure.'<4F>It caused too much conflict among us and was finally hidden away in the southern cave.
0623	31	03	02	A988	1304	1397	33 12 77 18 19 6E 00 34 1C 13 18 0D 0F 1D 1D 6E	Oh,no! Princess!
0624	31	04	02	A988	1397	1487	2B 0B 1D 1A 6E 00 2D 6B 17 00 12 1F 1C 1E 78	Gasp! I'm hurt.
0625	31	05	02	A988	1487	1544	26 19 21 77 3B 19 21 6E	Bow,Wow!
0626	31	06	02	A988	1544	1831	2D 00 0D 0B 18 6B 1E 00 0C 0F 16 13 0F 20 0F 00 13 1E 6E 00 31 0B 23 72 2D 00 17 0F 0B 18 00 1E 12 0F 00 34 1C 13 18 0D 0F 1D 1D 00 21 0B 1D 00 15 13 0E 18 0B 1A 1A 0F 0E 78	I can't believe it! May...I mean the Princess was kidnapped.
0627	31	07	02	A988	1831	2198	3B 19 1F 16 0E 00 23 19 1F 00 1C 0F 1D 0D 1F 0F 00 1E 12 0F 00 34 1C 13 18 0D 0F 1D 1D 6D 00 2D 10 00 23 19 1F 00 1D 1F 0D 0D 0F 0F 0E 77 23 19 1F 6B 16 16 00 0C 0F 00 12 0B 18 0E 1D 19 17 0F 16 23 00 1C 0F 21 0B 1C 0E 0F 0E 78	Would you rescue the Princess? If you succeed,you'll be handsomely rewarded.
0628	31	08	02	A988	2198	2333	38 12 13 1D 00 13 1D 00 1E 12 0F 00 38 19 21 18 00 19 10 00 2A 1C 0F 18 19 1C 78	This is the Town of Frenor.
0629	31	09	02	A988	2333	2382	32 0F 13 11 12 6E 6A	Neigh!'
062A	31	0A	02	A988	2382	2680	36 1F 17 19 1C 00 13 1D 00 1E 12 0F 1C 0F 6B 1D 00 0B 00 1D 12 1C 13 18 0F 77 10 0B 1C 00 0F 0B 1D 1E 00 19 10 00 12 0F 1C 0F 77 21 12 13 0D 12 00 16 0F 0B 0E 1D 00 1E 19 00 29 18 0E 19 1C 78	Rumor is there's a shrine,far east of here,which leads to Endor.
062B	31	0B	02	A988	2680	2893	3B 19 1F 16 0E 00 23 19 1F 00 16 13 15 0F 00 1E 12 0F 1D 0F 00 1C 0B 1C 0F 00 14 0B 1C 1D 6D 00 38 0B 15 0F 00 0B 00 16 19 19 15 78	Would you like these rare jars? Take a look.
062C	31	0C	02	A988	2893	3153	38 1C 23 00 19 1F 1C 00 0E 0F 16 13 0D 13 19 1F 1D 00 17 0F 0B 16 1D 78 3D 19 1F 6B 16 16 00 16 19 20 0F 00 1E 12 0F 17 77 2D 00 11 1F 0B 1C 0B 18 1E 0F 0F 6E	Try our delicious meals.You'll love them,I guarantee!
062D	31	0D	02	A988	3153	3359	2D 00 0C 19 1F 11 12 1E 00 1E 19 19 00 17 0B 18 23 00 1E 12 13 18 11 1D 78 38 12 0F 23 6B 1C 0F 00 1D 19 00 12 0F 0B 20 23 78	I bought too many things.They're so heavy.
062E	31	0E	02	A988	3359	3558	38 12 0F 23 00 1D 0B 23 00 0B 00 1E 19 1F 1C 18 0B 17 0F 18 1E 00 13 1D 00 11 19 13 18 11 00 19 18 00 13 18 00 29 18 0E 19 1C 78	They say a tournament is going on in Endor.
062F	31	0F	02	A988	3558	3750	2D 10 00 23 19 1F 00 11 19 00 1E 19 00 29 18 0E 19 1C 77 21 0B 1E 0D 12 00 1E 12 0F 00 1E 19 1F 1C 18 0B 17 0F 18 1E 78	If you go to Endor,watch the tournament.
0630	31	10	02	A988	3750	3943	38 12 0F 00 0E 19 19 1C 00 13 1D 00 16 19 0D 15 0F 0E 78 2D 00 0D 0B 18 6B 1E 00 11 19 00 1F 1A 1D 1E 0B 13 1C 1D 78	The door is locked.I can't go upstairs.
0631	31	11	02	A988	3943	4097	38 12 0F 00 2F 13 18 11 00 1E 19 16 0E 00 17 0F 78 3D 19 1F 00 0D 0B 18 00 1A 0B 1D 1D 78	The King told me.You can pass.
0632	31	12	02	A988	4097	4233	26 0F 00 0D 0B 1C 0F 10 1F 16 00 19 18 00 23 19 1F 1C 00 14 19 1F 1C 18 0F 23 78	Be careful on your journey.
0633	31	13	02	A988	4233	4577	38 12 0F 1C 0F 00 1D 12 19 1F 16 0E 00 0C 0F 00 0B 00 38 1C 0B 20 0F 16 00 28 19 19 1C 00 1E 19 00 37 0B 18 1E 0F 0F 17 00 0B 1C 19 1F 18 0E 00 12 0F 1C 0F 77 0C 1F 1E 00 2D 00 0D 0B 18 6B 1E 00 10 13 18 0E 00 13 1E 78	There should be a Travel Door to Santeem around here,but I can't find it.
0634	31	14	02	A988	4577	4752	3B 0F 16 0D 19 17 0F 00 1E 19 00 1E 12 0F 00 27 0B 1D 1E 16 0F 00 38 19 21 18 00 19 10 00 29 18 0E 19 1C 78	Welcome to the Castle Town of Endor.
0635	31	15	02	A988	4752	5005	28 19 00 23 19 1F 00 15 18 19 21 6D 00 25 00 1E 19 1F 1C 18 0B 17 0F 18 1E 00 21 13 16 16 00 0C 0F 00 12 0F 16 0E 00 13 18 00 1E 12 0F 00 27 0B 1D 1E 16 0F 78	Do you know? A tournament will be held in the Castle.
0636	31	16	02	A988	5005	5172	31 23 00 21 19 1C 1E 12 16 0F 1D 1D 00 12 1F 1D 0C 0B 18 0E 6E 00 3B 12 0F 1C 0F 00 13 1D 00 12 0F 6D	My worthless husband! Where is he?
0637	31	17	02	A988	5172	5320	2C 0F 16 16 19 6E 00 34 16 0F 0B 1D 0F 00 0F 18 14 19 23 00 19 1F 1C 00 17 0F 0B 16 1D 78	Hello! Please enjoy our meals.
0638	31	18	02	A988	5320	5515	2D 00 16 19 1D 1E 00 0B 11 0B 13 18 78 3B 12 0B 1E 00 1D 12 19 1F 16 0E 00 2D 00 1E 0F 16 16 00 17 23 00 21 13 10 0F 6D	I lost again.What should I tell my wife?
0639	31	19	02	A988	5515	5726	31 0B 18 23 00 1A 0F 19 1A 16 0F 00 0B 1C 0F 00 13 18 00 29 18 0E 19 1C 00 1E 19 00 1D 0F 0F 00 1E 12 0F 00 1E 19 1F 1C 18 0B 17 0F 18 1E 78	Many people are in Endor to see the tournament.
063A	31	1A	02	A988	5726	6046	30 19 19 15 6E 00 38 12 0F 00 0D 16 19 1F 0E 1D 00 0B 1C 0F 00 17 19 20 13 18 11 00 1D 21 13 10 1E 16 23 00 1E 19 00 1E 12 0F 00 21 0F 1D 1E 78 3B 12 0B 1E 6B 1D 00 12 0B 1A 1A 0F 18 13 18 11 6D	Look! The clouds are moving swiftly to the west.What's happening?
063B	31	1B	02	A988	6046	6500	25 1C 0F 00 23 19 1F 00 0B 1D 15 13 18 11 00 13 10 00 1E 12 0F 00 1D 12 19 1A 00 0E 19 21 18 1D 1E 0B 13 1C 1D 00 13 1D 00 0D 16 19 1D 0F 0E 6D 6A 4F 2D 6B 17 00 19 16 0E 00 0B 18 0E 00 1A 16 0B 18 00 1E 19 00 1C 0F 1E 13 1C 0F 00 0B 10 1E 0F 1C 00 1D 0F 16 16 13 18 11 00 13 1E 72 6C 44	Are you asking if the shop downstairs is closed?'<4F>I'm old and plan to retire after selling it....'<44>
063C	31	1C	02	A988	6500	6722	2D 1D 00 1E 12 0F 1C 0F 00 1D 19 17 0F 19 18 0F 00 21 12 19 00 21 0B 18 1E 1D 00 1E 19 00 1D 1E 0B 1C 1E 00 0B 00 0C 1F 1D 13 18 0F 1D 1D 00 12 0F 1C 0F 6D	Is there someone who wants to start a business here?
063D	31	1D	02	A988	6722	7219	3B 0F 16 0D 19 17 0F 00 1E 19 00 1E 12 0F 00 27 0B 1D 13 18 19 6C 4F 33 18 16 23 00 0D 19 13 18 1D 00 0D 0B 18 00 0C 0F 00 1F 1D 0F 0E 00 12 0F 1C 0F 78 34 16 0F 0B 1D 0F 00 1A 1F 1C 0D 12 0B 1D 0F 00 0D 19 13 18 1D 00 10 1C 19 17 00 1E 12 0F 00 27 19 13 18 00 37 0F 16 16 0F 1C 00 13 18 00 1E 12 0F 00 0C 0B 0D 15 78	Welcome to the Casino.'<4F>Only coins can be used here.Please purchase coins from the Coin Seller in the back.
063E	31	1E	02	A988	7219	7657	25 16 1C 13 11 12 1E 6E 00 3A 13 0B 00 0B 00 28 19 1F 0C 16 0F 6F 19 1C 6F 32 19 1E 12 13 18 11 77 2D 00 18 19 21 00 12 0B 20 0F 00 02 07 00 0D 19 13 18 1D 00 13 18 1D 1E 0F 0B 0E 00 19 10 00 09 6E 00 2D 6B 17 00 12 19 19 15 0F 0E 6E	Alright! Via a Double-or-Nothing,I now have 16 coins instead of 8! I'm hooked!
063F	31	1F	02	A988	7657	7772	2D 6B 17 00 19 1F 1E 00 19 10 00 16 1F 0D 15 00 1E 19 0E 0B 23 78	I'm out of luck today.
0640	32	00	02	AD54	0	356	3D 19 1F 00 0D 0B 18 00 0F 22 0D 12 0B 18 11 0F 00 23 19 1F 1C 00 0D 19 13 18 1D 00 21 13 1E 12 00 13 1E 0F 17 1D 00 0B 1E 00 1E 12 0F 00 29 22 0D 12 0B 18 11 0F 00 27 19 1F 18 1E 0F 1C 00 1E 19 00 1E 12 0F 00 1C 13 11 12 1E 78	You can exchange your coins with items at the Exchange Counter to the right.
0641	32	01	02	AD54	356	900	32 19 00 17 0B 1E 1E 0F 1C 00 12 19 21 00 17 1F 0D 12 00 23 19 1F 00 21 13 18 77 23 19 1F 00 21 19 18 6B 1E 00 0C 0F 00 0B 0C 16 0F 00 1E 19 00 0D 0B 1D 12 00 13 18 00 0D 19 13 18 1D 6C 4F 2D 1E 6B 1D 00 21 13 1D 0F 00 1E 19 00 11 0B 17 0C 16 0F 00 19 18 16 23 00 21 13 1E 12 00 1E 12 0F 00 17 19 18 0F 23 00 23 19 1F 00 21 19 18 6B 1E 00 18 0F 0F 0E 78	No matter how much you win,you won't be able to cash in coins.'<4F>It's wise to gamble only with the money you won't need.
0642	32	02	02	AD54	900	1074	32 19 6E 00 31 23 00 0E 0B 23 6B 1D 00 21 0B 11 0F 1D 00 0B 1C 0F 00 11 19 18 0F 6E 00 3B 0F 0F 1A 72	No! My day's wages are gone! Weep...
0643	32	03	02	AD54	1074	1492	2D 10 00 23 19 1F 00 11 19 00 1D 1E 1C 0B 13 11 12 1E 00 0E 19 21 18 00 1E 12 13 1D 00 0D 19 1C 1C 13 0E 19 1C 77 23 19 1F 6B 16 16 00 0D 19 17 0F 00 1E 19 00 0B 00 0C 13 11 00 0C 1F 13 16 0E 13 18 11 78 2D 1E 6B 1D 00 1E 12 0F 00 27 19 16 13 1D 0F 1F 17 78	If you go straight down this corridor,you'll come to a big building.It's the Coliseum.
0644	32	04	02	AD54	1492	1718	38 12 13 1D 00 13 1D 00 1E 12 0F 00 27 19 16 13 1D 0F 1F 17 00 21 12 0F 1C 0F 00 1E 12 0F 00 1E 19 1F 1C 18 0B 17 0F 18 1E 00 13 1D 00 12 0F 16 0E 78	This is the Coliseum where the tournament is held.
0645	32	05	02	AD54	1718	1827	38 12 0F 00 2F 13 18 11 00 13 1D 00 1F 1A 1D 1E 0B 13 1C 1D 78	The King is upstairs.
0646	32	06	02	AD54	1827	2288	31 19 18 1D 1E 0F 1C 1D 00 0C 0F 11 0B 18 00 0B 1A 1A 0F 0B 1C 13 18 11 00 13 18 00 29 18 0E 19 1C 00 1C 0F 0D 0F 18 1E 16 23 6C 4F 33 1F 1C 00 2F 13 18 11 00 1D 1E 0B 1C 1E 0F 0E 00 1E 12 0F 00 1E 19 1F 1C 18 0B 17 0F 18 1E 00 1E 19 00 0B 1E 1E 1C 0B 0D 1E 00 1E 12 0F 00 1D 1E 1C 19 18 11 72 78	Monsters began appearing in Endor recently.'<4F>Our King started the tournament to attract the strong....
0647	32	07	02	AD54	2288	2801	2D 10 00 23 19 1F 00 0F 18 1E 0F 1C 00 1E 12 0F 00 1E 19 1F 1C 18 0B 17 0F 18 1E 77 21 0B 1E 0D 12 00 19 1F 1E 00 10 19 1C 00 1E 12 0F 00 17 0B 18 00 0D 0B 16 16 0F 0E 00 32 0F 0D 1C 19 1D 0B 1C 19 6C 4F 2C 0F 00 13 1D 00 13 17 17 0F 18 1D 0F 16 23 00 1D 1E 1C 19 18 11 00 0B 18 0E 00 1F 1E 1E 0F 1C 16 23 00 17 0F 1C 0D 13 16 0F 1D 1D 78	If you enter the tournament,watch out for the man called Necrosaro.'<4F>He is immensely strong and utterly merciless.
0648	32	08	02	AD54	2801	3147	38 12 0F 00 1E 19 1F 1C 18 0B 17 0F 18 1E 6B 1D 00 21 13 18 18 0F 1C 00 21 13 16 16 00 17 0B 1C 1C 23 00 19 1F 1C 00 34 1C 13 18 0D 0F 1D 1D 6C 4F 2D 00 1D 23 17 1A 0B 1E 12 13 24 0F 00 21 13 1E 12 00 12 0F 1C 78	The tournament's winner will marry our Princess.'<4F>I sympathize with her.
0649	32	09	02	AD54	3147	3501	38 12 0F 00 2F 13 18 11 00 12 0F 1C 0F 00 13 1D 00 1C 0B 1D 12 00 0B 18 0E 00 0E 19 0F 1D 00 21 12 0B 1E 0F 20 0F 1C 00 0D 19 17 0F 1D 00 1E 19 00 12 13 1D 00 17 13 18 0E 78 2C 0F 00 21 19 1C 1C 13 0F 1D 00 0F 20 0F 1C 23 19 18 0F 78	The King here is rash and does whatever comes to his mind.He worries everyone.
064A	32	0A	02	AD54	3501	3684	38 12 13 1D 00 13 1D 00 1E 12 0F 00 2F 13 18 11 00 19 10 00 29 18 0E 19 1C 6B 1D 00 0D 12 0B 17 0C 0F 1C 78	This is the King of Endor's chamber.
064B	32	0B	02	AD54	3684	3849	32 0F 0D 1C 19 1D 0B 1C 19 72 78 3B 12 0B 1E 00 0B 18 00 1F 18 16 1F 0D 15 23 00 18 0B 17 0F 78	Necrosaro....What an unlucky name.
064C	32	0C	02	AD54	3849	4054	2D 00 12 0B 20 0F 00 1E 19 00 21 13 1A 0F 00 1E 12 0F 00 1E 0B 0C 16 0F 00 0D 16 0F 0B 18 78 3B 13 1A 0F 72 3B 13 1A 0F 72	I have to wipe the table clean.Wipe...Wipe...
064D	32	0D	02	AD54	4054	4237	3B 0F 00 12 0B 20 0F 00 17 0B 18 23 00 1E 12 13 18 11 1D 00 1E 19 00 21 0B 1D 12 78 2C 19 21 00 0C 1F 1D 23 6E	We have many things to wash.How busy!
064E	32	0E	02	AD54	4237	4591	2D 6B 17 00 0B 10 1C 0B 13 0E 00 1E 12 0B 1E 00 1E 12 0F 00 34 1C 13 18 0D 0F 1D 1D 00 21 13 16 16 00 0F 18 0E 00 1F 1A 00 17 0B 1C 1C 23 13 18 11 00 1E 12 0F 00 17 0B 18 00 0D 0B 16 16 0F 0E 00 32 0F 0D 1C 19 1D 0B 1C 19 78	I'm afraid that the Princess will end up marrying the man called Necrosaro.
064F	32	0F	02	AD54	4591	4712	3B 0B 1E 0D 12 00 19 1F 1E 00 10 19 1C 00 32 0F 0D 1C 19 1D 0B 1C 19 6E	Watch out for Necrosaro!
0650	32	10	02	AD54	4712	5101	38 19 00 0F 18 1E 0F 1C 00 1E 12 0F 00 1E 19 1F 1C 18 0B 17 0F 18 1E 77 1E 0B 15 0F 00 1E 12 0F 00 16 0F 10 1E 00 1D 1E 0B 13 1C 1D 78 38 19 00 14 1F 1D 1E 00 21 0B 1E 0D 12 00 13 1E 77 1F 1D 0F 00 1E 12 0F 00 19 18 0F 1D 00 19 18 00 1E 12 0F 00 1C 13 11 12 1E 78	To enter the tournament,take the left stairs.To just watch it,use the ones on the right.
0651	32	11	02	AD54	5101	5431	38 12 0F 00 10 13 11 12 1E 13 18 11 00 0B 1C 0F 18 0B 00 13 1D 00 1F 1A 1D 1E 0B 13 1C 1D 78 33 18 0D 0F 00 23 19 1F 6B 1C 0F 00 1F 1A 00 1E 12 0F 1C 0F 77 1E 12 0F 1C 0F 6B 1D 00 18 19 00 1C 0F 1E 1C 0F 0B 1E 78	The fighting arena is upstairs.Once you're up there,there's no retreat.
0652	32	12	02	AD54	5431	5778	38 12 13 1D 00 13 1D 00 0B 00 1D 12 19 1C 1E 0D 1F 1E 00 1E 19 00 1E 12 0F 00 19 1F 1E 1D 13 0E 0F 00 19 10 00 1E 12 0F 00 27 0B 1D 1E 16 0F 78 39 1D 0F 00 13 1E 00 13 10 00 23 19 1F 6B 1C 0F 00 13 18 00 0B 00 12 1F 1C 1C 23 78	This is a shortcut to the outside of the Castle.Use it if you're in a hurry.
0653	32	13	02	AD54	5778	6170	37 12 1F 1E 00 1F 1A 6E 00 28 19 18 6B 1E 00 1E 0B 16 15 00 1E 19 00 17 0F 6E 6A 4F 2D 6B 17 00 1E 0F 1C 1C 13 0C 16 23 00 1D 19 1C 1C 23 72 2D 6B 17 00 14 13 1E 1E 0F 1C 23 00 0C 0F 10 19 1C 0F 00 17 23 00 10 13 11 12 1E 78	Shut up! Don't talk to me!'<4F>I'm terribly sorry...I'm jittery before my fight.
0654	32	14	02	AD54	6170	6486	2C 17 17 72 1E 0F 1C 1C 13 10 23 13 18 11 72 32 0F 0D 1C 19 1D 0B 1C 19 6B 1D 00 1D 1E 1C 0F 18 11 1E 12 00 13 1D 00 0C 0F 23 19 18 0E 00 19 1F 1C 00 0D 19 17 1A 1C 0F 12 0F 18 1D 13 19 18 78	Hmm...terrifying...Necrosaro's strength is beyond our comprehension.
0655	32	15	02	AD54	6486	6668	2D 6B 17 00 1D 1F 1C 0F 00 32 0F 0D 1C 19 1D 0B 1C 19 00 21 13 16 16 00 0C 0F 00 1E 12 0F 00 21 13 18 18 0F 1C 78	I'm sure Necrosaro will be the winner.
0656	32	16	02	AD54	6668	6808	2D 00 14 1F 1D 1E 00 16 19 20 0F 00 1E 12 13 1D 00 0F 22 0D 13 1E 0F 17 0F 18 1E 6E	I just love this excitement!
0657	32	17	02	AD54	6808	6999	29 22 0D 1F 1D 0F 00 17 0F 6E 00 3D 19 1F 6B 1C 0F 00 0C 16 19 0D 15 13 18 11 00 17 23 00 20 13 0F 21 6E	Excuse me! You're blocking my view!
0658	32	18	02	AD54	6999	7326	2D 00 21 19 1F 16 0E 18 6B 1E 00 10 13 11 12 1E 00 16 13 15 0F 00 1E 12 0B 1E 6E 00 32 19 77 18 19 1E 00 1E 12 0B 1E 00 21 0B 23 6E 00 2B 19 77 23 0F 0B 12 77 11 19 00 16 13 15 0F 00 1E 12 13 1D 6E	I wouldn't fight like that! No,not that way! Go,yeah,go like this!
0659	32	19	02	AD54	7326	7522	2D 6B 17 00 21 0B 1E 0D 12 13 18 11 00 1E 12 13 1D 78 28 19 18 6B 1E 00 1E 0B 16 15 00 1E 19 00 17 0F 00 18 19 21 78	I'm watching this.Don't talk to me now.
065A	32	1A	02	AD54	7522	7670	38 12 0F 00 17 0B 18 00 0C 0F 12 13 18 0E 00 17 0F 00 13 1D 00 1D 19 00 18 19 13 1D 23 72 78	The man behind me is so noisy....
065B	32	1B	02	AD54	7670	7944	28 19 00 23 19 1F 00 15 18 19 21 6D 00 38 12 0F 00 21 13 18 18 0F 1C 00 19 10 00 1E 12 0F 00 1E 19 1F 1C 18 0B 17 0F 18 1E 00 13 1D 00 0B 00 23 19 1F 18 11 00 21 19 17 0B 18 78	Do you know? The winner of the tournament is a young woman.
065C	32	1C	02	AD54	7944	8086	2D 1E 00 1D 0F 0F 17 1D 00 1E 12 0F 00 1E 19 1F 1C 18 0B 17 0F 18 1E 00 13 1D 00 19 20 0F 1C 78	It seems the tournament is over.
065D	32	1D	02	AD54	8086	8493	36 0F 0B 16 16 23 6D 00 3D 19 1F 6B 1C 0F 00 34 1C 13 18 0D 0F 1D 1D 00 25 16 0F 18 0B 6D 00 27 19 18 11 1C 0B 1E 1F 16 0B 1E 13 19 18 1D 6E 00 2C 0B 20 0F 00 0B 18 23 1E 12 13 18 11 00 23 19 1F 00 21 0B 18 1E 78 2D 1E 6B 1D 00 19 18 00 17 0F 6E	Really? You're Princess Alena? Congratulations! Have anything you want.It's on me!
065E	32	1E	02	AD54	8493	8657	31 0B 23 0C 0F 00 2D 00 19 1F 11 12 1E 00 1E 19 00 11 0F 1E 00 0B 18 00 0B 1F 1E 19 11 1C 0B 1A 12 6E	Maybe I ought to get an autograph!
065F	32	1F	02	AD54	8657	8912	25 10 1E 0F 1C 00 32 0F 0D 1C 19 1D 0B 1C 19 00 20 0B 18 13 1D 12 0F 0E 77 17 19 18 1D 1E 0F 1C 1D 00 1D 1E 19 1A 1A 0F 0E 00 0B 1A 1A 0F 0B 1C 13 18 11 78	After Necrosaro vanished,monsters stopped appearing.
0660	33	00	02	B1AF	0	237	2D 1D 18 6B 1E 00 1E 12 0F 1C 0F 00 1D 19 17 0F 19 18 0F 00 21 12 19 00 21 0B 18 1E 1D 00 1E 19 00 1D 1E 0B 1C 1E 00 0B 00 0C 1F 1D 13 18 0F 1D 1D 00 12 0F 1C 0F 6D	Isn't there someone who wants to start a business here?
0661	33	01	02	B1AF	237	431	31 1F 17 0C 16 0F 72 31 1F 17 0C 16 0F 72 1D 0F 0F 00 23 19 1F 00 16 0B 1E 0F 1C 77 0E 0B 0E 0E 23 72 78	Mumble...Mumble...see you later,daddy....
0662	33	02	02	B1AF	431	630	38 12 0F 00 13 18 18 15 0F 0F 1A 0F 1C 00 1D 0B 13 0E 00 12 0F 00 21 0B 18 1E 0F 0E 00 1E 19 00 1E 0B 16 15 00 1E 19 00 23 19 1F 78	The innkeeper said he wanted to talk to you.
0663	33	03	02	B1AF	630	687	26 19 21 77 3B 19 21 78	Bow,Wow.
0664	33	04	02	B1AF	687	1035	28 19 00 23 19 1F 00 21 0B 18 1E 00 1E 19 00 1E 0B 16 15 00 1E 19 00 17 23 00 12 1F 1D 0C 0B 18 0E 6D 00 2C 0F 6B 1D 00 21 19 1C 15 13 18 11 00 18 19 21 78 27 19 17 0F 00 0C 0B 0D 15 00 0B 1E 00 18 13 11 12 1E 78	Do you want to talk to my husband? He's working now.Come back at night.
0665	33	05	02	B1AF	1035	1255	3B 12 0B 1E 00 13 1D 00 1E 12 13 1D 00 0D 0B 20 0F 6D 00 2D 00 0D 0B 18 6B 1E 00 11 0F 1E 00 0B 00 1E 1C 0F 0B 1D 1F 1C 0F 00 0D 12 0F 1D 1E 6E	What is this cave? I can't get a treasure chest!
0666	33	06	02	B1AF	1255	1909	25 00 1D 12 19 1C 1E 00 21 12 13 16 0F 00 0B 11 19 00 21 0B 1E 0F 1C 00 1D 1F 0E 0E 0F 18 16 23 00 1A 19 1F 1C 0F 0E 00 0E 19 21 18 00 10 1C 19 17 00 0B 0C 19 20 0F 78 2D 00 0B 16 17 19 1D 1E 00 0E 1C 19 21 18 0F 0E 6E 6A 4F 26 1F 1E 00 2D 00 1D 1F 1C 20 13 20 0F 0E 00 1E 12 0B 1E 00 19 1C 0E 0F 0B 16 00 0B 18 0E 00 11 19 1E 00 1E 19 00 1E 12 0F 00 1E 1C 0F 0B 1D 1F 1C 0F 00 0D 12 0F 1D 1E 1D 78 37 19 1C 1C 23 6E	A short while ago water suddenly poured down from above.I almost drowned!'<4F>But I survived that ordeal and got to the treasure chests.Sorry!
0667	33	07	02	B1AF	1909	2348	3D 19 1F 00 0D 0B 17 0F 00 1E 19 00 10 13 18 0E 00 1E 12 0F 00 2D 1C 19 18 00 37 0B 10 0F 00 1E 19 19 6D 6A 4F 2D 00 1E 12 13 18 15 00 1E 12 0B 1E 00 1C 19 16 16 13 18 11 00 0C 19 1F 16 0E 0F 1C 00 12 0B 1D 00 1D 19 17 0F 1E 12 13 18 11 00 1E 19 00 0E 19 00 21 13 1E 12 00 13 1E 78	You came to find the Iron Safe too?'<4F>I think that rolling boulder has something to do with it.
0668	33	08	02	B1AF	2348	2714	2D 00 12 0F 0B 1C 00 1E 12 0B 1E 00 10 19 22 0F 1D 00 21 12 19 00 16 13 15 0F 00 1E 19 00 1E 1C 13 0D 15 00 1A 0F 19 1A 16 0F 00 16 13 20 0F 00 0B 1C 19 1F 18 0E 00 12 0F 1C 0F 78 3B 0B 1E 0D 12 00 19 1F 1E 00 10 19 1C 00 1E 12 0F 17 78	I hear that foxes who like to trick people live around here.Watch out for them.
0669	33	09	02	B1AF	2714	2890	2C 13 77 38 1C 0B 20 0F 16 0F 1C 6E 00 3B 0B 18 1E 00 1E 19 00 0E 0B 18 0D 0F 00 21 13 1E 12 00 17 0F 6D	Hi,Traveler! Want to dance with me?
066A	33	0A	02	B1AF	2890	3440	2D 6B 17 00 0E 0B 00 2B 0B 1C 0E 13 77 0B 18 00 0B 1C 0D 12 13 1E 0F 0D 1E 78 38 12 13 1D 00 11 13 1C 16 00 21 19 18 6B 1E 00 16 0F 1E 00 17 0F 00 11 19 72 6C 4F 2D 00 0E 0F 0D 13 0E 0F 0E 00 1E 19 00 17 0B 1C 1C 23 00 12 0F 1C 00 0B 18 0E 00 1D 1E 0B 23 00 13 18 00 1E 12 13 1D 00 20 13 16 16 0B 11 0F 78 2C 0B 77 2C 0B 77 2C 0B 78	I'm da Gardi,an architect.This girl won't let me go....'<4F>I decided to marry her and stay in this village.Ha,Ha,Ha.
066B	33	0B	02	B1AF	3440	3831	3B 12 23 00 0E 19 18 6B 1E 00 23 19 1F 00 1D 1E 0B 23 00 13 18 00 1E 12 13 1D 00 20 13 16 16 0B 11 0F 00 1E 19 19 6D 6A 4F 3D 0F 16 1A 77 3D 0F 16 1A 6E 6A 4F 33 19 1A 1D 77 2D 00 0D 0B 1F 11 12 1E 00 0B 00 0D 19 16 0E 6D	Why don't you stay in this village too?'<4F>Yelp,Yelp!'<4F>Oops,I caught a cold?
066C	33	0C	02	B1AF	3831	3967	3B 0F 16 0D 19 17 0F 00 1E 19 00 26 19 18 17 0B 16 17 19 00 27 0B 1D 1E 16 0F 78	Welcome to Bonmalmo Castle.
066D	33	0D	02	B1AF	3967	4346	2D 00 12 0F 0B 1C 00 1E 12 0F 1C 0F 00 0B 1C 0F 00 10 19 22 0F 1D 00 0B 1C 19 1F 18 0E 00 12 0F 1C 0F 00 21 12 19 00 1E 1C 13 0D 15 00 1A 0F 19 1A 16 0F 6C 4F 25 00 0E 19 11 00 0D 19 1F 16 0E 00 11 0F 1E 00 1C 13 0E 00 19 10 00 1E 12 0F 17 78	I hear there are foxes around here who trick people.'<4F>A dog could get rid of them.
066E	33	0E	02	B1AF	4346	4932	37 19 00 23 19 1F 00 0D 0B 17 0F 00 10 1C 19 17 00 30 0B 15 0B 18 0B 0C 0B 77 0F 12 6D 00 25 00 17 0B 18 00 10 1C 19 17 00 30 0B 15 0B 18 0B 0C 0B 00 13 1D 00 13 17 1A 1C 13 1D 19 18 0F 0E 00 13 18 00 1E 12 0F 00 27 0B 1D 1E 16 0F 6C 4F 38 19 00 1D 1A 0F 0B 15 00 1E 19 00 12 13 17 77 23 19 1F 00 17 1F 1D 1E 00 0F 20 0B 0E 0F 00 1E 12 0F 00 11 1F 0B 1C 0E 1D 78	So you came from Lakanaba,eh? A man from Lakanaba is imprisoned in the Castle.'<4F>To speak to him,you must evade the guards.
066F	33	0F	02	B1AF	4932	5458	3B 0F 00 0D 0B 18 6B 1E 00 11 0F 1E 00 1E 19 00 29 18 0E 19 1C 00 0C 0F 0D 0B 1F 1D 0F 00 1E 12 0F 00 0C 1C 13 0E 11 0F 00 13 1D 00 0C 1C 19 15 0F 18 6C 4F 28 0B 00 2B 0B 1C 0E 13 77 0B 18 00 0B 1C 0D 12 13 1E 0F 0D 1E 77 1D 12 19 1F 16 0E 00 0C 0F 00 0B 0C 16 0F 00 1E 19 00 1C 0F 1A 0B 13 1C 00 13 1E 00 0F 0B 1D 13 16 23 72 78	We can't get to Endor because the bridge is broken.'<4F>Da Gardi,an architect,should be able to repair it easily....
0670	33	10	02	B1AF	5458	5892	3B 12 0F 1C 0F 6B 1D 00 0E 0B 00 2B 0B 1C 0E 13 6D 00 2D 1D 18 6B 1E 00 12 0F 00 0C 0B 0D 15 00 23 0F 1E 6D 6A 4F 3B 0F 00 0D 0B 18 6B 1E 00 13 18 20 0B 0E 0F 00 29 18 0E 19 1C 00 1F 18 1E 13 16 00 12 0F 00 1C 0F 1A 0B 13 1C 1D 00 1E 12 0F 00 0C 1C 13 0E 11 0F 6E	Where's da Gardi? Isn't he back yet?'<4F>We can't invade Endor until he repairs the bridge!
0671	33	11	02	B1AF	5892	5960	3D 0F 16 1A 77 3D 0F 16 1A 6E	Yelp,Yelp!
0672	33	12	02	B1AF	5960	6436	2D 00 12 0F 0B 1C 0E 00 1E 12 0F 00 1A 1C 13 1D 19 18 0F 1C 00 10 1C 19 17 00 30 0B 15 0B 18 0B 0C 0B 00 0F 1D 0D 0B 1A 0F 0E 6C 4F 33 12 00 21 0F 16 16 77 12 0F 00 21 0B 1D 00 1D 1F 0D 12 00 0B 00 1D 17 0B 16 16 00 1E 13 17 0F 00 0D 1C 13 17 13 18 0B 16 77 18 19 0C 19 0E 23 00 0D 0B 1C 0F 1D 78	I heard the prisoner from Lakanaba escaped.'<4F>Oh well,he was such a small time criminal,nobody cares.
0673	33	13	02	B1AF	6436	6819	25 18 00 0B 1C 0D 12 13 1E 0F 0D 1E 00 18 0B 17 0F 0E 00 0E 0B 00 2B 0B 1C 0E 13 00 14 1F 1D 1E 00 0B 1C 1C 13 20 0F 0E 6C 4F 2D 6B 17 00 1D 1F 1C 0F 00 12 0F 6B 16 16 00 10 13 22 00 1E 12 0F 00 0C 1C 13 0E 11 0F 00 1D 19 19 18 6E	An architect named da Gardi just arrived.'<4F>I'm sure he'll fix the bridge soon!
0674	33	14	02	B1AF	6819	7341	2C 19 21 00 1D 15 13 16 16 0F 0E 00 0E 0B 00 2B 0B 1C 0E 13 00 13 1D 6E 00 2C 0F 00 0D 0B 17 0F 00 12 0F 1C 0F 00 0B 18 0E 00 1C 0F 1A 0B 13 1C 0F 0E 00 1E 12 0F 00 0C 1C 13 0E 11 0F 00 13 18 00 18 19 00 1E 13 17 0F 6C 4F 32 19 21 00 2D 00 0D 0B 18 00 13 18 20 0B 0E 0F 00 29 18 0E 19 1C 78 2C 0B 77 2C 0B 77 2C 0B 6E	How skilled da Gardi is! He came here and repaired the bridge in no time.'<4F>Now I can invade Endor.Ha,Ha,Ha!
0675	33	15	02	B1AF	7341	7813	30 19 19 15 00 12 19 21 00 1D 21 13 10 1E 16 23 00 1E 12 0F 00 0D 16 19 1F 0E 1D 00 1C 1F 1D 12 00 0B 0D 1C 19 1D 1D 00 1E 12 0F 00 1D 15 23 6E 6A 4F 37 19 17 0F 1E 12 13 18 11 00 0E 1C 0F 0B 0E 10 1F 16 00 17 0B 23 00 0C 0F 00 12 0B 1A 1A 0F 18 13 18 11 00 1D 19 17 0F 21 12 0F 1C 0F 72 78	Look how swiftly the clouds rush across the sky!'<4F>Something dreadful may be happening somewhere....
0676	33	16	02	B1AF	7813	8176	37 19 00 23 19 1F 00 0D 0B 17 0F 00 12 0F 1C 0F 00 1E 19 00 17 0B 15 0F 00 17 19 18 0F 23 6C 4F 38 12 0F 1C 0F 00 0B 1C 0F 00 17 0B 18 23 00 21 0B 23 1D 00 1E 19 00 17 0B 15 0F 00 17 19 18 0F 23 00 12 0F 1C 0F 77 2D 00 11 1F 0F 1D 1D 78	So you came here to make money.'<4F>There are many ways to make money here,I guess.
0677	33	17	02	B1AF	8176	8462	28 13 0E 00 23 19 1F 00 15 18 19 21 00 1E 12 0B 1E 00 0B 00 1E 19 1F 1C 18 0B 17 0F 18 1E 00 21 0B 1D 00 12 0F 16 0E 00 0B 1E 00 1E 12 0F 00 27 0B 1D 1E 16 0F 00 1C 0F 0D 0F 18 1E 16 23 6D	Did you know that a tournament was held at the Castle recently?
0678	33	18	02	B1AF	8462	8913	38 12 0F 00 17 19 18 1D 1E 0F 1C 1D 00 0E 13 1D 0B 1A 1A 0F 0B 1C 0F 0E 00 1D 12 19 1C 1E 16 23 00 0B 10 1E 0F 1C 00 1E 12 0F 00 1E 19 1F 1C 18 0B 17 0F 18 1E 77 0C 1F 1E 00 1E 12 0F 23 00 0D 0B 17 0F 00 0C 0B 0D 15 00 0B 11 0B 13 18 6C 4F 3B 12 0B 1E 6B 1D 00 11 19 13 18 11 00 19 18 6D	The monsters disappeared shortly after the tournament,but they came back again.'<4F>What's going on?
0679	33	19	02	B1AF	8913	9385	30 19 19 15 00 12 19 21 00 1D 21 13 10 1E 16 23 00 1E 12 0F 00 0D 16 19 1F 0E 1D 00 1C 1F 1D 12 00 0B 0D 1C 19 1D 1D 00 1E 12 0F 00 1D 15 23 6E 6A 4F 37 19 17 0F 1E 12 13 18 11 00 0E 1C 0F 0B 0E 10 1F 16 00 17 0B 23 00 0C 0F 00 12 0B 1A 1A 0F 18 13 18 11 00 1D 19 17 0F 21 12 0F 1C 0F 72 78	Look how swiftly the clouds rush across the sky!'<4F>Something dreadful may be happening somewhere....
067A	33	1A	02	B1AF	9385	9554	3B 12 0B 1E 00 0B 00 1D 12 19 1A 6E 00 2C 19 21 00 16 19 18 11 00 17 1F 1D 1E 00 2D 00 21 0B 13 1E 6D	What a shop! How long must I wait?
067B	33	1B	02	B1AF	9554	9758	25 16 1C 13 11 12 1E 77 28 0B 0E 0E 23 6E 00 3D 19 1F 00 10 13 18 0B 16 16 23 00 19 21 18 00 0B 00 1D 12 19 1A 6E	Alright,Daddy! You finally own a shop!
067C	33	1C	02	B1AF	9758	10212	25 00 17 0B 18 00 18 0B 17 0F 0E 00 32 0F 0D 1C 19 1D 0B 1C 19 00 21 0B 1D 00 0B 0C 19 1F 1E 00 1E 19 00 21 13 18 00 1E 12 0F 00 1E 19 1F 1C 18 0B 17 0F 18 1E 6C 4F 26 1F 1E 00 12 0F 00 1D 1F 0E 0E 0F 18 16 23 00 0E 13 1D 0B 1A 1A 0F 0B 1C 0F 0E 78 2D 00 21 19 18 0E 0F 1C 00 21 12 23 78	A man named Necrosaro was about to win the tournament.'<4F>But he suddenly disappeared.I wonder why.
067D	33	1D	02	B1AF	10212	10567	33 1F 1C 00 2F 13 18 11 00 17 0F 0F 1E 1D 00 21 13 1E 12 00 0B 16 16 00 1E 23 1A 0F 1D 00 19 10 00 1A 0F 19 1A 16 0F 78 3B 0B 1E 0D 12 00 23 19 1F 1C 00 17 0B 18 18 0F 1C 1D 00 13 18 00 10 1C 19 18 1E 00 19 10 00 12 13 17 78	Our King meets with all types of people.Watch your manners in front of him.
067E	33	1E	02	B1AF	10567	11092	33 18 0D 0F 77 16 19 18 11 00 0B 11 19 77 1E 12 0F 1C 0F 00 21 0B 1D 00 0B 00 1D 21 19 1C 0E 00 0D 0B 16 16 0F 0E 00 1E 12 0F 00 3E 0F 18 13 1E 12 13 0B 18 00 37 21 19 1C 0E 6C 4F 3B 12 19 0F 20 0F 1C 00 1A 19 1D 1D 0F 1D 1D 0F 0E 00 13 1E 00 21 0B 1D 00 0B 0C 16 0F 00 1E 19 00 0B 1D 0D 0F 18 0E 00 13 18 1E 19 00 1E 12 0F 00 1D 15 23 78	Once,long ago,there was a sword called the Zenithian Sword.'<4F>Whoever possessed it was able to ascend into the sky.
067F	33	1F	02	B1AF	11092	11351	2D 00 12 0F 0B 1C 00 1E 12 0B 1E 00 0B 00 17 0B 18 00 18 0B 17 0F 0E 00 0E 0B 00 2B 0B 1C 0E 13 00 1C 0F 1A 0B 13 1C 0F 0E 00 17 0B 18 23 00 0C 1C 13 0E 11 0F 1D 78	I hear that a man named da Gardi repaired many bridges.
0680	34	00	02	B73A	0	404	25 1C 0F 00 23 19 1F 00 1E 12 0F 00 11 1C 19 0D 0F 1C 6D 00 3B 12 0B 1E 6D 00 3D 19 1F 6B 1C 0F 00 0B 18 00 0B 1C 17 1D 00 17 0F 1C 0D 12 0B 18 1E 6D 00 28 19 18 6B 1E 00 23 19 1F 00 15 18 19 21 00 1E 12 13 1D 00 13 1D 00 0B 00 15 13 1E 0D 12 0F 18 6D	Are you the grocer? What? You're an arms merchant? Don't you know this is a kitchen?
0681	34	01	02	B73A	404	1253	2D 6B 17 00 36 0B 11 18 0B 1C 77 0B 00 1D 19 16 0E 13 0F 1C 00 19 10 00 26 1F 1C 16 0B 18 0E 6C 4F 2D 00 0D 0B 17 0F 00 12 0F 1C 0F 00 12 19 1A 13 18 11 00 1E 12 0B 1E 00 1E 12 0F 00 1A 0F 1C 1D 19 18 00 2D 6B 20 0F 00 0C 0F 0F 18 00 16 19 19 15 13 18 11 00 10 19 1C 00 17 13 11 12 1E 00 0C 0F 00 0B 1E 00 1E 12 0F 00 1E 19 1F 1C 18 0B 17 0F 18 1E 72 6C 4F 26 1F 1E 00 13 1E 6B 1D 00 19 20 0F 1C 00 0B 18 0E 00 1E 12 0F 00 27 0B 1D 13 18 19 00 0B 16 1D 19 00 1D 0F 0F 17 1D 00 1E 19 00 0C 0F 00 0D 16 19 1D 0F 0E 00 10 19 1C 00 0B 00 21 12 13 16 0F 78	I'm Ragnar,a soldier of Burland.'<4F>I came here hoping that the person I've been looking for might be at the tournament....'<4F>But it's over and the Casino also seems to be closed for a while.
0682	34	02	02	B73A	1253	1694	2C 0F 0B 20 0F 00 12 19 77 2C 0F 0B 20 0F 00 12 19 77 28 13 11 00 0B 18 0E 00 28 13 11 72 6A 4F 38 12 0F 23 00 1D 0B 23 00 1E 12 0F 00 27 0B 1D 13 18 19 00 13 18 00 29 18 0E 19 1C 00 1C 0F 19 1A 0F 18 0F 0E 78 2D 6B 16 16 00 11 19 00 1E 12 0F 1C 0F 00 1D 19 19 18 6E	Heave ho,Heave ho,Dig and Dig...'<4F>They say the Casino in Endor reopened.I'll go there soon!
0683	34	03	02	B73A	1694	1852	28 13 11 00 0B 18 0E 00 28 13 11 00 0B 18 0E 00 28 13 11 00 0B 18 0E 00 28 13 11 72	Dig and Dig and Dig and Dig...
0684	34	04	02	B73A	1852	2196	38 12 13 1D 00 13 1D 00 1E 12 0F 00 0D 19 1F 18 1E 1C 23 00 19 10 00 37 0B 18 1E 0F 0F 17 78 32 19 00 19 1F 1E 1D 13 0E 0F 1C 1D 00 0D 0B 18 00 0F 18 1E 0F 1C 78 3D 19 1F 00 0C 0F 1E 1E 0F 1C 00 11 19 00 0C 0B 0D 15 78	This is the country of Santeem.No outsiders can enter.You better go back.
0685	34	05	02	B73A	2196	2888	2D 1E 6B 1D 00 1D 0B 13 0E 00 1E 12 0B 1E 00 1D 19 17 0F 21 12 0F 1C 0F 00 13 18 00 1E 12 13 1D 00 21 19 1C 16 0E 77 1E 12 0F 1C 0F 6B 1D 00 0B 00 1D 21 19 1C 0E 00 0D 0B 16 16 0F 0E 00 1E 12 0F 00 3E 0F 18 13 1E 12 13 0B 18 00 37 21 19 1C 0E 6C 4F 2A 13 18 0E 00 13 1E 00 0B 18 0E 00 11 13 20 0F 00 13 1E 00 1E 19 00 1D 19 17 0F 19 18 0F 00 21 13 1E 12 00 0B 00 18 19 0C 16 0F 00 12 0F 0B 1C 1E 00 1E 19 00 1D 0B 20 0F 00 1E 12 13 1D 00 21 19 1C 16 0E 6E	It's said that somewhere in this world,there's a sword called the Zenithian Sword.'<4F>Find it and give it to someone with a noble heart to save this world!
0686	34	06	02	B73A	2888	2997	3B 0F 6B 1C 0F 00 11 19 13 18 11 00 1E 19 00 29 18 0E 19 1C 78	We're going to Endor.
0687	34	07	02	B73A	2997	3257	29 18 0E 19 1C 00 12 0B 1D 00 0B 00 0D 0B 1D 13 18 19 00 0B 18 0E 00 0B 18 00 0F 0B 1E 0F 1C 23 78 3B 0F 00 0D 0B 18 00 10 13 18 0E 00 14 19 0C 1D 00 1E 12 0F 1C 0F 6E	Endor has a casino and an eatery.We can find jobs there!
0688	34	08	02	B73A	3257	3409	37 19 1C 1C 23 77 1E 12 0F 00 0F 0B 1E 0F 1C 23 00 19 1A 0F 18 1D 00 0B 1E 00 18 13 11 12 1E 78	Sorry,the eatery opens at night.
0689	34	09	02	B73A	3409	3921	38 12 19 1F 11 12 00 13 1E 00 21 0B 1D 00 19 18 16 23 00 10 19 1C 00 0B 00 1D 12 19 1C 1E 00 1E 13 17 0F 77 2D 00 0F 18 14 19 23 0F 0E 00 21 19 1C 15 13 18 11 00 21 13 1E 12 00 23 19 1F 78 2D 00 12 19 1A 0F 00 23 19 1F 00 1D 1F 0D 0D 0F 0F 0E 00 13 18 00 23 19 1F 1C 00 1A 1F 1C 1D 1F 13 1E 00 19 10 00 1C 0F 20 0F 18 11 0F 78	Though it was only for a short time,I enjoyed working with you.I hope you succeed in your pursuit of revenge.
068A	34	0A	02	B73A	3921	4197	38 12 13 1D 00 13 1D 00 0B 00 1E 12 0F 0B 1E 0F 1C 78 38 12 0F 00 31 0B 1D 1E 0F 1C 00 13 1D 00 13 18 00 1E 12 0F 00 0C 0B 1D 0F 17 0F 18 1E 00 21 0B 13 1E 13 18 11 00 1C 19 19 17 78	This is a theater.The Master is in the basement waiting room.
068B	34	0B	02	B73A	4197	4533	2D 00 0E 19 18 6B 1E 00 15 18 19 21 00 21 12 19 00 23 19 1F 6B 1C 0F 00 16 19 19 15 13 18 11 00 10 19 1C 78 38 12 0F 1C 0F 6B 1D 00 18 19 00 19 18 0F 00 12 0F 1C 0F 00 0C 1F 1E 00 17 0F 78 2B 0F 1E 00 19 1F 1E 6E	I don't know who you're looking for.There's no one here but me.Get out!
068C	34	0C	02	B73A	4533	5164	2D 00 12 0F 0B 1C 00 29 0E 11 0B 1C 77 0B 18 00 0B 16 0D 12 0F 17 13 1D 1E 00 13 18 00 2F 13 0F 20 1D 77 21 0B 1D 00 17 1F 1C 0E 0F 1C 0F 0E 00 0C 23 00 12 13 1D 00 1A 1F 1A 13 16 77 26 0B 16 24 0B 0D 15 6C 4F 3B 12 0B 1E 6D 00 3D 19 1F 6B 1C 0F 00 12 13 1D 00 0E 0B 1F 11 12 1E 0F 1C 1D 6D 00 33 12 77 2D 00 10 0F 0F 16 00 1D 19 00 1D 19 1C 1C 23 00 10 19 1C 00 23 19 1F 78	I hear Edgar,an alchemist in Kievs,was murdered by his pupil,Balzack.'<4F>What? You're his daughters? Oh,I feel so sorry for you.
068D	34	0D	02	B73A	5164	5553	38 12 13 1D 00 13 1D 00 31 19 18 0C 0B 1C 0B 0C 0B 77 0B 00 1E 19 21 18 00 19 10 00 17 1F 1D 13 0D 00 0B 18 0E 00 0E 0B 18 0D 0F 78 38 12 0F 00 3A 13 16 16 0B 11 0F 00 19 10 00 2F 13 0F 20 1D 00 13 1D 00 13 18 00 1E 12 0F 00 18 19 1C 1E 12 78	This is Monbaraba,a town of music and dance.The Village of Kievs is in the north.
068E	34	0E	02	B73A	5553	5818	2D 00 12 0F 0B 1C 00 30 23 18 18 00 10 1C 19 17 00 1E 12 0F 00 0F 0B 1E 0F 1C 23 00 1C 0B 18 00 0B 21 0B 23 78 37 12 0F 00 21 0B 1D 00 1D 19 00 1A 19 1A 1F 16 0B 1C 78	I hear Lynn from the eatery ran away.She was so popular.
068F	34	0F	02	B73A	5818	6109	38 12 0B 1E 00 30 23 18 18 6E 00 3B 12 0F 1C 0F 00 0E 13 0E 00 1D 12 0F 00 11 19 6D 00 2D 6B 16 16 00 1A 1F 18 13 1D 12 00 12 0F 1C 00 13 10 00 2D 00 10 13 18 0E 00 12 0F 1C 6E	That Lynn! Where did she go? I'll punish her if I find her!
0690	34	10	02	B73A	6109	6393	33 12 77 1D 19 00 23 19 1F 6B 1C 0F 00 1D 0F 0B 1C 0D 12 13 18 11 00 10 19 1C 00 1E 12 0F 00 17 0B 18 00 21 12 19 00 17 1F 1C 0E 0F 1C 0F 0E 00 23 19 1F 1C 00 10 0B 1E 12 0F 1C 78	Oh,so you're searching for the man who murdered your father.
0691	34	11	02	B73A	6393	7505	4E 30 23 18 18 71 69 28 19 18 6B 1E 00 1E 0F 16 16 00 0B 18 23 19 18 0F 00 2D 6B 17 00 12 0F 1C 0F 78 2D 00 0E 19 18 6B 1E 00 21 0B 18 1E 00 1E 19 00 11 19 00 1E 19 00 1E 12 0F 00 27 0B 1D 1E 16 0F 6E 6A 44 30 23 18 18 71 69 2D 00 12 0F 0B 1C 0E 00 1E 12 0B 1E 00 0B 00 0D 19 1F 1A 00 0C 1C 19 15 0F 00 19 1F 1E 00 0B 1E 00 2F 0F 0F 16 0F 19 18 00 0B 18 0E 00 1E 12 0F 00 2F 13 18 11 00 21 0B 1D 00 19 20 0F 1C 1E 12 1C 19 21 18 6C 44 30 23 18 18 71 69 38 12 0F 00 18 0F 21 00 2F 13 18 11 77 0D 0B 16 16 13 18 11 00 12 13 17 1D 0F 16 10 00 0B 18 00 0B 16 0D 12 0F 17 13 1D 1E 77 13 1D 00 1A 0F 1C 10 19 1C 17 13 18 11 00 12 19 1C 1C 13 0C 16 0F 00 0F 22 1A 0F 1C 13 17 0F 18 1E 1D 6C	<4E>Lynn:'Don't tell anyone I'm here.I don't want to go to the Castle!'<44>Lynn:'I heard that a coup broke out at Keeleon and the King was overthrown.'<44>Lynn:'The new King,calling himself an alchemist,is performing horrible experiments.'
0692	34	12	02	B73A	7505	7585	3E 24 24 72 3E 24 24 72	Zzz...Zzz...
0693	34	13	02	B73A	7585	7853	32 19 00 19 18 0F 6B 1D 00 0E 19 21 18 1D 1E 0B 13 1C 1D 6D 00 31 23 00 12 1F 1D 0C 0B 18 0E 00 12 0B 1D 00 11 19 18 0F 00 1D 19 17 0F 21 12 0F 1C 0F 00 0B 11 0B 13 18 6E	No one's downstairs? My husband has gone somewhere again!
0694	34	14	02	B73A	7853	8622	4E 31 0B 1D 1E 0F 1C 71 69 37 19 72 23 19 1F 6B 1C 0F 00 10 13 18 0B 16 16 23 00 16 0F 0B 20 13 18 11 78 2D 00 1E 12 13 18 15 00 13 1E 6B 1D 00 0B 00 11 19 19 0E 00 13 0E 0F 0B 00 1E 19 00 1C 0F 1E 1F 1C 18 00 1E 19 00 2F 13 0F 20 1D 00 19 18 0D 0F 00 13 18 00 0B 00 21 12 13 16 0F 6C 44 31 0B 1D 1E 0F 1C 71 69 28 19 18 6B 1E 00 10 19 1C 11 0F 1E 00 1E 19 00 20 13 1D 13 1E 00 23 19 1F 1C 00 10 0B 1E 12 0F 1C 6B 1D 00 11 1C 0B 20 0F 78 38 0B 15 0F 00 0D 0B 1C 0F 72 6C	<4E>Master:'So...you're finally leaving.I think it's a good idea to return to Kievs once in a while.'<44>Master:'Don't forget to visit your father's grave.Take care....'
0695	34	15	02	B73A	8622	8704	26 19 21 77 3B 19 21 77 3B 19 21 6E	Bow,Wow,Wow!
0696	34	16	02	B73A	8704	8753	32 0F 13 11 12 6E 6A	Neigh!'
0697	34	17	02	B73A	8753	8798	26 1C 1C 1C 6E 6A	Brrr!'
0698	34	18	02	B73A	8798	9425	3D 19 1F 6B 20 0F 00 0D 19 17 0F 00 1E 19 00 1E 12 13 1D 00 0D 0B 20 0F 00 16 19 19 15 13 18 11 00 10 19 1C 00 1E 12 0F 00 37 1A 12 0F 1C 0F 00 19 10 00 37 13 16 0F 18 0D 0F 77 12 0B 20 0F 18 6B 1E 00 23 19 1F 6D 6A 4F 2D 6B 20 0F 00 0D 19 17 0F 00 10 1C 19 17 00 31 19 18 0C 0B 1C 0B 0C 0B 78 2D 00 1E 12 13 18 15 00 23 19 1F 6B 0E 00 0C 0F 1E 1E 0F 1C 00 11 13 20 0F 00 1F 1A 78	You've come to this cave looking for the Sphere of Silence,haven't you?'<4F>I've come from Monbaraba.I think you'd better give up.
0699	34	19	02	B73A	9425	9624	4E 44 69 2D 00 14 1F 1D 1E 00 0D 0B 18 6B 1E 00 10 13 18 0E 00 0B 00 21 0B 23 00 0E 19 21 18 1D 1E 0B 13 1C 1D 6C	<4E><44>'I just can't find a way downstairs.'
069A	34	1A	02	B73A	9624	9781	38 12 13 1D 00 13 1D 00 1E 12 0F 00 2B 1C 0F 0B 1E 00 2F 0F 0F 16 0F 19 18 00 27 0B 1D 1E 16 0F 78	This is the Great Keeleon Castle.
069B	34	1B	02	B73A	9781	10421	38 12 19 1F 11 12 00 1E 12 13 1D 00 27 0B 1D 1E 16 0F 6B 1D 00 27 19 1F 18 1D 0F 16 00 13 1D 00 12 0B 1F 11 12 1E 23 77 12 0F 6B 1D 00 0B 00 0D 19 21 0B 1C 0E 6C 4F 38 1C 23 00 17 0B 15 13 18 11 00 0B 00 0C 13 11 00 18 19 13 1D 0F 00 0C 23 00 12 13 1D 00 1C 19 19 17 6C 4F 2C 0F 6B 16 16 00 1C 1F 18 00 1D 0D 1C 0F 0B 17 13 18 11 00 13 18 1E 19 00 1E 12 0F 00 2F 13 18 11 6B 1D 00 1C 19 19 17 78	Though this Castle's Counsel is haughty,he's a coward.'<4F>Try making a big noise by his room.'<4F>He'll run screaming into the King's room.
069C	34	1C	02	B73A	10421	10923	2D 00 0C 0F 16 13 0F 20 0F 00 19 18 16 23 00 1E 12 0F 00 27 19 1F 18 1D 0F 16 00 15 18 19 21 1D 00 21 12 0F 1C 0F 00 1E 12 0F 00 2F 13 18 11 6B 1D 00 1C 19 19 17 00 13 1D 6C 4F 2A 19 16 16 19 21 00 12 13 17 00 0B 18 0E 00 23 19 1F 00 17 0B 23 00 10 13 18 0E 00 13 1E 77 0C 1F 1E 00 0C 0F 00 0D 0B 1C 0F 10 1F 16 78	I believe only the Counsel knows where the King's room is.'<4F>Follow him and you may find it,but be careful.
069D	34	1D	02	B73A	10923	11026	3B 12 0F 1C 0F 6B 1D 00 17 23 00 11 1C 0B 18 0E 1A 0B 6D	Where's my grandpa?
069E	34	1E	02	B73A	11026	11594	38 12 0F 1C 0F 6B 1D 00 0B 00 0C 13 11 00 0D 19 16 13 1D 0F 1F 17 00 13 18 00 29 18 0E 19 1C 00 0B 0D 1C 19 1D 1D 00 1E 12 13 1D 00 1D 0F 0B 72 6C 4F 2D 00 1F 1D 0F 0E 00 1E 19 00 10 13 11 12 1E 00 13 18 00 1E 12 0F 00 0D 19 16 13 1D 0F 1F 17 00 21 12 0F 18 00 2D 00 21 0B 1D 00 23 19 1F 18 11 78 2D 00 16 19 18 11 00 10 19 1C 00 1E 12 19 1D 0F 00 0E 0B 23 1D 72 78	There's a big coliseum in Endor across this sea....'<4F>I used to fight in the coliseum when I was young.I long for those days....
069F	34	1F	02	B73A	11594	11719	37 19 1C 1C 23 77 21 0F 6B 1C 0F 00 18 19 1E 00 19 1A 0F 18 00 23 0F 1E 78	Sorry,we're not open yet.
06A0	35	00	02	BCF3	0	312	2D 6B 17 00 2E 19 23 78 38 12 0B 18 15 1D 00 10 19 1C 00 0D 19 17 13 18 11 00 1E 19 00 1D 0F 0F 00 17 0F 6C 4F 26 1F 1E 00 21 0F 00 19 1A 0F 18 00 19 18 16 23 00 0B 1E 00 18 13 11 12 1E 78	I'm Joy.Thanks for coming to see me.'<4F>But we open only at night.
06A1	35	01	02	BCF3	312	388	2B 21 19 19 18 77 2B 21 19 19 18 78	Gwoon,Gwoon.
06A2	35	02	02	BCF3	388	1127	4E 44 25 00 16 0F 1E 1E 0F 1C 00 13 1D 00 12 0F 16 0E 00 13 18 00 19 18 0F 00 12 0B 18 0E 6C 4F 28 0F 0B 1C 00 2A 0B 1E 12 0F 1C 71 43 2C 19 21 00 0B 1C 0F 00 23 19 1F 6D 00 25 1C 0F 00 23 19 1F 00 0D 19 17 13 18 11 00 0C 0B 0D 15 00 1D 19 19 18 6D 00 30 13 1E 1E 16 0F 00 34 13 1A 13 18 00 17 13 1D 1D 0F 1D 00 23 19 1F 00 0B 00 16 19 1E 78 3B 0F 6B 1C 0F 00 1E 12 13 18 15 13 18 11 00 19 10 00 20 13 1D 13 1E 13 18 11 00 23 19 1F 00 1D 19 19 18 72 78	<4E><44>A letter is held in one hand.'<4F>Dear Father:<43>How are you? Are you coming back soon? Little Pipin misses you a lot.We're thinking of visiting you soon....
06A3	35	03	02	BCF3	1127	1430	2A 19 1F 16 00 11 0B 1D 00 0C 0F 11 0B 18 00 21 0F 16 16 13 18 11 00 19 1F 1E 00 19 10 00 1E 12 0F 00 17 13 18 0F 00 0B 18 0E 00 17 0B 0E 0F 00 17 0B 18 23 00 1A 0F 19 1A 16 0F 00 1D 13 0D 15 78	Foul gas began welling out of the mine and made many people sick.
06A4	35	04	02	BCF3	1430	1754	38 12 13 1D 00 1A 16 0B 0D 0F 77 19 18 0D 0F 00 0B 00 0C 1F 1D 1E 16 13 18 11 00 1E 19 21 18 77 13 1D 00 0E 19 19 17 0F 0E 6C 4F 31 23 00 21 13 10 0F 00 0E 13 0F 0E 00 12 0F 1C 0F 00 1E 19 19 72 78	This place,once a bustling town,is doomed.'<4F>My wife died here too....
06A5	35	05	02	BCF3	1754	2048	3D 19 1F 6B 0E 00 0C 0F 1E 1E 0F 1C 00 10 16 0F 0F 00 0B 1E 00 19 18 0D 0F 00 19 1C 00 23 19 1F 6B 0E 00 0F 18 0E 00 1F 1A 00 16 13 15 0F 00 1E 12 0B 1E 00 1A 0F 1C 1D 19 18 00 1E 12 0F 1C 0F 78	You'd better flee at once or you'd end up like that person there.
06A6	35	06	02	BCF3	2048	2752	27 19 1F 11 12 72 27 19 1F 11 12 72 28 19 18 6B 1E 00 0F 18 1E 0F 1C 00 1E 12 0F 00 17 13 18 0F 00 13 10 00 23 19 1F 00 0D 12 0F 1C 13 1D 12 00 23 19 1F 1C 00 16 13 10 0F 6C 4F 3B 12 0F 18 00 1E 12 0F 00 10 19 1F 16 00 11 0B 1D 00 0C 0F 11 0B 18 00 21 0F 16 16 13 18 11 00 19 1F 1E 00 19 10 00 1E 12 0F 00 17 13 18 0F 77 17 19 18 1D 1E 0F 1C 1D 00 0C 0F 11 0B 18 00 0B 1A 1A 0F 0B 1C 13 18 11 72 78 27 19 1F 11 12 72 27 19 1F 11 12 72	Cough...Cough...Don't enter the mine if you cherish your life.'<4F>When the foul gas began welling out of the mine,monsters began appearing....Cough...Cough...
06A7	35	07	02	BCF3	2752	2919	3B 0B 1E 0D 12 00 19 1F 1E 78 31 0B 18 23 00 17 19 18 1D 1E 0F 1C 1D 00 16 1F 1C 15 00 12 0F 1C 0F 78	Watch out.Many monsters lurk here.
06A8	35	08	02	BCF3	2919	3119	31 0B 18 23 00 19 10 00 17 23 00 0C 1F 0E 0E 13 0F 1D 00 0E 13 0F 0E 78 27 19 1F 11 12 72 27 19 1F 11 12 72	Many of my buddies died.Cough...Cough...
06A9	35	09	02	BCF3	3119	3657	38 12 0F 00 1A 19 13 1D 19 18 19 1F 1D 00 11 0B 1D 00 19 1C 00 1E 12 0F 00 17 19 18 1D 1E 0F 1C 1D 72 2D 00 0E 19 18 6B 1E 00 0D 0B 1C 0F 78 2D 6B 16 16 00 0D 19 18 1E 13 18 1F 0F 00 1F 18 1E 13 16 00 2D 00 10 13 18 0E 00 1E 12 0F 00 11 19 16 0E 78 28 13 11 00 0B 18 0E 00 28 13 11 00 0B 18 0E 00 28 13 11 00 0B 18 0E 00 28 13 11 72	The poisonous gas or the monsters...I don't care.I'll continue until I find the gold.Dig and Dig and Dig and Dig...
06AA	35	0A	02	BCF3	3657	3887	38 12 13 1D 00 1D 12 13 1A 6B 1D 00 0E 0F 1D 1E 13 18 0B 1E 13 19 18 00 13 1D 00 29 18 0E 19 1C 78 2D 6B 17 00 0F 22 0D 13 1E 0F 0E 6E	This ship's destination is Endor.I'm excited!
06AB	35	0B	02	BCF3	3887	4140	2D 00 12 0F 0B 1C 00 1D 19 17 0F 00 1A 0F 19 1A 16 0F 00 1E 1C 13 0F 0E 00 1E 19 00 0E 0F 1D 1E 1C 19 23 00 1E 12 0F 00 2F 13 18 11 00 19 10 00 2F 0F 0F 16 0F 19 18 78	I hear some people tried to destroy the King of Keeleon.
06AC	35	0C	02	BCF3	4140	4558	31 23 00 10 0F 16 16 19 21 00 17 0F 1C 0D 12 0B 18 1E 77 38 0B 16 19 19 18 77 12 0B 1D 00 19 1A 0F 18 0F 0E 00 0B 00 1D 12 19 1A 00 13 18 00 29 18 0E 19 1C 78 2D 6B 17 00 19 18 00 17 23 00 21 0B 23 00 1E 19 00 0D 19 18 11 1C 0B 1E 1F 16 0B 1E 0F 00 12 13 17 78	My fellow merchant,Taloon,has opened a shop in Endor.I'm on my way to congratulate him.
06AD	35	0D	02	BCF3	4558	4996	3B 12 0F 18 00 21 13 16 16 00 1E 12 13 1D 00 1D 12 13 1A 00 1D 0B 13 16 6D 00 26 0F 00 1A 0B 1E 13 0F 18 1E 6C 4F 3B 12 23 00 0E 19 18 6B 1E 00 23 19 1F 00 1E 0B 16 15 00 21 13 1E 12 00 1E 12 0F 00 1A 0B 1D 1D 0F 18 11 0F 1C 1D 00 0B 18 0E 00 1E 12 0F 00 0D 0B 1A 1E 0B 13 18 6D	When will this ship sail? Be patient.'<4F>Why don't you talk with the passengers and the captain?
06AE	35	0E	02	BCF3	4996	5511	2D 6B 17 00 34 13 1A 13 18 6C 4F 3B 0F 00 0D 0B 17 0F 00 1E 19 00 1E 12 13 1D 00 0D 19 1F 18 1E 1C 23 00 1E 19 00 1D 0F 0F 00 19 1F 1C 00 10 0B 1E 12 0F 1C 78 26 1F 1E 00 17 23 00 1D 13 1D 1E 0F 1C 00 1D 0B 23 1D 00 21 0F 6B 1C 0F 00 11 19 13 18 11 00 0C 0B 0D 15 78 2D 00 0E 19 18 6B 1E 00 1F 18 0E 0F 1C 1D 1E 0B 18 0E 78	I'm Pipin.'<4F>We came to this country to see our father.But my sister says we're going back.I don't understand.
06AF	35	0F	02	BCF3	5511	5891	33 12 77 2E 19 23 6E 00 3B 12 23 00 0D 0B 18 6B 1E 00 23 19 1F 72 6D 6A 4F 28 0B 1C 18 6E 00 2D 00 0D 19 1F 16 0E 00 17 0B 1C 1C 23 00 0B 18 19 1E 12 0F 1C 00 11 13 1C 16 6E 00 3B 0F 0F 1A 72 3B 0F 0F 1A 72	Oh,Joy! Why can't you...?'<4F>Darn! I could marry another girl! Weep...Weep...
06B0	35	10	02	BCF3	5891	6617	38 12 13 1D 00 1D 12 13 1A 00 0D 0B 1C 1C 13 0F 1D 00 21 13 1E 12 00 13 1E 00 1E 12 0F 00 17 0F 17 19 1C 13 0F 1D 00 19 10 00 17 0B 18 23 00 0E 13 10 10 0F 1C 0F 18 1E 00 1A 0F 19 1A 16 0F 6C 4F 2D 00 0E 19 18 6B 1E 00 15 18 19 21 00 21 12 0B 1E 00 23 19 1F 6B 20 0F 00 0C 0F 0F 18 00 1E 12 1C 19 1F 11 12 77 0C 1F 1E 00 0D 12 0F 0F 1C 00 1F 1A 6C 4F 2B 19 19 0E 00 1E 12 13 18 11 1D 00 21 13 16 16 00 0D 19 17 0F 00 13 10 00 23 19 1F 00 16 13 20 0F 72 78	This ship carries with it the memories of many different people.'<4F>I don't know what you've been through,but cheer up.'<4F>Good things will come if you live....
06B1	35	11	02	BCF3	6617	6691	28 19 24 0F 72 28 19 24 0F 72	Doze...Doze...
06B2	35	12	02	BCF3	6691	6811	3B 0B 13 1E 6E 00 3D 19 1F 00 0D 0B 18 6B 1E 00 0F 1D 0D 0B 1A 0F 6E	Wait! You can't escape!
06B3	35	13	02	BCF3	6811	7071	2C 13 77 49 77 1E 0B 15 13 18 11 00 0B 00 21 0B 16 15 6D 00 2D 1E 6B 1D 00 0B 00 0C 0F 0B 1F 1E 13 10 1F 16 00 0E 0B 23 77 13 1D 18 6B 1E 00 13 1E 6D	Hi,<49>,taking a walk? It's a beautiful day,isn't it?
06B4	35	14	02	BCF3	7071	7668	2D 6B 17 00 0B 00 1E 1C 0B 20 0F 16 13 18 11 00 1A 19 0F 1E 78 2D 00 21 0B 1D 00 16 19 1D 1E 00 13 18 00 1E 12 0F 00 17 19 1F 18 1E 0B 13 18 1D 00 0B 18 0E 00 10 19 1F 18 0E 00 1E 12 13 1D 00 20 13 16 16 0B 11 0F 6C 4F 2D 00 0E 13 0E 18 6B 1E 00 15 18 19 21 00 1E 12 0F 1C 0F 00 21 0B 1D 00 0B 00 20 13 16 16 0B 11 0F 00 0E 0F 0F 1A 00 13 18 00 1E 12 0F 1D 0F 00 17 19 1F 18 1E 0B 13 18 1D 78	I'm a traveling poet.I was lost in the mountains and found this village.'<4F>I didn't know there was a village deep in these mountains.
06B5	35	15	02	BCF3	7668	8196	25 00 1A 19 0F 1E 00 21 0B 18 0E 0F 1C 0F 0E 00 13 18 1E 19 00 1E 12 13 1D 00 20 13 16 16 0B 11 0F 00 16 0B 1D 1E 00 18 13 11 12 1E 6C 4F 25 11 0B 13 18 1D 1E 00 20 13 16 16 0B 11 0F 00 1C 1F 16 0F 1D 77 2D 00 16 0F 1E 00 12 13 17 00 13 18 6C 4F 2D 00 12 19 1A 0F 00 13 1E 00 21 19 18 6B 1E 00 0D 0B 1F 1D 0F 00 1E 1C 19 1F 0C 16 0F 78	A poet wandered into this village last night.'<4F>Against village rules,I let him in.'<4F>I hope it won't cause trouble.
06B6	35	16	02	BCF3	8196	8676	49 77 1E 19 0E 0B 23 00 2D 6B 16 16 00 1E 0F 0B 0D 12 00 23 19 1F 00 12 19 21 00 1E 19 00 0D 0B 1D 1E 00 0B 00 1D 1A 0F 16 16 00 0D 0B 16 16 0F 0E 00 3E 0B 1A 6C 4F 3D 19 1F 00 16 19 19 15 00 12 1F 18 11 1C 23 78 2D 6B 16 16 00 1E 0F 0B 0D 12 00 23 19 1F 00 0B 10 1E 0F 1C 00 16 1F 18 0D 12 78	<49>,today I'll teach you how to cast a spell called Zap.'<4F>You look hungry.I'll teach you after lunch.
06B7	35	17	02	BCF3	8676	9281	2C 0B 6E 00 26 19 18 15 6E 6A 57 4F 2C 0B 77 2C 0B 77 2C 0B 6E 00 49 77 23 19 1F 00 17 1F 1D 1E 00 0B 16 21 0B 23 1D 00 11 1F 0B 1C 0E 00 23 19 1F 1C 1D 0F 16 10 78 31 0B 1D 1E 0F 1C 23 00 19 10 00 1D 21 19 1C 0E 1D 17 0B 18 1D 12 13 1A 00 13 1D 00 12 0B 1C 0E 0F 1C 00 1E 12 0B 18 00 13 1E 00 0B 1A 1A 0F 0B 1C 1D 78 39 18 0E 0F 1C 1D 1E 0B 18 0E 6D	Ha! Bonk!'<57><4F>Ha,Ha,Ha! <49>,you must always guard yourself.Mastery of swordsmanship is harder than it appears.Understand?
06B8	35	18	02	BCF3	9281	9808	4E 27 0F 16 13 0B 71 69 2B 19 19 0E 00 17 19 1C 18 13 18 11 77 49 6E 00 2D 1E 00 10 0F 0F 16 1D 00 1D 19 00 11 19 19 0E 00 1E 19 00 1C 0F 1D 1E 00 16 13 15 0F 00 1E 12 13 1D 6E 6A 44 27 0F 16 13 0B 71 69 49 77 2D 00 12 19 1A 0F 00 21 0F 00 0D 0B 18 00 1D 1E 0B 23 00 10 1C 13 0F 18 0E 1D 00 10 19 1C 0F 20 0F 1C 6C	<4E>Celia:'Good morning,<49>! It feels so good to rest like this!'<44>Celia:'<49>,I hope we can stay friends forever.'
06B9	35	19	02	BCF3	9808	9924	2C 13 77 49 77 1E 12 13 1D 00 13 1D 00 0B 00 0D 0F 16 16 0B 1C 78	Hi,<49>,this is a cellar.
06BA	35	1A	02	BCF3	9924	10683	3B 12 19 00 0B 1C 0F 00 23 19 1F 6D 00 25 1C 0F 00 23 19 1F 00 0B 00 1E 1C 0B 20 0F 16 0F 1C 6D 00 38 12 13 1D 00 13 1D 00 0B 00 21 19 19 0E 1D 17 0B 18 6B 1D 00 1D 12 0B 0D 15 6C 4F 3D 19 1F 00 16 19 19 15 00 1D 19 00 11 16 19 19 17 23 78 2D 00 12 0B 1E 0F 00 11 16 19 19 17 23 00 15 13 0E 1D 6C 4F 2B 0F 1E 00 19 10 10 00 1E 12 13 1D 00 17 19 1F 18 1E 0B 13 18 00 1C 13 11 12 1E 00 0B 21 0B 23 6E 00 3D 19 1F 00 0D 0B 18 00 11 19 00 1E 19 00 1E 12 0F 00 27 0B 1D 1E 16 0F 78	Who are you? Are you a traveler? This is a woodsman's shack.'<4F>You look so gloomy.I hate gloomy kids.'<4F>Get off this mountain right away! You can go to the Castle.
06BB	35	1B	02	BCF3	10683	11158	2C 0F 23 77 21 0B 13 1E 6E 00 30 19 19 15 00 0B 1E 00 23 19 1F 1C 00 19 1F 1E 10 13 1E 6E 00 3D 19 1F 00 0D 0B 18 6B 1E 00 1E 1C 0B 20 0F 16 00 16 13 15 0F 00 1E 12 0B 1E 6C 4F 38 0B 15 0F 00 1E 12 19 1D 0F 00 1E 12 13 18 11 1D 00 13 18 00 1E 12 0F 00 14 0B 1C 1D 00 19 20 0F 1C 00 1E 12 0F 1C 0F 6E	Hey,wait! Look at your outfit! You can't travel like that.'<4F>Take those things in the jars over there!
06BC	35	1C	02	BCF3	11158	11272	38 12 13 1D 00 13 1D 00 26 1C 0B 18 0D 0B 00 27 0B 1D 1E 16 0F 78	This is Branca Castle.
06BD	35	1D	02	BCF3	11272	11385	33 1F 1C 00 2F 13 18 11 00 13 1D 00 1F 1A 1D 1E 0B 13 1C 1D 78	Our King is upstairs.
06BE	35	1E	02	BCF3	11385	12229	33 18 0D 0F 00 0B 00 0D 0F 16 0F 1D 1E 13 0B 16 00 17 0B 13 0E 0F 18 00 0D 0B 17 0F 00 0E 19 21 18 00 1E 19 00 1E 12 0F 00 12 0F 0B 1C 1E 00 19 10 00 1E 12 0F 00 18 19 1C 1E 12 0F 1C 18 00 17 19 1F 18 1E 0B 13 18 1D 6C 4F 37 12 0F 00 10 0F 16 16 00 13 18 00 16 19 20 0F 00 21 13 1E 12 00 0B 00 23 19 1F 18 11 00 21 19 19 0E 1D 17 0B 18 77 0B 18 0E 00 1E 12 0F 23 00 12 0B 0E 00 0B 00 0C 0B 0C 23 6C 4F 3B 12 0F 1C 0F 00 13 1D 00 1E 12 0F 00 0C 0B 0C 23 00 18 19 21 6D 00 33 12 77 13 1E 6B 1D 00 14 1F 1D 1E 00 0B 00 10 0B 13 1C 23 00 1E 0B 16 0F 78	Once a celestial maiden came down to the heart of the northern mountains.'<4F>She fell in love with a young woodsman,and they had a baby.'<4F>Where is the baby now? Oh,it's just a fairy tale.
06BF	35	1F	02	BCF3	12229	12550	38 12 0B 18 15 1D 00 1E 19 00 1E 12 0F 00 0D 0B 20 0F 00 38 0B 16 19 19 18 00 17 0B 0E 0F 77 18 19 21 00 21 0F 00 0D 0B 18 00 11 0F 1E 00 1E 19 00 29 18 0E 19 1C 00 13 18 00 1E 12 0F 00 10 0B 1C 00 21 0F 1D 1E 78	Thanks to the cave Taloon made,now we can get to Endor in the far west.
06C0	36	00	03	833C	0	431	34 19 19 1C 00 38 0B 16 19 19 18 6E 6A 4F 26 0F 0D 0B 1F 1D 0F 00 12 13 1D 00 0D 0B 20 0F 00 19 1A 0F 18 0F 0E 00 0B 00 1A 0B 1E 12 21 0B 23 00 0C 0F 1E 21 0F 0F 18 00 0D 19 1F 18 1E 1C 13 0F 1D 77 1E 12 0F 00 17 19 18 1D 1E 0F 1C 1D 00 0B 1C 0F 00 0B 10 1E 0F 1C 00 12 13 17 78	Poor Taloon!'<4F>Because his cave opened a pathway between countries,the monsters are after him.
06C1	36	01	03	833C	431	599	33 18 0F 77 38 21 19 77 33 18 0F 77 38 21 19 77 30 0B 77 30 0B 77 30 0B 72	One,Two,One,Two,La,La,La...
06C2	36	02	03	833C	599	1068	2D 00 12 0F 0B 1C 0E 00 1E 12 0F 00 17 19 18 1D 1E 0F 1C 1D 00 0E 0F 1D 1E 1C 19 23 0F 0E 00 1E 12 0F 00 2C 0F 1C 19 00 21 12 19 00 21 0B 1D 00 1E 19 00 1D 0B 20 0F 00 1E 12 0F 00 21 19 1C 16 0E 6C 4F 28 19 18 6B 1E 00 21 19 1C 1C 23 77 21 0F 00 21 13 16 16 00 1D 0B 20 0F 00 1E 12 0F 00 21 19 1C 16 0E 78	I heard the monsters destroyed the Hero who was to save the world.'<4F>Don't worry,we will save the world.
06C3	36	03	03	833C	1068	1181	3B 0F 00 12 0B 20 0F 00 18 19 1E 12 13 18 11 00 1E 19 00 10 0F 0B 1C 78	We have nothing to fear.
06C4	36	04	03	833C	1181	1530	38 12 0F 1D 0F 00 1A 0F 19 1A 16 0F 00 20 13 1D 13 1E 00 17 0B 18 23 00 1A 16 0B 0D 0F 1D 78 2D 00 0D 0B 18 00 17 0B 15 0F 00 16 19 1E 1D 00 19 10 00 17 19 18 0F 23 00 0C 23 00 10 19 16 16 19 21 13 18 11 00 1E 12 0F 17 78	These people visit many places.I can make lots of money by following them.
06C5	36	05	03	833C	1530	1915	2D 1E 6B 1D 00 12 19 1A 0F 16 0F 1D 1D 6E 6A 4F 2D 00 12 0F 0B 1C 00 1E 12 0F 00 2C 0F 1C 19 00 21 12 19 00 21 0B 1D 00 1E 19 00 0E 0F 10 0F 0B 1E 00 1E 12 0F 00 36 1F 16 0F 1C 00 19 10 00 29 20 13 16 00 21 0B 1D 00 0E 0F 1D 1E 1C 19 23 0F 0E 78	It's hopeless!'<4F>I hear the Hero who was to defeat the Ruler of Evil was destroyed.
06C6	36	06	03	833C	1915	2275	38 12 0F 1C 0F 6B 1D 00 0B 00 16 0F 11 0F 18 0E 00 13 18 00 1E 12 13 1D 00 0D 19 1F 18 1E 1C 23 6C 4F 3B 12 0F 18 00 0B 00 11 1C 0F 0B 1E 00 0F 20 13 16 00 0B 1C 13 1D 0F 1D 77 0B 00 2C 0F 1C 19 00 21 13 16 16 00 0F 17 0F 1C 11 0F 78	There's a legend in this country.'<4F>When a great evil arises,a Hero will emerge.
06C7	36	07	03	833C	2275	2434	38 12 13 1D 00 13 1D 00 2F 13 18 11 00 26 1C 0B 18 0D 0B 6B 1D 00 0D 12 0B 17 0C 0F 1C 78	This is King Branca's chamber.
06C8	36	08	03	833C	2434	2615	25 00 21 0F 0E 0E 13 18 11 00 13 1D 00 0C 0F 13 18 11 00 12 0F 16 0E 00 0B 1E 00 1E 12 0F 00 27 0B 1D 1E 16 0F 78	A wedding is being held at the Castle.
06C9	36	09	03	833C	2615	3046	2D 10 00 23 19 1F 00 21 0B 18 1E 00 1E 19 00 11 19 00 1E 19 00 1E 12 0F 00 21 0F 0E 0E 13 18 11 77 0F 18 1E 0F 1C 00 1E 12 0F 00 27 19 16 13 1D 0F 1F 17 00 1E 12 1C 19 1F 11 12 00 1E 12 0F 00 1D 17 0B 16 16 00 0E 19 19 1C 1D 00 19 18 00 1E 12 0F 00 16 0F 10 1E 00 19 1C 00 1C 13 11 12 1E 78	If you want to go to the wedding,enter the Coliseum through the small doors on the left or right.
06CA	36	0A	03	833C	3046	3565	30 19 18 11 00 0B 11 19 77 0C 16 0B 0D 15 00 0D 16 19 1F 0E 1D 00 0E 1C 13 10 1E 0F 0E 00 13 18 1E 19 00 1E 12 0F 00 0F 0B 1D 1E 0F 1C 18 00 1D 15 23 6C 4F 37 19 19 18 00 0B 10 1E 0F 1C 77 2D 00 12 0F 0B 1C 0E 00 1E 12 0F 00 2C 0F 1C 19 00 21 12 19 00 21 0B 1D 00 1E 19 00 1D 0B 20 0F 00 1E 12 0F 00 21 19 1C 16 0E 00 0E 13 0F 0E 78	Long ago,black clouds drifted into the eastern sky.'<4F>Soon after,I heard the Hero who was to save the world died.
06CB	36	0B	03	833C	3565	3834	2D 6B 17 00 12 0F 1C 0F 00 0C 0F 0D 0B 1F 1D 0F 00 2D 00 12 0F 0B 1C 0E 00 1E 12 13 1D 00 1D 12 19 1A 00 12 0B 1D 00 17 0B 18 23 00 1F 18 13 1B 1F 0F 00 11 19 19 0E 1D 78	I'm here because I heard this shop has many unique goods.
06CC	36	0C	03	833C	3834	4035	38 12 13 1D 00 13 1D 00 1E 12 0F 00 27 19 16 13 1D 0F 1F 17 77 21 12 0F 1C 0F 00 1E 12 0F 00 21 0F 0E 0E 13 18 11 00 13 1D 78	This is the Coliseum,where the wedding is.
06CD	36	0D	03	833C	4035	4194	38 12 0F 00 2F 13 18 11 6B 1D 00 0D 12 0B 17 0C 0F 1C 00 13 1D 00 1F 1A 1D 1E 0B 13 1C 1D 78	The King's chamber is upstairs.
06CE	36	0E	03	833C	4194	4573	2D 00 0E 13 0E 18 6B 1E 00 15 18 19 21 00 1E 12 0F 00 34 1C 13 18 0D 0F 1D 1D 00 12 0B 0E 00 1D 19 17 0F 19 18 0F 00 1D 12 0F 00 16 19 20 0F 0E 6C 4F 2D 1E 6B 1D 00 18 13 0D 0F 00 1D 12 0F 00 0D 19 1F 16 0E 00 17 0B 1C 1C 23 00 12 13 17 78	I didn't know the Princess had someone she loved.'<4F>It's nice she could marry him.
06CF	36	0F	03	833C	4573	5032	2A 0B 1C 00 0F 0B 1D 1E 00 19 10 00 26 1C 0B 18 0D 0B 00 1E 12 0F 1C 0F 00 13 1D 00 0B 00 0C 13 11 00 0E 0F 1D 0F 1C 1E 6C 4F 29 20 0F 18 00 1D 12 13 1A 1D 00 0B 1C 0F 00 10 19 1C 00 1D 0B 16 0F 00 0B 1E 00 1E 12 0F 00 1A 19 1C 1E 00 1E 19 21 18 00 1D 19 1F 1E 12 00 19 10 00 1E 12 0F 00 0E 0F 1D 0F 1C 1E 78	Far east of Branca there is a big desert.'<4F>Even ships are for sale at the port town south of the desert.
06D0	36	10	03	833C	5032	5332	37 19 17 0F 21 12 0F 1C 0F 00 13 18 00 1E 12 13 1D 00 21 19 1C 16 0E 00 1E 12 0F 00 36 1F 16 0F 1C 00 19 10 00 29 20 13 16 00 13 1D 00 0B 0C 19 1F 1E 00 1E 19 00 1C 0F 1D 1F 1C 1C 0F 0D 1E 78	Somewhere in this world the Ruler of Evil is about to resurrect.
06D1	36	11	03	833C	5332	5832	2D 00 12 0F 0B 1C 00 1E 12 0F 00 17 0B 18 00 18 0B 17 0F 0E 00 38 0B 16 19 19 18 00 0D 1C 19 1D 1D 0F 0E 00 1E 12 0F 00 0F 0B 1D 1E 0F 1C 18 00 0E 0F 1D 0F 1C 1E 6C 4F 29 20 0F 18 00 13 10 00 12 0F 00 0E 13 0E 00 13 1E 00 10 19 1C 00 21 0F 0B 16 1E 12 77 2D 00 1D 1E 13 16 16 00 1E 12 13 18 15 00 12 0F 6B 1D 00 0C 1C 0B 20 0F 78	I hear the man named Taloon crossed the eastern desert.'<4F>Even if he did it for wealth,I still think he's brave.
06D2	36	12	03	833C	5832	5965	38 12 13 1D 00 13 1D 00 1E 12 0F 00 27 0B 1D 1E 16 0F 00 2F 13 1E 0D 12 0F 18 78	This is the Castle Kitchen.
06D3	36	13	03	833C	5965	6102	33 1F 1C 00 2F 13 18 11 00 13 1D 00 0B 1E 00 1E 12 0F 00 21 0F 0E 0E 13 18 11 78	Our King is at the wedding.
06D4	36	14	03	833C	6102	6999	25 0D 0D 19 1C 0E 13 18 11 00 1E 19 00 19 16 0E 00 0C 19 19 15 1D 77 1E 12 0F 00 36 1F 16 0F 1C 00 19 10 00 29 20 13 16 00 1D 0F 0F 17 0F 0E 00 1E 19 00 12 0B 20 0F 00 0C 0F 0F 18 00 1E 12 0F 00 0C 0F 13 18 11 00 21 12 19 00 0B 0D 12 13 0F 20 0F 0E 00 1E 12 0F 00 12 13 11 12 0F 1D 1E 00 16 0F 20 0F 16 00 19 10 00 0F 20 19 16 1F 1E 13 19 18 6C 4F 2A 0F 0B 1C 13 18 11 00 12 13 1D 00 19 20 0F 1C 21 12 0F 16 17 13 18 11 00 1A 19 21 0F 1C 77 1E 12 0F 00 11 19 19 0E 00 10 19 1C 0D 0F 1D 00 13 18 00 1E 12 13 1D 00 21 19 1C 16 0E 00 13 17 1A 1C 13 1D 19 18 0F 0E 00 12 13 17 78	According to old books,the Ruler of Evil seemed to have been the being who achieved the highest level of evolution.'<4F>Fearing his overwhelming power,the good forces in this world imprisoned him.
06D5	36	15	03	833C	6999	7253	38 12 13 1D 00 13 1D 00 1E 12 0F 00 0E 1C 0F 1D 1D 13 18 11 00 1C 19 19 17 00 19 10 00 1E 12 0F 00 2F 13 18 11 00 0B 18 0E 00 1E 12 0F 00 34 1C 13 18 0D 0F 1D 1D 78	This is the dressing room of the King and the Princess.
06D6	36	16	03	833C	7253	7423	2D 1E 6B 1D 00 0B 16 21 0B 23 1D 00 18 13 0D 0F 00 1E 19 00 21 0B 1E 0D 12 00 21 0F 0E 0E 13 18 11 1D 78	It's always nice to watch weddings.
06D7	36	17	03	833C	7423	7582	33 12 77 18 19 21 00 2D 00 21 0B 18 1E 00 1E 19 00 11 0F 1E 00 17 0B 1C 1C 13 0F 0E 00 1E 19 19 6E	Oh,now I want to get married too!
06D8	36	18	03	833C	7582	7736	2C 19 21 00 16 19 18 11 00 0E 19 0F 1D 00 1E 12 13 1D 00 21 0F 0E 0E 13 18 11 00 16 0B 1D 1E 6D	How long does this wedding last?
06D9	36	19	03	833C	7736	7934	33 12 77 0D 19 17 0F 00 19 18 6E 00 2E 1F 1D 1E 00 11 1C 0B 0C 00 12 0F 1C 00 0B 18 0E 00 15 13 1D 1D 00 12 0F 1C 6E	Oh,come on! Just grab her and kiss her!
06DA	36	1A	03	833C	7934	7980	3B 12 13 18 18 23 6A	Whinny'
06DB	36	1B	03	833C	7980	8202	2C 0F 77 2C 0F 77 2C 0F 6E 00 2D 6B 16 16 00 0F 0B 1E 00 1E 12 0F 17 77 0B 18 0E 00 23 19 1F 6B 16 16 00 0C 0F 00 18 0F 22 1E 78	He,He,He! I'll eat them,and you'll be next.
06DC	36	1C	03	833C	8202	8349	3B 0F 16 0D 19 17 0F 00 1E 19 00 25 18 0F 0B 1F 22 77 0B 00 1D 1A 0B 00 1E 19 21 18 78	Welcome to Aneaux,a spa town.
06DD	36	1D	03	833C	8349	8691	2C 0B 20 0F 00 23 19 1F 00 1D 0F 0F 18 00 1E 12 0F 00 0B 1C 17 19 1C 00 15 0F 1A 1E 00 0B 1E 00 1E 12 0F 00 2C 19 1F 1D 0F 00 19 10 00 2C 0F 0B 16 13 18 11 6D 00 2D 1D 18 6B 1E 00 13 1E 00 13 17 1A 1C 0F 1D 1D 13 20 0F 6D	Have you seen the armor kept at the House of Healing? Isn't it impressive?
06DE	36	1E	03	833C	8691	8932	3D 0F 1D 77 2D 00 10 0F 0F 16 00 1C 0F 16 13 0F 20 0F 0E 78 31 23 00 1D 19 18 00 0C 1C 19 1F 11 12 1E 00 17 0F 00 1E 19 00 1E 12 13 1D 00 1D 1A 0B 78	Yes,I feel relieved.My son brought me to this spa.
06DF	36	1F	03	833C	8932	9153	38 12 0F 00 34 19 1C 1E 00 38 19 21 18 00 19 10 00 2F 19 18 0F 18 0C 0F 1C 00 13 1D 00 10 0B 1C 00 1D 19 1F 1E 12 00 19 10 00 12 0F 1C 0F 78	The Port Town of Konenber is far south of here.
06E0	37	00	03	87B5	0	772	36 1F 20 0B 1D 00 1E 12 0F 00 37 19 16 0E 13 0F 1C 00 21 0B 1D 00 0B 00 11 1C 0F 0B 1E 00 17 0B 18 6C 4F 31 0B 18 23 00 23 0F 0B 1C 1D 00 0B 11 19 77 21 12 0F 18 00 17 19 18 1D 1E 0F 1C 1D 00 1E 0F 1C 1C 19 1C 13 24 0F 0E 00 1E 12 13 1D 00 1E 19 21 18 77 12 0F 00 10 19 1F 11 12 1E 00 21 13 1E 12 00 1E 12 0F 17 72 6A 4F 0B 18 0E 00 1A 0F 1C 13 1D 12 0F 0E 00 0B 16 19 18 11 00 21 13 1E 12 00 1E 12 0F 00 16 0B 1D 1E 00 17 19 18 1D 1E 0F 1C 00 13 18 00 1E 12 0F 00 10 13 18 0B 16 00 0C 0B 1E 1E 16 0F 78	Ruvas the Soldier was a great man.'<4F>Many years ago,when monsters terrorized this town,he fought with them...'<4F>and perished along with the last monster in the final battle.
06E1	37	01	03	87B5	772	1193	2C 17 17 72 2D 00 1E 12 13 18 15 00 1E 12 0B 1E 00 36 1F 20 0B 1D 6B 1D 00 25 1C 17 19 1C 00 13 1D 00 10 0B 15 0F 6C 4F 37 19 17 0F 19 18 0F 00 1D 21 13 1E 0D 12 0F 0E 00 1E 12 0F 00 1C 0F 0B 16 00 0B 1C 17 19 1C 00 21 13 1E 12 00 1E 12 0F 00 10 0B 15 0F 6D	Hmm...I think that Ruvas's Armor is fake.'<4F>Someone switched the real armor with the fake?
06E2	37	02	03	87B5	1193	1441	25 00 11 12 19 1D 1E 00 0B 1A 1A 0F 0B 1C 1D 00 0B 1E 00 1E 12 0F 00 11 1C 0B 20 0F 23 0B 1C 0E 78 28 19 00 23 19 1F 00 0C 0F 16 13 0F 20 0F 00 13 1E 6D	A ghost appears at the graveyard.Do you believe it?
06E3	37	03	03	87B5	1441	1927	38 12 0F 00 1D 1A 0B 00 21 0B 1E 0F 1C 1D 00 12 0F 1C 0F 00 0B 1C 0F 00 15 18 19 21 18 00 1E 19 00 17 0B 15 0F 00 23 19 1F 1C 00 1D 15 13 18 00 1D 13 16 15 23 6C 4F 37 12 19 1F 16 0E 00 2D 00 1E 1C 23 00 1E 19 00 17 0B 15 0F 00 17 23 00 1D 15 13 18 00 0F 20 0F 18 00 17 19 1C 0F 00 0C 0F 0B 1F 1E 13 10 1F 16 6D	The spa waters here are known to make your skin silky.'<4F>Should I try to make my skin even more beautiful?
06E4	37	04	03	87B5	1927	2305	3B 0F 16 16 77 2D 00 14 1F 1D 1E 00 21 0B 18 1E 0F 0E 00 1E 19 00 0E 19 00 1D 19 17 0F 1E 12 13 18 11 00 18 13 0D 0F 00 10 19 1C 00 1E 12 0F 00 19 16 0E 00 11 0F 0F 24 0F 1C 77 1D 19 00 2D 00 0C 1C 19 1F 11 12 1E 00 12 13 17 00 12 0F 1C 0F 78	Well,I just wanted to do something nice for the old geezer,so I brought him here.
06E5	37	05	03	87B5	2305	2449	38 12 13 1D 00 13 1D 00 2F 19 18 0F 18 0C 0F 1C 77 0B 00 1A 19 1C 1E 00 1E 19 21 18 78	This is Konenber,a port town.
06E6	37	06	03	87B5	2449	2662	38 12 0F 00 16 19 0D 15 0F 0E 00 1C 19 19 17 00 19 20 0F 1C 00 1E 12 0F 1C 0F 00 17 1F 1D 1E 00 1C 0F 17 0B 13 18 00 0D 16 19 1D 0F 0E 78	The locked room over there must remain closed.
06E7	37	07	03	87B5	2662	2978	37 19 17 0F 00 10 0F 16 16 00 13 18 00 0E 0F 1D 1A 0B 13 1C 00 0B 10 1E 0F 1C 00 1E 12 0F 00 17 19 18 1D 1E 0F 1C 1D 00 1D 0B 18 15 00 1E 12 0F 00 1D 12 13 1A 1D 72 78 2D 00 1A 13 1E 23 00 1E 12 0F 17 78	Some fell in despair after the monsters sank the ships....I pity them.
06E8	37	08	03	87B5	2978	4118	28 0F 0F 1A 00 13 18 00 1E 12 0F 00 17 19 1F 18 1E 0B 13 18 1D 77 18 19 1C 1E 12 00 19 10 00 10 0B 1C 0B 21 0B 23 00 26 1C 0B 18 0D 0B 77 1E 12 0F 23 00 14 1F 1D 1E 00 0E 13 1D 0D 19 20 0F 1C 0F 0E 00 0B 00 20 13 16 16 0B 11 0F 00 1C 0B 17 1A 0B 11 0F 0E 00 0C 23 00 17 19 18 1D 1E 0F 1C 1D 6C 4F 38 12 0F 00 1A 0F 19 1A 16 0F 00 19 10 00 37 0B 18 1E 0F 0F 17 77 0B 0D 1C 19 1D 1D 00 1E 12 0F 00 1D 0F 0B 77 20 0B 18 13 1D 12 0F 0E 00 21 13 1E 12 19 1F 1E 00 0B 00 1E 1C 0B 0D 0F 72 6C 4F 28 19 00 1E 12 0F 1D 0F 00 0F 20 0F 18 1E 1D 00 12 0B 20 0F 00 1D 19 17 0F 00 0D 19 18 18 0F 0D 1E 13 19 18 00 1E 19 00 1E 12 0F 00 1C 1F 17 19 1C 00 1E 12 0F 00 36 1F 16 0F 1C 00 19 10 00 29 20 13 16 00 21 13 16 16 00 1C 0F 1D 1F 1C 1C 0F 0D 1E 6D	Deep in the mountains,north of faraway Branca,they just discovered a village rampaged by monsters.'<4F>The people of Santeem,across the sea,vanished without a trace....'<4F>Do these events have some connection to the rumor the Ruler of Evil will resurrect?
06E9	37	09	03	87B5	4118	4372	31 19 20 0F 6E 00 34 16 0F 0B 1D 0F 6E 00 3D 19 1F 00 0B 1C 0F 00 0C 16 19 0D 15 13 18 11 00 1E 12 0F 00 0E 19 0D 15 12 0B 18 0E 6B 1D 00 21 0B 23 78	Move! Please! You are blocking the dockhand's way.
06EA	37	0A	03	87B5	4372	4586	3B 12 19 1D 0F 00 1D 12 13 1A 00 13 1D 00 1E 12 13 1D 6D 00 30 19 19 15 1D 00 1B 1F 13 1E 0F 00 0F 22 1A 0F 18 1D 13 20 0F 78	Whose ship is this? Looks quite expensive.
06EB	37	0B	03	87B5	4586	4700	3B 19 21 6E 00 3B 12 0B 1E 00 0B 00 0C 13 11 00 1D 12 13 1A 6E	Wow! What a big ship!
06EC	37	0C	03	87B5	4700	5152	25 00 18 0F 21 00 1D 12 13 1A 00 13 1D 00 1F 1D 0F 16 0F 1D 1D 00 12 0F 1C 0F 78 3D 19 1F 00 0D 0B 18 6B 1E 00 1D 0B 13 16 00 19 1F 1E 00 19 10 00 1E 12 0F 00 12 0B 1C 0C 19 1C 00 0C 0F 0D 0B 1F 1D 0F 00 1E 12 0F 00 16 13 11 12 1E 12 19 1F 1D 0F 00 13 1D 00 0D 0B 1F 1D 13 18 11 00 12 0B 20 19 0D 78	A new ship is useless here.You can't sail out of the harbor because the lighthouse is causing havoc.
06ED	37	0D	03	87B5	5152	5397	3B 12 0B 1E 6D 00 3B 12 19 6B 1D 00 1E 12 0F 00 19 21 18 0F 1C 00 19 10 00 1E 12 0F 00 1D 12 13 1A 6D 00 2B 19 00 0B 1D 15 00 17 23 00 0C 19 1D 1D 6E	What? Who's the owner of the ship? Go ask my boss!
06EE	37	0E	03	87B5	5397	5606	38 12 13 1D 00 13 1D 00 0B 00 21 12 0B 1C 10 78 3B 0F 6B 1C 0F 00 0C 1F 13 16 0E 13 18 11 00 0B 00 18 0F 21 00 1D 12 13 1A 78	This is a wharf.We're building a new ship.
06EF	37	0F	03	87B5	5606	6193	38 0B 16 19 19 18 00 1D 0B 13 0E 00 12 0F 00 21 0B 18 1E 0F 0E 00 1E 19 00 11 19 00 1D 19 1F 1E 12 6C 4F 25 00 1D 0B 13 16 13 18 11 00 0F 22 1A 0F 1C 1E 00 21 12 19 00 12 0B 1D 00 0B 00 1A 1C 13 0D 0F 16 0F 1D 1D 00 17 0B 1A 00 16 13 20 0F 1D 00 19 18 00 0B 00 1D 19 1F 1E 12 0F 1C 18 00 0D 19 18 1E 13 18 0F 18 1E 77 13 18 00 0B 00 1E 19 21 18 00 0D 0B 16 16 0F 0E 00 31 13 18 1E 19 1D 78	Taloon said he wanted to go south.'<4F>A sailing expert who has a priceless map lives on a southern continent,in a town called Mintos.
06F0	37	10	03	87B5	6193	6390	3B 12 0F 18 00 0D 0B 18 00 21 0F 00 1D 0B 13 16 6D 00 38 12 0F 00 0D 0B 1C 11 19 00 21 13 16 16 00 1C 19 1E 00 1D 19 19 18 78	When can we sail? The cargo will rot soon.
06F1	37	11	03	87B5	6390	6527	27 12 13 16 0E 1C 0F 18 00 0B 1C 0F 00 0B 16 21 0B 23 1D 00 1C 0F 1D 1E 16 0F 1D 1D 6E	Children are always restless!
06F2	37	12	03	87B5	6527	6679	2C 1F 1C 1C 0B 23 6E 00 2D 1E 6B 1D 00 0B 00 1D 12 13 1A 6E 00 2C 1F 1C 1C 0B 23 6E	Hurray! It's a ship! Hurray!
06F3	37	13	03	87B5	6679	7222	2D 6B 17 00 10 1C 1F 1D 1E 1C 0B 1E 0F 0E 00 0C 0F 0D 0B 1F 1D 0F 00 21 0F 00 0D 0B 18 6B 1E 00 1D 0B 13 16 6C 4F 2D 10 00 2D 00 21 0F 1C 0F 00 0B 00 16 19 1E 00 1D 1E 1C 19 18 11 0F 1C 77 2D 6B 0E 00 11 19 00 21 13 1A 0F 00 19 1F 1E 00 1E 12 0F 00 17 19 18 1D 1E 0F 1C 1D 00 13 18 00 1E 12 0F 00 0F 0B 1D 1E 0F 1C 18 00 16 13 11 12 1E 12 19 1F 1D 0F 72 78	I'm frustrated because we can't sail.'<4F>If I were a lot stronger,I'd go wipe out the monsters in the eastern lighthouse....
06F4	37	14	03	87B5	7222	7888	2D 6B 17 00 1E 12 0F 00 0D 0B 1A 1E 0B 13 18 00 19 10 00 1E 12 13 1D 00 1D 12 13 1A 78 2D 00 21 0B 18 1E 00 1E 19 00 1D 0B 13 16 00 1E 19 19 6C 4F 2C 19 21 0F 20 0F 1C 77 21 12 0F 18 00 0B 00 1D 12 13 1A 00 16 0F 0B 20 0F 1D 00 1E 12 0F 00 1D 12 19 1C 0F 77 1E 12 0F 00 16 13 11 12 1E 12 19 1F 1D 0F 00 1D 12 13 18 0F 1D 00 0F 0F 1C 13 16 23 00 0B 18 0E 00 17 0B 15 0F 1D 00 1E 12 0F 00 1D 0F 0B 00 1C 0B 11 0F 00 20 13 19 16 0F 18 1E 16 23 78	I'm the captain of this ship.I want to sail too.'<4F>However,when a ship leaves the shore,the lighthouse shines eerily and makes the sea rage violently.
06F5	37	15	03	87B5	7888	8414	38 12 0F 00 16 0B 1D 1E 00 1D 12 13 1A 00 1E 19 00 16 0F 0B 20 0F 00 12 0F 1C 0F 00 21 0B 1D 00 1D 0B 13 16 13 18 11 00 1D 19 1F 1E 12 78 38 12 0F 23 00 1D 0B 23 00 1E 12 0F 00 34 1C 13 18 0D 0F 1D 1D 00 19 10 00 37 0B 18 1E 0F 0F 17 00 21 0B 1D 00 19 18 00 0C 19 0B 1C 0E 6C 4F 2D 00 0C 0F 1E 00 1D 12 0F 00 21 0B 1D 00 0B 00 0C 0F 0B 1F 1E 23 78	The last ship to leave here was sailing south.They say the Princess of Santeem was on board.'<4F>I bet she was a beauty.
06F6	37	16	03	87B5	8414	8514	3B 0F 16 0D 19 17 0F 6E 00 37 1E 0B 23 00 12 0F 1C 0F 6E	Welcome! Stay here!
06F7	37	17	03	87B5	8514	8729	3B 0F 00 1D 1E 13 16 16 00 12 0B 20 0F 00 1D 19 17 0F 00 11 19 19 0E 00 1C 19 19 17 1D 00 0B 20 0B 13 16 0B 0C 16 0F 00 1E 19 0E 0B 23 78	We still have some good rooms available today.
06F8	37	18	03	87B5	8729	9127	38 12 13 1D 00 13 1D 00 1E 12 0F 00 38 19 21 18 00 19 10 00 31 13 18 1E 19 1D 6C 4F 33 16 0E 00 2C 19 21 0E 0F 18 77 0B 00 17 0F 18 1E 19 1C 00 10 19 1C 00 0B 1D 1A 13 1C 13 18 11 00 17 0F 1C 0D 12 0B 18 1E 1D 77 16 13 20 0F 1D 00 12 0F 1C 0F 78	This is the Town of Mintos.'<4F>Old Howden,a mentor for aspiring merchants,lives here.
06F9	37	19	03	87B5	9127	9721	33 16 0E 00 2C 19 21 0E 0F 18 00 21 0B 1D 00 0B 18 00 0B 0E 20 0F 18 1E 1F 1C 0F 1C 6C 4F 38 12 0F 00 17 0B 18 23 00 1E 1C 0F 0B 1D 1F 1C 0F 1D 00 12 0F 00 0E 13 1D 0D 19 20 0F 1C 0F 0E 00 0F 18 0B 0C 16 0F 0E 00 12 13 17 00 1E 19 00 1D 1E 0B 1C 1E 00 0B 00 0C 1F 1D 13 18 0F 1D 1D 78 32 19 21 00 12 0F 6B 1D 00 1E 1C 0F 17 0F 18 0E 19 1F 1D 16 23 00 1D 1F 0D 0D 0F 1D 1D 10 1F 16 78	Old Howden was an adventurer.'<4F>The many treasures he discovered enabled him to start a business.Now he's tremendously successful.
06FA	37	1A	03	87B5	9721	9801	2B 1F 1C 24 72 2B 1F 1C 24 72	Gurz...Gurz...
06FB	37	1B	03	87B5	9801	10047	2D 6B 17 00 0B 00 17 0F 1C 0D 12 0B 18 1E 6B 1D 00 0E 0B 1F 11 12 1E 0F 1C 78 2D 00 12 0B 20 0F 00 1E 19 00 1D 1E 1F 0E 23 00 0C 1F 1D 13 18 0F 1D 1D 78	I'm a merchant's daughter.I have to study business.
06FC	37	1C	03	87B5	10047	10601	33 16 0E 00 2C 19 21 0E 0F 18 6B 1D 00 1D 1E 19 1C 13 0F 1D 00 0B 1C 0F 00 1B 1F 13 1E 0F 00 13 18 1D 1E 1C 1F 0D 1E 13 20 0F 6C 4F 28 19 18 6B 1E 00 1D 0F 16 16 00 1E 12 13 18 11 1D 77 1D 0F 16 16 00 12 0F 0B 1C 1E 1D 6E 00 2D 6B 17 00 1D 1E 1C 1F 0D 15 00 21 13 1E 12 00 0B 0E 17 13 1C 0B 1E 13 19 18 00 0C 23 00 1E 12 13 1D 00 13 0E 0F 0B 6E	Old Howden's stories are quite instructive.'<4F>Don't sell things,sell hearts! I'm struck with admiration by this idea!
06FD	37	1D	03	87B5	10601	11050	2D 00 1E 19 19 15 00 33 16 0E 00 2C 19 21 0E 0F 18 6B 1D 00 1B 1F 13 24 00 1E 19 19 72 6C 4F 2D 00 1D 1E 13 16 16 00 0E 19 18 6B 1E 00 12 0B 20 0F 00 1E 12 0F 00 0B 18 1D 21 0F 1C 78 33 12 77 2D 00 21 0B 18 1E 00 1E 12 0B 1E 00 38 1C 0F 0B 1D 1F 1C 0F 00 31 0B 1A 6E	I took Old Howden's quiz too....'<4F>I still don't have the answer.Oh,I want that Treasure Map!
06FE	37	1E	03	87B5	11050	11632	2D 00 0C 0F 0D 0B 17 0F 00 11 1C 0B 20 0F 16 23 00 13 16 16 00 21 12 0F 18 00 2D 00 21 0B 1D 00 16 13 1E 1E 16 0F 6C 4F 31 23 00 11 1C 0B 18 0E 10 0B 1E 12 0F 1C 00 10 1C 19 17 00 37 19 1C 0F 1E 1E 0B 00 0C 1C 19 1F 11 12 1E 00 17 0F 00 0B 00 1C 19 19 1E 00 19 10 00 34 0B 0E 0F 1B 1F 13 0B 78 2D 1E 00 0D 1F 1C 0F 0E 00 17 0F 00 0D 19 17 1A 16 0F 1E 0F 16 23 78	I became gravely ill when I was little.'<4F>My grandfather from Soretta brought me a root of Padequia.It cured me completely.
06FF	37	1F	03	87B5	11632	11913	25 1C 0F 18 6B 1E 00 21 0F 00 11 19 19 0E 00 0D 12 13 16 0E 1C 0F 18 6D 00 3B 0F 6B 1C 0F 00 12 0F 16 1A 13 18 11 00 21 13 1E 12 00 1E 12 0F 00 12 19 1F 1D 0F 21 19 1C 15 78	Aren't we good children? We're helping with the housework.
0700	38	00	03	8D87	0	134	4E 27 1C 13 1D 1E 19 71 69 33 19 19 12 72 33 19 19 12 72 6A	<4E>Cristo:'Oooh...Oooh...'
0701	38	01	03	8D87	134	333	3B 0F 16 0D 19 17 0F 00 1E 19 00 37 19 1C 0F 1E 1E 0B 00 27 0B 1D 1E 16 0F 6E 00 34 16 0F 0B 1D 0F 00 0D 19 17 0F 00 13 18 78	Welcome to Soretta Castle! Please come in.
0702	38	02	03	8D87	333	550	4E 32 19 00 1C 0F 1D 1A 19 18 1D 0F 72 44 37 0F 0F 17 1D 00 1E 19 00 0C 0F 00 14 1F 1D 1E 00 0B 00 1D 0D 0B 1C 0F 0D 1C 19 21 78	<4E>No response...<44>Seems to be just a scarecrow.
0703	38	03	03	8D87	550	814	3D 19 1F 00 0D 0B 17 0F 00 10 1C 19 17 00 31 13 18 1E 19 1D 6D 00 31 23 00 17 0B 1C 1C 13 0F 0E 00 0E 0B 1F 11 12 1E 0F 1C 00 16 13 20 0F 1D 00 1E 12 0F 1C 0F 78	You came from Mintos? My married daughter lives there.
0704	38	04	03	8D87	814	974	38 12 13 1D 00 13 1D 00 2F 13 18 11 00 37 19 1C 0F 1E 1E 0B 6B 1D 00 0D 12 0B 17 0C 0F 1C 78	This is King Soretta's chamber.
0705	38	05	03	8D87	974	1566	2C 13 77 13 1E 6B 1D 00 23 19 1F 00 0B 11 0B 13 18 6E 00 28 19 18 6B 1E 00 23 19 1F 00 1C 0F 17 0F 17 0C 0F 1C 6D 00 3B 0F 00 17 0F 1E 00 0B 1E 00 26 1C 0B 18 0D 0B 00 27 0B 1D 1E 16 0F 6C 4F 37 19 1C 1C 23 00 21 0F 00 0D 19 1F 16 0E 18 6B 1E 00 16 0F 1E 00 23 19 1F 00 14 19 13 18 00 1F 1D 00 1E 12 0F 18 00 0C 0F 0D 0B 1F 1D 0F 00 21 0F 00 21 0F 1C 0F 00 10 1F 16 16 78	Hi,it's you again! Don't you remember? We met at Branca Castle.'<4F>Sorry we couldn't let you join us then because we were full.
0706	38	06	03	8D87	1566	1887	2D 6B 17 00 1E 1C 0B 20 0F 16 13 18 11 00 1E 19 00 1D 0B 20 0F 00 1E 12 0F 00 21 19 1C 16 0E 00 10 1C 19 17 00 1E 12 0F 00 12 0B 18 0E 1D 00 19 10 00 1E 12 0F 00 36 1F 16 0F 1C 00 19 10 00 29 20 13 16 78	I'm traveling to save the world from the hands of the Ruler of Evil.
0707	38	07	03	8D87	1887	2245	34 1C 13 18 0D 0F 1D 1D 00 25 16 0F 18 0B 77 0C 0B 0D 15 00 1E 12 0F 1C 0F 77 14 19 13 18 0F 0E 00 1F 1D 6C 4F 3B 0F 6B 20 0F 00 0B 0D 0D 19 17 1A 0B 18 13 0F 0E 00 12 0F 1C 00 1E 19 00 1E 12 13 1D 00 0D 0B 20 0F 78	Princess Alena,back there,joined us.'<4F>We've accompanied her to this cave.
0708	38	08	03	8D87	2245	3259	25 00 1D 12 19 1C 1E 00 21 12 13 16 0F 00 0B 11 19 77 21 0F 00 0D 0B 1F 11 12 1E 00 0B 00 1D 1F 1D 1A 13 0D 13 19 1F 1D 77 1E 1C 0B 20 0F 16 13 18 11 00 1D 19 16 0E 13 0F 1C 00 1D 18 0F 0B 15 13 18 11 00 13 18 1E 19 00 1E 12 0F 00 27 0B 1D 1E 16 0F 6C 4F 25 1D 00 1D 19 19 18 00 0B 1D 00 12 13 1D 00 13 18 1E 0F 1C 1C 19 11 0B 1E 13 19 18 00 0C 23 00 1E 12 0F 00 0D 19 1F 18 1D 0F 16 19 1C 00 13 1D 00 19 20 0F 1C 77 12 0F 6B 16 16 00 0C 0F 00 1E 0B 15 0F 18 00 1E 19 00 1E 12 0F 00 2F 13 18 11 6C 4F 2C 13 1D 00 16 13 10 0F 00 21 13 16 16 00 1A 1C 19 0C 0B 0C 16 23 00 0C 0F 00 19 20 0F 1C 00 1E 12 0F 18 78 39 18 16 1F 0D 15 23 00 17 0B 18 72 78	A short while ago,we caught a suspicious,traveling soldier sneaking into the Castle.'<4F>As soon as his interrogation by the counselor is over,he'll be taken to the King.'<4F>His life will probably be over then.Unlucky man....
0709	38	09	03	8D87	3259	3684	4E 44 69 2D 00 15 18 19 21 00 1E 12 0F 00 17 0F 0D 12 0B 18 13 1D 17 00 1E 19 00 19 1A 0F 18 00 1E 12 0F 00 0F 18 1E 1C 0B 18 0D 0F 00 13 1D 00 0B 1E 00 1E 12 0F 00 0C 19 1E 1E 19 17 00 19 10 00 0B 00 1E 1C 0F 0B 1D 1F 1C 0F 00 0D 12 0F 1D 1E 77 0C 1F 1E 72 2C 17 17 72 6A	<4E><44>'I know the mechanism to open the entrance is at the bottom of a treasure chest,but...Hmm...'
070A	38	0A	03	8D87	3684	4370	3D 19 1F 00 0E 0F 10 0F 0B 1E 0F 0E 00 2F 0F 0F 16 0F 19 18 6D 00 33 12 77 18 19 6E 00 37 1A 0B 1C 0F 00 17 0F 77 1A 16 0F 0B 1D 0F 6E 6A 4F 38 12 0F 00 0B 0C 19 17 13 18 0B 0C 16 0F 00 26 0B 16 24 0B 0D 15 00 13 1D 00 13 18 00 37 0B 18 1E 0F 0F 17 00 27 0B 1D 1E 16 0F 6E 00 2D 6B 20 0F 00 11 13 20 0F 18 00 23 19 1F 00 20 0B 16 1F 0B 0C 16 0F 00 13 18 10 19 1C 17 0B 1E 13 19 18 77 12 0B 20 0F 18 6B 1E 00 2D 6D	You defeated Keeleon? Oh,no! Spare me,please!'<4F>The abominable Balzack is in Santeem Castle! I've given you valuable information,haven't I?
070B	38	0B	03	8D87	4370	4793	2F 13 13 13 6E 00 3B 0F 00 17 19 18 1D 1E 0F 1C 1D 00 12 0B 20 0F 00 1E 0B 15 0F 18 00 19 20 0F 1C 00 37 0B 18 1E 0F 0F 17 00 27 0B 1D 1E 16 0F 6E 6A 4F 38 12 0F 00 2F 13 18 11 00 19 10 00 1E 12 13 1D 00 27 0B 1D 1E 16 0F 00 13 1D 00 26 0B 16 24 0B 0D 15 6E	Kiii! We monsters have taken over Santeem Castle!'<4F>The King of this Castle is Balzack!
070C	38	0C	03	8D87	4793	5320	38 12 0B 1E 00 26 0B 16 24 0B 0D 15 6E 00 3B 12 19 00 0E 19 0F 1D 00 12 0F 00 1E 12 13 18 15 00 12 0F 00 13 1D 6D 6A 4F 2D 00 21 19 1F 16 0E 18 6B 1E 00 21 19 1C 15 00 10 19 1C 00 12 13 17 00 13 10 00 13 1E 00 21 0B 1D 18 6B 1E 00 10 19 1C 00 32 0F 0D 1C 19 1D 0B 1C 19 6B 1D 00 19 1C 0E 0F 1C 78 2F 13 2F 13 13 6E	That Balzack! Who does he think he is?'<4F>I wouldn't work for him if it wasn't for Necrosaro's order.KiKii!
070D	38	0D	03	8D87	5320	6296	2D 6B 17 00 18 19 1E 00 0B 00 0C 0B 0E 00 37 16 13 17 0F 78 2D 00 0D 0B 17 0F 00 1E 19 00 1D 0F 0F 00 17 23 00 10 1C 13 0F 18 0E 77 31 0F 0F 18 0B 00 1E 12 0F 00 0D 0B 1E 77 0C 0F 0D 0B 1F 1D 0F 00 2D 00 21 0B 1D 00 0D 19 18 0D 0F 1C 18 0F 0E 00 0B 0C 19 1F 1E 00 12 0F 1C 6C 4F 31 0F 0F 18 0B 00 1D 0B 23 1D 00 1E 12 0F 00 2F 13 18 11 00 19 10 00 37 0B 18 1E 0F 0F 17 00 12 0B 0E 00 0B 00 1D 1E 1C 0B 18 11 0F 00 1A 19 21 0F 1C 6C 4F 37 12 0F 00 1D 0B 23 1D 00 23 19 1F 00 1D 12 19 1F 16 0E 00 1E 0B 16 15 00 1E 19 00 0B 00 1A 0F 1C 1D 19 18 00 13 18 00 37 1F 1C 0F 18 0F 00 21 12 19 00 0D 0B 18 00 1E 0F 16 16 00 23 19 1F 00 17 19 1C 0F 78	I'm not a bad Slime.I came to see my friend,Meena the cat,because I was concerned about her.'<4F>Meena says the King of Santeem had a strange power.'<4F>She says you should talk to a person in Surene who can tell you more.
070E	38	0E	03	8D87	6296	6389	31 0F 19 21 77 31 0F 19 21 77 31 0F 19 21 6E	Meow,Meow,Meow!
070F	38	0F	03	8D87	6389	6961	30 0F 11 0F 18 0E 00 21 0B 1D 00 1E 12 0B 1E 00 37 0B 18 1E 0F 0F 17 6B 1D 00 10 19 1C 17 0F 1C 00 2F 13 18 11 1D 00 0D 19 1F 16 0E 00 10 19 1C 0F 1E 0F 16 16 00 1E 12 0F 00 10 1F 1E 1F 1C 0F 6C 4F 2D 10 00 1E 12 0B 1E 6B 1D 00 1E 1C 1F 0F 77 1E 12 0F 00 1A 1C 0F 1D 0F 18 1E 00 2F 13 18 11 00 17 0B 23 00 12 0B 20 0F 00 1E 12 0B 1E 00 1D 0B 17 0F 00 1A 19 21 0F 1C 78	Legend was that Santeem's former Kings could foretell the future.'<4F>If that's true,the present King may have that same power.
0710	38	10	03	8D87	6961	7329	31 23 00 11 1C 0B 18 0E 10 0B 1E 12 0F 1C 00 21 0B 1D 00 1E 12 0F 00 1E 1F 1E 19 1C 00 19 10 00 1E 12 0F 00 2F 13 18 11 00 19 10 00 37 0B 18 1E 0F 0F 17 6C 4F 2C 0F 6B 1D 00 20 0F 1C 23 00 1A 1C 19 1F 0E 00 19 10 00 1E 12 0B 1E 78	My grandfather was the tutor of the King of Santeem.'<4F>He's very proud of that.
0711	38	11	03	8D87	7329	8420	38 12 13 1D 00 12 0B 1A 1A 0F 18 0F 0E 00 21 12 0F 18 00 1E 12 0F 00 2F 13 18 11 00 21 0B 1D 00 1D 1E 13 16 16 00 0B 00 0D 12 13 16 0E 6C 4F 2C 0F 00 21 19 15 0F 00 1F 1A 00 13 18 00 1E 12 0F 00 17 13 0E 0E 16 0F 00 19 10 00 1E 12 0F 00 18 13 11 12 1E 00 0B 18 0E 00 0C 0F 11 11 0F 0E 00 17 0F 72 6A 4F 1E 19 00 1A 1F 1E 00 1F 1A 00 0B 00 1D 13 11 18 1A 19 1D 1E 00 1E 19 00 12 0F 16 1A 00 12 13 1D 00 0E 0B 1F 11 12 1E 0F 1C 00 21 12 19 00 21 0B 1D 00 13 18 00 1E 1C 19 1F 0C 16 0F 6C 4F 30 0F 1E 00 17 0F 00 1D 0F 0F 72 21 12 0F 1C 0F 00 0E 13 0E 00 2D 00 1A 1F 1E 00 13 1E 00 1F 1A 6D 72 21 12 0B 1E 00 0E 13 0E 00 13 1E 00 1D 0B 23 6D 72 2D 00 0D 0B 18 6B 1E 00 1C 0F 17 0F 17 0C 0F 1C 78	This happened when the King was still a child.'<4F>He woke up in the middle of the night and begged me...'<4F>to put up a signpost to help his daughter who was in trouble.'<4F>Let me see...where did I put it up?...what did it say?...I can't remember.
0712	38	12	03	8D87	8420	10048	33 12 77 29 0E 11 0B 1C 6B 1D 00 0E 0B 1F 11 12 1E 0F 1C 6E 00 2D 1E 6B 1D 00 17 0F 77 33 1C 13 18 6E 6A 4F 30 13 1D 1E 0F 18 00 1E 19 00 17 0F 6C 4F 38 12 0F 00 19 0C 14 0F 0D 1E 00 19 10 00 23 19 1F 1C 00 1C 0F 20 0F 18 11 0F 77 26 0B 16 24 0B 0D 15 77 1D 0F 0F 17 1D 00 1E 19 00 0C 0F 00 1F 18 0E 0F 1C 00 1E 12 0F 00 1A 1C 19 1E 0F 0D 1E 13 19 18 00 19 10 00 32 0F 0D 1C 19 1D 0B 1C 19 6C 4F 26 23 00 1F 1D 13 18 11 00 1E 12 0F 00 37 0F 0D 1C 0F 1E 00 19 10 00 29 20 19 16 1F 1E 13 19 18 77 32 0F 0D 1C 19 1D 0B 1C 19 00 13 18 1E 0F 18 0E 1D 00 1E 19 00 17 0B 15 0F 00 1E 12 0F 00 17 19 18 1D 1E 0F 1C 1D 00 0F 20 0F 18 00 17 19 1C 0F 00 1A 19 21 0F 1C 10 1F 16 6C 4F 3B 0F 00 12 0B 20 0F 00 1E 19 00 0E 0F 1D 1E 1C 19 23 00 1E 12 0F 00 37 0F 0D 1C 0F 1E 00 19 10 00 29 20 19 16 1F 1E 13 19 18 00 0C 0F 10 19 1C 0F 00 12 0F 00 1D 1F 0D 0D 0F 0F 0E 1D 6E 6A 4F 3D 19 1F 1C 00 16 0B 1E 0F 00 10 0B 1E 12 0F 1C 77 29 0E 11 0B 1C 77 21 19 1F 16 0E 00 12 0B 20 0F 00 21 13 1D 12 0F 0E 00 1E 12 13 1D 00 0B 16 1D 19 78	Oh,Edgar's daughter! It's me,Orin!'<4F>Listen to me.'<4F>The object of your revenge,Balzack,seems to be under the protection of Necrosaro.'<4F>By using the Secret of Evolution,Necrosaro intends to make the monsters even more powerful.'<4F>We have to destroy the Secret of Evolution before he succeeds!'<4F>Your late father,Edgar,would have wished this also.
0713	38	13	03	8D87	10048	10495	2D 6B 17 00 33 1C 13 18 78 2D 00 21 0B 1D 00 0B 00 1A 1F 1A 13 16 00 19 10 00 29 0E 11 0B 1C 00 1E 12 0F 00 0B 16 0D 12 0F 17 13 1D 1E 6C 4F 2D 00 21 19 18 0E 0F 1C 00 12 19 21 00 29 0E 11 0B 1C 6B 1D 00 0E 0B 1F 11 12 1E 0F 1C 1D 00 0B 1C 0F 00 0E 19 13 18 11 72 78	I'm Orin.I was a pupil of Edgar the alchemist.'<4F>I wonder how Edgar's daughters are doing....
0714	38	14	03	8D87	10495	11383	2D 00 10 19 1F 18 0E 00 33 1C 13 18 00 0B 1D 00 2D 00 21 0B 1D 00 0F 1D 0D 0B 1A 13 18 11 00 10 1C 19 17 00 2F 0F 0F 16 0F 19 18 00 27 0B 1D 1E 16 0F 6C 4F 2D 00 1E 12 19 1F 11 12 1E 00 12 0F 00 21 0B 1D 00 0E 0F 0B 0E 00 10 1C 19 17 00 12 13 1D 00 1E 0F 1C 1C 13 0C 16 0F 00 21 19 1F 18 0E 1D 6C 4F 3B 12 0F 18 00 1E 12 0F 00 1D 19 16 0E 13 0F 1C 1D 00 0D 16 19 1D 0F 0E 00 13 18 00 19 18 00 17 0F 77 12 0F 00 1D 1F 0E 0E 0F 18 16 23 00 1C 19 1D 0F 00 0B 18 0E 00 10 19 1F 11 12 1E 72 6C 4F 2D 00 19 21 0F 00 12 13 17 00 17 23 00 16 13 10 0F 6E 00 26 16 1F 1D 12 72	I found Orin as I was escaping from Keeleon Castle.'<4F>I thought he was dead from his terrible wounds.'<4F>When the soldiers closed in on me,he suddenly rose and fought....'<4F>I owe him my life! Blush...
0715	38	15	03	8D87	11383	11510	38 12 13 1D 00 13 1D 00 37 0F 0B 1D 13 0E 0F 00 3A 13 16 16 0B 11 0F 78	This is Seaside Village.
0716	38	16	03	8D87	11510	12585	33 1F 1C 00 0B 18 0D 0F 1D 1E 19 1C 1D 00 21 0F 1C 0F 00 1A 13 1C 0B 1E 0F 1D 6C 4F 31 0B 18 23 00 23 0F 0B 1C 1D 00 0B 11 19 00 1E 12 0F 23 00 1D 0F 1E 1E 16 0F 0E 00 19 18 00 1E 12 0F 00 16 0B 18 0E 72 6A 4F 16 0F 0B 20 13 18 11 00 1E 12 0F 00 1E 1C 0F 0B 1D 1F 1C 0F 1D 00 1E 12 0F 23 6B 0E 00 1D 1E 19 16 0F 18 00 0E 0F 0F 1A 00 0C 0F 12 13 18 0E 00 0B 00 21 0B 1E 0F 1C 00 0D 0B 1D 0D 0B 0E 0F 00 1D 19 17 0F 21 12 0F 1C 0F 00 13 18 00 1E 12 13 1D 00 21 19 1C 16 0E 72 6C 4F 38 12 0F 23 00 1D 0B 23 00 0B 17 19 18 11 00 1E 12 0F 00 1E 1C 0F 0B 1D 1F 1C 0F 1D 00 21 0B 1D 00 1E 12 0F 00 1F 16 1E 13 17 0B 1E 0F 00 21 0F 0B 1A 19 18 77 1E 12 0F 00 31 0F 1E 0B 16 00 26 0B 0C 0C 16 0F 00 37 21 19 1C 0E 78	Our ancestors were pirates.'<4F>Many years ago they settled on the land...'<4F>leaving the treasures they'd stolen deep behind a water cascade somewhere in this world....'<4F>They say among the treasures was the ultimate weapon,the Metal Babble Sword.
0717	38	17	03	8D87	12585	13168	38 12 13 1D 00 13 1D 00 1E 12 0F 00 11 1C 0B 20 0F 23 0B 1C 0E 00 19 10 00 19 1F 1C 00 1A 13 1C 0B 1E 0F 00 0B 18 0D 0F 1D 1E 19 1C 1D 6C 4F 38 12 13 1D 00 11 1C 0B 20 0F 23 0B 1C 0E 00 13 1D 00 1D 1F 0C 17 0F 1C 11 0F 0E 00 0C 23 00 21 0B 1E 0F 1C 00 0F 0B 0D 12 00 18 13 11 12 1E 77 16 13 15 0F 00 0B 00 17 0B 18 00 0E 1C 19 21 18 13 18 11 00 13 18 00 1E 12 0F 00 1D 0F 0B 78	This is the graveyard of our pirate ancestors.'<4F>This graveyard is submerged by water each night,like a man drowning in the sea.
0718	38	18	03	8D87	13168	13686	2D 00 12 0F 0B 1C 00 1E 12 0B 1E 00 16 19 18 11 00 0B 11 19 00 1E 12 13 1D 00 20 13 16 16 0B 11 0F 00 1A 19 1D 1D 0F 1D 1D 0F 0E 00 1E 12 0F 00 37 1E 19 18 0F 00 19 10 00 28 1C 19 1F 11 12 1E 00 21 12 13 0D 12 00 0D 19 1F 16 0E 00 1D 1E 19 1A 00 0F 20 0F 18 00 1E 12 0F 00 10 16 19 21 00 19 10 00 0B 00 21 0B 1E 0F 1C 00 0D 0B 1D 0D 0B 0E 0F 78	I hear that long ago this village possessed the Stone of Drought which could stop even the flow of a water cascade.
0719	38	19	03	8D87	13686	14002	31 23 00 1D 16 19 1E 12 10 1F 16 00 12 1F 1D 0C 0B 18 0E 6E 00 37 16 0F 0F 1A 13 18 11 00 13 1D 00 0B 16 16 00 12 0F 00 0E 19 0F 1D 6E 00 3B 12 0B 1E 6B 1D 00 12 0F 00 1E 12 13 18 15 13 18 11 6D	My slothful husband! Sleeping is all he does! What's he thinking?
071A	38	1A	03	8D87	14002	14255	26 0F 13 18 11 00 13 18 00 1E 12 0F 00 1E 1C 0B 0E 0F 77 17 23 00 12 1F 1D 0C 0B 18 0E 00 15 18 19 21 1D 00 17 1F 0D 12 00 0B 0C 19 1F 1E 00 1E 19 19 16 1D 78	Being in the trade,my husband knows much about tools.
071B	38	1B	03	8D87	14255	14764	2C 0F 1C 0F 00 13 18 00 37 1E 0B 18 0D 13 0B 77 21 0F 00 12 0B 20 0F 00 0B 18 00 19 16 0E 00 16 0F 11 0F 18 0E 00 0B 0C 19 1F 1E 00 3E 0F 18 13 1E 12 13 0B 18 00 27 0B 1D 1E 16 0F 6C 4F 38 12 0F 00 1D 0D 12 19 16 0B 1C 00 0B 1E 00 19 1F 1C 00 27 0B 1D 1E 16 0F 00 15 18 19 21 1D 00 1E 12 0F 00 16 0F 11 0F 18 0E 00 21 0F 16 16 78	Here in Stancia,we have an old legend about Zenithian Castle.'<4F>The scholar at our Castle knows the legend well.
071C	38	1C	03	8D87	14764	15411	30 0B 77 28 13 77 30 0B 72 3D 19 1F 1C 00 26 0F 0B 1F 1E 13 10 1F 16 00 2A 0B 0D 0F 77 36 0F 10 16 0F 0D 1E 13 18 11 00 33 18 00 3B 0B 1E 0F 1C 72 6A 4F 29 22 0D 1F 1D 0F 00 17 0F 72 29 3C 27 39 37 29 00 31 29 6E 00 3B 0F 6B 1C 0F 00 12 0B 20 13 18 11 00 0B 00 1C 0F 18 0E 0F 24 20 19 1F 1D 78 28 19 18 6B 1E 00 13 18 1E 1C 1F 0E 0F 6E	La,Di,La...Your Beautiful Face,Reflecting On Water...'<4F>Excuse me...EXCUSE ME! We're having a rendezvous.Don't intrude!
071D	38	1D	03	8D87	15411	15582	3B 0F 16 0D 19 17 0F 00 1E 19 00 37 1E 0B 18 0D 13 0B 77 0B 00 21 0B 1E 0F 1C 21 0B 23 00 1E 19 21 18 78	Welcome to Stancia,a waterway town.
071E	38	1E	03	8D87	15582	15793	2D 00 17 1F 1D 1E 00 0D 19 19 15 00 0B 00 17 0F 0B 16 00 0C 0F 10 19 1C 0F 00 17 23 00 12 1F 1D 0C 0B 18 0E 00 1C 0F 1E 1F 1C 18 1D 78	I must cook a meal before my husband returns.
071F	38	1F	03	8D87	15793	15966	38 12 0F 00 3E 0F 18 13 1E 12 13 0B 18 1D 00 0B 16 21 0B 23 1D 00 16 19 19 15 00 0B 10 1E 0F 1C 00 1F 1D 78	The Zenithians always look after us.
0720	39	00	03	9553	0	416	2D 6B 20 0F 00 1C 0F 0B 0D 12 0F 0E 00 1E 12 13 1D 00 10 0B 1C 00 1D 0F 0B 1C 0D 12 13 18 11 00 10 19 1C 00 1E 12 0F 00 3E 0F 18 13 1E 12 13 0B 18 00 2C 0F 16 17 6C 4F 2D 6B 20 0F 00 12 0F 0B 1C 0E 00 1E 12 0F 00 2F 13 18 11 00 12 0F 1C 0F 00 12 0B 1D 00 13 1E 78	I've reached this far searching for the Zenithian Helm.'<4F>I've heard the King here has it.
0721	39	01	03	9553	416	590	37 19 1C 1C 23 77 1E 12 0F 00 0F 0B 1E 0F 1C 23 00 19 18 16 23 00 19 1A 0F 18 1D 00 0B 1E 00 18 13 11 12 1E 78	Sorry,the eatery only opens at night.
0722	39	02	03	9553	590	755	38 12 13 1D 00 13 1D 00 37 1E 0B 18 0D 13 0B 00 27 0B 1D 1E 16 0F 6B 1D 00 0F 18 1E 1C 0B 18 0D 0F 78	This is Stancia Castle's entrance.
0723	39	03	03	9553	755	1229	2D 6B 17 00 12 0F 1C 0F 00 1E 19 00 15 0F 0F 1A 00 17 19 18 1D 1E 0F 1C 1D 00 19 1F 1E 00 19 10 00 1E 12 0F 00 27 0B 1D 1E 16 0F 6C 4F 38 12 0F 00 17 19 18 1D 1E 0F 1C 1D 00 0B 1C 0F 00 11 0F 1E 1E 13 18 11 00 1D 17 0B 1C 1E 0F 1C 77 1D 19 00 2D 00 17 1F 1D 1E 00 21 0B 1E 0D 12 00 0D 0B 1C 0F 10 1F 16 16 23 78	I'm here to keep monsters out of the Castle.'<4F>The monsters are getting smarter,so I must watch carefully.
0724	39	04	03	9553	1229	2025	2D 00 21 0B 18 1E 00 1E 19 00 11 19 00 1E 19 00 3E 0F 18 13 1E 12 13 0B 18 00 27 0B 1D 1E 16 0F 6C 4F 3D 0F 1E 00 2D 00 0E 19 18 6B 1E 00 1E 12 13 18 15 00 2D 00 0D 0B 18 00 10 13 18 0E 00 0B 16 16 00 19 10 00 1E 12 0F 00 3E 0F 18 13 1E 12 13 0B 18 00 21 0F 0B 1A 19 18 1D 00 0B 18 0E 00 0B 1C 17 19 1C 6C 4F 2D 00 12 0F 0B 1C 0E 77 12 19 21 0F 20 0F 1C 77 1E 12 0F 00 3E 0F 18 13 1E 12 13 0B 18 00 37 12 13 0F 16 0E 00 21 0B 1D 00 19 18 0D 0F 00 0B 1E 00 26 1F 1C 16 0B 18 0E 00 27 0B 1D 1E 16 0F 72 78	I want to go to Zenithian Castle.'<4F>Yet I don't think I can find all of the Zenithian weapons and armor.'<4F>I heard,however,the Zenithian Shield was once at Burland Castle....
0725	39	05	03	9553	2025	3012	2D 18 00 1E 12 13 1D 00 0D 19 1F 18 1E 1C 23 77 21 0F 00 12 0B 20 0F 00 0B 18 00 19 16 0E 00 16 0F 11 0F 18 0E 00 0B 0C 19 1F 1E 00 3E 0F 18 13 1E 12 13 0B 18 00 27 0B 1D 1E 16 0F 6C 4F 3B 12 19 0F 20 0F 1C 00 19 0C 1E 0B 13 18 1D 00 1E 12 0F 00 3E 0F 18 13 1E 12 13 0B 18 00 25 1C 17 19 1C 77 2C 0F 16 17 77 37 12 13 0F 16 0E 77 0B 18 0E 00 37 21 19 1C 0E 00 21 13 16 16 00 0C 0F 00 0B 16 16 19 21 0F 0E 00 13 18 1E 19 00 3E 0F 18 13 1E 12 13 0B 6C 4F 33 18 16 23 00 1E 12 0F 00 2C 0F 16 17 00 12 0B 1D 00 0C 0F 0F 18 00 12 0B 18 0E 0F 0E 00 0E 19 21 18 00 13 18 00 19 1F 1C 00 1C 19 23 0B 16 00 10 0B 17 13 16 23 78	In this country,we have an old legend about Zenithian Castle.'<4F>Whoever obtains the Zenithian Armor,Helm,Shield,and Sword will be allowed into Zenithia.'<4F>Only the Helm has been handed down in our royal family.
0726	39	06	03	9553	3012	3630	2D 10 00 1E 12 0F 1C 0F 6B 1D 00 1C 0F 0B 16 16 23 00 0B 00 17 0B 1D 1E 0F 1C 00 19 10 00 0E 1C 0B 11 19 18 1D 00 13 18 00 3E 0F 18 13 1E 12 13 0B 18 00 27 0B 1D 1E 16 0F 77 1D 19 17 0F 19 18 0F 00 1D 12 19 1F 16 0E 00 11 19 00 0B 1D 15 00 12 13 17 72 6A 4F 1E 19 00 0E 0F 1D 1E 1C 19 23 00 1E 12 0F 00 36 1F 16 0F 1C 00 19 10 00 29 20 13 16 00 0B 18 0E 00 19 1E 12 0F 1C 00 17 19 18 1D 1E 0F 1C 1D 78	If there's really a master of dragons in Zenithian Castle,someone should go ask him...'<4F>to destroy the Ruler of Evil and other monsters.
0727	39	07	03	9553	3630	4168	31 23 00 17 19 1E 12 0F 1C 00 1F 1D 0F 0E 00 1E 19 00 1E 0F 16 16 00 17 0F 00 21 12 0F 18 00 2D 00 21 0B 1D 00 16 13 1E 1E 16 0F 72 6A 4F 1E 12 0F 1C 0F 00 21 0B 1D 00 0B 00 0D 0B 1D 1E 16 0F 00 0B 0C 19 20 0F 00 1E 12 0F 00 0D 16 19 1F 0E 1D 77 0B 18 0E 00 1E 12 0F 00 17 0B 1D 1E 0F 1C 00 19 10 00 0E 1C 0B 11 19 18 1D 00 16 13 20 0F 0E 00 1E 12 0F 1C 0F 78	My mother used to tell me when I was little...'<4F>there was a castle above the clouds,and the master of dragons lived there.
0728	39	08	03	9553	4168	4777	38 12 0F 23 00 1D 0B 23 00 17 19 18 1D 1E 0F 1C 1D 00 1E 19 19 15 00 19 20 0F 1C 00 1E 12 0F 00 27 0B 1D 1E 16 0F 00 19 10 00 1E 12 0F 00 1D 19 1F 1E 12 0F 1C 18 00 0D 19 1F 18 1E 1C 23 00 19 10 00 37 0B 18 1E 0F 0F 17 6C 4F 2D 00 0E 19 18 6B 1E 00 0C 16 0B 17 0F 00 1E 12 0F 00 2F 13 18 11 00 10 19 1C 00 21 0B 18 1E 13 18 11 00 1E 19 00 16 0B 1F 11 12 00 0B 21 0B 23 00 12 13 1D 00 10 0F 0B 1C 1D 78	They say monsters took over the Castle of the southern country of Santeem.'<4F>I don't blame the King for wanting to laugh away his fears.
0729	39	09	03	9553	4777	5235	2D 00 12 0B 1E 0F 00 21 0F 0B 1A 19 18 1D 00 0B 18 0E 00 0B 1C 17 19 1C 78 38 12 0F 23 6B 1C 0F 00 1D 19 00 12 0F 0B 20 23 6E 6A 4F 3B 0F 00 17 1F 1D 1E 00 0C 0F 00 1A 1C 0F 1A 0B 1C 0F 0E 00 10 19 1C 00 1E 12 0F 00 17 19 18 1D 1E 0F 1C 1D 6B 00 0B 1E 1E 0B 0D 15 77 1E 12 19 1F 11 12 78	I hate weapons and armor.They're so heavy!'<4F>We must be prepared for the monsters' attack,though.
072A	39	0A	03	9553	5235	5398	38 19 00 1D 0F 0F 00 1E 12 0F 00 2F 13 18 11 77 11 19 00 1F 1A 00 1E 12 0F 1D 0F 00 1D 1E 0B 13 1C 1D 78	To see the King,go up these stairs.
072B	39	0B	03	9553	5398	6062	29 20 0F 1C 23 19 18 0F 00 12 0F 1C 0F 00 12 0B 1D 00 0C 0F 0F 18 00 11 16 19 19 17 23 00 1D 13 18 0D 0F 00 1E 12 0F 00 17 19 18 1D 1E 0F 1C 1D 00 0B 1A 1A 0F 0B 1C 0F 0E 6C 4F 38 12 0B 1E 6B 1D 00 21 12 23 00 1E 12 0F 00 2F 13 18 11 00 13 1D 1D 1F 0F 0E 00 1E 12 0F 00 1A 1C 19 0D 16 0B 17 0B 1E 13 19 18 00 0F 20 0F 18 00 1E 12 19 1F 11 12 00 12 0F 00 15 18 0F 21 00 12 0F 00 21 19 1F 16 0E 00 0C 0F 00 16 0B 1F 11 12 0F 0E 00 0B 1E 78	Everyone here has been gloomy since the monsters appeared.'<4F>That's why the King issued the proclamation even though he knew he would be laughed at.
072C	39	0C	03	9553	6062	6502	3B 12 0B 1E 6B 1D 00 0C 16 0B 0D 15 00 0B 18 0E 00 21 12 13 1E 0F 00 0B 18 0E 00 1C 0F 0E 00 0B 16 16 00 19 20 0F 1C 6D 00 25 00 1A 0F 18 11 1F 13 18 00 10 0B 16 16 13 18 11 00 0E 19 21 18 00 1E 12 0F 00 1D 1E 0B 13 1C 1D 6E 00 2D 1D 18 6B 1E 00 1E 12 0B 1E 00 10 1F 18 18 23 6D	What's black and white and red all over? A penguin falling down the stairs! Isn't that funny?
072D	39	0D	03	9553	6502	6869	2D 10 00 23 19 1F 00 0D 0B 18 00 17 0B 15 0F 00 1E 12 0F 00 2F 13 18 11 00 16 0B 1F 11 12 77 23 19 1F 6B 16 16 00 1C 0F 0D 0F 13 20 0F 00 0B 18 23 00 1C 0F 21 0B 1C 0E 00 23 19 1F 00 21 0B 18 1E 78 2B 19 00 10 19 1C 00 13 1E 6E	If you can make the King laugh,you'll receive any reward you want.Go for it!
072E	39	0E	03	9553	6869	7194	38 12 0F 00 2F 13 18 11 00 13 1D 1D 1F 0F 0E 00 1D 1F 0D 12 00 0B 00 1D 1E 1C 0B 18 11 0F 00 1A 1C 19 0D 16 0B 17 0B 1E 13 19 18 78 2D 00 21 19 18 0E 0F 1C 00 21 12 0B 1E 00 12 0F 6B 1D 00 1F 1A 00 1E 19 78	The King issued such a strange proclamation.I wonder what he's up to.
072F	39	0F	03	9553	7194	7470	2D 00 0C 0F 16 13 0F 20 0F 00 17 23 00 10 0B 1E 12 0F 1C 00 12 0B 0E 00 0B 00 11 19 19 0E 00 1C 0F 0B 1D 19 18 00 10 19 1C 00 12 13 1D 00 0B 0D 1E 13 19 18 1D 77 0C 1F 1E 72 78	I believe my father had a good reason for his actions,but....
0730	39	10	03	9553	7470	7688	3D 19 1F 00 0B 1C 0F 00 21 13 1A 13 18 11 00 19 1F 1E 00 1E 12 0F 00 17 19 18 1D 1E 0F 1C 1D 6D 00 2D 00 0B 0E 17 13 1C 0F 00 23 19 1F 6E	You are wiping out the monsters? I admire you!
0731	39	11	03	9553	7688	8035	2D 6B 17 00 34 19 0D 19 1D 6C 4F 3D 19 1F 00 0D 0B 18 00 12 0B 20 0F 00 0B 00 1D 1E 1C 0B 18 11 0F 00 0E 1C 0F 0B 17 00 0B 1E 00 17 23 00 13 18 18 6E 00 2D 1D 18 6B 1E 00 1E 12 0B 1E 00 0F 22 0D 13 1E 13 18 11 6D	I'm Pocos.'<4F>You can have a strange dream at my inn! Isn't that exciting?
0732	39	12	03	9553	8035	9102	2B 0B 1C 0E 0F 18 0C 1F 1C 00 27 0B 1D 1E 16 0F 00 13 1D 00 1D 1F 1C 1C 19 1F 18 0E 0F 0E 00 0C 23 00 1C 19 0D 15 23 00 17 19 1F 18 1E 0B 13 18 1D 78 38 12 0F 1C 0F 00 1F 1D 0F 0E 00 1E 19 00 0C 0F 00 0B 00 0D 0B 20 0F 00 21 12 13 0D 12 00 16 0F 0E 00 1E 12 1C 19 1F 11 12 00 1E 12 0F 00 17 19 1F 18 1E 0B 13 18 1D 6C 4F 25 00 20 19 16 0D 0B 18 13 0D 00 0F 1C 1F 1A 1E 13 19 18 00 0C 16 19 0D 15 0F 0E 00 1E 12 0F 00 0D 0B 20 0F 00 21 13 1E 12 00 16 0B 20 0B 6C 4F 38 12 0F 00 31 0B 11 17 0B 00 37 1E 0B 10 10 00 17 13 11 12 1E 00 0C 0F 00 0B 0C 16 0F 00 1E 19 00 17 0F 16 1E 00 0B 00 1A 0B 1E 12 21 0B 23 00 1E 12 1C 19 1F 11 12 00 1E 12 0F 00 17 19 1F 18 1E 0B 13 18 1D 72 78	Gardenbur Castle is surrounded by rocky mountains.There used to be a cave which led through the mountains.'<4F>A volcanic eruption blocked the cave with lava.'<4F>The Magma Staff might be able to melt a pathway through the mountains....
0733	39	13	03	9553	9102	9245	3B 0F 16 0D 19 17 0F 00 1E 19 00 2B 0B 1C 0E 0F 18 0C 1F 1C 00 27 0B 1D 1E 16 0F 78	Welcome to Gardenbur Castle.
0734	39	14	03	9553	9245	9572	33 18 16 23 00 21 19 17 0F 18 00 16 13 20 0F 00 13 18 00 1E 12 13 1D 00 27 0B 1D 1E 16 0F 78 33 1F 1C 00 35 1F 0F 0F 18 00 13 1D 00 0B 00 20 0F 1C 23 00 0C 0F 0B 1F 1E 13 10 1F 16 00 21 19 17 0B 18 78	Only women live in this Castle.Our Queen is a very beautiful woman.
0735	39	15	03	9553	9572	9702	3B 0F 00 11 1F 0B 1C 0E 00 0B 1D 00 21 0F 16 16 00 0B 1D 00 0B 18 23 00 17 0F 18 6E	We guard as well as any men!
0736	39	16	03	9553	9702	10268	2D 00 12 0B 20 0F 18 6B 1E 00 0C 0F 0F 18 00 0B 0C 16 0F 00 1E 19 00 16 0F 0B 20 0F 00 1D 13 18 0D 0F 00 1E 12 0F 00 20 19 16 0D 0B 18 13 0D 00 0F 1C 1F 1A 1E 13 19 18 72 6C 4F 3B 12 0B 1E 6D 00 25 00 1A 0B 1D 1D 0B 11 0F 00 13 1D 00 18 19 21 00 19 1A 0F 18 6D 00 2C 17 17 72 1D 12 19 1F 16 0E 00 2D 00 0C 0F 00 12 0B 1A 1A 23 00 19 1C 00 21 12 0B 1E 6D	I haven't been able to leave since the volcanic eruption....'<4F>What? A passage is now open? Hmm...should I be happy or what?
0737	39	17	03	9553	10268	10555	25 12 0B 6E 00 38 1C 0B 20 0F 16 0F 1C 1D 6E 6A 4F 25 00 1A 0B 1D 1D 0B 11 0F 00 17 1F 1D 1E 00 0C 0F 00 19 1A 0F 18 00 18 19 21 78 38 12 0B 1E 6B 1D 00 11 19 19 0E 78	Aha! Travelers!'<4F>A passage must be open now.That's good.
0738	39	18	03	9553	10555	10830	38 12 0F 00 1C 1F 17 19 1C 00 13 1D 00 1E 12 0B 1E 00 1E 12 0F 00 36 1F 16 0F 1C 00 19 10 00 29 20 13 16 00 21 13 16 16 00 1C 0F 1D 1F 1C 1C 0F 0D 1E 00 0B 1E 00 16 0B 1D 1E 78	The rumor is that the Ruler of Evil will resurrect at last.
0739	39	19	03	9553	10830	11206	38 12 0F 00 36 1F 16 0F 1C 00 19 10 00 29 20 13 16 00 17 1F 1D 1E 00 0C 0F 00 17 0B 16 0F 78 2D 10 00 2D 6B 17 00 1C 13 11 12 1E 77 12 0F 00 17 0B 23 00 12 0B 20 0F 00 0B 00 21 0F 0B 15 18 0F 1D 1D 00 10 19 1C 00 11 13 1C 16 1D 78	The Ruler of Evil must be male.If I'm right,he may have a weakness for girls.
073A	39	1A	03	9553	11206	11412	2D 00 1A 1C 0F 10 0F 1C 00 0B 00 1D 1E 1C 19 18 11 00 17 0B 18 77 18 19 00 17 0B 1E 1E 0F 1C 00 12 19 21 00 12 0F 00 16 19 19 15 1D 78	I prefer a strong man,no matter how he looks.
073B	39	1B	03	9553	11412	11852	38 12 13 1D 00 13 1D 00 1E 12 0F 00 35 1F 0F 0F 18 6B 1D 00 0E 1C 0F 1D 1D 13 18 11 00 1C 19 19 17 6C 4F 28 19 18 6B 1E 00 1E 19 1F 0D 12 00 1E 12 19 1D 0F 00 0C 0F 0B 1F 1E 13 10 1F 16 00 0E 1C 0F 1D 1D 0F 1D 00 21 13 1E 12 00 23 19 1F 1C 00 0E 13 1C 1E 23 00 12 0B 18 0E 1D 6E	This is the Queen's dressing room.'<4F>Don't touch those beautiful dresses with your dirty hands!
073C	39	1C	03	9553	11852	12633	38 12 0F 00 35 1F 0F 0F 18 00 1D 1A 0F 0B 15 1D 00 12 0B 1C 1D 12 16 23 77 0C 1F 1E 00 1D 12 0F 6B 1D 00 0B 0D 1E 1F 0B 16 16 23 00 1E 0F 18 0E 0F 1C 00 12 0F 0B 1C 1E 0F 0E 6C 4F 37 12 0F 00 21 19 1F 16 0E 00 12 0B 20 0F 00 0F 18 14 19 23 0F 0E 00 0B 00 0D 19 17 17 19 18 0F 1C 6B 1D 00 16 13 10 0F 00 13 10 00 1D 12 0F 00 12 0B 0E 18 6B 1E 00 0C 0F 0F 18 00 0C 19 1C 18 00 13 18 1E 19 00 1E 12 0F 00 1C 19 23 0B 16 00 10 0B 17 13 16 23 78 2D 00 10 0F 0F 16 00 1D 19 1C 1C 23 00 10 19 1C 00 12 0F 1C 78	The Queen speaks harshly,but she's actually tender hearted.'<4F>She would have enjoyed a commoner's life if she hadn't been born into the royal family.I feel sorry for her.
073D	39	1D	03	9553	12633	13274	38 12 13 1D 00 13 1D 00 0B 18 00 19 16 0E 00 1D 1E 19 1C 23 78 3B 12 0F 18 00 1E 12 0F 00 35 1F 0F 0F 18 6B 1D 00 11 1C 0B 18 0E 17 19 1E 12 0F 1C 00 21 0B 1D 00 23 19 1F 18 11 72 6A 4F 1D 12 0F 00 1C 0F 0D 0F 13 20 0F 0E 00 1D 19 17 0F 1E 12 13 18 11 00 0D 0B 16 16 0F 0E 00 1E 12 0F 00 3E 0F 18 13 1E 12 13 0B 18 00 37 12 13 0F 16 0E 00 10 1C 19 17 00 26 1F 1C 16 0B 18 0E 6B 1D 00 2F 13 18 11 78	This is an old story.When the Queen's grandmother was young...'<4F>she received something called the Zenithian Shield from Burland's King.
073E	39	1E	03	9553	13274	14645	2D 6B 17 00 1D 1E 1F 0E 23 13 18 11 00 1E 12 0F 00 1C 1F 17 19 1C 1D 00 1C 0F 16 0B 1E 0F 0E 00 1E 19 00 1E 12 0F 00 36 1F 16 0F 1C 00 19 10 00 29 20 13 16 6C 4F 38 12 0F 00 1C 0F 1D 1F 1C 1C 0F 0D 1E 13 19 18 00 19 10 00 1E 12 0F 00 36 1F 16 0F 1C 00 19 10 00 29 20 13 16 72 1E 12 0F 00 1A 1C 19 1A 12 0F 0D 23 00 19 10 00 1E 12 0F 00 17 0B 1E 1F 1C 13 18 11 00 2C 0F 1C 19 00 21 12 19 00 1D 12 0B 16 16 00 0E 0F 10 0F 0B 1E 00 12 13 17 72 6A 4F 31 0B 1D 1E 0F 1C 00 28 1C 0B 11 19 18 00 13 18 00 3E 0F 18 13 1E 12 13 0B 72 6A 4F 0B 18 0E 00 1E 12 0F 00 0C 0B 0C 23 00 0C 19 1C 18 00 1E 19 00 0B 00 0D 0F 16 0F 1D 1E 13 0B 16 00 18 23 17 1A 12 00 13 18 00 26 1C 0B 18 0D 0B 72 6C 4F 2D 6B 17 00 0C 0F 11 13 18 18 13 18 11 00 1E 19 00 1F 18 0E 0F 1C 1D 1E 0B 18 0E 00 1E 12 0F 00 17 0F 0B 18 13 18 11 00 19 10 00 0B 16 16 00 1E 12 0F 1D 0F 00 1D 1E 19 1C 13 0F 1D 72 78	I'm studying the rumors related to the Ruler of Evil.'<4F>The resurrection of the Ruler of Evil...the prophecy of the maturing Hero who shall defeat him...'<4F>Master Dragon in Zenithia...'<4F>and the baby born to a celestial nymph in Branca....'<4F>I'm beginning to understand the meaning of all these stories....
073F	39	1F	03	9553	14645	14837	26 0F 16 13 0F 20 0F 00 17 0F 6E 00 2D 00 12 0B 20 0F 18 6B 1E 00 1D 1E 19 16 0F 18 00 0B 18 23 00 0D 16 19 1E 12 0F 1D 6E	Believe me! I haven't stolen any clothes!
0740	3A	00	03	9C92	0	250	2D 00 0D 0B 18 6B 1E 00 1E 0F 16 16 00 0B 18 23 19 18 0F 00 2D 00 16 19 1D 1E 00 0B 00 10 13 11 12 1E 00 1E 19 00 0B 00 21 19 17 0B 18 00 1D 19 16 0E 13 0F 1C 72 78	I can't tell anyone I lost a fight to a woman soldier....
0741	3A	01	03	9C92	250	449	38 12 13 1D 00 13 1D 00 36 19 1D 0B 20 13 16 16 0F 00 21 12 0F 1C 0F 00 21 0F 00 28 21 0B 1C 20 0F 1D 00 16 13 20 0F 78	This is Rosaville where we Dwarves live.
0742	3A	02	03	9C92	449	853	37 19 17 0F 00 1E 13 17 0F 00 0B 11 19 77 0B 18 00 19 16 0E 00 17 0B 18 00 0D 0B 17 0F 00 0B 18 0E 00 19 1A 0F 18 0F 0E 00 0B 00 1D 12 19 1A 6C 4F 2C 1F 17 0B 18 1D 00 1D 1F 1C 0F 00 15 18 19 21 00 12 19 21 00 1E 19 00 1C 1F 18 00 0B 00 0C 1F 1D 13 18 0F 1D 1D 78	Some time ago,an old man came and opened a shop.'<4F>Humans sure know how to run a business.
0743	3A	03	03	9C92	853	1578	25 18 00 0F 16 10 00 0D 0B 16 16 0F 0E 00 36 19 1D 0B 00 1F 1D 0F 0E 00 1E 19 00 16 13 20 0F 00 13 18 00 1E 12 13 1D 00 20 13 16 16 0B 11 0F 6C 4F 2C 0F 1C 00 1E 0F 0B 1C 0E 1C 19 1A 1D 00 1E 1F 1C 18 0F 0E 00 13 18 1E 19 00 1C 1F 0C 13 0F 1D 6C 4F 37 19 17 0F 00 12 1F 17 0B 18 1D 00 0C 0F 11 0B 18 00 1E 1C 0F 0B 1E 13 18 11 00 12 0F 1C 00 0C 0B 0E 16 23 00 13 18 00 19 1C 0E 0F 1C 00 1E 19 00 17 0B 15 0F 00 12 0F 1C 00 0D 1C 23 00 0B 16 16 00 1E 12 0F 00 1E 13 17 0F 78	An elf called Rosa used to live in this village.'<4F>Her teardrops turned into rubies.'<4F>Some humans began treating her badly in order to make her cry all the time.
0744	3A	04	03	9C92	1578	1996	37 19 0C 72 37 19 0C 72 34 19 19 1C 00 36 19 1D 0B 6C 4F 2D 10 00 37 0B 1C 19 00 12 0B 0E 18 6B 1E 00 1C 0F 1D 0D 1F 0F 0E 00 12 0F 1C 77 1E 12 0F 00 12 1F 17 0B 18 1D 00 21 19 1F 16 0E 00 12 0B 20 0F 00 0E 0F 20 0B 1D 1E 0B 1E 0F 0E 00 12 0F 1C 78	Sob...Sob...Poor Rosa.'<4F>If Saro hadn't rescued her,the humans would have devastated her.
0745	3A	05	03	9C92	1996	2448	2D 00 0D 0B 17 0F 00 12 0F 1C 0F 00 1D 0F 0B 1C 0D 12 13 18 11 00 10 19 1C 00 0B 18 00 0F 16 10 00 21 12 19 00 1D 12 0F 0E 1D 00 1C 1F 0C 23 00 1E 0F 0B 1C 0E 1C 19 1A 1D 6C 4F 2D 6B 16 16 00 0C 0F 00 1C 13 0D 12 00 13 10 00 2D 00 0D 0B 18 00 0D 0B 1A 1E 1F 1C 0F 00 1E 12 0F 00 0F 16 10 6E	I came here searching for an elf who sheds ruby teardrops.'<4F>I'll be rich if I can capture the elf!
0746	3A	06	03	9C92	2448	2832	38 12 13 1D 00 13 1D 00 0B 00 1A 16 0B 0D 0F 00 10 19 1C 00 28 21 0B 1C 20 0F 1D 00 0B 18 0E 00 0B 18 13 17 0B 16 1D 6C 4F 3D 19 1F 00 12 1F 17 0B 18 1D 00 0B 1C 0F 00 18 19 1E 00 21 0F 16 0D 19 17 0F 78 34 16 0F 0B 1D 0F 00 16 0F 0B 20 0F 78	This is a place for Dwarves and animals.'<4F>You humans are not welcome.Please leave.
0747	3A	07	03	9C92	2832	3193	3B 13 16 16 00 1E 12 0F 00 36 1F 16 0F 1C 00 19 10 00 29 20 13 16 00 0E 0F 1D 1E 1C 19 23 00 1F 1D 00 28 21 0B 1C 20 0F 1D 00 13 10 00 12 0F 00 1C 0F 1D 1F 1C 1C 0F 0D 1E 1D 6D 00 2D 6B 17 00 21 19 1C 1C 13 0F 0E 72 78	Will the Ruler of Evil destroy us Dwarves if he resurrects? I'm worried....
0748	3A	08	03	9C92	3193	3457	32 0F 13 11 12 6E 00 28 19 18 6B 1E 00 21 19 1C 1C 23 78 37 0B 1C 19 00 21 13 16 16 00 1E 0B 15 0F 00 0D 0B 1C 0F 00 19 10 00 13 1E 78 32 0F 13 11 12 6E	Neigh! Don't worry.Saro will take care of it.Neigh!
0749	3A	09	03	9C92	3457	3749	26 19 21 77 3B 19 21 6E 00 37 0B 1C 19 00 17 0B 0E 0F 00 17 0F 00 1D 17 0B 1C 1E 0F 1C 6C 4F 2D 00 0D 0B 18 00 1D 1A 0F 0B 15 00 17 0B 18 6B 1D 00 16 0B 18 11 1F 0B 11 0F 6E	Bow,Wow! Saro made me smarter.'<4F>I can speak man's language!
074A	3A	0A	03	9C92	3749	4074	31 0F 19 21 72 31 0F 19 21 72 2D 00 12 0B 20 0F 00 1E 19 00 1E 12 0B 18 15 00 37 0B 1C 19 6C 4F 38 12 0F 00 37 0F 0D 1C 0F 1E 00 19 10 00 29 20 19 16 1F 1E 13 19 18 00 13 1D 00 18 13 0D 0F 6E	Meow...Meow...I have to thank Saro.'<4F>The Secret of Evolution is nice!
074B	3A	0B	03	9C92	4074	4664	37 0B 1C 19 00 17 0B 0E 0F 00 1E 12 13 1D 00 1E 19 21 0F 1C 6C 4F 38 12 0F 23 00 1D 0B 23 00 12 0F 00 12 0B 0E 00 0B 00 1D 0F 0D 1C 0F 1E 00 0D 12 0B 17 0C 0F 1C 00 0C 1F 13 16 1E 00 1D 19 17 0F 21 12 0F 1C 0F 00 13 18 1D 13 0E 0F 00 13 1E 72 6A 4F 0B 18 0E 00 12 0B 1D 00 0C 0F 0F 18 00 12 13 0E 13 18 11 00 1D 19 17 0F 1E 12 13 18 11 00 1A 1C 0F 0D 13 19 1F 1D 00 1E 12 0F 1C 0F 78	Saro made this tower.'<4F>They say he had a secret chamber built somewhere inside it...'<4F>and has been hiding something precious there.
074C	3A	0C	03	9C92	4664	6469	38 12 0F 00 21 19 1C 16 0E 00 13 1D 00 0B 0C 19 1F 1E 00 1E 19 00 0C 0F 00 19 0C 16 13 1E 0F 1C 0B 1E 0F 0E 00 0C 23 00 1E 12 0F 00 17 19 18 1D 1E 0F 1C 1D 6C 4F 38 12 0F 00 1C 1F 16 0F 1C 00 19 10 00 1E 12 0F 00 17 19 18 1D 1E 0F 1C 1D 00 13 1D 00 37 0B 1C 19 6C 4F 2C 0F 6B 1D 00 1C 0F 18 0B 17 0F 0E 00 12 13 17 1D 0F 16 10 00 32 0F 0D 1C 19 1D 0B 1C 19 00 0B 18 0E 00 13 18 1E 0F 18 0E 1D 00 1E 19 00 1F 1D 0F 00 1E 12 0F 00 37 0F 0D 1C 0F 1E 00 19 10 00 29 20 19 16 1F 1E 13 19 18 00 1E 19 00 0C 0F 0D 19 17 0F 00 0F 20 0F 18 00 17 19 1C 0F 00 10 19 1C 17 13 0E 0B 0C 16 0F 6C 4F 34 16 0F 0B 1D 0F 77 1D 1E 19 1A 00 37 0B 1C 19 72 18 19 00 32 0F 0D 1C 19 1D 0B 1C 19 6C 4F 2D 00 0E 19 18 6B 1E 00 21 0B 18 1E 00 12 13 17 00 1E 19 00 0D 19 18 1E 13 18 1F 0F 00 19 18 00 1E 12 13 1D 00 0F 20 13 16 00 1A 0B 1E 12 72 6A 4F 0F 20 0F 18 00 13 10 00 13 1E 00 17 0F 0B 18 1D 00 0F 18 0E 13 18 11 00 12 13 1D 00 16 13 10 0F 72 37 19 0C 72 37 19 0C 72 6A 44 49 00 19 0C 1E 0B 13 18 1D 00 36 1F 0C 23 00 38 0F 0B 1C 0E 1C 19 1A 1D 6E 44 2C 19 21 0F 20 0F 1C 77 1E 12 0F 23 00 0D 1C 1F 17 0C 16 0F 00 1D 13 16 0F 18 1E 16 23 00 0B 21 0B 23 72 78	The world is about to be obliterated by the monsters.'<4F>The ruler of the monsters is Saro.'<4F>He's renamed himself Necrosaro and intends to use the Secret of Evolution to become even more formidable.'<4F>Please,stop Saro...no Necrosaro.'<4F>I don't want him to continue on this evil path...'<4F>even if it means ending his life...Sob...Sob...'<44><49> obtains Ruby Teardrops!<44>However,they crumble silently away....
074D	3A	0D	03	9C92	6469	6668	38 12 13 1D 00 13 1D 00 28 13 1C 0F 00 34 0B 16 0B 0D 0F 77 1E 12 0F 00 17 19 18 1D 1E 0F 1C 1D 6B 00 0D 0B 1D 1E 16 0F 6E	This is Dire Palace,the monsters' castle!
074E	3A	0E	03	9C92	6668	7139	34 19 19 1C 00 12 1F 17 0B 18 1D 6E 00 3B 13 1E 12 19 1F 1E 00 21 13 18 11 1D 77 1E 12 0F 23 00 0D 0B 18 6B 1E 00 10 16 23 6E 6A 4F 26 1F 1E 00 2D 00 12 0F 0B 1C 00 1E 12 0F 23 00 1F 1D 0F 0E 00 1E 19 00 10 16 23 00 13 18 00 1E 12 13 18 11 1D 00 0D 0B 16 16 0F 0E 00 0C 0B 16 16 19 19 18 1D 78	Poor humans! Without wings,they can't fly!'<4F>But I hear they used to fly in things called balloons.
074F	3A	0F	03	9C92	7139	7675	32 0F 0D 1C 19 1D 0B 1C 19 6B 1D 00 0C 0F 0F 18 00 0C 1F 1D 13 16 23 00 1E 1C 0B 20 0F 16 13 18 11 00 0B 16 16 00 19 20 0F 1C 00 1E 12 0F 00 21 19 1C 16 0E 00 16 0B 1E 0F 16 23 6C 4F 38 12 0F 00 0E 0B 23 00 21 0F 00 1E 0B 15 0F 00 19 20 0F 1C 00 1E 12 0F 00 21 19 1C 16 0E 00 10 1C 19 17 00 17 0B 18 15 13 18 0E 00 1D 0F 0F 17 1D 00 18 0F 0B 1C 78	Necrosaro's been busily traveling all over the world lately.'<4F>The day we take over the world from mankind seems near.
0750	3A	10	03	9C92	7675	8156	3B 12 0B 1E 00 0B 1C 0F 00 23 19 1F 00 0E 19 13 18 11 00 12 0F 1C 0F 6D 6A 4F 3D 19 1F 6B 16 16 00 0C 0F 00 16 0B 1E 0F 00 10 19 1C 00 1E 12 0F 00 17 0F 0F 1E 13 18 11 6C 4F 2C 1F 1C 1C 23 00 1E 19 00 1E 12 0F 00 17 0F 0F 1E 13 18 11 00 1C 19 19 17 00 19 18 00 1E 12 0F 00 1D 0F 0D 19 18 0E 00 10 16 19 19 1C 78	What are you doing here?'<4F>You'll be late for the meeting.'<4F>Hurry to the meeting room on the second floor.
0751	3A	11	03	9C92	8156	8317	37 18 13 10 10 72 37 18 13 10 10 72 2D 00 1D 17 0F 16 16 00 12 1F 17 0B 18 1D 72 78	Sniff...Sniff...I smell humans....
0752	3A	12	03	9C92	8317	8533	2C 1F 10 10 72 2C 1F 10 10 72 2D 6B 16 16 00 0C 0F 0D 19 17 0F 00 1E 12 13 18 00 0C 23 00 1C 1F 18 18 13 18 11 72 78	Huff...Huff...I'll become thin by running....
0753	3A	13	03	9C92	8533	8718	2D 6B 17 00 1E 12 13 18 00 1D 19 00 2D 6B 16 16 00 0C 0F 00 1E 12 0F 00 16 0B 1D 1E 00 1E 19 00 0C 0F 00 0F 0B 1E 0F 18 78	I'm thin so I'll be the last to be eaten.
0754	3A	14	03	9C92	8718	9003	2D 00 0E 19 18 6B 1E 00 0D 0B 1C 0F 00 21 12 0B 1E 00 12 0B 1A 1A 0F 18 1D 00 1E 19 00 19 1E 12 0F 1C 1D 6E 6A 4F 25 1D 00 16 19 18 11 00 0B 1D 00 2D 00 1D 1F 1C 20 13 20 0F 6E	I don't care what happens to others!'<4F>As long as I survive!
0755	3A	15	03	9C92	9003	9379	3B 12 0B 1E 00 0B 1C 0F 00 23 19 1F 00 0E 19 13 18 11 00 1E 12 0F 1C 0F 6D 00 2B 0F 1E 00 13 18 00 1B 1F 13 0D 15 16 23 6E 6A 4F 32 0F 0D 1C 19 1D 0B 1C 19 00 21 13 16 16 00 0C 0F 00 12 0F 1C 0F 00 0B 18 23 00 17 13 18 1F 1E 0F 78	What are you doing there? Get in quickly!'<4F>Necrosaro will be here any minute.
0756	3A	16	03	9C92	9379	9760	3D 19 1F 1C 00 1D 0F 0B 1E 00 13 1D 00 0C 0F 12 13 18 0E 00 17 13 18 0F 6C 4F 37 0B 23 00 12 0F 16 16 19 00 1E 19 00 0F 20 0F 1C 23 19 18 0F 77 1E 12 0F 18 00 1D 13 1E 00 13 18 00 23 19 1F 1C 00 1D 0F 0B 1E 00 0B 18 0E 00 0C 0F 00 1B 1F 13 0F 1E 78	Your seat is behind mine.'<4F>Say hello to everyone,then sit in your seat and be quiet.
0757	3A	17	03	9C92	9760	10135	2C 17 17 72 0D 19 1F 16 0E 00 13 1E 00 0C 0F 00 1A 19 1D 1D 13 0C 16 0F 00 1E 12 0B 1E 00 1E 12 0F 00 2C 0F 1C 19 77 21 12 19 00 21 0F 00 1E 12 19 1F 11 12 1E 00 21 0F 6B 0E 00 0E 0F 1D 1E 1C 19 23 0F 0E 77 13 1D 00 0B 16 13 20 0F 6D	Hmm...could it be possible that the Hero,who we thought we'd destroyed,is alive?
0758	3A	18	03	9C92	10135	10346	31 0B 23 0C 0F 00 1E 12 0F 00 37 0F 0D 1C 0F 1E 00 19 10 00 29 20 19 16 1F 1E 13 19 18 00 13 1D 00 1A 0F 1C 10 0F 0D 1E 0F 0E 78	Maybe the Secret of Evolution is perfected.
0759	3A	19	03	9C92	10346	11066	30 19 18 11 00 0B 11 19 77 29 1D 1E 1F 1C 15 77 1E 12 0F 00 36 1F 16 0F 1C 00 19 10 00 29 20 13 16 77 1C 0F 0B 0D 12 0F 0E 00 1E 12 0F 00 10 13 18 0B 16 00 1A 12 0B 1D 0F 00 19 10 00 0F 20 19 16 1F 1E 13 19 18 6C 4F 2A 0F 0B 1C 13 18 11 00 12 13 1D 00 10 19 1C 17 13 0E 0B 0C 16 0F 00 1A 19 21 0F 1C 77 1E 12 0F 00 0D 0F 16 0F 1D 1E 13 0B 16 00 17 0B 1D 1E 0F 1C 00 13 17 1A 1C 13 1D 19 18 0F 0E 00 12 13 17 00 1F 18 0E 0F 1C 11 1C 19 1F 18 0E 78	Long ago,Esturk,the Ruler of Evil,reached the final phase of evolution.'<4F>Fearing his formidable power,the celestial master imprisoned him underground.
075A	3A	1A	03	9C92	11066	12316	37 0B 18 1E 0F 0F 17 6B 1D 00 2F 13 18 11 00 13 1D 00 1F 18 16 1F 0D 15 23 6E 6A 4F 2C 13 1D 00 0E 1C 0F 0B 17 00 1C 0F 20 0F 0B 16 0F 0E 00 1E 12 0B 1E 00 17 0F 18 00 21 19 1F 16 0E 00 13 18 0B 0E 20 0F 1C 1E 0F 18 1E 16 23 00 0B 13 0E 00 29 1D 1E 1F 1C 15 6B 1D 00 1C 0F 1D 1F 1C 1C 0F 0D 1E 13 19 18 72 6A 4F 0B 18 0E 00 12 0F 00 1E 1C 13 0F 0E 00 1E 19 00 1D 1E 19 1A 00 1E 12 0F 00 0F 22 0D 0B 20 0B 1E 13 19 18 00 0B 1E 00 25 15 1E 0F 17 1E 19 78 38 12 0B 1E 6B 1D 00 1A 1C 19 0C 0B 0C 16 23 00 21 12 23 00 12 0F 00 21 0B 1D 00 0D 1C 1F 1D 12 0F 0E 00 0C 23 00 1E 12 0F 00 0F 20 13 16 00 10 19 1C 0D 0F 6C 4F 29 20 0F 18 00 21 0F 00 17 19 18 1D 1E 0F 1C 1D 00 0E 13 0E 18 6B 1E 00 11 1F 0F 1D 1D 00 29 1D 1E 1F 1C 15 00 21 0B 1D 00 13 17 1A 1C 13 1D 19 18 0F 0E 00 1E 12 0F 1C 0F 78	Santeem's King is unlucky!'<4F>His dream revealed that men would inadvertently aid Esturk's resurrection...'<4F>and he tried to stop the excavation at Aktemto.That's probably why he was crushed by the evil force.'<4F>Even we monsters didn't guess Esturk was imprisoned there.
075B	3A	1B	03	9C92	12316	12537	2C 0F 77 2C 0F 77 2C 0F 6E 00 38 19 0E 0B 23 6B 1D 00 17 0B 13 18 00 0E 13 1D 12 00 13 1D 00 2C 1F 17 0B 18 00 37 1E 0F 21 78	He,He,He! Today's main dish is Human Stew.
075C	3A	1C	03	9C92	12537	12612	2D 6B 17 00 12 1F 18 11 1C 23 72 78	I'm hungry....
075D	3A	1D	03	9C92	12612	12954	2C 17 17 72 2D 00 1D 1E 13 16 16 00 0E 19 18 6B 1E 00 11 0F 1E 00 13 1E 78 3B 12 0F 1C 0F 00 0E 19 0F 1D 00 1E 12 0F 00 10 19 19 0E 00 11 19 00 21 12 0F 18 00 1D 15 0F 16 0F 1E 19 18 00 17 19 18 1D 1E 0F 1C 1D 00 0F 0B 1E 6D	Hmm...I still don't get it.Where does the food go when skeleton monsters eat?
075E	3A	1E	03	9C92	12954	13491	31 23 00 0D 19 6F 21 19 1C 15 0F 1C 1D 00 1D 1E 1C 1F 0D 15 00 1F 1A 19 18 00 1D 19 17 0F 1E 12 13 18 11 00 0F 22 1E 1C 0B 19 1C 0E 13 18 0B 1C 23 6E 6A 4F 26 1F 1E 00 17 19 18 1D 1E 0F 1C 1D 00 1D 1F 0E 0E 0F 18 16 23 00 1C 0B 13 0E 0F 0E 00 1E 12 0F 00 17 13 18 0F 00 0B 18 0E 72 27 19 1F 11 12 72 27 19 1F 11 12 72	My co-workers struck upon something extraordinary!'<4F>But monsters suddenly raided the mine and...Cough...Cough...
075F	3A	1F	03	9C92	13491	13623	33 12 77 17 23 72 78 38 12 0F 00 0F 18 0E 00 12 0B 1D 00 0D 19 17 0F 6E	Oh,my....The end has come!
0760	3B	00	03	A339	0	359	38 12 13 1D 00 13 1D 00 25 15 1E 0F 17 1E 19 77 0B 00 17 13 18 13 18 11 00 1E 19 21 18 78 25 0D 1E 1F 0B 16 16 23 77 13 1E 00 1F 1D 0F 0E 00 1E 19 00 0C 0F 72 78 3D 19 1F 6B 0E 00 0C 0F 1E 1E 0F 1C 00 10 16 0F 0F 6E	This is Aktemto,a mining town.Actually,it used to be....You'd better flee!
0761	3B	01	03	A339	359	538	31 19 18 1D 1E 0F 1C 1D 6E 00 31 19 18 1D 1E 0F 1C 1D 00 0B 1C 0F 00 0D 19 17 13 18 11 6E 00 2C 0F 16 1A 6E	Monsters! Monsters are coming! Help!
0762	3B	02	03	A339	538	708	28 0B 1C 18 6E 00 38 12 13 1D 00 13 1D 00 0B 00 17 0B 24 0F 6E 00 2D 6B 17 00 16 19 1D 1E 72 78	Darn! This is a maze! I'm lost....
0763	3B	03	03	A339	708	924	2F 13 13 13 6E 00 2C 0B 20 0F 00 1E 19 00 10 13 18 0E 00 29 1D 1E 1F 1C 15 00 1E 12 0F 00 2B 1C 0F 0B 1E 00 0B 1E 00 19 18 0D 0F 78	Kiii! Have to find Esturk the Great at once.
0764	3B	04	03	A339	924	1186	2A 13 18 0B 16 16 23 6E 00 2D 6B 20 0F 00 1D 1E 1C 1F 0D 15 00 1F 1A 19 18 00 0B 00 12 19 0B 1C 0E 00 19 10 00 1E 1C 0F 0B 1D 1F 1C 0F 6E 00 2B 0B 1D 1A 6E	Finally! I've struck upon a hoard of treasure! Gasp!
0765	3B	05	03	A339	1186	1709	3B 0F 6B 1C 0F 00 29 1D 1E 1F 1C 15 00 1E 12 0F 00 2B 1C 0F 0B 1E 6B 1D 00 1D 0F 1C 20 0B 18 1E 1D 78 3B 0F 6B 20 0F 00 16 13 20 0F 0E 00 10 19 1C 00 0F 19 18 1D 6C 4F 2C 0F 00 17 0B 0E 0F 00 1F 1D 00 13 17 17 19 1C 1E 0B 16 6C 4F 25 1D 00 16 19 18 11 00 0B 1D 00 12 0F 00 16 13 20 0F 1D 77 1D 19 00 1D 12 0B 16 16 00 21 0F 6E	We're Esturk the Great's servants.We've lived for eons.'<4F>He made us immortal.'<4F>As long as he lives,so shall we!
0766	3B	06	03	A339	1709	1891	3B 0F 16 0D 19 17 0F 00 1E 19 00 36 13 20 0F 1C 1E 19 18 77 0B 00 1C 13 20 0F 1C 1D 13 0E 0F 00 1E 19 21 18 78	Welcome to Riverton,a riverside town.
0767	3B	07	03	A339	1891	2556	30 19 18 11 00 0B 11 19 77 17 0F 18 00 10 16 0F 21 00 13 18 00 20 0F 1D 1D 0F 16 1D 6C 4F 2D 1E 6B 1D 00 1D 0B 13 0E 00 1E 12 0F 00 36 1F 16 0F 1C 00 19 10 00 29 20 13 16 00 1D 1E 19 16 0F 00 1E 12 0F 00 0F 1D 1D 0F 18 1E 13 0B 16 00 0D 19 17 1A 19 18 0F 18 1E 00 19 10 00 1E 12 0F 00 20 0F 1D 1D 0F 16 1D 6C 4F 2D 1E 00 21 0B 1D 00 1A 1C 19 0C 0B 0C 16 23 00 0C 1F 1C 13 0F 0E 00 0B 16 19 18 11 00 21 13 1E 12 00 12 13 17 78	Long ago,men flew in vessels.'<4F>It's said the Ruler of Evil stole the essential component of the vessels.'<4F>It was probably buried along with him.
0768	3B	08	03	A339	2556	2772	2D 00 1D 0B 21 00 13 1E 6E 6A 4F 38 12 0F 00 11 13 0B 18 1E 00 1D 1E 0B 1E 1F 0F 00 1F 1A 1D 1E 1C 0F 0B 17 00 21 0B 16 15 0F 0E 6E	I saw it!'<4F>The giant statue upstream walked!
0769	3B	09	03	A339	2772	3172	38 12 0F 23 00 1D 0B 23 00 1E 12 0F 00 17 19 18 1D 1E 0F 1C 1D 6B 00 0D 0B 1D 1E 16 0F 00 13 1D 00 19 18 00 1E 12 13 1D 00 13 1D 16 0B 18 0E 6C 4F 32 19 00 19 18 0F 00 12 0B 1D 00 0F 20 0F 1C 00 1C 0F 1E 1F 1C 18 0F 0E 00 10 1C 19 17 00 1E 12 0F 00 0D 0B 1D 1E 16 0F 78	They say the monsters' castle is on this island.'<4F>No one has ever returned from the castle.
076A	3B	0A	03	A339	3172	3348	4E 32 19 00 1C 0F 1D 1A 19 18 1D 0F 78 43 32 19 00 19 18 0F 00 1D 0F 0F 17 1D 00 1E 19 00 0C 0F 00 13 18 78	<4E>No response.<43>No one seems to be in.
076B	3B	0B	03	A339	3348	3535	31 23 00 12 1F 1D 0C 0B 18 0E 00 0E 19 0F 1D 18 6B 1E 00 16 13 1D 1E 0F 18 00 1E 19 00 17 23 00 1D 1E 19 1C 13 0F 1D 78	My husband doesn't listen to my stories.
076C	3B	0C	03	A339	3535	3753	38 12 13 1D 00 13 1D 00 2B 19 1E 1E 1D 13 0E 0F 77 1E 12 0F 00 0D 16 19 1D 0F 1D 1E 00 1E 19 21 18 00 1E 19 00 3E 0F 18 13 1E 12 13 0B 78	This is Gottside,the closest town to Zenithia.
076D	3B	0D	03	A339	3753	4273	29 1D 1E 1F 1C 15 00 21 12 19 00 0D 0B 17 0F 00 0C 0B 0D 15 00 1E 19 00 16 13 10 0F 00 21 0B 1D 00 0E 0F 1D 1E 1C 19 23 0F 0E 00 0C 23 00 1E 12 0F 00 2C 0F 1C 19 00 0B 1D 00 1A 1C 19 1A 12 0F 1D 13 0F 0E 6C 4F 26 1F 1E 00 1E 12 0F 00 18 0F 22 1E 00 29 1D 1E 1F 1C 15 00 13 1D 00 0B 0C 19 1F 1E 00 1E 19 00 0C 0F 00 0C 19 1C 18 6E	Esturk who came back to life was destroyed by the Hero as prophesied.'<4F>But the next Esturk is about to be born!
076E	3B	0E	03	A339	4273	4737	2D 1E 6B 1D 00 0B 18 00 0B 21 10 1F 16 00 1E 12 13 18 11 6E 6A 4F 38 12 0F 23 00 1D 0B 23 00 1E 12 0F 00 17 19 18 1D 1E 0F 1C 00 0D 0B 16 16 0F 0E 00 32 0F 0D 1C 19 1D 0B 1C 19 00 12 0B 1D 00 1A 0F 1C 10 0F 0D 1E 0F 0E 00 1E 12 0F 00 37 0F 0D 1C 0F 1E 00 19 10 00 29 20 19 16 1F 1E 13 19 18 78	It's an awful thing!'<4F>They say the monster called Necrosaro has perfected the Secret of Evolution.
076F	3B	0F	03	A339	4737	5138	25 0D 0D 19 1C 0E 13 18 11 00 1E 19 00 1C 1F 17 19 1C 1D 77 32 0F 0D 1C 19 1D 0B 1C 19 00 0C 0F 11 0B 18 00 1F 1D 13 18 11 00 1E 12 0F 00 37 0F 0D 1C 0F 1E 00 19 10 00 29 20 19 16 1F 1E 13 19 18 00 0E 0F 0F 1A 00 1F 18 0E 0F 1C 11 1C 19 1F 18 0E 78	According to rumors,Necrosaro began using the Secret of Evolution deep underground.
0770	3B	10	03	A339	5138	5639	2D 6B 17 00 0B 10 1C 0B 13 0E 6E 6A 4F 3B 13 1E 12 00 1E 12 0F 00 2B 19 16 0E 0F 18 00 26 1C 0B 0D 0F 16 0F 1E 77 1E 12 0F 00 37 0F 0D 1C 0F 1E 00 19 10 00 29 20 19 16 1F 1E 13 19 18 00 21 13 16 16 00 0C 0F 00 0F 20 0F 18 00 17 19 1C 0F 00 0E 0F 20 0B 1D 1E 0B 1E 13 18 11 00 1E 12 0B 18 00 0C 0F 10 19 1C 0F 78	I'm afraid!'<4F>With the Golden Bracelet,the Secret of Evolution will be even more devastating than before.
0771	3B	11	03	A339	5639	6154	2D 00 15 18 19 21 00 13 1E 6C 4F 33 18 16 23 00 12 0B 1E 1C 0F 0E 00 0E 1C 13 20 0F 1D 00 32 0F 0D 1C 19 1D 0B 1C 19 00 18 19 21 6C 4F 39 18 16 0F 1D 1D 00 1D 1E 19 1A 1A 0F 0E 00 18 19 21 77 12 0F 6B 16 16 00 0F 20 19 16 20 0F 00 13 18 1E 19 00 1E 12 0F 00 17 19 1D 1E 00 12 19 1C 1C 13 0C 16 0F 00 0C 0F 13 18 11 78	I know it.'<4F>Only hatred drives Necrosaro now.'<4F>Unless stopped now,he'll evolve into the most horrible being.
0772	3B	12	03	A339	6154	6884	2D 6B 17 00 0B 00 1A 1C 19 1A 12 0F 1E 6C 4F 38 12 0F 00 1A 1C 19 1A 12 0F 1D 23 00 1E 12 0B 1E 00 29 1D 1E 1F 1C 15 00 21 19 1F 16 0E 00 0D 19 17 0F 00 0C 0B 0D 15 00 1E 19 00 16 13 10 0F 00 0B 18 0E 00 0C 0F 00 0E 0F 1D 1E 1C 19 23 0F 0E 00 0C 23 00 1E 12 0F 00 2C 0F 1C 19 00 21 0B 1D 00 1E 1C 1F 0F 6C 4F 26 1F 1E 00 2D 00 15 18 19 21 00 19 10 00 18 19 00 1A 1C 19 1A 12 0F 1D 23 00 10 19 1C 00 1E 12 0F 00 10 1F 1E 1F 1C 0F 00 1E 12 0F 1C 0F 0B 10 1E 0F 1C 78	I'm a prophet.'<4F>The prophesy that Esturk would come back to life and be destroyed by the Hero was true.'<4F>But I know of no prophesy for the future thereafter.
0773	3B	13	03	A339	6884	7206	2D 00 12 0F 0B 1C 00 1E 12 0B 1E 00 1D 19 17 0F 21 12 0F 1C 0F 00 19 18 00 1E 12 13 1D 00 13 1D 16 0B 18 0E 00 1E 12 0F 1C 0F 6B 1D 00 0B 00 1E 19 21 0F 1C 00 16 0F 0B 0E 13 18 11 00 1E 19 00 3E 0F 18 13 1E 12 13 0B 78	I hear that somewhere on this island there's a tower leading to Zenithia.
0774	3B	14	03	A339	7206	7880	32 19 1E 00 0F 20 0F 1C 23 19 18 0F 00 21 12 19 00 0D 16 13 17 0C 1D 00 1E 12 0F 00 1E 19 21 0F 1C 00 1E 19 00 3E 0F 18 13 1E 12 13 0B 00 0D 0B 18 00 0F 18 1E 0F 1C 00 3E 0F 18 13 1E 12 13 0B 6C 4F 2D 1E 6B 1D 00 1D 0B 13 0E 00 19 18 16 23 00 1E 12 19 1D 0F 00 21 12 19 00 1A 19 1D 1D 0F 1D 1D 00 0B 16 16 00 19 10 00 1E 12 0F 00 3E 0F 18 13 1E 12 13 0B 18 00 21 0F 0B 1A 19 18 1D 00 0B 18 0E 00 0B 1C 17 19 1C 00 0D 0B 18 00 0F 18 1E 0F 1C 72 78	Not everyone who climbs the tower to Zenithia can enter Zenithia.'<4F>It's said only those who possess all of the Zenithian weapons and armor can enter....
0775	3B	15	03	A339	7880	8106	38 12 0F 00 1A 0F 1C 1D 19 18 00 1D 16 0F 0F 1A 13 18 11 00 1E 12 0F 1C 0F 00 10 0F 16 16 00 0E 19 21 18 00 10 1C 19 17 00 1E 12 0F 00 1D 15 23 78	The person sleeping there fell down from the sky.
0776	3B	16	03	A339	8106	8806	38 12 13 1D 00 13 1D 00 1E 12 0F 00 0D 16 19 1D 0F 1D 1E 00 13 1D 16 0B 18 0E 00 1E 19 00 3E 0F 18 13 1E 12 13 0B 6C 4F 26 1F 1E 00 13 1E 6B 1D 00 0B 16 1D 19 00 0D 16 19 1D 0F 00 1E 19 00 1E 12 0F 00 21 19 1C 16 0E 00 19 10 00 0E 0B 1C 15 18 0F 1D 1D 6C 4F 38 12 0F 1C 0F 6B 1D 00 0B 00 10 19 1C 17 13 0E 0B 0C 16 23 00 1A 0F 1C 13 16 19 1F 1D 00 0D 0B 20 0F 00 19 18 00 1E 12 0F 00 21 0F 1D 1E 00 1D 13 0E 0F 00 19 10 00 1E 12 13 1D 00 13 1D 16 0B 18 0E 78	This is the closest island to Zenithia.'<4F>But it's also close to the world of darkness.'<4F>There's a formidably perilous cave on the west side of this island.
0777	3B	17	03	A339	8806	8898	4E 32 19 00 19 18 0F 00 13 1D 00 13 18 1D 13 0E 0F 78	<4E>No one is inside.
0778	3B	18	03	A339	8898	8993	38 12 13 1D 00 13 1D 00 29 16 10 20 13 16 16 0F 78	This is Elfville.
0779	3B	19	03	A339	8993	9179	31 19 18 1D 1E 0F 1C 1D 00 0C 0F 11 0B 18 00 16 13 20 13 18 11 00 13 18 00 1E 12 0F 00 21 19 1C 16 0E 00 1E 1C 0F 0F 78	Monsters began living in the world tree.
077A	3B	1A	03	A339	9179	9456	26 0B 1C 15 77 26 0B 1C 15 6E 00 38 12 0F 00 11 13 0B 18 1E 00 1E 1C 0F 0F 00 13 18 00 1E 12 13 1D 00 20 13 16 16 0B 11 0F 00 13 1D 00 0B 00 21 19 1C 16 0E 00 1E 1C 0F 0F 78	Bark,Bark! The giant tree in this village is a world tree.
077B	3B	1B	03	A339	9456	9786	38 12 13 1D 00 21 19 1C 16 0E 00 1E 1C 0F 0F 00 12 0B 1D 00 17 0B 18 23 00 16 0F 0B 20 0F 1D 6C 4F 3D 19 1F 00 21 13 16 16 00 10 13 18 0E 00 1E 12 0F 00 16 0F 0B 20 0F 1D 00 20 0F 1C 23 00 1F 1D 0F 10 1F 16 78	This world tree has many leaves.'<4F>You will find the leaves very useful.
077C	3B	1C	03	A339	9786	10277	3D 19 1F 6B 1C 0F 00 0F 17 0C 0B 1C 15 13 18 11 00 19 18 00 0B 00 0E 13 10 10 13 0D 1F 16 1E 00 14 19 1F 1C 18 0F 23 77 0B 1C 0F 18 6B 1E 00 23 19 1F 6D 6A 4F 2D 00 0D 0B 16 16 0F 0E 00 23 19 1F 1C 00 21 0B 11 19 18 00 12 0F 1C 0F 00 21 13 1E 12 00 1E 12 0F 00 26 0B 1C 19 18 6B 1D 00 2C 19 1C 18 78	You're embarking on a difficult journey,aren't you?'<4F>I called your wagon here with the Baron's Horn.
077D	3B	1D	03	A339	10277	10510	27 1C 0B 0D 15 16 0F 72 27 1C 0B 0D 15 16 0F 72 78 28 19 18 6B 1E 00 1A 1C 19 0D 0F 0F 0E 00 0B 18 23 00 10 1F 1C 1E 12 0F 1C 6E	Crackle...Crackle....Don't proceed any further!
077E	3B	1E	03	A339	10510	11193	2D 1E 6B 1D 00 0C 0F 0F 18 00 0B 11 0F 1D 00 1D 13 18 0D 0F 00 1E 12 0F 00 16 0B 1D 1E 00 1E 13 17 0F 00 2D 00 1D 0B 21 00 12 1F 17 0B 18 1D 6E 6A 4F 3D 19 1F 00 17 1F 1D 1E 00 21 0B 1E 0D 12 00 19 1F 1E 6E 6A 4F 38 12 0F 23 00 1D 0B 23 00 16 19 18 11 00 0B 11 19 00 1E 12 0F 00 36 1F 16 0F 1C 00 19 10 00 29 20 13 16 6B 1D 00 1A 0B 16 0B 0D 0F 00 0F 22 13 1D 1E 0F 0E 00 1D 19 17 0F 21 12 0F 1C 0F 00 0B 1C 19 1F 18 0E 00 12 0F 1C 0F 78	It's been ages since the last time I saw humans!'<4F>You must watch out!'<4F>They say long ago the Ruler of Evil's palace existed somewhere around here.
077F	3B	1F	03	A339	11193	11547	2D 6B 17 00 1D 0F 0B 1C 0D 12 13 18 11 00 10 19 1C 00 1E 12 0F 00 3E 0F 18 13 1E 12 13 0B 18 00 25 1C 17 19 1C 6C 4F 2D 00 1D 1F 1D 1A 0F 0D 1E 00 13 1E 6B 1D 00 13 18 00 1E 12 0F 00 18 0F 0B 1C 0C 23 00 0D 0B 20 0F 78	I'm searching for the Zenithian Armor.'<4F>I suspect it's in the nearby cave.
0780	3C	00	03	A8DD	0	374	2D 1E 6B 1D 00 1D 0B 13 0E 00 1E 12 0B 1E 00 1E 12 0F 00 11 1C 0F 0B 1E 00 19 18 0F 1D 00 0D 0B 1E 0D 12 00 1E 0F 0B 1C 0E 1C 19 1A 1D 00 13 18 00 1E 12 0F 13 1C 00 12 0B 18 0E 1D 6C 4F 2E 19 1F 1C 18 0F 23 00 0D 0B 1C 0F 10 1F 16 16 23 78	It's said that the great ones catch teardrops in their hands.'<4F>Journey carefully.
0781	3C	01	03	A8DD	374	534	37 19 1C 0F 1E 1E 0B 00 27 0B 1D 1E 16 0F 00 13 1D 00 13 18 00 1E 12 0F 00 10 0B 1C 00 1D 19 1F 1E 12 78	Soretta Castle is in the far south.
0782	3C	02	03	A8DD	534	1023	3D 19 1F 6B 1C 0F 00 11 19 13 18 11 00 1E 19 00 0F 17 0C 0B 1C 15 00 19 18 00 0B 00 0E 0B 18 11 0F 1C 19 1F 1D 00 14 19 1F 1C 18 0F 23 77 1C 13 11 12 1E 6D 6A 4F 2D 00 0D 0B 16 16 0F 0E 00 23 19 1F 1C 00 21 0B 11 19 18 00 0C 23 00 1F 1D 13 18 11 00 1E 12 0F 00 26 0B 1C 19 18 6B 1D 00 2C 19 1C 18 78	You're going to embark on a dangerous journey,right?'<4F>I called your wagon by using the Baron's Horn.
0783	3C	03	03	A8DD	1023	1105	27 1C 0F 0F 0F 15 72 27 1C 0F 0F 0F 15 72	Creeek...Creeek...
0784	3C	04	03	A8DD	1105	1530	2D 6B 17 00 11 1F 0B 1C 0E 13 18 11 00 1E 12 0F 00 1E 1C 0F 0B 1D 1F 1C 0F 00 1F 18 0E 0F 1C 00 26 0B 16 24 0B 0D 15 6B 1D 00 19 1C 0E 0F 1C 78 30 0F 0B 20 0F 00 13 17 17 0F 0E 13 0B 1E 0F 16 23 6E 00 27 1C 0B 0D 15 16 0F 72 27 1C 0B 0D 15 16 0F 72	I'm guarding the treasure under Balzack's order.Leave immediately! Crackle...Crackle...
0785	3C	05	03	A8DD	1530	2060	3B 0F 16 0D 19 17 0F 00 0C 0B 0D 15 77 36 0B 11 18 0B 1C 6E 00 2D 00 1D 0F 0F 00 23 19 1F 00 12 0B 20 0F 18 6B 1E 00 1A 1C 19 11 1C 0F 1D 1D 0F 0E 00 17 1F 0D 12 6C 4F 3D 19 1F 00 17 1F 1D 1E 00 10 13 18 0E 00 1E 12 0F 00 0D 0B 1F 1D 0F 00 19 10 00 1E 12 0F 00 0E 13 1D 0B 1A 1A 0F 0B 1C 0B 18 0D 0F 1D 00 0B 1E 00 19 18 0D 0F 6C 44	Welcome back,Ragnar! I see you haven't progressed much.'<4F>You must find the cause of the disappearances at once.'<44>
0786	3C	06	03	A8DD	2060	2669	3B 0F 16 0D 19 17 0F 00 0C 0B 0D 15 77 36 0B 11 18 0B 1C 6E 6A 4F 2D 00 0D 0B 18 00 1D 0F 0F 00 23 19 1F 6B 20 0F 00 10 19 1F 18 0E 00 1D 19 17 0F 1E 12 13 18 11 6C 4F 2C 17 17 72 2A 16 23 13 18 11 00 37 12 19 0F 1D 6D 00 2D 00 1D 0F 0F 72 6C 4F 25 18 23 21 0B 23 72 1C 0F 1D 0D 1F 0F 00 1E 12 0F 00 0D 12 13 16 0E 1C 0F 18 00 0B 1E 00 19 18 0D 0F 6C 44	Welcome back,Ragnar!'<4F>I can see you've found something.'<4F>Hmm...Flying Shoes? I see....'<4F>Anyway...rescue the children at once.'<44>
0787	3C	07	03	A8DD	2669	3071	25 00 1D 1A 16 0F 18 0E 13 0E 00 0D 0B 1D 1E 16 0F 77 0B 16 21 0B 23 1D 72 6C 4F 2D 00 21 13 1D 12 00 1E 19 00 0C 0F 00 0B 00 1C 19 23 0B 16 00 1D 19 16 0E 13 0F 1C 78 37 0B 23 72 0D 0B 18 00 23 19 1F 00 1E 0B 15 0F 00 17 0F 00 0B 16 19 18 11 6D	A splendid castle,always....'<4F>I wish to be a royal soldier.Say...can you take me along?
0788	3C	08	03	A8DD	3071	3238	36 0F 0B 16 16 23 6E 6D 00 2D 00 1D 12 0B 16 16 00 10 19 16 16 19 21 00 23 19 1F 00 1E 12 0F 18 78	Really!? I shall follow you then.
0789	3C	09	03	A8DD	3238	3508	2B 0B 1D 1A 72 2B 0B 1D 1A 72 1E 19 19 00 1E 19 1F 11 12 00 10 19 1C 00 0B 18 00 19 16 0E 00 17 0B 18 78 2B 19 00 19 18 00 0B 16 19 18 0F 77 1A 16 0F 0B 1D 0F 78	Gasp...Gasp...too tough for an old man.Go on alone,please.
078A	3C	0A	03	A8DD	3508	3680	2D 00 1F 18 0E 0F 1C 1D 1E 0B 18 0E 78 37 19 1C 1C 23 00 2D 00 0C 19 1E 12 0F 1C 0F 0E 00 23 19 1F 78	I understand.Sorry I bothered you.
078B	3C	0B	03	A8DD	3680	4041	3B 0B 18 1E 00 1E 19 00 0C 1F 23 00 1D 19 17 0F 1E 12 13 18 11 6D 00 2D 10 00 1D 19 77 11 19 00 19 1F 1E 1D 13 0E 0F 00 0B 18 0E 00 1E 0B 16 15 00 1E 19 00 17 0F 00 10 1C 19 17 00 0B 0D 1C 19 1D 1D 00 1E 12 0F 00 0D 19 1F 18 1E 0F 1C 78	Want to buy something? If so,go outside and talk to me from across the counter.
078C	3C	0C	03	A8DD	4041	4401	36 0B 11 18 0B 1C 77 0E 13 0E 00 23 19 1F 00 15 18 19 21 6D 6A 4F 37 19 17 0F 00 0E 19 19 1C 1D 00 0B 1C 0F 18 6B 1E 00 16 19 0D 15 0F 0E 78 38 12 0F 23 00 19 1A 0F 18 00 21 13 1E 12 19 1F 1E 00 0B 00 15 0F 23 78	Ragnar,did you know?'<4F>Some doors aren't locked.They open without a key.
078D	3C	0D	03	A8DD	4401	4830	2D 6B 17 00 2A 16 19 1C 0B 78 31 23 00 12 1F 1D 0C 0B 18 0E 77 25 16 0F 22 77 12 0B 1D 18 6B 1E 00 1C 0F 1E 1F 1C 18 0F 0E 00 10 1C 19 17 00 12 13 1D 00 16 0B 1D 1E 00 1E 1C 13 1A 6C 4F 38 0F 16 16 00 17 0F 00 13 10 00 23 19 1F 00 1D 0F 0F 00 12 13 17 6E	I'm Flora.My husband,Alex,hasn't returned from his last trip.'<4F>Tell me if you see him!
078E	3C	0E	03	A8DD	4830	5199	3B 12 0B 1E 6D 00 25 16 0F 22 00 13 1D 00 13 18 00 2D 24 17 13 1E 00 3A 13 16 16 0B 11 0F 6D 00 27 0B 1F 11 12 1E 00 1D 1E 0F 0B 16 13 18 11 6D 6A 4F 38 0B 15 0F 00 17 0F 00 1E 12 0F 1C 0F 77 1A 16 0F 0B 1D 0F 6E	What? Alex is in Izmit Village? Caught stealing?'<4F>Take me there,please!
078F	3C	0F	03	A8DD	5199	5336	25 16 0F 22 00 21 13 16 16 00 1C 0F 1E 1F 1C 18 77 21 19 18 6B 1E 00 12 0F 6D	Alex will return,won't he?
0790	3C	10	03	A8DD	5336	5557	36 0B 11 18 0B 1C 77 2D 6B 17 00 19 18 00 17 23 00 21 0B 23 00 1E 19 00 2D 24 17 13 1E 00 3A 13 16 16 0B 11 0F 00 1E 19 19 78	Ragnar,I'm on my way to Izmit Village too.
0791	3C	11	03	A8DD	5557	5694	2D 6B 17 00 13 18 00 1E 1C 19 1F 0C 16 0F 72 2D 6B 17 00 16 19 1D 1E 72 78	I'm in trouble...I'm lost....
0792	3C	12	03	A8DD	5694	6054	3B 12 0B 1E 6D 00 3D 19 1F 00 0D 0B 18 00 1E 0B 15 0F 00 17 0F 00 1E 19 00 1E 12 0F 00 0F 22 13 1E 6D 00 32 19 00 1E 12 0B 18 15 1D 6E 00 2D 00 0D 0B 18 00 10 13 18 0E 00 1E 12 0F 00 21 0B 23 00 19 1F 1E 00 17 23 1D 0F 16 10 6E	What? You can take me to the exit? No thanks! I can find the way out myself!
0793	3C	13	03	A8DD	6054	6660	2D 6B 17 00 2C 0F 0B 16 13 0F 78 2D 6B 17 00 0B 00 2C 0F 0B 16 0F 1C 77 0C 1F 1E 00 2D 00 0E 1C 0F 0B 17 00 19 10 00 0C 0F 0D 19 17 13 18 11 00 12 1F 17 0B 18 6C 4F 2D 10 00 2D 00 17 0B 15 0F 00 10 1C 13 0F 18 0E 1D 00 21 13 1E 12 00 12 1F 17 0B 18 1D 77 1A 0F 1C 12 0B 1A 1D 00 2D 6B 16 16 00 0C 0F 0D 19 17 0F 00 19 18 0F 78 38 0B 15 0F 00 17 0F 00 0B 16 19 18 11 78	I'm Healie.I'm a Healer,but I dream of becoming human.'<4F>If I make friends with humans,perhaps I'll become one.Take me along.
0794	3C	14	03	A8DD	6660	6926	2C 1F 1C 1C 0B 23 6E 00 38 12 0B 18 15 1D 6E 6A 44 4E 2C 0F 0B 16 13 0F 00 14 19 13 18 0F 0E 00 1E 12 0F 00 34 0B 1C 1E 23 6E 43 55 40	Hurray! Thanks!'<44><4E>Healie joined the Party!<43><55><40>
0795	3C	15	03	A8DD	6926	7178	32 19 6D 00 2D 10 00 23 19 1F 00 0D 12 0B 18 11 0F 00 23 19 1F 1C 00 17 13 18 0E 77 0D 19 17 0F 00 0C 0B 0D 15 00 0B 11 0B 13 18 77 33 2F 6D	No? If you change your mind,come back again,OK?
0796	3C	16	03	A8DD	7178	7839	2C 17 17 72 13 1D 00 1E 12 0B 1E 00 1D 19 6D 00 3A 0F 1C 23 00 21 0F 16 16 6E 6A 4F 2D 6B 16 16 00 11 19 00 1E 0F 16 16 00 1E 12 0F 00 2F 13 18 11 00 0B 0C 19 1F 1E 00 1E 12 0F 00 36 1F 16 0F 1C 00 19 10 00 29 20 13 16 00 0B 18 0E 00 1E 12 0F 00 2C 0F 1C 19 6C 4F 36 0F 1E 1F 1C 18 00 1E 12 0F 1D 0F 00 0D 12 13 16 0E 1C 0F 18 00 1E 19 00 1E 12 0F 13 1C 00 17 19 1E 12 0F 1C 1D 78 2A 0B 1C 0F 21 0F 16 16 6E	Hmm...is that so? Very well!'<4F>I'll go tell the King about the Ruler of Evil and the Hero.'<4F>Return these children to their mothers.Farewell!
0797	3C	17	03	A8DD	7839	8591	33 12 77 36 0B 11 18 0B 1C 6E 00 2D 00 10 19 1F 18 0E 00 1E 12 0F 00 19 16 0E 00 21 0F 16 16 00 0C 23 00 0D 12 0B 18 0D 0F 00 0B 18 0E 00 0D 0B 17 0F 00 1E 12 13 1D 00 10 0B 1C 6C 4F 38 12 0F 00 17 19 18 1D 1E 0F 1C 1D 00 13 18 00 1E 12 13 1D 00 1E 19 21 0F 1C 00 0B 1C 0F 00 20 0F 1C 23 00 1E 19 1F 11 12 6E 6A 4F 2D 00 1D 12 19 1F 16 0E 00 12 0B 20 0F 00 16 0F 1E 00 2C 0F 0B 16 13 0F 00 21 12 19 17 00 2D 00 17 0F 1E 00 13 18 00 1E 12 0F 00 21 0F 16 16 00 14 19 13 18 00 17 0F 78	Oh,Ragnar! I found the old well by chance and came this far.'<4F>The monsters in this tower are very tough!'<4F>I should have let Healie whom I met in the well join me.
0798	3C	18	03	A8DD	8591	8678	4E 44 69 2D 00 0F 18 20 23 00 23 19 1F 6C	<4E><44>'I envy you.'
0799	3C	19	03	A8DD	8678	8880	4E 44 36 0B 11 18 0B 1C 00 1C 0F 17 0F 17 0C 0F 1C 1D 00 12 13 1D 00 0D 19 17 1C 0B 0E 0F 6B 1D 00 21 19 1C 0E 1D 78	<4E><44>Ragnar remembers his comrade's words.
079A	3C	1A	03	A8DD	8880	9116	36 0B 72 36 0B 11 18 0B 1C 72 2D 6B 17 00 18 0F 0B 1C 13 18 11 00 17 23 00 0F 18 0E 72 78 30 13 1D 1E 0F 18 00 21 0F 16 16 72 78	Ra...Ragnar...I'm nearing my end....Listen well....
079B	3C	1B	03	A8DD	9116	10324	4E 44 69 37 19 17 0F 21 12 0F 1C 0F 00 13 18 00 1E 12 13 1D 00 21 19 1C 16 0E 77 1E 12 0F 00 36 1F 16 0F 1C 00 19 10 00 29 20 13 16 00 13 1D 00 0B 0C 19 1F 1E 00 1E 19 00 1C 0F 1D 1F 1C 1C 0F 0D 1E 6C 4F 25 16 1D 19 77 0B 0D 0D 19 1C 0E 13 18 11 00 1E 19 00 0B 00 1A 1C 19 1A 12 0F 0D 23 77 1E 12 0F 00 2C 0F 1C 19 00 21 12 19 00 1D 12 0B 16 16 00 0E 0F 10 0F 0B 1E 00 12 13 17 00 13 1D 00 18 19 21 00 11 1C 19 21 13 18 11 00 1F 1A 6C 4F 38 12 0F 00 0F 20 13 16 00 19 18 0F 1D 00 13 18 1E 0F 18 0E 00 1E 19 00 0E 0F 1D 1E 1C 19 23 00 1E 12 0F 00 2C 0F 1C 19 00 21 12 13 16 0F 00 12 0F 00 19 1C 00 1D 12 0F 00 13 1D 00 11 1C 19 21 13 18 11 00 0B 18 0E 00 1D 1E 13 16 16 00 21 0F 0B 15 6C 4F 36 0B 11 18 0B 1C 77 1D 0B 20 0F 00 0B 16 16 00 0D 12 13 16 0E 1C 0F 18 72 78	<4E><44>'Somewhere in this world,the Ruler of Evil is about to resurrect.'<4F>Also,according to a prophecy,the Hero who shall defeat him is now growing up.'<4F>The evil ones intend to destroy the Hero while he or she is growing and still weak.'<4F>Ragnar,save all children....
079C	3C	1C	03	A8DD	10324	10550	3D 19 1F 00 10 19 19 16 6E 00 25 1D 00 23 19 1F 00 21 13 1D 12 77 2D 6B 16 16 00 1D 17 0B 1D 12 00 23 19 1F 00 1E 19 00 0C 13 1E 1D 78	You fool! As you wish,I'll smash you to bits.
079D	3C	1D	03	A8DD	10550	10933	36 0B 11 18 0B 1C 6E 00 2B 19 19 0E 00 21 19 1C 15 78 37 0B 23 72 6A 4F 21 13 16 16 00 23 19 1F 00 16 0F 1E 00 17 0F 00 1E 0B 15 0F 00 0D 1C 0F 0E 13 1E 00 10 19 1C 00 1D 0B 20 13 18 11 00 1E 12 0F 00 0D 12 13 16 0E 1C 0F 18 6D	Ragnar! Good work.Say...'<4F>will you let me take credit for saving the children?
079E	3C	1E	03	A8DD	10933	11111	2D 00 21 0B 1D 00 19 18 16 23 00 15 13 0E 0E 13 18 11 78 3D 19 1F 6B 1C 0F 00 1D 19 00 18 0B 13 20 0F 78	I was only kidding.You're so naive.
079F	3C	1F	03	A8DD	11111	11338	3B 12 0B 1E 6D 00 3D 19 1F 00 0B 16 1C 0F 0B 0E 23 00 1D 0B 20 0F 0E 00 1E 12 0F 00 0D 12 13 16 0E 1C 0F 18 6D 00 3D 0F 0B 0B 0B 0B 12 6E	What? You already saved the children? Yeaaaah!
07A0	3D	00	03	AE67	0	245	3B 12 0B 1E 6B 1D 00 21 1C 19 18 11 77 25 16 0F 18 0B 6D 00 3D 19 1F 00 1D 1E 13 16 16 00 13 18 1D 13 1D 1E 00 19 18 00 11 19 13 18 11 00 19 1F 1E 6D	What's wrong,Alena? You still insist on going out?
07A1	3D	01	03	AE67	245	399	32 0F 20 0F 1C 6E 00 3B 12 23 00 0B 1C 0F 00 23 19 1F 00 1D 19 00 1C 0F 0D 15 16 0F 1D 1D 6D	Never! Why are you so reckless?
07A2	3D	02	03	AE67	399	736	2B 19 19 0E 77 23 19 1F 00 1F 18 0E 0F 1C 1D 1E 0B 18 0E 6E 00 38 12 0B 1E 6B 1D 00 17 19 1C 0F 00 16 13 15 0F 00 13 1E 78 3D 19 1F 00 0D 0B 18 00 11 19 00 1E 19 00 23 19 1F 1C 00 1C 19 19 17 77 18 19 21 78	Good,you understand! That's more like it.You can go to your room,now.
07A3	3D	03	03	AE67	736	1608	3D 19 1F 00 1C 0F 1E 1F 1C 18 0F 0E 77 25 16 0F 18 0B 6E 6A 4F 3D 19 1F 00 0E 19 18 6B 1E 00 12 0B 20 0F 00 1E 19 00 0F 22 1A 16 0B 13 18 78 2D 00 15 18 19 21 00 23 19 1F 6B 16 16 00 11 19 00 19 1F 1E 00 0B 11 0B 13 18 00 0F 20 0F 18 00 13 10 00 2D 00 1E 1C 23 00 1E 19 00 1D 1E 19 1A 00 23 19 1F 6C 4F 36 0F 17 0F 17 0C 0F 1C 00 19 18 0F 00 1E 12 13 18 11 77 1E 12 19 1F 11 12 78 32 0F 20 0F 1C 00 20 0F 18 1E 1F 1C 0F 00 13 18 1E 19 00 16 0B 18 0E 1D 00 21 12 0F 1C 0F 00 2D 00 0D 0B 18 6B 1E 00 16 19 19 15 00 19 1F 1E 00 10 19 1C 00 23 19 1F 78	You returned,Alena!'<4F>You don't have to explain.I know you'll go out again even if I try to stop you.'<4F>Remember one thing,though.Never venture into lands where I can't look out for you.
07A4	3D	04	03	AE67	1608	1872	33 12 77 25 16 0F 18 0B 6E 00 2C 19 21 00 1E 1C 0B 11 13 0D 72 78 2D 00 10 0F 0B 1C 0F 0E 00 1E 12 13 1D 00 21 19 1F 16 0E 00 12 0B 1A 1A 0F 18 72 78	Oh,Alena! How tragic....I feared this would happen....
07A5	3D	05	03	AE67	1872	2254	38 12 0F 00 2F 13 18 11 00 19 18 16 23 00 1D 0B 23 1D 00 1E 12 0F 1D 0F 00 1E 12 13 18 11 1D 00 0C 0F 0D 0B 1F 1D 0F 00 12 0F 00 13 1D 00 0D 19 18 0D 0F 1C 18 0F 0E 00 0B 0C 19 1F 1E 00 23 19 1F 78 34 16 0F 0B 1D 0F 00 1F 18 0E 0F 1C 1D 1E 0B 18 0E 78	The King only says these things because he is concerned about you.Please understand.
07A6	3D	06	03	AE67	2254	2427	38 12 0B 18 15 00 11 19 19 0E 18 0F 1D 1D 78 3D 19 1F 00 1C 0F 1E 1F 1C 18 0F 0E 00 1D 0B 10 0F 16 23 78	Thank goodness.You returned safely.
07A7	3D	07	03	AE67	2427	2663	33 12 77 18 19 78 34 1C 13 18 0D 0F 1D 1D 72 78 3B 0F 00 17 1F 1D 1E 00 1C 0F 20 13 20 0F 00 12 0F 1C 00 0B 1E 00 0B 18 23 00 0D 19 1D 1E 78	Oh,no.Princess....We must revive her at any cost.
07A8	3D	08	03	AE67	2663	2778	38 12 13 1D 00 13 1D 00 37 0B 18 1E 0F 0F 17 00 27 0B 1D 1E 16 0F 78	This is Santeem Castle.
07A9	3D	09	03	AE67	2778	3036	38 12 0F 00 0D 12 0B 17 0C 0F 1C 1D 00 19 10 00 1E 12 0F 00 2F 13 18 11 00 0B 18 0E 00 1E 12 0F 00 34 1C 13 18 0D 0F 1D 1D 00 0B 1C 0F 00 1F 1A 1D 1E 0B 13 1C 1D 78	The chambers of the King and the Princess are upstairs.
07AA	3D	0A	03	AE67	3036	3781	4E 26 1C 0F 23 71 69 34 1C 13 18 0D 0F 1D 1D 6E 00 3B 12 23 00 0B 1C 0F 00 23 19 1F 00 1D 1F 0D 12 00 0B 00 1E 19 17 0C 19 23 6D 6A 44 26 1C 0F 23 71 69 3D 19 1F 1C 00 16 0B 1E 0F 00 17 19 1E 12 0F 1C 00 21 0B 1D 00 1D 19 00 1C 0F 10 13 18 0F 0E 6C 44 26 1C 0F 23 71 69 25 1D 00 23 19 1F 1C 00 1E 1F 1E 19 1C 00 2D 00 10 0F 0F 16 00 1C 0F 1D 1A 19 18 1D 13 0C 16 0F 00 10 19 1C 00 12 19 21 00 23 19 1F 6B 20 0F 00 1E 1F 1C 18 0F 0E 00 19 1F 1E 6C	<4E>Brey:'Princess! Why are you such a tomboy?'<44>Brey:'Your late mother was so refined.'<44>Brey:'As your tutor I feel responsible for how you've turned out.'
07AB	3D	0B	03	AE67	3781	4070	2C 0F 1C 00 1C 0F 0D 15 16 0F 1D 1D 00 0B 0D 1E 1D 00 1D 12 0B 17 0F 00 1F 1D 6C 4F 33 19 1A 1D 77 34 1C 13 18 0D 0F 1D 1D 6E 6D 00 29 22 0D 1F 1D 0F 00 17 0F 72 78	Her reckless acts shame us.'<4F>Oops,Princess!? Excuse me....
07AC	3D	0C	03	AE67	4070	4229	33 12 77 34 1C 13 18 0D 0F 1D 1D 72 6E 00 2C 19 21 00 1E 0F 1C 1C 13 0C 16 0F 72 78	Oh,Princess...! How terrible....
07AD	3D	0D	03	AE67	4229	4362	38 12 0F 00 2F 13 18 11 00 13 1D 00 0B 16 1C 0F 0B 0E 23 00 0B 1D 16 0F 0F 1A 78	The King is already asleep.
07AE	3D	0E	03	AE67	4362	4637	33 12 77 34 1C 13 18 0D 0F 1D 1D 78 2D 6B 17 00 10 13 22 13 18 11 00 1E 12 0F 00 21 0B 16 16 78 27 0B 18 00 23 19 1F 00 21 0B 13 1E 00 0B 21 12 13 16 0F 6D	Oh,Princess.I'm fixing the wall.Can you wait awhile?
07AF	3D	0F	03	AE67	4637	4924	2D 00 1C 0F 1B 1F 0F 1D 1E 0F 0E 00 1E 12 0B 1E 00 1E 12 0F 00 21 0B 16 16 00 13 18 00 1E 12 0F 00 34 1C 13 18 0D 0F 1D 1D 6B 00 0D 12 0B 17 0C 0F 1C 00 0C 0F 00 10 13 22 0F 0E 78	I requested that the wall in the Princess' chamber be fixed.
07B0	3D	10	03	AE67	4924	5138	4E 44 69 28 19 18 6B 1E 00 0F 20 0F 1C 00 15 13 0D 15 00 1E 12 0F 00 21 0B 16 16 00 0B 11 0B 13 18 77 1A 16 0F 0B 1D 0F 6C	<4E><44>'Don't ever kick the wall again,please.'
07B1	3D	11	03	AE67	5138	5342	26 23 00 1E 12 0F 00 2F 13 18 11 6B 1D 00 19 1C 0E 0F 1C 77 2D 00 0D 0B 18 6B 1E 00 16 0F 1E 00 23 19 1F 00 1A 0B 1D 1D 78	By the King's order,I can't let you pass.
07B2	3D	12	03	AE67	5342	5485	34 16 0F 0B 1D 0F 00 1C 0F 1E 1F 1C 18 00 1E 19 00 23 19 1F 1C 00 0D 12 0B 17 0C 0F 1C 78	Please return to your chamber.
07B3	3D	13	03	AE67	5485	5632	25 12 77 34 1C 13 18 0D 0F 1D 1D 6E 00 3D 19 1F 00 16 19 19 15 00 21 0F 16 16 78	Ah,Princess! You look well.
07B4	3D	14	03	AE67	5632	5942	38 12 0F 00 2F 13 18 11 00 17 19 0B 18 1D 00 16 0B 1E 0F 00 0B 1E 00 18 13 11 12 1E 78 2D 00 21 19 18 0E 0F 1C 00 13 10 00 12 0F 6B 1D 00 12 0B 20 13 18 11 00 18 13 11 12 1E 17 0B 1C 0F 1D 72 78	The King moans late at night.I wonder if he's having nightmares....
07B5	3D	15	03	AE67	5942	6058	3B 0F 16 0D 19 17 0F 00 1E 19 00 37 1F 1C 0F 18 0F 00 38 19 21 18 78	Welcome to Surene Town.
07B6	3D	16	03	AE67	6058	6513	31 23 00 10 0F 16 16 19 21 00 17 0F 1C 0D 12 0B 18 1E 1D 00 1D 0B 13 0E 00 1E 12 0F 00 34 1C 13 18 0D 0F 1D 1D 00 16 0F 10 1E 00 19 18 00 0B 00 14 19 1F 1C 18 0F 23 78 33 19 1A 1D 6E 00 38 12 0B 1E 6B 1D 00 1D 1F 1A 1A 19 1D 0F 0E 00 0C 0F 00 0B 00 1D 0F 0D 1C 0F 1E 78 33 2F 6D	My fellow merchants said the Princess left on a journey.Oops! That's supposed be a secret.OK?
07B7	3D	17	03	AE67	6513	6828	2D 6B 17 00 31 0B 1C 19 18 0F 00 1E 12 0F 00 1A 19 0F 1E 6C 4F 26 16 1F 0F 00 37 15 23 77 3B 0B 18 0E 0F 1C 13 18 11 00 27 16 19 1F 0E 1D 77 30 0B 77 30 0B 77 30 0B 72	I'm Marone the poet.'<4F>Blue Sky,Wandering Clouds,La,La,La...
07B8	3D	18	03	AE67	6828	7071	37 12 13 18 13 18 11 00 27 1C 0F 1D 0D 0F 18 1E 77 2B 16 13 1E 1E 0F 1C 13 18 11 00 37 1E 0B 1C 1D 77 30 0B 77 30 0B 77 30 0B 72	Shining Crescent,Glittering Stars,La,La,La...
07B9	3D	19	03	AE67	7071	7229	31 0B 1C 19 18 0F 6B 1D 00 1D 19 18 11 1D 00 0B 1C 0F 00 0B 16 21 0B 23 1D 00 16 19 20 0F 16 23 6E	Marone's songs are always lovely!
07BA	3D	1A	03	AE67	7229	7495	2B 19 00 18 19 1C 1E 12 00 1E 12 0F 18 00 0F 0B 1D 1E 78 3D 19 1F 6B 16 16 00 10 13 18 0E 00 0B 00 1D 17 0B 16 16 00 17 19 1F 18 1E 0B 13 18 00 20 13 16 16 0B 11 0F 78	Go north then east.You'll find a small mountain village.
07BB	3D	1B	03	AE67	7495	7716	2D 00 10 0F 16 16 00 13 18 00 16 19 20 0F 00 21 13 1E 12 00 12 0F 1C 78 2D 00 21 13 1D 12 00 1D 12 0F 6B 0E 00 17 0B 1C 1C 23 00 17 0F 78	I fell in love with her.I wish she'd marry me.
07BC	3D	1C	03	AE67	7716	7914	2D 6B 17 00 1D 19 1C 1C 23 78 2D 00 0D 0B 18 6B 1E 78 2D 6B 17 00 1E 19 19 00 19 16 0E 00 10 19 1C 00 23 19 1F 78	I'm sorry.I can't.I'm too old for you.
07BD	3D	1D	03	AE67	7914	8498	2C 17 17 72 23 19 1F 6B 1C 0F 00 0B 00 21 19 17 0B 18 77 23 0F 1E 00 23 19 1F 6B 20 0F 00 0F 17 0C 0B 1C 15 0F 0E 00 19 18 00 0B 00 0E 0B 18 11 0F 1C 19 1F 1D 00 14 19 1F 1C 18 0F 23 6C 4F 2D 00 1C 0F 0D 19 17 17 0F 18 0E 00 23 19 1F 00 0C 1F 13 16 0E 00 23 19 1F 1C 00 1D 1E 1C 0F 18 11 1E 12 00 0B 1C 19 1F 18 0E 00 1E 12 13 1D 00 1E 19 21 18 00 10 13 1C 1D 1E 78	Hmm...you're a woman,yet you've embarked on a dangerous journey.'<4F>I recommend you build your strength around this town first.
07BE	3D	1E	03	AE67	8498	8706	2D 00 12 0F 0B 1C 00 1D 13 18 11 13 18 11 78 2D 00 1E 12 13 18 15 00 2D 6B 16 16 00 1D 16 0F 0F 1A 00 1D 19 1F 18 0E 16 23 78	I hear singing.I think I'll sleep soundly.
07BF	3D	1F	03	AE67	8706	8992	38 12 0B 1E 00 31 0B 1C 19 18 0F 6E 00 2C 0F 6B 1D 00 16 1F 0D 15 23 6C 4F 2D 00 21 13 1D 12 00 2D 00 0D 19 1F 16 0E 00 1D 13 18 11 00 16 13 15 0F 00 12 13 17 72 78	That Marone! He's lucky.'<4F>I wish I could sing like him....
07C0	3E	00	03	B2CC	0	368	38 12 0F 00 0D 12 13 0F 10 6B 1D 00 0E 0B 1F 11 12 1E 0F 1C 77 32 13 18 0B 77 13 1D 00 1E 19 00 0C 0F 00 19 10 10 0F 1C 0F 0E 6C 4F 31 23 00 1D 19 18 00 21 0B 1D 00 11 19 13 18 11 00 1E 19 00 17 0B 1C 1C 23 00 12 0F 1C 72 78	The chief's daughter,Nina,is to be offered.'<4F>My son was going to marry her....
07C1	3E	01	03	B2CC	368	600	32 19 6E 00 2D 00 21 19 18 6B 1E 00 16 0F 1E 00 1E 12 0F 17 00 19 10 10 0F 1C 00 23 19 1F 78 2D 10 00 21 0F 00 1C 1F 18 00 0B 21 0B 23 72 78	No! I won't let them offer you.If we run away....
07C2	3E	02	03	B2CC	600	1112	2D 00 17 1F 1D 1E 00 19 10 10 0F 1C 00 17 23 00 0E 0B 1F 11 12 1E 0F 1C 77 32 13 18 0B 77 1E 19 00 1D 0B 20 0F 00 1E 12 0F 00 20 13 16 16 0B 11 0F 6C 4F 2D 1D 18 6B 1E 00 1E 12 0F 1C 0F 00 0B 18 23 19 18 0F 00 1D 1E 1C 19 18 11 00 0F 18 19 1F 11 12 00 1E 19 00 1A 1F 1E 00 0B 18 00 0F 18 0E 00 1E 19 00 1E 12 0F 00 17 19 18 1D 1E 0F 1C 6D	I must offer my daughter,Nina,to save the village.'<4F>Isn't there anyone strong enough to put an end to the monster?
07C3	3E	03	03	B2CC	1112	1384	33 12 6E 00 3D 19 1F 00 21 13 16 16 6D 6A 4F 2D 10 00 1E 12 0B 1E 6B 1D 00 1E 1C 1F 0F 77 1A 16 0F 0B 1D 0F 00 11 19 00 1D 0F 0F 00 1E 12 0F 00 1D 12 0B 17 0B 18 6E	Oh! You will?'<4F>If that's true,please go see the shaman!
07C4	3E	04	03	B2CC	1384	1460	2D 00 1F 18 0E 0F 1C 1D 1E 0B 18 0E 72 78	I understand....
07C5	3E	05	03	B2CC	1460	1990	3D 19 1F 00 1A 16 0B 18 00 1E 19 00 0E 0F 1D 1E 1C 19 23 00 1E 12 0F 00 17 19 18 1D 1E 0F 1C 6D 00 2D 1E 00 19 18 16 23 00 0B 1A 1A 0F 0B 1C 1D 00 21 12 0F 18 00 11 13 20 0F 18 00 19 10 10 0F 1C 13 18 11 1D 6C 4F 25 1C 0F 00 23 19 1F 00 21 13 16 16 13 18 11 00 1E 19 00 0C 0F 00 11 13 20 0F 18 00 0B 1D 00 0B 18 00 19 10 10 0F 1C 13 18 11 6D	You plan to destroy the monster? It only appears when given offerings.'<4F>Are you willing to be given as an offering?
07C6	3E	06	03	B2CC	1990	2297	3D 19 1F 00 0B 1C 0F 6D 00 34 16 0F 0B 1D 0F 00 21 0B 13 1E 00 0B 21 12 13 16 0F 78 38 12 0F 00 19 10 10 0F 1C 13 18 11 00 16 13 1E 1E 0F 1C 00 21 13 16 16 00 0B 1C 1C 13 20 0F 00 1D 19 19 18 78	You are? Please wait awhile.The offering litter will arrive soon.
07C7	3E	07	03	B2CC	2297	2463	32 19 00 19 18 0F 00 21 0B 18 1E 1D 00 1E 19 00 0E 13 0F 78 26 23 00 1E 12 0F 00 21 0B 23 72 6A 44	No one wants to die.By the way...'<44>
07C8	3E	08	03	B2CC	2463	2554	34 16 0F 0B 1D 0F 00 0C 0F 00 0D 0B 1C 0F 10 1F 16 78	Please be careful.
07C9	3E	09	03	B2CC	2554	2799	29 20 0F 1C 23 19 18 0F 00 0B 1A 1A 1C 0F 0D 13 0B 1E 0F 1D 00 21 12 0B 1E 00 23 19 1F 6B 20 0F 00 0E 19 18 0F 78 25 18 23 21 0B 23 72 6A 44	Everyone appreciates what you've done.Anyway...'<44>
07CA	3E	0A	03	B2CC	2799	3100	38 12 13 1D 00 13 1D 00 2A 1C 0F 18 19 1C 78 38 12 0F 00 34 1C 13 18 0D 0F 1D 1D 00 19 10 00 37 0B 18 1E 0F 0F 17 00 13 1D 00 12 0F 1C 0F 78 2D 6B 16 16 00 11 19 00 1D 0F 0F 00 12 0F 1C 78	This is Frenor.The Princess of Santeem is here.I'll go see her.
07CB	3E	0B	03	B2CC	3100	3358	3D 19 1F 00 0D 0B 17 0F 00 1E 19 00 1D 0F 0F 00 1E 12 0F 00 34 1C 13 18 0D 0F 1D 1D 6D 00 37 12 0F 6B 1D 00 1F 1A 1D 1E 0B 13 1C 1D 00 13 18 00 1E 12 0F 00 13 18 18 78	You came to see the Princess? She's upstairs in the inn.
07CC	3E	0C	03	B2CC	3358	3518	2D 00 21 19 18 0E 0F 1C 00 21 12 23 00 1E 12 0F 00 34 1C 13 18 0D 0F 1D 1D 00 13 1D 00 12 0F 1C 0F 78	I wonder why the Princess is here.
07CD	3E	0D	03	B2CC	3518	3724	2D 00 21 13 1D 12 00 1E 19 00 11 0F 1E 00 0B 0D 1B 1F 0B 13 18 1E 0F 0E 00 21 13 1E 12 00 1E 12 0F 00 34 1C 13 18 0D 0F 1D 1D 78	I wish to get acquainted with the Princess.
07CE	3E	0E	03	B2CC	3724	3968	37 13 18 0D 0F 00 1D 12 0F 6B 1D 00 0B 00 1A 1C 13 18 0D 0F 1D 1D 77 2D 00 1E 12 19 1F 11 12 1E 00 1D 12 0F 6B 0E 00 0C 0F 00 1A 1C 0F 1E 1E 13 0F 1C 78	Since she's a princess,I thought she'd be prettier.
07CF	3E	0F	03	B2CC	3968	4382	3B 0F 16 0D 19 17 0F 00 1E 19 00 19 1F 1C 00 13 18 18 72 6A 4F 12 19 21 0F 20 0F 1C 77 0B 00 1A 1C 13 18 0D 0F 1D 1D 00 13 1D 00 1D 1E 0B 23 13 18 11 00 12 0F 1C 0F 77 1D 19 00 2D 00 0D 0B 18 6B 1E 00 1C 0F 0B 16 16 23 00 21 0F 16 0D 19 17 0F 00 23 19 1F 72 78	Welcome to our inn...'<4F>however,a princess is staying here,so I can't really welcome you....
07D0	3E	10	03	B2CC	4382	4523	28 19 00 23 19 1F 00 15 18 19 21 00 21 12 0F 1C 0F 00 17 23 00 0E 19 11 00 13 1D 6D	Do you know where my dog is?
07D1	3E	11	03	B2CC	4523	4727	31 23 00 11 19 19 0E 18 0F 1D 1D 6E 00 38 12 0F 00 34 1C 13 18 0D 0F 1D 1D 00 21 0B 1D 00 15 13 0E 18 0B 1A 1A 0F 0E 6E	My goodness! The Princess was kidnapped!
07D2	3E	12	03	B2CC	4727	4844	3B 12 23 00 21 0B 1D 00 1D 12 0F 00 15 13 0E 18 0B 1A 1A 0F 0E 6D	Why was she kidnapped?
07D3	3E	13	03	B2CC	4844	4949	2D 00 12 19 1A 0F 00 1D 12 0F 6B 1D 00 0B 16 1C 13 11 12 1E 78	I hope she's alright.
07D4	3E	14	03	B2CC	4949	5222	25 18 23 00 1A 1C 13 18 0D 0F 1D 1D 00 21 19 1F 16 0E 00 0C 0F 00 0B 18 00 0B 1E 1E 1C 0B 0D 1E 13 20 0F 00 1E 0B 1C 11 0F 1E 00 10 19 1C 00 1E 12 0F 00 21 13 0D 15 0F 0E 78	Any princess would be an attractive target for the wicked.
07D5	3E	15	03	B2CC	5222	5273	3B 0F 0F 1A 72 6A 44	Weep...'<44>
07D6	3E	16	03	B2CC	5273	6104	31 23 00 0E 19 11 77 2F 13 1E 77 0C 1C 19 1F 11 12 1E 00 1E 12 13 1D 00 16 0F 1E 1E 0F 1C 78 2D 6B 16 16 00 1C 0F 0B 0E 00 13 1E 6C 4F 38 19 00 11 0F 1E 00 1E 12 0F 00 34 1C 13 18 0D 0F 1D 1D 00 0C 0B 0D 15 00 1F 18 12 0B 1C 17 0F 0E 77 0C 1C 13 18 11 00 1E 12 0F 00 20 13 16 16 0B 11 0F 00 1E 1C 0F 0B 1D 1F 1C 0F 77 1E 12 0F 00 2B 19 16 0E 0F 18 00 26 1C 0B 0D 0F 16 0F 1E 77 1E 19 00 1E 12 0F 00 11 1C 0B 20 0F 23 0B 1C 0E 00 1E 19 17 19 1C 1C 19 21 00 18 13 11 12 1E 6C 4F 3B 12 0B 1E 6B 1D 00 1E 12 13 1D 6D	My dog,Kit,brought this letter.I'll read it.'<4F>To get the Princess back unharmed,bring the village treasure,the Golden Bracelet,to the graveyard tomorrow night.'<4F>What's this?
07D7	3E	17	03	B2CC	6104	6477	38 12 0F 00 34 1C 13 18 0D 0F 1D 1D 00 21 0B 1D 00 0B 00 10 0B 15 0F 78 2D 00 15 18 0F 21 00 0B 00 1C 0F 0B 16 00 1A 1C 13 18 0D 0F 1D 1D 00 21 19 1F 16 0E 18 6B 1E 00 0D 19 17 0F 00 1E 19 00 0B 00 1E 19 21 18 00 16 13 15 0F 00 1E 12 13 1D 78	The Princess was a fake.I knew a real princess wouldn't come to a town like this.
07D8	3E	18	03	B2CC	6477	6974	26 23 00 1E 12 0F 00 21 0B 23 77 0B 00 0C 0B 24 0B 0B 1C 00 13 1D 00 12 0F 16 0E 00 0B 1E 00 0B 18 00 19 0B 1D 13 1D 00 13 18 00 1E 12 0F 00 1D 19 1F 1E 12 0F 1C 18 00 0E 0F 1D 0F 1C 1E 6C 4F 2D 10 00 23 19 1F 6B 1C 0F 00 12 0F 0B 0E 13 18 11 00 1D 19 1F 1E 12 77 23 19 1F 00 1D 12 19 1F 16 0E 00 20 13 1D 13 1E 00 13 1E 78	By the way,a bazaar is held at an oasis in the southern desert.'<4F>If you're heading south,you should visit it.
07D9	3E	19	03	B2CC	6974	7455	2D 00 19 10 10 0F 1C 0F 0E 00 17 23 00 1D 0B 20 13 18 11 1D 00 1E 19 00 1E 12 0F 00 34 1C 13 18 0D 0F 1D 1D 72 6A 4F 0C 1F 1E 00 1D 12 0F 00 1C 0F 10 1F 1D 0F 0E 78 38 12 0F 23 00 1D 0B 23 00 1D 12 0F 00 21 0B 1D 00 0B 00 10 0B 15 0F 77 0C 1F 1E 00 1D 12 0F 00 21 0B 1D 18 6B 1E 00 0B 00 0D 1C 19 19 15 78	I offered my savings to the Princess...'<4F>but she refused.They say she was a fake,but she wasn't a crook.
07DA	3E	1A	03	B2CC	7455	7672	25 00 0C 0B 24 0B 0B 1C 00 13 1D 00 12 0F 16 0E 00 13 18 00 1E 12 0F 00 1D 19 1F 1E 12 0F 1C 18 00 0E 0F 1D 0F 1C 1E 77 1C 13 11 12 1E 6D	A bazaar is held in the southern desert,right?
07DB	3E	1B	03	B2CC	7672	8090	3D 19 1F 00 11 0B 20 0F 00 1E 12 0F 00 2B 19 16 0E 0F 18 00 26 1C 0B 0D 0F 16 0F 1E 00 1E 19 00 1E 12 0F 00 15 13 0E 18 0B 1A 1A 0F 1C 1D 78 2C 17 17 72 6C 4F 2D 00 12 19 1A 0F 00 18 19 1E 12 13 18 11 00 0C 0B 0E 00 21 13 16 16 00 12 0B 1A 1A 0F 18 78	You gave the Golden Bracelet to the kidnappers.Hmm....'<4F>I hope nothing bad will happen.
07DC	3E	1C	03	B2CC	8090	8695	2D 00 0D 0B 18 6B 1E 00 1D 16 0F 0F 1A 78 33 18 00 18 13 11 12 1E 1D 00 16 13 15 0F 00 1E 12 13 1D 77 2D 00 1C 0F 17 0F 17 0C 0F 1C 00 17 23 00 19 16 0E 00 0E 0B 23 1D 6C 4F 2D 00 1F 1D 0F 0E 00 1E 19 00 16 13 20 0F 00 13 18 00 0B 18 00 0F 0B 1D 1E 0F 1C 18 00 1E 19 21 18 00 19 10 00 29 18 0E 19 1C 78 2D 00 19 10 1E 0F 18 00 21 0F 18 1E 00 1E 19 00 1E 12 0F 00 1E 19 1F 1C 18 0B 17 0F 18 1E 78	I can't sleep.On nights like this,I remember my old days.'<4F>I used to live in an eastern town of Endor.I often went to the tournament.
07DD	3E	1D	03	B2CC	8695	8943	33 12 77 49 6E 00 2C 19 21 6B 1D 00 1E 12 0F 00 2F 13 18 11 6D 00 2D 6B 20 0F 00 0C 0F 0F 18 00 20 0F 1C 23 00 21 19 1C 1C 13 0F 0E 72 78	Oh,<49>! How's the King? I've been very worried....
07DE	3E	1E	03	B2CC	8943	9092	37 19 1C 1C 23 77 21 0F 6B 1C 0F 00 0D 16 19 1D 0F 0E 00 10 19 1C 00 1E 19 0E 0B 23 78	Sorry,we're closed for today.
07DF	3E	1F	03	B2CC	9092	9594	26 13 1C 0E 1D 19 18 11 00 32 0F 0D 1E 0B 1C 6D 00 38 12 13 1D 00 1D 12 19 1A 00 19 18 0D 0F 00 12 0B 0E 00 1D 19 17 0F 6C 4F 3D 19 1F 00 17 13 11 12 1E 00 11 0F 1E 00 1D 19 17 0F 00 13 18 00 1E 12 0F 00 21 0F 1D 1E 0F 1C 18 00 1E 19 21 0F 1C 00 21 12 0F 1C 0F 00 1E 12 0F 23 00 1D 0B 23 00 0F 16 20 0F 1D 00 20 13 1D 13 1E 78	Birdsong Nectar? This shop once had some.'<4F>You might get some in the western tower where they say elves visit.
07E0	3F	00	03	B77C	0	378	38 12 13 1D 00 13 1D 00 1E 12 0F 00 38 1C 0B 20 0F 16 00 28 19 19 1C 00 1E 19 00 29 18 0E 19 1C 6C 4F 38 12 0F 00 2F 13 18 11 00 1E 19 16 0E 00 17 0F 00 18 19 1E 00 1E 19 00 16 0F 1E 00 1E 12 0F 00 34 1C 13 18 0D 0F 1D 1D 00 1A 0B 1D 1D 78	This is the Travel Door to Endor.'<4F>The King told me not to let the Princess pass.
07E1	3F	01	03	B77C	378	678	38 12 0F 00 17 0F 1D 1D 0F 18 11 0F 1C 00 0E 0F 16 13 20 0F 1C 0F 0E 00 1E 12 0F 00 2F 13 18 11 6B 1D 00 1A 0F 1C 17 13 1D 1D 13 19 18 78 3D 19 1F 00 0D 0B 18 00 1A 0B 1D 1D 00 18 19 21 78	The messenger delivered the King's permission.You can pass now.
07E2	3F	02	03	B77C	678	740	72 72 72 72 72 72 6A	..................'
07E3	3F	03	03	B77C	740	1544	2C 19 21 00 1E 0F 1C 1C 13 0C 16 0F 6E 00 2C 0F 00 0D 0B 18 6B 1E 00 1D 1A 0F 0B 15 6E 6A 4F 38 12 13 1D 00 17 1F 1D 1E 00 0C 0F 00 15 0F 1A 1E 00 0B 00 1D 0F 0D 1C 0F 1E 77 0C 1F 1E 00 13 10 00 12 0F 00 1C 0F 17 0B 13 18 1D 00 16 13 15 0F 00 1E 12 13 1D 72 6C 4F 3D 0F 1D 77 2D 00 15 18 19 21 6E 00 2B 19 24 77 1E 12 0F 00 19 16 0E 00 17 0B 18 00 21 12 19 00 16 13 20 0F 1D 00 13 18 00 1E 12 0F 00 0C 0B 0D 15 23 0B 1C 0E 00 1D 12 0F 0E 77 17 0B 23 00 15 18 19 21 00 0B 00 1C 0F 17 0F 0E 23 78	How terrible! He can't speak!'<4F>This must be kept a secret,but if he remains like this....'<4F>Yes,I know! Goz,the old man who lives in the backyard shed,may know a remedy.
07E4	3F	04	03	B77C	1544	1826	38 12 0F 00 2F 13 18 11 00 15 0F 0F 1A 1D 00 1A 0F 0B 0D 0F 00 13 18 00 1E 12 13 1D 00 0D 19 1F 18 1E 1C 23 78 28 19 18 6B 1E 00 16 0F 1E 00 19 1E 12 0F 1C 1D 00 15 18 19 21 78	The King keeps peace in this country.Don't let others know.
07E5	3F	05	03	B77C	1826	2102	38 12 0F 00 2F 13 18 11 00 12 0B 1D 18 6B 1E 00 1D 1A 19 15 0F 18 00 1E 19 00 17 0F 00 13 18 00 0B 00 21 12 13 16 0F 78 2D 1D 00 0B 18 23 1E 12 13 18 11 00 21 1C 19 18 11 6D	The King hasn't spoken to me in a while.Is anything wrong?
07E6	3F	06	03	B77C	2102	2783	38 12 0F 00 2F 13 18 11 00 16 19 1D 1E 00 12 13 1D 00 20 19 13 0D 0F 6E 6D 6A 4F 2D 00 15 18 19 21 00 31 0B 1C 19 18 0F 77 1E 12 0F 00 1A 19 0F 1E 77 0E 0B 17 0B 11 0F 0E 00 12 13 1D 00 1E 12 1C 19 0B 1E 00 19 18 0D 0F 6C 4F 32 19 21 00 12 0F 00 12 0B 1D 00 1E 12 0F 00 16 19 20 0F 16 13 0F 1D 1E 00 20 19 13 0D 0F 00 13 18 00 1E 12 0F 00 0D 19 1F 18 1E 1C 23 78 2C 0F 00 17 0B 23 00 15 18 19 21 00 21 12 0B 1E 00 1E 19 00 0E 19 78	The King lost his voice!?'<4F>I know Marone,the poet,damaged his throat once.'<4F>Now he has the loveliest voice in the country.He may know what to do.
07E7	3F	07	03	B77C	2783	3560	3D 0F 1D 77 2D 6B 17 00 31 0B 1C 19 18 0F 78 3B 12 23 00 13 1D 00 17 23 00 20 19 13 0D 0F 00 1D 19 00 16 19 20 0F 16 23 6D 6A 4F 2D 00 1E 12 13 18 15 00 1E 0B 15 13 18 11 00 26 13 1C 0E 1D 19 18 11 00 32 0F 0D 1E 0B 1C 77 0B 18 00 0F 16 10 13 18 00 17 0F 0E 13 0D 13 18 0F 77 12 0F 16 1A 0F 0E 6C 4F 2D 00 10 19 1F 18 0E 00 13 1E 00 13 18 00 0B 00 0E 0F 1D 0F 1C 1E 00 0C 0B 24 0B 0B 1C 00 0E 1F 1C 13 18 11 00 0B 00 1E 1C 13 1A 78 30 0B 77 30 0B 77 30 0B 72	Yes,I'm Marone.Why is my voice so lovely?'<4F>I think taking Birdsong Nectar,an elfin medicine,helped.'<4F>I found it in a desert bazaar during a trip.La,La,La...
07E8	3F	08	03	B77C	3560	4239	27 19 18 1E 13 18 1F 0F 00 23 19 1F 1C 00 14 19 1F 1C 18 0F 23 00 1D 0B 10 0F 16 23 6C 4F 2D 6B 16 16 00 1E 12 13 18 15 00 0B 0C 19 1F 1E 00 1E 12 0F 00 0E 1C 0F 0B 17 1D 00 2D 00 12 0B 0E 6C 4F 2D 00 1E 12 13 18 15 00 2D 00 12 0B 0E 00 0B 18 19 1E 12 0F 1C 00 0E 1C 0F 0B 17 00 0C 0F 1D 13 0E 0F 1D 00 1E 12 19 1D 0F 00 18 13 11 12 1E 17 0B 1C 0F 1D 77 0C 1F 1E 00 2D 00 0D 0B 18 6B 1E 00 1C 0F 17 0F 17 0C 0F 1C 00 13 1E 72 78	Continue your journey safely.'<4F>I'll think about the dreams I had.'<4F>I think I had another dream besides those nightmares,but I can't remember it....
07E9	3F	09	03	B77C	4239	4518	2C 19 21 00 10 19 1C 1E 1F 18 0B 1E 0F 6E 00 38 12 0F 00 0E 1C 0F 0B 17 1D 00 1E 12 0F 00 2F 13 18 11 00 12 0B 0E 00 21 19 1C 1C 23 00 17 0F 77 12 19 21 0F 20 0F 1C 72 78	How fortunate! The dreams the King had worry me,however....
07EA	3F	0A	03	B77C	4518	4768	38 12 0F 00 2F 13 18 11 00 12 0B 1D 00 1D 1A 19 15 0F 18 00 1E 19 00 17 0F 78 3B 12 0B 1E 00 0B 00 16 19 20 0F 16 23 00 20 19 13 0D 0F 00 12 0F 00 12 0B 1D 6E	The King has spoken to me.What a lovely voice he has!
07EB	3F	0B	03	B77C	4768	5023	38 12 13 1D 00 13 1D 00 1E 12 0F 00 0D 19 1F 18 1E 1C 23 00 19 10 00 29 18 0E 19 1C 78 38 12 0F 00 27 0B 1D 1E 16 0F 00 13 1D 00 13 18 00 1E 12 0F 00 0F 0B 1D 1E 78	This is the country of Endor.The Castle is in the east.
07EC	3F	0C	03	B77C	5023	5116	2B 1F 0B 1C 0E 13 18 11 00 13 1D 00 12 0B 1C 0E 78	Guarding is hard.
07ED	3F	0D	03	B77C	5116	5193	2C 19 21 00 0E 0F 16 13 0D 13 19 1F 1D 6E	How delicious!
07EE	3F	0E	03	B77C	5193	5376	2D 1E 6B 1D 00 1E 19 1F 11 12 00 1E 19 00 0D 1C 0F 0B 1E 0F 00 0B 00 17 0F 18 1F 00 0F 20 0F 1C 23 00 18 13 11 12 1E 78	It's tough to create a menu every night.
07EF	3F	0F	03	B77C	5376	5871	3D 19 1F 6B 1C 0F 00 12 0F 1C 0F 00 10 19 1C 00 1E 12 0F 00 1E 19 1F 1C 18 0B 17 0F 18 1E 00 1E 19 19 6D 00 2D 00 0C 0F 16 13 0F 20 0F 72 6A 4F 1E 12 0F 00 2F 13 18 11 00 12 0B 1D 00 0B 00 17 19 1E 13 20 0F 00 10 19 1C 00 0B 1E 1E 1C 0B 0D 1E 13 18 11 00 1E 12 0F 00 1D 1E 1C 19 18 11 00 13 18 00 1E 12 13 1D 00 21 0B 23 78	You're here for the tournament too? I believe...'<4F>the King has a motive for attracting the strong in this way.
07F0	3F	10	03	B77C	5871	6206	31 23 00 0E 0B 1F 11 12 1E 0F 1C 00 13 1D 00 0B 16 21 0B 23 1D 00 16 19 19 15 13 18 11 00 0B 1E 00 1E 12 0F 00 1D 15 23 00 1E 12 0F 1D 0F 00 0E 0B 23 1D 78 3B 12 0B 1E 6B 1D 00 11 19 1E 00 13 18 1E 19 00 12 0F 1C 6D	My daughter is always looking at the sky these days.What's got into her?
07F1	3F	11	03	B77C	6206	6453	2C 0B 20 0F 00 23 19 1F 00 0C 0F 0F 18 00 1E 19 00 1E 12 0F 00 1F 18 0E 0F 1C 11 1C 19 1F 18 0E 00 0D 0B 1D 13 18 19 6D 00 2D 00 21 19 18 00 1E 19 0E 0B 23 6E	Have you been to the underground casino? I won today!
07F2	3F	12	03	B77C	6453	6845	2D 00 0E 0F 0E 13 0D 0B 1E 0F 00 1E 19 00 23 19 1F 00 1E 12 13 1D 00 1D 19 18 11 00 19 10 00 11 16 19 1C 23 72 25 18 00 2D 1C 19 18 00 27 16 0B 21 00 19 18 00 1E 12 0F 00 36 13 11 12 1E 00 2C 0B 18 0E 77 30 0B 77 30 0B 77 30 0B 72	I dedicate to you this song of glory...An Iron Claw on the Right Hand,La,La,La...
07F3	3F	13	03	B77C	6845	6901	37 1D 1D 72 37 1D 1D 72	Sss...Sss...
07F4	3F	14	03	B77C	6901	7159	2B 1C 24 24 72 2B 1C 24 24 72 1E 12 0F 1C 0F 6E 00 32 0F 0D 1C 19 1D 0B 1C 19 6E 00 31 1F 17 0C 16 0F 72 31 1F 17 0C 16 0F 72	Grzz...Grzz...there! Necrosaro! Mumble...Mumble...
07F5	3F	15	03	B77C	7159	7542	25 00 10 13 11 12 1E 0F 1C 00 0D 0B 16 16 0F 0E 00 32 0F 0D 1C 19 1D 0B 1C 19 00 13 1D 00 0B 0E 20 0B 18 0D 13 18 11 00 13 18 00 1E 12 0F 00 1E 19 1F 1C 18 0B 17 0F 18 1E 78 3B 12 0B 1E 00 0B 00 17 0B 16 0F 20 19 16 0F 18 1E 00 18 0B 17 0F 72 78	A fighter called Necrosaro is advancing in the tournament.What a malevolent name....
07F6	3F	16	03	B77C	7542	7764	38 12 13 1D 00 13 1D 00 0B 00 1A 19 15 0F 1C 00 1E 0B 0C 16 0F 78 3B 19 1F 16 0E 00 23 19 1F 00 16 13 15 0F 00 1E 19 00 1A 16 0B 23 6D	This is a poker table.Would you like to play?
07F7	3F	17	03	B77C	7764	7857	28 1C 19 1A 00 0C 23 00 0B 18 23 00 1E 13 17 0F 78	Drop by any time.
07F8	3F	18	03	B77C	7857	9027	3B 0F 16 0D 19 17 0F 6E 00 38 12 0F 00 2F 13 18 11 00 19 10 00 37 0B 18 1E 0F 0F 17 00 1E 19 16 0E 00 17 0F 00 0B 0C 19 1F 1E 00 23 19 1F 6C 4F 2D 00 0B 0E 17 13 1C 0F 00 1E 12 0B 1E 00 23 19 1F 6B 1C 0F 00 0D 19 18 0D 0F 1C 18 0F 0E 00 19 20 0F 1C 00 1E 12 13 1D 00 0E 19 19 17 0F 0E 00 21 19 1C 16 0E 00 0B 18 0E 00 0B 1C 0F 00 0F 17 0C 0B 1C 15 13 18 11 00 19 18 00 0B 00 14 19 1F 1C 18 0F 23 00 1E 19 00 1A 1C 19 20 0F 00 23 19 1F 1C 00 1D 1E 1C 0F 18 11 1E 12 6E 6A 4F 2D 00 12 0B 20 0F 00 0B 00 1C 0F 1B 1F 0F 1D 1E 78 3B 13 18 00 1E 12 0F 00 1E 19 1F 1C 18 0B 17 0F 18 1E 6C 4F 38 19 00 1E 0F 16 16 00 1E 12 0F 00 1E 1C 1F 1E 12 77 2D 6B 17 00 1C 0F 11 1C 0F 1E 1E 13 18 11 00 21 12 0B 1E 00 2D 6B 20 0F 00 1A 1C 19 17 13 1D 0F 0E 72 78	Welcome! The King of Santeem told me about you.'<4F>I admire that you're concerned over this doomed world and are embarking on a journey to prove your strength!'<4F>I have a request.Win the tournament.'<4F>To tell the truth,I'm regretting what I've promised....
07F9	3F	19	03	B77C	9027	9250	4E 44 69 49 77 1A 16 0F 0B 1D 0F 00 1C 0F 20 13 20 0F 00 34 1C 13 18 0D 0F 1D 1D 00 25 16 0F 18 0B 00 0B 1E 00 19 18 0D 0F 6E 6A	<4E><44>'<49>,please revive Princess Alena at once!'
07FA	3F	1A	03	B77C	9250	9970	31 23 00 10 0B 1E 12 0F 1C 00 1A 1C 19 0D 16 0B 13 17 0F 0E 00 1E 12 0B 1E 00 1E 12 0F 00 1E 19 1F 1C 18 0B 17 0F 18 1E 6B 1D 00 21 13 18 18 0F 1C 00 21 13 16 16 00 17 0B 1C 1C 23 00 17 0F 6C 4F 2D 10 00 1E 12 0F 00 21 13 18 18 0F 1C 00 13 1D 00 0B 00 21 19 17 0B 18 77 2D 00 21 19 18 6B 1E 00 0C 0F 00 1C 0F 1B 1F 13 1C 0F 0E 00 1E 19 00 17 0B 1C 1C 23 6C 4F 34 16 0F 0B 1D 0F 00 0F 18 1E 0F 1C 00 0B 18 0E 00 21 13 18 00 1E 12 0F 00 1E 19 1F 1C 18 0B 17 0F 18 1E 78	My father proclaimed that the tournament's winner will marry me.'<4F>If the winner is a woman,I won't be required to marry.'<4F>Please enter and win the tournament.
07FB	3F	1B	03	B77C	9970	10209	4E 44 69 34 1C 13 18 0D 0F 1D 1D 00 25 16 0F 18 0B 77 2D 00 0F 18 20 23 00 23 19 1F 00 10 19 1C 00 0C 0F 13 18 11 00 1D 19 00 10 1C 0F 0F 6C	<4E><44>'Princess Alena,I envy you for being so free.'
07FC	3F	1C	03	B77C	10209	10571	38 12 0F 00 2F 13 18 11 00 12 0B 1D 00 17 0B 0E 0F 00 0B 00 1E 0F 1C 1C 13 0C 16 0F 00 1A 1C 19 17 13 1D 0F 78 3B 19 1F 16 0E 00 23 19 1F 00 16 13 1D 1E 0F 18 00 1E 19 00 1E 12 0F 00 34 1C 13 18 0D 0F 1D 1D 6B 00 1D 1E 19 1C 23 6D	The King has made a terrible promise.Would you listen to the Princess' story?
07FD	3F	1D	03	B77C	10571	10808	38 19 00 0F 18 1E 0F 1C 00 1E 12 0F 00 27 0B 1D 1E 16 0F 00 0B 1E 00 18 13 11 12 1E 77 23 19 1F 00 17 1F 1D 1E 00 0F 20 0B 0E 0F 00 1D 0F 18 1E 1C 13 0F 1D 78	To enter the Castle at night,you must evade sentries.
07FE	3F	1E	03	B77C	10808	11166	33 18 16 23 00 1E 12 19 1D 0F 00 1C 0F 11 13 1D 1E 0F 1C 0F 0E 00 0D 0B 18 00 0F 18 1E 0F 1C 00 1E 12 0F 00 1E 19 1F 1C 18 0B 17 0F 18 1E 78 33 0C 1E 0B 13 18 00 1A 0F 1C 17 13 1D 1D 13 19 18 00 10 1C 19 17 00 1E 12 0F 00 2F 13 18 11	Only those registered can enter the tournament.Obtain permission from the King
07FF	3F	1F	03	B77C	11166	11632	38 12 0F 00 2F 13 18 11 00 12 0B 1D 00 11 13 20 0F 18 00 19 18 16 23 00 34 1C 13 18 0D 0F 1D 1D 00 25 16 0F 18 0B 00 1A 0F 1C 17 13 1D 1D 13 19 18 00 1E 19 00 0F 18 1E 0F 1C 78 2C 19 21 0F 20 0F 1C 77 23 19 1F 6B 1C 0F 00 18 19 1E 00 1A 1C 19 1A 0F 1C 16 23 00 0F 1B 1F 13 1A 1A 0F 0E 78	The King has given only Princess Alena permission to enter.However,you're not properly equipped.
0800	40	00	03	BD2B	0	193	34 1C 13 18 0D 0F 1D 1D 00 25 16 0F 18 0B 78 38 12 0F 00 0C 0F 1D 1E 00 19 10 00 16 1F 0D 15 00 1E 19 00 23 19 1F 78	Princess Alena.The best of luck to you.
0801	40	01	03	BD2B	193	823	38 12 0B 18 15 1D 00 1E 19 00 23 19 1F 77 2D 00 21 19 18 6B 1E 00 12 0B 20 0F 00 1E 19 00 17 0B 1C 1C 23 00 1D 19 17 0F 19 18 0F 00 2D 00 0E 0F 1D 1A 13 1D 0F 6C 4F 2D 10 00 34 1C 13 18 0D 0F 1D 1D 00 25 16 0F 18 0B 00 21 0B 1D 00 0B 00 17 0B 18 72 6A 4F 3B 12 0B 1E 00 0B 17 00 2D 00 1D 0B 23 13 18 11 72 1A 16 0F 0B 1D 0F 00 10 19 1C 11 0F 1E 00 21 12 0B 1E 00 2D 6B 20 0F 00 1D 0B 13 0E 78	Thanks to you,I won't have to marry someone I despise.'<4F>If Princess Alena was a man...'<4F>What am I saying...please forget what I've said.
0802	40	02	03	BD2B	823	1043	2C 19 21 00 1D 1E 1C 19 18 11 00 34 1C 13 18 0D 0F 1D 1D 00 25 16 0F 18 0B 00 13 1D 6E 00 2D 6B 17 00 13 17 1A 1C 0F 1D 1D 0F 0E 78	How strong Princess Alena is! I'm impressed.
0803	40	03	03	BD2B	1043	1276	32 19 21 00 1E 12 0F 00 1E 19 1F 1C 18 0B 17 0F 18 1E 00 13 1D 00 19 20 0F 1C 77 1E 12 0F 00 27 19 16 13 1D 0F 1F 17 00 13 1D 00 0D 16 19 1D 0F 0E 78	Now the tournament is over,the Coliseum is closed.
0804	40	04	03	BD2B	1276	1531	25 10 1E 0F 1C 00 32 0F 0D 1C 19 1D 0B 1C 19 00 20 0B 18 13 1D 12 0F 0E 77 17 19 18 1D 1E 0F 1C 1D 00 1D 1E 19 1A 1A 0F 0E 00 0B 1A 1A 0F 0B 1C 13 18 11 78	After Necrosaro vanished,monsters stopped appearing.
0805	40	05	03	BD2B	1531	1711	32 0F 0D 1C 19 1D 0B 1C 19 72 20 0B 18 13 1D 12 0F 0E 77 0B 00 17 23 1D 1E 0F 1C 13 19 1F 1D 00 17 0B 18 78	Necrosaro...vanished,a mysterious man.
0806	40	06	03	BD2B	1711	1869	27 19 18 11 1C 0B 1E 1F 16 0B 1E 13 19 18 1D 00 19 18 00 23 19 1F 1C 00 20 13 0D 1E 19 1C 23 6E	Congratulations on your victory!
0807	40	07	03	BD2B	1869	2010	2D 6B 17 00 12 0B 1A 1A 23 00 10 19 1C 00 1E 12 0F 00 34 1C 13 18 0D 0F 1D 1D 78	I'm happy for the Princess.
0808	40	08	03	BD2B	2010	2302	2D 1D 18 6B 1E 00 1E 12 0F 1C 0F 00 0B 18 23 19 18 0F 00 21 12 19 00 21 0B 18 1E 1D 00 1E 19 00 0C 1F 23 00 17 23 00 1D 12 19 1A 00 0B 18 0E 00 0E 19 00 0C 1F 1D 13 18 0F 1D 1D 00 12 0F 1C 0F 6D	Isn't there anyone who wants to buy my shop and do business here?
0809	40	09	03	BD2B	2302	2623	33 12 77 23 19 1F 6B 1C 0F 00 34 1C 13 18 0D 0F 1D 1D 00 25 16 0F 18 0B 6E 6A 4F 3D 19 1F 6B 20 0F 00 0C 0F 0F 18 00 1E 12 0F 00 1E 0B 16 15 00 19 10 00 1F 1D 00 17 0F 1C 0D 12 0B 18 1E 1D 78	Oh,you're Princess Alena!'<4F>You've been the talk of us merchants.
080A	40	0A	03	BD2B	2623	2965	4E 32 0F 1E 0B 71 69 2B 19 00 19 1F 1E 00 0B 18 0E 00 12 0F 0B 0E 00 21 0F 1D 1E 78 28 19 18 6B 1E 00 0C 0F 00 0B 00 1D 16 0F 0F 1A 23 6F 12 0F 0B 0E 78 2C 0B 20 0F 00 0B 00 18 13 0D 0F 00 0E 0B 23 6C	<4E>Neta:'Go out and head west.Don't be a sleepy-head.Have a nice day.'
080B	40	0B	03	BD2B	2965	3170	4E 32 0F 1E 0B 71 69 3D 19 1F 6B 1C 0F 00 0C 0B 0D 15 78 25 1C 0F 00 23 19 1F 00 1E 13 1C 0F 0E 6D 6A 44	<4E>Neta:'You're back.Are you tired?'<44>
080C	40	0C	03	BD2B	3170	3331	4E 32 0F 1E 0B 71 69 36 0F 1D 1E 00 21 0F 16 16 78 2B 19 19 0E 00 18 13 11 12 1E 6C	<4E>Neta:'Rest well.Good night.'
080D	40	0D	03	BD2B	3331	3536	4E 32 0F 1E 0B 71 69 3B 0B 15 0F 00 1F 1A 77 0E 0B 1C 16 13 18 11 78 2D 1E 6B 1D 00 17 19 1C 18 13 18 11 6C	<4E>Neta:'Wake up,darling.It's morning.'
080E	40	0E	03	BD2B	3536	3763	4E 44 32 0F 1E 0B 71 69 2C 0F 1C 0F 6B 1D 00 23 19 1F 1C 00 16 1F 18 0D 12 78 2C 0B 20 0F 00 0B 00 11 19 19 0E 00 0E 0B 23 6C	<4E><44>Neta:'Here's your lunch.Have a good day.'
080F	40	0F	03	BD2B	3763	4625	4E 32 0F 1E 0B 71 69 2D 00 12 19 1A 0F 00 21 0F 00 12 0B 20 0F 00 19 1F 1C 00 19 21 18 00 1D 12 19 1A 00 1D 19 17 0F 0E 0B 23 6C 44 32 0F 1E 0B 71 69 3D 19 1F 6B 1C 0F 00 18 19 1E 00 1E 12 0F 00 1E 23 1A 0F 00 1E 19 00 21 19 1C 15 00 10 19 1C 00 19 1E 12 0F 1C 1D 00 10 19 1C 0F 20 0F 1C 6C 44 32 0F 1E 0B 71 69 38 12 0B 1E 6B 1D 00 21 12 23 00 2D 00 17 0B 1C 1C 13 0F 0E 00 23 19 1F 78 33 10 00 0D 19 1F 1C 1D 0F 00 1E 12 0B 1E 00 21 0B 1D 18 6B 1E 00 1E 12 0F 00 19 18 16 23 00 1C 0F 0B 1D 19 18 72 38 0F 0F 77 2C 0F 0F 72 6A	<4E>Neta:'I hope we have our own shop someday.'<44>Neta:'You're not the type to work for others forever.'<44>Neta:'That's why I married you.Of course that wasn't the only reason...Tee,Hee...'
0810	40	10	03	BD2B	4625	4864	4E 32 0F 1E 0B 71 69 2A 19 1C 11 19 1E 00 1D 19 17 0F 1E 12 13 18 11 6D 00 3B 19 1C 15 00 12 0B 1C 0E 72 1D 17 0B 0D 15 6E 6A	<4E>Neta:'Forgot something? Work hard...smack!'
0811	40	11	03	BD2B	4864	5093	4E 32 0F 1E 0B 71 69 3B 0F 16 0D 19 17 0F 00 12 19 17 0F 78 3D 19 1F 00 21 19 1C 15 0F 0E 00 16 0B 1E 0F 00 1E 19 0E 0B 23 6C 44	<4E>Neta:'Welcome home.You worked late today.'<44>
0812	40	12	03	BD2B	5093	5395	2B 1C 0B 18 0E 1A 0B 00 38 19 17 00 21 13 1D 12 0F 1D 00 0F 20 0F 1C 23 0E 0B 23 00 10 19 1C 00 12 13 1D 00 20 0B 11 0B 0C 19 18 0E 00 1D 19 18 6B 1D 00 1D 0B 10 0F 00 1C 0F 1E 1F 1C 18 78	Grandpa Tom wishes everyday for his vagabond son's safe return.
0813	40	13	03	BD2B	5395	5554	3B 0F 16 0D 19 17 0F 00 1E 19 00 1E 12 0F 00 38 19 21 18 00 19 10 00 30 0B 15 0B 18 0B 0C 0B 78	Welcome to the Town of Lakanaba.
0814	40	14	03	BD2B	5554	5821	4E 44 69 33 12 77 13 1E 6B 1D 00 23 19 1F 77 38 0B 16 19 19 18 78 2D 00 0E 13 0E 18 6B 1E 00 12 0B 20 0F 00 1E 19 00 11 1C 0F 0F 1E 00 23 19 1F 6E 6A	<4E><44>'Oh,it's you,Taloon.I didn't have to greet you!'
0815	40	15	03	BD2B	5821	6096	4E 38 19 17 71 69 38 0B 16 19 19 18 77 2D 6B 17 00 19 16 0E 00 0B 18 0E 00 17 23 00 16 13 17 0C 1D 00 0B 1C 0F 00 11 0F 1E 1E 13 18 11 00 21 0F 0B 15 6C 44	<4E>Tom:'Taloon,I'm old and my limbs are getting weak.'<44>
0816	40	16	03	BD2B	6096	6421	4E 38 19 17 71 69 2D 6B 16 16 00 1A 0B 23 00 23 19 1F 00 1E 19 00 1E 0B 15 0F 00 17 0F 00 1E 19 00 1E 12 0F 00 2C 19 1F 1D 0F 00 19 10 00 2C 0F 0B 16 13 18 11 78 3B 13 16 16 00 23 19 1F 6D 6A	<4E>Tom:'I'll pay you to take me to the House of Healing.Will you?'
0817	40	17	03	BD2B	6421	6522	4E 38 19 17 71 69 34 1F 1D 12 00 17 0F 6E 6A	<4E>Tom:'Push me!'
0818	40	18	03	BD2B	6522	6647	4E 38 19 17 71 69 38 12 0B 1E 6B 1D 00 1E 19 19 00 0C 0B 0E 6C	<4E>Tom:'That's too bad.'
0819	40	19	03	BD2B	6647	6900	4E 38 19 17 71 69 27 19 17 0F 00 19 18 77 1D 19 18 78 3D 19 1F 00 0D 0B 18 00 1A 1F 1D 12 00 0C 0F 1E 1E 0F 1C 00 1E 12 0B 18 00 1E 12 0B 1E 6E 6A	<4E>Tom:'Come on,son.You can push better than that!'
081A	40	1A	03	BD2B	6900	7456	4E 38 19 17 71 69 2D 6B 17 00 10 13 18 0B 16 16 23 00 0B 1E 00 1E 12 0F 00 2C 19 1F 1D 0F 00 19 10 00 2C 0F 0B 16 13 18 11 78 38 12 0B 18 15 1D 00 1D 19 00 17 1F 0D 12 78 2C 0F 1C 0F 6B 1D 00 23 19 1F 1C 00 1C 0F 21 0B 1C 0E 6E 6A 44 38 0B 16 19 19 18 00 1C 0F 0D 0F 13 20 0F 0E 00 47 00 11 19 16 0E 00 1A 13 0F 0D 0F 4C 78	<4E>Tom:'I'm finally at the House of Healing.Thanks so much.Here's your reward!'<44>Taloon received <47> gold piece<4C>.
081B	40	1B	03	BD2B	7456	7904	4E 38 19 17 71 69 31 23 00 1D 19 18 00 21 0B 1D 00 0B 00 10 19 19 16 00 1E 19 00 16 0F 0B 20 0F 00 1E 12 0F 00 1E 19 21 18 78 2C 0F 00 18 0F 20 0F 1C 00 21 1C 13 1E 0F 1D 6C 44 38 19 17 71 69 2D 00 21 19 18 0E 0F 1C 00 21 12 0B 1E 00 12 0F 6B 1D 00 0E 19 13 18 11 6D 6A	<4E>Tom:'My son was a fool to leave the town.He never writes.'<44>Tom:'I wonder what he's doing?'
081C	40	1C	03	BD2B	7904	8093	38 0B 16 19 19 18 77 12 0B 20 0F 00 23 19 1F 00 12 0F 0B 1C 0E 00 19 10 00 1E 12 0F 00 2D 1C 19 18 00 37 0B 10 0F 6D	Taloon,have you heard of the Iron Safe?
081D	40	1D	03	BD2B	8093	8332	3D 19 1F 6B 0E 00 0C 0F 1E 1E 0F 1C 00 11 0F 1E 00 1E 12 0F 00 2D 1C 19 18 00 37 0B 10 0F 00 0C 0F 10 19 1C 0F 00 23 19 1F 00 11 19 00 1D 19 1F 1E 12 78	You'd better get the Iron Safe before you go south.
081E	40	1E	03	BD2B	8332	8947	25 00 11 1F 0F 1D 1E 00 1D 0B 13 0E 00 1E 12 0F 00 2D 1C 19 18 00 37 0B 10 0F 00 17 13 11 12 1E 00 0C 0F 00 13 18 00 0B 00 18 19 1C 1E 12 0F 1C 18 00 0D 0B 20 0F 6C 4F 2D 00 0B 16 1D 19 00 12 0F 0B 1C 0E 00 13 1E 00 1D 12 19 1F 16 0E 00 1A 1C 19 1E 0F 0D 1E 00 23 19 1F 1C 00 17 19 18 0F 23 00 0F 20 0F 18 00 21 12 0F 18 00 23 19 1F 6B 1C 0F 00 0E 0F 10 0F 0B 1E 0F 0E 00 0C 23 00 17 19 18 1D 1E 0F 1C 1D 78	A guest said the Iron Safe might be in a northern cave.'<4F>I also heard it should protect your money even when you're defeated by monsters.
081F	40	1F	03	BD2B	8947	9181	3B 19 1C 15 00 12 0B 1C 0E 00 0B 18 0E 00 1D 19 19 18 00 23 19 1F 00 17 13 11 12 1E 00 19 21 18 00 0B 00 1D 12 19 1A 00 16 13 15 0F 00 17 13 18 0F 78	Work hard and soon you might own a shop like mine.
0820	41	00	04	81CF	0	665	38 0B 16 19 19 18 77 23 19 1F 6B 16 16 00 11 19 00 1D 19 1F 1E 12 00 13 10 00 23 19 1F 00 11 0F 1E 00 1E 12 0F 00 2D 1C 19 18 00 37 0B 10 0F 77 21 19 18 6B 1E 00 23 19 1F 6D 6A 4F 2D 00 12 0F 0B 1C 00 0B 00 0C 13 11 00 0D 0B 1D 1E 16 0F 00 0D 0B 16 16 0F 0E 00 29 18 0E 19 1C 00 13 1D 00 13 18 00 1E 12 0F 00 1D 19 1F 1E 12 78 3D 19 1F 6B 16 16 00 17 0B 15 0F 00 0B 00 16 19 1E 00 19 10 00 17 19 18 0F 23 00 1E 12 0F 1C 0F 78	Taloon,you'll go south if you get the Iron Safe,won't you?'<4F>I hear a big castle called Endor is in the south.You'll make a lot of money there.
0821	41	01	04	81CF	665	1414	2D 00 1D 0F 0F 78 3D 19 1F 00 21 0B 18 1E 00 1E 19 00 0C 0F 00 1E 12 0F 00 21 19 1C 16 0E 6B 1D 00 11 1C 0F 0B 1E 0F 1D 1E 00 0B 1C 17 1D 00 17 0F 1C 0D 12 0B 18 1E 6C 4F 3D 19 1F 00 18 0F 0F 0E 00 1E 19 00 11 0B 13 18 00 0F 22 1A 0F 1C 13 0F 18 0D 0F 00 13 18 00 10 13 11 12 1E 13 18 11 00 1E 19 19 6C 4F 2B 19 19 0E 00 0B 1C 17 1D 00 17 0F 1C 0D 12 0B 18 1E 1D 00 1D 12 19 1F 16 0E 00 15 18 19 21 00 12 19 21 00 1E 19 00 1F 1D 0F 00 21 0F 0B 1A 19 18 1D 00 1A 1C 19 1A 0F 1C 16 23 78	I see.You want to be the world's greatest arms merchant.'<4F>You need to gain experience in fighting too.'<4F>Good arms merchants should know how to use weapons properly.
0822	41	02	04	81CF	1414	1914	4E 38 19 17 71 69 38 12 0F 00 0E 19 11 00 13 18 00 1E 12 0F 00 0C 0B 0D 15 23 0B 1C 0E 00 13 1D 00 17 23 00 1D 19 18 6B 1D 78 2C 0F 00 19 18 16 23 00 19 0C 0F 23 1D 00 17 23 00 1D 19 18 6C 44 38 19 17 71 69 38 12 0B 1E 6B 1D 00 21 12 23 00 2D 00 15 0F 0F 1A 00 12 13 17 00 0D 0B 11 0F 0E 6C	<4E>Tom:'The dog in the backyard is my son's.He only obeys my son.'<44>Tom:'That's why I keep him caged.'
0823	41	03	04	81CF	1914	2550	3B 12 0B 1E 6D 00 3D 19 1F 00 21 0B 18 1E 00 1E 19 00 19 21 18 00 0B 00 1D 12 19 1A 6D 6A 4F 3D 19 1F 00 1D 12 19 1F 16 0E 00 11 19 00 1E 19 00 29 18 0E 19 1C 00 0B 18 0E 00 0C 1F 23 00 19 18 0F 00 1E 12 0F 1C 0F 78 38 12 0F 18 00 23 19 1F 00 0D 0B 18 00 0D 0B 16 16 00 10 19 1C 00 23 19 1F 1C 00 10 0B 17 13 16 23 72 6C 4F 32 13 0D 0F 00 1E 19 00 12 0B 20 0F 00 0B 00 0E 1C 0F 0B 17 77 0F 12 6D	What? You want to own a shop?'<4F>You should go to Endor and buy one there.Then you can call for your family....'<4F>Nice to have a dream,eh?
0824	41	04	04	81CF	2550	2701	2C 0F 16 16 19 77 38 1C 0B 20 0F 16 0F 1C 6E 00 25 1C 0F 00 23 19 1F 00 16 19 1D 1E 6D	Hello,Traveler! Are you lost?
0825	41	05	04	81CF	2701	2947	33 12 77 1E 12 0B 1E 6B 1D 00 1E 19 19 00 0C 0B 0E 78 3B 12 23 00 0E 19 18 6B 1E 00 23 19 1F 00 1D 1E 0B 23 00 12 0F 1C 0F 00 1E 19 18 13 11 12 1E 6D	Oh,that's too bad.Why don't you stay here tonight?
0826	41	06	04	81CF	2947	3009	37 16 0F 0F 1A 00 21 0F 16 16 6E	Sleep well!
0827	41	07	04	81CF	3009	3167	36 0F 0B 16 16 23 6D 00 3B 0F 16 16 77 12 0B 20 0F 00 0B 00 11 19 19 0E 00 1E 1C 13 1A 6E	Really? Well,have a good trip!
0828	41	08	04	81CF	3167	3741	38 12 13 1D 00 13 1D 00 0B 18 00 0B 1C 17 19 1C 00 1D 12 19 1A 78 37 13 18 0D 0F 00 1E 12 0F 00 17 19 18 1D 1E 0F 1C 1D 00 0C 0F 11 0B 18 00 1C 19 0B 17 13 18 11 00 0B 1C 19 1F 18 0E 77 0F 20 0F 1C 23 19 18 0F 00 12 0B 1D 00 0C 0F 0F 18 00 0C 1F 23 13 18 11 00 0B 1C 17 19 1C 6C 4F 2D 6B 20 0F 00 18 19 1E 12 13 18 11 00 16 0F 10 1E 00 1E 19 00 1D 0F 16 16 00 23 19 1F 78	This is an armor shop.Since the monsters began roaming around,everyone has been buying armor.'<4F>I've nothing left to sell you.
0829	41	09	04	81CF	3741	4078	3B 0F 6B 1C 0F 00 1D 12 19 1C 1E 00 19 10 00 0B 1C 17 19 1C 00 13 18 00 1E 12 13 1D 00 27 0B 1D 1E 16 0F 6C 4F 2C 19 21 00 0B 0C 19 1F 1E 00 1D 0F 16 16 13 18 11 00 17 0F 00 1D 19 17 0F 00 19 10 00 23 19 1F 1C 1D 6D	We're short of armor in this Castle.'<4F>How about selling me some of yours?
082A	41	0A	04	81CF	4078	4158	38 12 0B 1E 6B 1D 00 1E 19 19 00 0C 0B 0E 78	That's too bad.
082B	41	0B	04	81CF	4158	4438	26 1F 1E 00 23 19 1F 00 0E 19 18 6B 1E 00 12 0B 20 0F 00 0B 18 23 00 0B 1C 17 19 1C 78 27 19 17 0F 00 0C 0B 0D 15 00 21 12 0F 18 00 23 19 1F 00 12 0B 20 0F 00 1D 19 17 0F 78	But you don't have any armor.Come back when you have some.
082C	41	0C	04	81CF	4438	4556	3B 12 0B 1E 00 0E 19 00 23 19 1F 00 21 0B 18 1E 00 1E 19 00 1D 0F 16 16 6D	What do you want to sell?
082D	41	0D	04	81CF	4556	4803	38 12 0B 18 15 1D 77 0C 1F 1E 00 21 0F 00 12 0B 20 0F 00 0F 18 19 1F 11 12 00 21 0F 0B 1A 19 18 1D 00 0B 18 0E 00 19 1E 12 0F 1C 00 1E 12 13 18 11 1D 6C 44	Thanks,but we have enough weapons and other things.'<44>
082E	41	0E	04	81CF	4803	5068	38 12 0F 00 48 6D 00 2D 6B 16 16 00 1A 0B 23 00 47 00 11 19 16 0E 00 1A 13 0F 0D 0F 4C 00 10 19 1C 00 13 1E 78 2D 1D 00 1E 12 0B 1E 00 33 2F 6D	The <48>? I'll pay <47> gold piece<4C> for it.Is that OK?
082F	41	0F	04	81CF	5068	5175	25 16 1C 13 11 12 1E 77 13 1E 6B 1D 00 0E 19 18 0F 6C 44	Alright,it's done.'<44>
0830	41	10	04	81CF	5175	5224	38 19 19 00 0C 0B 0E 78	Too bad.
0831	41	11	04	81CF	5224	5584	2D 10 00 23 19 1F 00 1D 0F 16 16 00 1E 12 0B 1E 77 23 19 1F 6B 16 16 00 0C 0F 00 13 18 00 0C 13 11 00 1E 1C 19 1F 0C 16 0F 6E 00 2D 00 1D 12 19 1F 16 0E 18 6B 1E 00 0C 1F 23 00 1E 12 0B 1E 00 10 1C 19 17 00 23 19 1F 6C 44	If you sell that,you'll be in big trouble! I shouldn't buy that from you.'<44>
0832	41	12	04	81CF	5584	5742	28 19 00 23 19 1F 00 12 0B 20 0F 00 0B 18 23 1E 12 13 18 11 00 0F 16 1D 0F 00 1E 19 00 1D 0F 16 16 6D	Do you have anything else to sell?
0833	41	13	04	81CF	5742	5947	25 16 1C 13 11 12 1E 77 13 10 00 23 19 1F 00 11 0F 1E 00 17 19 1C 0F 00 0B 1C 17 19 1C 77 0D 19 17 0F 00 0C 0B 0D 15 78	Alright,if you get more armor,come back.
0834	41	14	04	81CF	5947	6491	29 18 0E 19 1C 00 13 1D 00 1D 19 1F 1E 12 00 19 10 00 12 0F 1C 0F 78 2D 00 21 0F 18 1E 00 1E 12 0F 1C 0F 00 19 18 0D 0F 77 0C 0F 10 19 1C 0F 00 1E 12 0F 00 0C 1C 13 0E 11 0F 00 0D 1C 1F 17 0C 16 0F 0E 6C 4F 2D 00 17 0F 1E 00 0B 18 00 19 16 0E 00 17 0B 18 00 1E 12 0F 1C 0F 00 21 12 19 00 21 0B 18 1E 0F 0E 00 1E 19 00 1D 0F 16 16 00 12 13 1D 00 1D 12 19 1A 78	Endor is south of here.I went there once,before the bridge crumbled.'<4F>I met an old man there who wanted to sell his shop.
0835	41	15	04	81CF	6491	6810	29 18 0E 19 1C 00 13 1D 00 0B 00 21 0F 0B 16 1E 12 23 00 0D 19 1F 18 1E 1C 23 6C 4F 33 1F 1C 00 2F 13 18 11 00 13 1D 00 0E 0F 1E 0F 1C 17 13 18 0F 0E 00 1E 19 00 0D 19 18 1B 1F 0F 1C 00 13 1E 78	Endor is a wealthy country.'<4F>Our King is determined to conquer it.
0836	41	16	04	81CF	6810	7146	38 12 13 1D 00 13 1D 00 19 1F 1C 00 34 1C 13 18 0D 0F 6B 1D 00 1C 19 19 17 78 34 0F 19 1A 16 0F 00 16 13 15 0F 00 23 19 1F 00 0B 1C 0F 00 18 19 1E 00 21 0F 16 0D 19 17 0F 00 12 0F 1C 0F 78 2B 0F 1E 00 19 1F 1E 6E	This is our Prince's room.People like you are not welcome here.Get out!
0837	41	17	04	81CF	7146	7714	4E 36 0F 0F 0E 71 69 2D 6B 17 00 36 0F 0F 0E 77 1E 12 13 1D 00 0D 19 1F 18 1E 1C 23 6B 1D 00 34 1C 13 18 0D 0F 6C 44 36 0F 0F 0E 71 69 25 1D 1D 1F 17 13 18 11 00 23 19 1F 6B 1C 0F 00 0B 00 1E 1C 0B 20 0F 16 13 18 11 00 17 0F 1C 0D 12 0B 18 1E 77 2D 6B 20 0F 00 0B 00 10 0B 20 19 1C 00 1E 19 00 0B 1D 15 00 23 19 1F 72 6C 44	<4E>Reed:'I'm Reed,this country's Prince.'<44>Reed:'Assuming you're a traveling merchant,I've a favor to ask you....'<44>
0838	41	18	04	81CF	7714	7985	4E 36 0F 0F 0E 71 69 31 0F 0F 1E 00 17 0F 00 0B 1E 00 18 13 11 12 1E 00 13 18 00 1E 12 0F 00 21 0F 0B 1A 19 18 00 1D 12 19 1A 6B 1D 00 0C 0B 0D 15 23 0B 1C 0E 6C	<4E>Reed:'Meet me at night in the weapon shop's backyard.'
0839	41	19	04	81CF	7985	8815	4E 36 0F 0F 0E 71 69 33 12 77 12 0F 1C 0F 00 23 19 1F 00 0B 1C 0F 6E 00 2D 1E 6B 1D 00 17 0F 77 34 1C 13 18 0D 0F 00 36 0F 0F 0E 6C 44 36 0F 0F 0E 71 69 2D 6B 0E 00 16 13 15 0F 00 23 19 1F 00 1E 19 00 11 19 00 1E 19 00 29 18 0E 19 1C 00 0B 1D 00 1D 19 19 18 00 0B 1D 00 1E 12 0F 00 0C 1C 13 0E 11 0F 00 13 1D 00 1C 0F 1A 0B 13 1C 0F 0E 6C 44 36 0F 0F 0E 71 69 25 18 0E 00 12 0B 18 0E 00 1E 12 13 1D 00 16 0F 1E 1E 0F 1C 00 1E 19 00 1E 12 0F 00 34 1C 13 18 0D 0F 1D 1D 00 19 10 00 29 18 0E 19 1C 6C 44	<4E>Reed:'Oh,here you are! It's me,Prince Reed.'<44>Reed:'I'd like you to go to Endor as soon as the bridge is repaired.'<44>Reed:'And hand this letter to the Princess of Endor.'<44>
083A	41	1A	04	81CF	8815	8983	4E 38 0B 16 19 19 18 00 1C 0F 0D 0F 13 20 0F 0E 00 1E 12 0F 00 16 0F 1E 1E 0F 1C 6E 43 56 44	<4E>Taloon received the letter!<43><56><44>
083B	41	1B	04	81CF	8983	9143	4E 36 0F 0F 0E 71 69 2D 6B 17 00 0D 19 1F 18 1E 13 18 11 00 19 18 00 23 19 1F 6E 6A	<4E>Reed:'I'm counting on you!'
083C	41	1C	04	81CF	9143	9650	4E 36 0F 0F 0E 71 69 34 16 0F 0B 1D 0F 00 1E 0B 15 0F 00 1E 12 0F 00 16 0F 1E 1E 0F 1C 00 1E 19 00 1E 12 0F 00 34 1C 13 18 0D 0F 1D 1D 00 19 10 00 29 18 0E 19 1C 00 0B 1D 00 1D 19 19 18 00 0B 1D 00 1E 12 0F 00 0C 1C 13 0E 11 0F 00 13 1D 00 1C 0F 1A 0B 13 1C 0F 0E 78 2D 6B 17 00 0D 19 1F 18 1E 13 18 11 00 19 18 00 23 19 1F 6C	<4E>Reed:'Please take the letter to the Princess of Endor as soon as the bridge is repaired.I'm counting on you.'
083D	41	1D	04	81CF	9650	9961	38 12 0B 1E 00 17 0B 18 00 19 20 0F 1C 00 1E 12 0F 1C 0F 00 13 1D 00 0B 00 1A 0F 1E 1E 23 00 1E 12 13 0F 10 6C 4F 2D 00 1E 12 13 18 15 00 12 0F 6B 1D 00 10 1C 19 17 00 30 0B 15 0B 18 0B 0C 0B 78	That man over there is a petty thief.'<4F>I think he's from Lakanaba.
083E	41	1E	04	81CF	9961	10117	2D 00 0E 19 18 6B 1E 00 1D 0F 0F 00 1E 12 0B 1E 00 17 0B 18 00 1E 12 0F 1C 0F 00 0B 18 23 17 19 1C 0F 78	I don't see that man there anymore.
083F	41	1F	04	81CF	10117	11071	2C 0F 23 77 38 0B 16 19 19 18 6E 00 2D 1E 6B 1D 00 17 0F 6E 00 38 12 0B 1E 6B 1D 00 1C 13 11 12 1E 77 2D 6B 17 00 1E 12 0F 00 1D 19 18 00 19 10 00 2B 1C 0B 18 0E 1A 0B 00 38 19 17 6C 4F 2C 19 21 00 1D 1E 1F 1A 13 0E 00 2D 00 21 0B 1D 00 1E 19 00 11 0F 1E 00 0D 0B 1F 11 12 1E 00 0B 18 0E 00 1D 0F 18 1E 00 1E 19 00 1A 1C 13 1D 19 18 78 32 19 00 17 19 1C 0F 00 1E 12 13 0F 20 13 18 11 00 10 19 1C 00 17 0F 6C 4F 3D 19 1F 6B 1C 0F 00 0B 00 17 0F 1C 0D 12 0B 18 1E 77 1C 13 11 12 1E 6D 00 3B 19 1F 16 0E 00 23 19 1F 00 11 0F 1E 00 17 0F 00 0B 00 3B 13 18 11 00 19 10 00 3B 23 20 0F 1C 18 6D	Hey,Taloon! It's me! That's right,I'm the son of Grandpa Tom.'<4F>How stupid I was to get caught and sent to prison.No more thieving for me.'<4F>You're a merchant,right? Would you get me a Wing of Wyvern?
0840	42	00	04	8737	0	449	4E 44 69 33 12 77 23 19 1F 00 0B 16 1C 0F 0B 0E 23 00 12 0B 20 0F 00 19 18 0F 78 27 19 1F 16 0E 00 2D 00 12 0B 20 0F 00 13 1E 6D 00 2D 6B 16 16 00 17 0B 15 0F 00 13 1E 00 1F 1A 00 1E 19 00 23 19 1F 00 21 12 0F 18 00 2D 00 1C 0F 1E 1F 1C 18 00 1E 19 00 17 23 00 1E 19 21 18 6C	<4E><44>'Oh,you already have one.Could I have it? I'll make it up to you when I return to my town.'
0841	42	01	04	8737	449	565	27 19 17 0F 00 19 18 6E 00 2B 13 20 0F 00 13 1E 00 1E 19 00 17 0F 78	Come on! Give it to me.
0842	42	02	04	8737	565	1192	38 12 0B 18 15 1D 00 0B 00 16 19 1E 6E 00 28 19 18 6B 1E 00 21 19 1C 1C 23 77 2D 6B 16 16 00 21 19 1C 15 00 12 0B 1C 0E 00 21 12 0F 18 00 2D 00 1C 0F 1E 1F 1C 18 00 1E 19 00 1E 12 0F 00 1E 19 21 18 6C 4F 2D 6B 16 16 00 1D 0F 0F 00 23 19 1F 00 1E 12 0F 18 77 33 2F 6D 6A 44 38 19 17 6B 1D 00 1D 19 18 00 12 1F 1C 16 0F 0E 00 1E 12 0F 00 3B 13 18 11 00 19 10 00 3B 23 20 0F 1C 18 6E	Thanks a lot! Don't worry,I'll work hard when I return to the town.'<4F>I'll see you then,OK?'<44>Tom's son hurled the Wing of Wyvern!
0843	42	03	04	8737	1192	1406	2B 1C 0B 18 0E 1A 0B 00 38 19 17 6B 1D 00 1D 19 18 00 13 1D 00 0C 0B 0D 15 6E 00 2C 19 21 00 21 19 18 0E 0F 1C 10 1F 16 6E	Grandpa Tom's son is back! How wonderful!
0844	42	04	04	8737	1406	1735	4E 38 19 17 71 69 33 12 77 38 0B 16 19 19 18 78 31 23 00 1D 19 18 6B 1D 00 1C 0F 1E 1F 1C 18 0F 0E 6E 00 38 12 0B 18 15 00 23 19 1F 78 2D 6B 17 00 1D 19 00 11 16 0B 0E 6E 6A 44	<4E>Tom:'Oh,Taloon.My son's returned! Thank you.I'm so glad!'<44>
0845	42	05	04	8737	1735	2106	4E 38 19 17 71 69 2D 6B 17 00 1D 19 00 11 1C 0B 1E 0F 10 1F 16 6C 44 38 19 17 71 69 2D 1E 00 17 1F 1D 1E 00 12 0B 20 0F 00 0C 0F 0F 18 00 10 0B 1E 0F 00 1E 12 0B 1E 00 16 0F 0E 00 23 19 1F 00 1E 19 00 17 23 00 1D 19 18 6C	<4E>Tom:'I'm so grateful.'<44>Tom:'It must have been fate that led you to my son.'
0846	42	06	04	8737	2106	2255	38 0B 16 19 19 18 77 12 0B 20 0F 00 23 19 1F 00 0C 0F 0F 18 00 1E 19 00 29 18 0E 19 1C 6D	Taloon,have you been to Endor?
0847	42	07	04	8737	2255	2393	2D 00 0C 0F 1E 00 13 1E 6B 1D 00 0B 00 0C 1F 1D 1E 16 13 18 11 00 1A 16 0B 0D 0F 78	I bet it's a bustling place.
0848	42	08	04	8737	2393	2757	2D 1D 00 1E 12 0F 00 0C 1C 13 0E 11 0F 00 1D 1E 13 16 16 00 0E 19 21 18 6D 6A 4F 2D 00 12 0F 0B 1C 0E 00 0E 0B 00 2B 0B 1C 0E 13 00 21 0F 18 1E 00 1E 19 00 10 13 22 00 13 1E 78 3B 12 0B 1E 00 12 0B 1A 1A 0F 18 0F 0E 6D	Is the bridge still down?'<4F>I heard da Gardi went to fix it.What happened?
0849	42	09	04	8737	2757	3437	25 12 6F 0D 12 19 19 6E 00 25 00 10 19 22 00 1E 1C 13 0D 15 0F 0E 00 17 0F 00 19 1F 1E 00 19 10 00 0B 16 16 00 17 23 00 0B 1C 17 19 1C 6C 4F 37 19 17 0F 19 18 0F 00 0F 16 1D 0F 00 21 0B 1D 00 0B 16 1D 19 00 1E 1C 13 0D 15 0F 0E 00 0C 23 00 10 19 22 0F 1D 78 3B 12 0B 1E 00 21 0B 1D 00 12 13 1D 00 18 0B 17 0F 6D 00 2D 00 1E 12 13 18 15 00 13 1E 00 1D 19 1F 18 0E 0F 0E 00 16 13 15 0F 00 0E 0B 00 2B 0B 1C 0E 13 72 78	Ah-choo! A fox tricked me out of all my armor.'<4F>Someone else was also tricked by foxes.What was his name? I think it sounded like da Gardi....
084A	42	0A	04	8737	3437	4011	4E 38 19 17 71 69 31 23 00 1D 19 18 00 1D 0B 23 1D 00 12 0F 6B 16 16 00 21 19 1C 15 00 12 0B 1C 0E 78 2D 6B 17 00 1D 19 00 1C 0F 16 13 0F 20 0F 0E 00 1E 19 00 12 0F 0B 1C 00 1E 12 0B 1E 6C 44 38 19 17 71 69 31 23 00 1D 19 18 6D 00 2C 0F 6B 1D 00 13 18 00 1E 12 0F 00 0C 0B 0D 15 23 0B 1C 0E 00 0C 23 00 1E 12 0F 00 0E 19 11 00 0D 0B 11 0F 6C	<4E>Tom:'My son says he'll work hard.I'm so relieved to hear that.'<44>Tom:'My son? He's in the backyard by the dog cage.'
084B	42	0B	04	8737	4011	4953	38 0B 16 19 19 18 6E 00 2D 1E 6B 1D 00 17 0F 77 38 19 17 6B 1D 00 1D 19 18 6E 00 38 12 0B 18 15 1D 00 1D 19 00 17 1F 0D 12 00 10 19 1C 00 0F 20 0F 1C 23 1E 12 13 18 11 6E 6A 4F 3D 0F 1D 77 2D 6B 16 16 00 1C 0F 21 0B 1C 0E 00 23 19 1F 6C 4F 3B 12 0B 1E 6D 00 3D 19 1F 00 14 1F 1D 1E 00 21 0B 18 1E 00 1E 19 00 0C 19 1C 1C 19 21 00 17 23 00 0E 19 11 77 38 19 20 6D 00 32 19 00 1A 1C 19 0C 16 0F 17 6C 4F 2C 0F 00 16 19 20 0F 1D 00 1E 19 00 12 1F 18 1E 00 10 19 22 0F 1D 78 2D 6B 17 00 1D 1F 1C 0F 00 12 0F 6B 16 16 00 0C 0F 00 0B 00 11 1C 0F 0B 1E 00 12 0F 16 1A 78	Taloon! It's me,Tom's son! Thanks so much for everything!'<4F>Yes,I'll reward you.'<4F>What? You just want to borrow my dog,Tov? No problem.'<4F>He loves to hunt foxes.I'm sure he'll be a great help.
084C	42	0C	04	8737	4953	5276	32 19 6E 00 2C 0F 16 1A 6E 00 2D 00 12 0B 1E 0F 00 0E 19 11 1D 6E 6A 4F 2D 1E 6B 1D 00 1E 19 19 00 16 0B 1E 0F 72 17 23 00 1D 1F 1A 0F 1C 18 0B 1E 1F 1C 0B 16 00 1A 19 21 0F 1C 00 13 1D 72 78	No! Help! I hate dogs!'<4F>It's too late...my supernatural power is....
084D	42	0D	04	8737	5276	5612	3D 0F 16 1A 77 3D 0F 16 1A 6E 00 2D 6B 17 00 1D 19 1C 1C 23 78 34 16 0F 0B 1D 0F 00 16 0F 1E 00 17 0F 00 11 19 78 2D 00 21 19 18 6B 1E 00 1A 16 0B 23 00 1E 1C 13 0D 15 1D 00 0B 18 23 17 19 1C 0F 78	Yelp,Yelp! I'm sorry.Please let me go.I won't play tricks anymore.
084E	42	0E	04	8737	5612	5768	28 19 18 6B 1E 00 0C 0F 00 1D 19 00 0D 1C 1F 0F 16 6E 00 2A 19 1C 11 13 20 0F 00 17 0F 6E	Don't be so cruel! Forgive me!
084F	42	0F	04	8737	5768	6044	38 12 0B 18 15 1D 6E 00 2C 0F 1C 0F 77 16 0F 1E 00 17 0F 00 11 13 20 0F 00 23 19 1F 00 1E 12 13 1D 00 0B 1C 17 19 1C 00 13 18 00 0B 1A 1A 1C 0F 0D 13 0B 1E 13 19 18 6C 44	Thanks! Here,let me give you this armor in appreciation.'<44>
0850	42	10	04	8737	6044	6191	4E 44 69 3D 0F 16 1A 77 3D 0F 16 1A 6E 00 26 23 0F 00 18 19 21 6E 6A	<4E><44>'Yelp,Yelp! Bye now!'
0851	42	11	04	8737	6191	6446	25 1C 0F 00 23 19 1F 00 0B 00 17 0F 1C 0D 12 0B 18 1E 00 21 12 19 00 12 0B 1D 00 0E 19 18 0F 00 0C 1F 1D 13 18 0F 1D 1D 00 21 13 1E 12 00 1F 1D 00 0C 0F 10 19 1C 0F 6D	Are you a merchant who has done business with us before?
0852	42	12	04	8737	6446	7089	38 12 0F 18 00 23 19 1F 00 0D 0B 17 0F 00 1E 19 00 1D 0F 16 16 00 1E 12 0F 00 2F 13 18 11 00 1D 19 17 0F 1E 12 13 18 11 6C 4F 3B 0F 00 0E 19 18 6B 1E 00 0E 0F 0B 16 00 21 13 1E 12 00 18 0F 21 00 17 0F 1C 0D 12 0B 18 1E 1D 00 1F 18 16 0F 1D 1D 00 1E 12 0F 23 6B 20 0F 00 11 19 1E 00 1D 19 17 0F 1E 12 13 18 11 00 0F 22 1E 1C 0B 19 1C 0E 13 18 0B 1C 23 78 3D 19 1F 00 1D 12 19 1F 16 0E 00 10 19 1C 11 0F 1E 00 13 1E 78	Then you came to sell the King something.'<4F>We don't deal with new merchants unless they've got something extraordinary.You should forget it.
0853	42	13	04	8737	7089	7827	2D 00 12 0F 0B 1C 00 17 0B 11 18 13 10 13 0D 0F 18 1E 00 1E 1C 0F 0B 1D 1F 1C 0F 1D 00 0B 1C 0F 00 13 18 00 1E 12 0F 00 0D 0B 20 0F 77 0C 1F 1E 00 17 0B 18 23 00 1E 0F 1C 1C 13 0C 16 0F 00 17 19 18 1D 1E 0F 1C 1D 00 16 13 20 0F 00 1E 12 0F 1C 0F 6C 4F 3B 12 23 00 0E 19 18 6B 1E 00 23 19 1F 00 12 13 1C 0F 00 17 0F 00 0B 1D 00 23 19 1F 1C 00 11 1F 0B 1C 0E 1D 17 0B 18 00 10 19 1C 00 05 01 01 00 11 19 16 0E 00 1A 13 0F 0D 0F 1D 00 10 19 1C 00 06 00 0E 0B 23 1D 6D	I hear magnificent treasures are in the cave,but many terrible monsters live there.'<4F>Why don't you hire me as your guardsman for 400 gold pieces for 5 days?
0854	42	14	04	8737	7827	8036	26 1F 1E 00 2D 00 12 0B 1E 0F 00 0E 19 11 1D 6E 00 36 0F 1E 1F 1C 18 00 12 13 17 00 0B 18 0E 00 0D 19 17 0F 00 0C 0B 0D 15 78	But I hate dogs! Return him and come back.
0855	42	15	04	8737	8036	8299	26 1F 1E 00 23 19 1F 00 0E 19 18 6B 1E 00 12 0B 20 0F 00 0F 18 19 1F 11 12 00 17 19 18 0F 23 78 27 19 17 0F 00 0C 0B 0D 15 00 21 12 0F 18 00 23 19 1F 00 0E 19 78	But you don't have enough money.Come back when you do.
0856	42	16	04	8737	8299	8699	33 12 77 23 19 1F 00 0E 19 6D 00 25 16 1C 13 11 12 1E 6E 00 2D 6B 16 16 00 11 19 00 0B 18 23 21 12 0F 1C 0F 00 21 13 1E 12 00 23 19 1F 6C 44 37 1E 1C 19 17 00 14 19 13 18 0F 0E 00 1E 12 0F 00 34 0B 1C 1E 23 6E 43 55 40	Oh,you do? Alright! I'll go anywhere with you.'<44>Strom joined the Party!<43><55><40>
0857	42	17	04	8737	8699	8916	33 12 00 21 0F 16 16 78 2D 10 00 23 19 1F 00 0D 12 0B 18 11 0F 00 23 19 1F 1C 00 17 13 18 0E 77 0D 19 17 0F 00 1D 0F 0F 00 17 0F 78	Oh well.If you change your mind,come see me.
0858	42	18	04	8737	8916	9220	25 1C 0F 00 23 19 1F 00 0B 00 17 0F 1C 0D 12 0B 18 1E 00 1E 19 19 6D 00 28 13 0E 00 23 19 1F 00 0D 19 17 0F 00 12 0F 1C 0F 00 10 19 1C 00 1E 12 0F 00 37 13 16 20 0F 1C 00 37 1E 0B 1E 1F 0F 6D	Are you a merchant too? Did you come here for the Silver Statue?
0859	42	19	04	8737	9220	9445	31 0F 00 1E 19 19 78 2D 6B 17 00 0D 0F 1C 1E 0B 13 18 00 13 1E 00 21 13 16 16 00 10 0F 1E 0D 12 00 0B 00 11 1C 0F 0B 1E 00 1A 1C 13 0D 0F 78	Me too.I'm certain it will fetch a great price.
085A	42	1A	04	8737	9445	9656	33 19 1A 1D 6E 00 2A 19 1C 11 0F 1E 00 21 12 0B 1E 00 2D 00 1D 0B 13 0E 00 1E 12 0F 18 78 2C 0B 77 2C 0B 77 2C 0B 78	Oops! Forget what I said then.Ha,Ha,Ha.
085B	42	1B	04	8737	9656	10187	31 1F 17 0C 16 0F 72 31 1F 17 0C 16 0F 72 78 2D 10 00 1E 12 0F 00 37 13 16 20 0F 1C 00 37 1E 0B 1E 1F 0F 00 13 1D 00 13 18 00 1E 12 0F 00 0D 0B 20 0F 77 12 0F 00 1D 12 19 1F 16 0E 00 14 1F 1D 1E 00 11 19 00 11 0F 1E 00 13 1E 72 6C 4F 31 23 00 12 1F 1D 0C 0B 18 0E 00 13 1D 00 1D 1F 0D 12 00 0B 00 0D 19 21 0B 1C 0E 78	Mumble...Mumble....If the Silver Statue is in the cave,he should just go get it....'<4F>My husband is such a coward.
085C	42	1C	04	8737	10187	10653	2D 6B 20 0F 00 1E 1C 0B 13 18 0F 0E 00 17 23 1D 0F 16 10 00 1E 19 00 0D 0B 1D 1E 00 1D 19 17 0F 00 1D 1A 0F 16 16 1D 6C 4F 2C 19 21 00 0B 0C 19 1F 1E 00 12 13 1C 13 18 11 00 17 0F 00 10 19 1C 00 07 01 01 00 11 19 16 0E 00 1A 13 0F 0D 0F 1D 00 10 19 1C 00 06 00 0E 0B 23 1D 6D	I've trained myself to cast some spells.'<4F>How about hiring me for 600 gold pieces for 5 days?
085D	42	1D	04	8737	10653	10979	33 12 77 23 19 1F 00 0E 19 18 6B 1E 00 1D 0F 0F 17 00 1E 19 00 12 0B 20 0F 00 0F 18 19 1F 11 12 00 17 19 18 0F 23 78 3B 12 0F 18 00 23 19 1F 00 0E 19 77 1A 16 0F 0B 1D 0F 00 0D 19 17 0F 00 0C 0B 0D 15 78	Oh,you don't seem to have enough money.When you do,please come back.
085E	42	1E	04	8737	10979	11280	33 12 77 23 19 1F 00 0E 19 6D 00 30 0F 1E 6B 1D 00 11 19 00 1E 12 0F 18 6C 44 30 0B 1F 1C 0F 18 1E 00 14 19 13 18 0F 0E 00 1E 12 0F 00 34 0B 1C 1E 23 6E 43 55 40	Oh,you do? Let's go then.'<44>Laurent joined the Party!<43><55><40>
085F	42	1F	04	8737	11280	11508	3B 0F 16 16 77 13 10 00 23 19 1F 00 0D 12 0B 18 11 0F 00 23 19 1F 1C 00 17 13 18 0E 77 1A 16 0F 0B 1D 0F 00 0D 19 17 0F 00 1D 0F 0F 00 17 0F 78	Well,if you change your mind,please come see me.
0860	43	00	04	8CD6	0	365	2D 00 12 0F 0B 1C 0E 00 1E 12 0B 1E 00 1A 0F 19 1A 16 0F 00 0E 13 1D 0B 1A 1A 0F 0B 1C 0F 0E 00 10 1C 19 17 00 37 0B 18 1E 0F 0F 17 00 13 18 00 1E 12 0F 00 21 0F 1D 1E 78 3B 12 0B 1E 00 12 0B 1A 1A 0F 18 0F 0E 00 1E 19 00 1E 12 0F 17 6D	I heard that people disappeared from Santeem in the west.What happened to them?
0861	43	01	04	8CD6	365	753	2D 1D 00 1E 12 0F 1C 0F 00 0B 18 23 19 18 0F 00 21 12 19 00 12 0B 1D 00 1E 12 0F 00 2F 13 18 11 6B 1D 00 1A 0F 1C 17 13 1D 1D 13 19 18 00 1E 19 00 0E 19 00 0C 1F 1D 13 18 0F 1D 1D 00 0B 18 0E 00 21 0B 18 1E 1D 00 1E 19 00 0C 1F 23 00 17 23 00 1D 12 19 1A 6D	Is there anyone who has the King's permission to do business and wants to buy my shop?
0862	43	02	04	8CD6	753	1028	2C 19 21 00 0B 0C 19 1F 1E 00 0C 1F 23 13 18 11 00 17 23 00 1D 12 19 1A 00 10 19 1C 00 04 06 01 01 01 00 11 19 16 0E 00 1A 13 0F 0D 0F 1D 6D	How about buying my shop for 35000 gold pieces?
0863	43	03	04	8CD6	1028	1108	38 12 0B 1E 6B 1D 00 1E 19 19 00 0C 0B 0E 78	That's too bad.
0864	43	04	04	8CD6	1108	1332	26 1F 1E 00 23 19 1F 00 0E 19 18 6B 1E 00 12 0B 20 0F 00 0F 18 19 1F 11 12 00 17 19 18 0F 23 78 28 19 18 6B 1E 00 1E 0F 0B 1D 0F 00 17 0F 78	But you don't have enough money.Don't tease me.
0865	43	05	04	8CD6	1332	1616	3D 19 1F 00 0E 19 6D 00 25 16 1C 13 11 12 1E 77 10 1C 19 17 00 18 19 21 00 19 18 77 23 19 1F 6B 1C 0F 00 1E 12 0F 00 19 21 18 0F 1C 00 19 10 00 1E 12 13 1D 00 1D 12 19 1A 78	You do? Alright,from now on,you're the owner of this shop.
0866	43	06	04	8CD6	1616	1965	4E 32 0F 1E 0B 71 69 25 1C 0F 00 23 19 1F 00 1E 13 1C 0F 0E 00 0B 16 1C 0F 0B 0E 23 6D 00 2D 1E 6B 1D 00 1D 1E 13 16 16 00 0F 0B 1C 16 23 77 0C 1F 1E 00 23 19 1F 00 21 0B 18 1E 00 1E 19 00 1D 16 0F 0F 1A 6D 6A	<4E>Neta:'Are you tired already? It's still early,but you want to sleep?'
0867	43	07	04	8CD6	1965	2769	4E 32 0F 1E 0B 71 69 2D 6B 16 16 00 1D 1E 0B 23 00 0B 1E 00 1E 12 0F 00 1D 12 19 1A 00 0B 18 0E 00 23 19 1F 00 0C 1C 13 18 11 00 13 18 00 1E 12 0F 00 17 0F 1C 0D 12 0B 18 0E 13 1D 0F 77 33 2F 6D 6A 44 32 0F 1E 0B 71 69 3B 12 0F 18 00 23 19 1F 00 1D 1A 0F 0B 15 00 1E 19 00 17 0F 00 19 20 0F 1C 00 1E 12 13 1D 00 0D 19 1F 18 1E 0F 1C 77 2D 6B 16 16 00 1E 0B 15 0F 00 1E 12 0F 00 11 19 19 0E 1D 00 23 19 1F 00 0C 1C 13 18 11 00 0B 18 0E 00 1A 1F 1E 00 1E 12 0F 17 00 1F 1A 00 10 19 1C 00 1D 0B 16 0F 6C	<4E>Neta:'I'll stay at the shop and you bring in the merchandise,OK?'<44>Neta:'When you speak to me over this counter,I'll take the goods you bring and put them up for sale.'
0868	43	08	04	8CD6	2769	3433	33 1F 1C 00 10 0B 17 13 16 23 00 12 0B 1D 00 0C 0F 0F 18 00 21 0F 0B 16 1E 12 23 00 10 19 1C 00 0B 00 16 19 18 11 00 1E 13 17 0F 77 0B 18 0E 00 17 23 00 12 1F 1D 0C 0B 18 0E 00 13 1D 00 0B 00 0D 19 16 16 0F 0D 1E 19 1C 00 19 10 00 20 0B 16 1F 0B 0C 16 0F 00 1E 12 13 18 11 1D 6C 4F 37 1E 13 16 16 77 21 0F 00 0D 0B 18 6B 1E 00 1F 1D 0F 00 1F 1A 00 0B 16 16 00 19 1F 1C 00 17 19 18 0F 23 78 2C 0F 77 2C 0F 77 2C 0F 78	Our family has been wealthy for a long time,and my husband is a collector of valuable things.'<4F>Still,we can't use up all our money.He,He,He.
0869	43	09	04	8CD6	3433	3766	2D 00 16 19 20 0F 00 1E 19 00 0D 19 16 16 0F 0D 1E 00 0B 18 1E 13 1B 1F 0F 1D 6C 4F 2D 00 12 0F 0B 1C 00 1E 12 0F 00 37 13 16 20 0F 1C 00 37 1E 0B 1E 1F 0F 00 0F 22 13 1D 1E 1D 00 1D 19 17 0F 21 12 0F 1C 0F 78	I love to collect antiques.'<4F>I hear the Silver Statue exists somewhere.
086A	43	0A	04	8CD6	3766	3967	4E 44 69 2D 00 21 0B 18 1E 00 13 1E 78 2D 00 0E 19 18 6B 1E 00 0D 0B 1C 0F 00 21 12 0B 1E 00 13 1E 00 0D 19 1D 1E 1D 6C	<4E><44>'I want it.I don't care what it costs.'
086B	43	0B	04	8CD6	3967	4658	3B 0B 13 1E 00 0B 00 17 13 18 1F 1E 0F 6E 00 2D 1D 18 6B 1E 00 1E 12 0B 1E 00 1E 12 0F 00 37 13 16 20 0F 1C 00 37 1E 0B 1E 1F 0F 00 13 18 00 23 19 1F 1C 00 12 0B 18 0E 6D 6E 6A 4F 2D 6B 16 16 00 1A 0B 23 00 03 01 01 01 01 72 18 19 77 03 06 01 01 01 00 11 19 16 0E 00 1A 13 0F 0D 0F 1D 00 10 19 1C 00 13 1E 6E 00 3B 13 16 16 00 23 19 1F 00 1D 0F 16 16 00 13 1E 00 1E 19 00 17 0F 6D	Wait a minute! Isn't that the Silver Statue in your hand?!'<4F>I'll pay 20000...no,25000 gold pieces for it! Will you sell it to me?
086C	43	0C	04	8CD6	4658	4753	38 12 0B 18 15 00 23 19 1F 00 1D 19 00 17 1F 0D 12 6E	Thank you so much!
086D	43	0D	04	8CD6	4753	5059	32 19 6D 00 2D 10 00 23 19 1F 00 0D 12 0B 18 11 0F 00 23 19 1F 1C 00 17 13 18 0E 77 0D 19 17 0F 00 0C 0B 0D 15 00 0B 18 23 1E 13 17 0F 00 0B 18 0E 00 1D 0F 16 16 00 13 1E 00 1E 19 00 17 0F 78	No? If you change your mind,come back anytime and sell it to me.
086E	43	0E	04	8CD6	5059	5543	38 12 0F 00 37 13 16 20 0F 1C 00 37 1E 0B 1E 1F 0F 00 13 1D 00 0C 0F 0B 1F 1E 13 10 1F 16 6C 4F 72 0C 23 00 1E 12 0F 00 21 0B 23 77 2D 00 12 0F 0B 1C 00 1E 12 0F 1C 0F 00 19 18 0D 0F 00 21 0B 1D 00 0B 00 1D 21 19 1C 0E 00 0D 0B 16 16 0F 0E 00 1E 12 0F 00 3E 0F 18 13 1E 12 13 0B 18 00 37 21 19 1C 0E 78	The Silver Statue is beautiful.'<4F>...by the way,I hear there once was a sword called the Zenithian Sword.
086F	43	0F	04	8CD6	5543	5843	32 19 21 00 1E 12 0F 00 1E 19 1F 1C 18 0B 17 0F 18 1E 00 13 1D 00 19 20 0F 1C 77 1E 12 13 1D 00 1A 16 0B 0D 0F 00 21 13 16 16 00 0C 0F 00 0D 16 19 1D 0F 0E 00 10 19 1C 00 0B 00 21 12 13 16 0F 78	Now the tournament is over,this place will be closed for a while.
0870	43	10	04	8CD6	5843	6007	3D 19 1F 00 0B 1C 0F 18 6B 1E 00 0B 16 16 19 21 0F 0E 00 1E 19 00 0F 18 1E 0F 1C 78 30 0F 0B 20 0F 6E	You aren't allowed to enter.Leave!
0871	43	11	04	8CD6	6007	6704	2D 00 1D 0F 0F 00 23 19 1F 6B 1C 0F 00 0B 18 00 0B 1C 17 1D 00 17 0F 1C 0D 12 0B 18 1E 78 2D 00 12 0F 0B 1C 00 1E 12 0F 1C 0F 00 0B 1C 0F 00 17 0B 18 23 00 1A 19 21 0F 1C 10 1F 16 00 21 0F 0B 1A 19 18 1D 00 1E 12 0F 1D 0F 00 0E 0B 23 1D 6C 4F 38 12 0F 00 1D 19 16 0E 13 0F 1C 1D 00 13 18 00 1E 12 13 1D 00 27 0B 1D 1E 16 0F 00 0B 1C 0F 00 1D 1E 13 16 16 00 1F 1D 13 18 11 00 0D 19 1A 1A 0F 1C 00 1D 21 19 1C 0E 1D 78 2D 1E 6B 1D 00 0B 00 1D 12 0B 17 0F 72 78	I see you're an arms merchant.I hear there are many powerful weapons these days.'<4F>The soldiers in this Castle are still using copper swords.It's a shame....
0872	43	12	04	8CD6	6704	7102	38 12 0F 00 2F 13 18 11 00 12 0B 1D 00 1D 19 00 17 0B 18 23 00 1C 0F 1D 1A 19 18 1D 13 0C 13 16 13 1E 13 0F 1D 78 2C 0F 00 0E 19 0F 1D 18 6B 1E 00 12 0B 20 0F 00 1E 13 17 0F 00 1E 19 00 21 19 1C 1C 23 00 0B 0C 19 1F 1E 00 19 1F 1C 00 21 0F 0B 1A 19 18 1D 78	The King has so many responsibilities.He doesn't have time to worry about our weapons.
0873	43	13	04	8CD6	7102	7350	25 1C 0F 00 23 19 1F 00 12 0F 1C 0F 00 1E 19 00 0E 0F 16 13 20 0F 1C 00 21 0F 0B 1A 19 18 1D 00 0B 18 0E 00 0B 1C 17 19 1C 00 1E 19 00 1E 12 0F 00 2F 13 18 11 6D	Are you here to deliver weapons and armor to the King?
0874	43	14	04	8CD6	7350	7621	38 12 0F 18 00 2D 6B 16 16 00 1E 0B 15 0F 00 23 19 1F 1C 00 26 1C 19 0B 0E 00 37 21 19 1C 0E 00 0B 18 0E 00 2C 0B 16 10 00 34 16 0B 1E 0F 00 25 1C 17 19 1C 78	Then I'll take your Broad Sword and Half Plate Armor.
0875	43	15	04	8CD6	7621	7722	50 00 26 1C 19 0B 0E 00 37 21 19 1C 0E 4C 6E	<50> Broad Sword<4C>!
0876	43	16	04	8CD6	7722	7877	47 00 1D 1F 13 1E 4C 00 19 10 00 2C 0B 16 10 00 34 16 0B 1E 0F 00 25 1C 17 19 1C 6E	<47> suit<4C> of Half Plate Armor!
0877	43	17	04	8CD6	7877	8054	2D 6B 20 0F 00 17 0B 0E 0F 00 0B 00 1C 0F 0D 19 1C 0E 00 19 10 00 1E 12 0F 00 0E 0F 16 13 20 0F 1C 23 6C 44	I've made a record of the delivery.'<44>
0878	43	18	04	8CD6	8054	8267	3B 12 0B 1E 6D 00 3D 19 1F 00 12 0B 20 0F 18 6B 1E 00 0C 1C 19 1F 11 12 1E 00 0B 18 23 1E 12 13 18 11 00 23 0F 1E 6D 6A 44	What? You haven't brought anything yet?'<44>
0879	43	19	04	8CD6	8267	8398	38 12 0F 00 1C 0F 1D 1E 00 19 10 00 1E 12 0F 00 19 1C 0E 0F 1C 00 13 1D 72 6A 44	The rest of the order is...'<44>
087A	43	1A	04	8CD6	8398	8499	2F 0F 0F 1A 00 0C 1C 13 18 11 13 18 11 00 1E 12 0F 17 78	Keep bringing them.
087B	43	1B	04	8CD6	8499	8988	2B 1C 0F 0B 1E 6E 00 3D 19 1F 00 10 13 16 16 0F 0E 00 1E 12 0F 00 19 1C 0E 0F 1C 78 3D 19 1F 6B 16 16 00 0C 0F 00 1A 0B 13 0E 00 0B 1D 00 1A 1C 19 17 13 1D 0F 0E 6C 44 38 0B 16 19 19 18 00 1C 0F 0D 0F 13 20 0F 0E 00 07 01 01 01 01 00 11 19 16 0E 00 1A 13 0F 0D 0F 1D 6E 44	Great! You filled the order.You'll be paid as promised.'<44>Taloon received 60000 gold pieces!<44>
087C	43	1C	04	8CD6	8988	9291	2D 00 0B 1A 1A 1C 0F 0D 13 0B 1E 0F 00 23 19 1F 1C 00 0F 10 10 19 1C 1E 78 2D 00 21 13 1D 12 00 23 19 1F 00 11 19 19 0E 00 16 1F 0D 15 00 13 18 00 23 19 1F 1C 00 0C 1F 1D 13 18 0F 1D 1D 78	I appreciate your effort.I wish you good luck in your business.
087D	43	1D	04	8CD6	9291	9876	3B 12 0F 18 00 23 19 1F 00 10 13 16 16 00 1E 12 0F 00 19 1C 0E 0F 1C 77 23 19 1F 6B 16 16 00 0C 0F 00 1A 0B 13 0E 00 07 01 01 01 01 00 11 19 16 0E 00 1A 13 0F 0D 0F 1D 6C 4F 3D 19 1F 00 0D 0B 18 00 0C 1F 23 00 1E 12 0F 17 00 13 18 00 19 1E 12 0F 1C 00 1E 19 21 18 1D 00 13 10 00 23 19 1F 00 21 0B 18 1E 78 28 19 00 23 19 1F 1C 00 0C 0F 1D 1E 78	When you fill the order,you'll be paid 60000 gold pieces.'<4F>You can buy them in other towns if you want.Do your best.
087E	43	1E	04	8CD6	9876	10187	2C 19 77 2C 19 77 2C 19 78 3D 19 1F 00 17 0B 0E 0F 00 0B 00 1E 1C 0F 17 0F 18 0E 19 1F 1D 00 0B 17 19 1F 18 1E 00 19 10 00 17 19 18 0F 23 6C 4F 39 1D 0F 00 13 1E 00 21 13 1D 0F 16 23 78	Ho,Ho,Ho.You made a tremendous amount of money.'<4F>Use it wisely.
087F	43	1F	04	8CD6	10187	10364	3B 12 0B 1E 6D 00 28 19 00 23 19 1F 00 21 0B 18 1E 00 1E 19 00 1D 1E 19 1A 00 10 19 1C 00 1E 19 0E 0B 23 6D	What? Do you want to stop for today?
0880	44	00	04	91E6	0	488	38 12 0B 18 15 1D 78 30 0F 1E 00 17 0F 00 0B 0E 0E 00 1F 1A 00 23 19 1F 1C 00 0F 0B 1C 18 13 18 11 1D 00 10 19 1C 00 1E 19 0E 0B 23 6C 4F 2C 0F 1C 0F 00 0B 1C 0F 00 23 19 1F 1C 00 21 0B 11 0F 1D 6C 44 38 0B 16 19 19 18 00 1C 0F 0D 0F 13 20 0F 0E 00 47 00 11 19 16 0E 00 1A 13 0F 0D 0F 4C 6E 44	Thanks.Let me add up your earnings for today.'<4F>Here are your wages.'<44>Taloon received <47> gold piece<4C>!<44>
0881	44	01	04	91E6	488	575	37 0F 0F 00 23 19 1F 00 1E 19 17 19 1C 1C 19 21 78	See you tomorrow.
0882	44	02	04	91E6	575	879	38 12 0F 18 00 11 19 00 0C 0B 0D 15 00 1E 19 00 21 19 1C 15 6C 4F 37 0F 0F 00 17 0F 00 21 12 0F 18 00 23 19 1F 6B 1C 0F 00 0E 19 18 0F 00 10 19 1C 00 1E 12 0F 00 0E 0B 23 77 33 2F 6D	Then go back to work.'<4F>See me when you're done for the day,OK?
0883	44	03	04	91E6	879	1238	4E 31 13 0B 71 69 3D 19 1F 00 0D 0B 17 0F 00 10 1C 19 17 00 30 0B 15 0B 18 0B 0C 0B 6D 00 38 12 0B 1E 00 17 1F 1D 1E 00 17 0F 0B 18 00 1E 12 0F 00 0C 1C 13 0E 11 0F 00 21 0B 1D 00 1C 0F 1A 0B 13 1C 0F 0E 6E 6A	<4E>Mia:'You came from Lakanaba? That must mean the bridge was repaired!'
0884	44	04	04	91E6	1238	1546	4E 31 13 0B 71 69 31 23 00 10 0B 1E 12 0F 1C 00 1A 1C 19 0C 0B 0C 16 23 00 12 0B 1D 00 0B 00 11 19 19 0E 00 13 0E 0F 0B 78 2D 00 0B 16 21 0B 23 1D 00 1E 1C 1F 1D 1E 00 12 13 17 6C	<4E>Mia:'My father probably has a good idea.I always trust him.'
0885	44	05	04	91E6	1546	2128	4E 31 13 0B 71 69 2D 00 0D 0B 18 00 17 0B 1C 1C 23 00 36 0F 0F 0E 6E 00 2D 1E 6B 1D 00 16 13 15 0F 00 0B 00 0E 1C 0F 0B 17 6E 6A 44 31 13 0B 71 69 38 0B 16 19 19 18 00 13 1D 00 23 19 1F 1C 00 18 0B 17 0F 77 13 1D 00 13 1E 00 18 19 1E 6D 00 38 12 0B 18 15 00 23 19 1F 00 1D 19 00 17 1F 0D 12 78 2D 6B 17 00 1D 19 00 11 1C 0B 1E 0F 10 1F 16 6C	<4E>Mia:'I can marry Reed! It's like a dream!'<44>Mia:'Taloon is your name,is it not? Thank you so much.I'm so grateful.'
0886	44	06	04	91E6	2128	2598	2D 00 0D 19 17 17 0F 18 0E 00 23 19 1F 00 10 19 1C 00 1E 1C 0B 20 0F 16 13 18 11 00 1D 19 00 10 0B 1C 00 1E 19 00 1D 0F 0F 00 17 0F 6C 4F 2C 17 17 72 23 19 1F 00 21 0B 18 1E 00 17 23 00 1A 0F 1C 17 13 1D 1D 13 19 18 00 1E 19 00 19 21 18 00 0B 00 1D 12 19 1A 00 12 0F 1C 0F 00 13 18 00 29 18 0E 19 1C 6D	I commend you for traveling so far to see me.'<4F>Hmm...you want my permission to own a shop here in Endor?
0887	44	07	04	91E6	2598	2887	2D 00 12 0F 0B 1C 0E 00 23 19 1F 1C 00 1C 0F 1B 1F 0F 1D 1E 78 2D 6B 16 16 00 1E 12 13 18 15 00 0B 0C 19 1F 1E 00 13 1E 78 3D 19 1F 00 0D 0B 18 00 16 0F 0B 20 0F 00 18 19 21 78	I heard your request.I'll think about it.You can leave now.
0888	44	08	04	91E6	2887	3201	33 12 77 1E 12 0B 1E 6B 1D 00 11 19 19 0E 78 38 19 19 00 17 0B 18 23 00 1A 0F 19 1A 16 0F 00 12 0B 20 0F 00 0C 0F 0F 18 00 17 0B 15 13 18 11 00 1E 12 0F 00 1D 0B 17 0F 00 1C 0F 1B 1F 0F 1D 1E 78	Oh,that's good.Too many people have been making the same request.
0889	44	09	04	91E6	3201	3965	2B 13 20 0F 00 1E 12 13 1D 00 16 0F 1E 1E 0F 1C 00 1E 19 00 1E 12 0F 00 2F 13 18 11 00 19 10 00 26 19 18 17 0B 16 17 19 6C 4F 2D 1E 6B 1D 00 18 19 1E 00 1E 12 0F 00 1E 13 17 0F 00 10 19 1C 00 1F 1D 00 12 1F 17 0B 18 1D 00 1E 19 00 0C 0F 00 10 13 11 12 1E 13 18 11 00 0F 0B 0D 12 00 19 1E 12 0F 1C 6C 4F 2C 0F 16 1A 00 1A 1C 0F 20 0F 18 1E 00 1E 12 0F 00 21 0B 1C 77 0B 18 0E 00 2D 6B 16 16 00 11 13 20 0F 00 23 19 1F 00 1A 0F 1C 17 13 1D 1D 13 19 18 00 1E 19 00 19 21 18 00 0B 00 1D 12 19 1A 78	Give this letter to the King of Bonmalmo.'<4F>It's not the time for us humans to be fighting each other.'<4F>Help prevent the war,and I'll give you permission to own a shop.
088A	44	0A	04	91E6	3965	4660	38 0B 16 19 19 18 6E 00 3B 0F 16 0D 19 17 0F 00 0C 0B 0D 15 6E 6A 4F 2D 00 1C 0F 0D 0F 13 20 0F 0E 00 1E 12 0F 00 17 0F 1D 1D 0B 11 0F 00 10 1C 19 17 00 1E 12 0F 00 2F 13 18 11 00 19 10 00 26 19 18 17 0B 16 17 19 6C 4F 38 12 0B 18 15 1D 00 10 19 1C 00 23 19 1F 1C 00 12 0F 16 1A 78 25 1D 00 1A 1C 19 17 13 1D 0F 0E 77 2D 00 11 13 20 0F 00 23 19 1F 00 1A 0F 1C 17 13 1D 1D 13 19 18 00 1E 19 00 19 21 18 00 0B 00 1D 12 19 1A 78	Taloon! Welcome back!'<4F>I received the message from the King of Bonmalmo.'<4F>Thanks for your help.As promised,I give you permission to own a shop.
088B	44	0B	04	91E6	4660	5283	38 0B 16 19 19 18 77 15 0F 0F 1A 00 1F 1A 00 1E 12 0F 00 11 19 19 0E 00 21 19 1C 15 77 18 19 1E 00 19 18 16 23 00 10 19 1C 00 23 19 1F 1C 1D 0F 16 10 00 0C 1F 1E 00 10 19 1C 00 1E 12 0F 00 21 19 1C 16 0E 00 0B 18 0E 00 0B 16 16 00 13 1E 1D 00 1A 0F 19 1A 16 0F 6C 4F 36 0F 17 0F 17 0C 0F 1C 00 1E 19 00 1C 0F 1A 19 1C 1E 00 1E 19 00 17 0F 00 21 12 0F 18 00 23 19 1F 00 19 1A 0F 18 00 0B 00 1D 12 19 1A 78	Taloon,keep up the good work,not only for yourself but for the world and all its people.'<4F>Remember to report to me when you open a shop.
088C	44	0C	04	91E6	5283	6392	38 0B 16 19 19 18 6E 00 2D 00 12 0F 0B 1C 00 23 19 1F 00 19 21 18 00 0B 00 1D 12 19 1A 00 18 19 21 6C 4F 2C 19 21 00 0B 0C 19 1F 1E 00 1E 0B 15 13 18 11 00 0B 00 0C 13 11 00 19 1C 0E 0F 1C 00 10 1C 19 17 00 17 0F 6D 6A 4F 2D 00 21 0B 18 1E 00 23 19 1F 00 1E 19 00 0D 19 16 16 0F 0D 1E 00 21 0F 0B 1A 19 18 1D 00 0B 18 0E 00 0B 1C 17 19 1C 00 10 19 1C 00 17 23 00 1D 19 16 0E 13 0F 1C 1D 00 0B 18 0E 00 0E 0F 16 13 20 0F 1C 00 1E 12 0F 17 00 1E 19 00 1E 12 0F 00 1A 0F 19 1A 16 0F 00 0E 19 21 18 1D 1E 0B 13 1C 1D 6C 4F 31 23 00 19 1C 0E 0F 1C 00 13 1D 00 08 00 26 1C 19 0B 0E 00 37 21 19 1C 0E 1D 00 0B 18 0E 00 08 00 1D 1F 13 1E 1D 00 19 10 00 2C 0B 16 10 00 34 16 0B 1E 0F 00 25 1C 17 19 1C 6E	Taloon! I hear you own a shop now.'<4F>How about taking a big order from me?'<4F>I want you to collect weapons and armor for my soldiers and deliver them to the people downstairs.'<4F>My order is 7 Broad Swords and 7 suits of Half Plate Armor!
088D	44	0D	04	91E6	6392	7422	38 12 0B 18 15 1D 00 10 19 1C 00 1A 1C 19 20 13 0E 13 18 11 00 1E 12 0F 00 21 0F 0B 1A 19 18 1D 00 0B 18 0E 00 0B 1C 17 19 1C 00 1E 19 00 17 23 00 1D 19 16 0E 13 0F 1C 1D 6C 4F 26 23 00 1E 12 0F 00 21 0B 23 77 12 0B 20 0F 00 23 19 1F 00 12 0F 0B 1C 0E 00 19 10 00 1E 12 0F 00 3E 0F 18 13 1E 12 13 0B 18 00 37 21 19 1C 0E 6D 6A 4F 2D 00 12 0F 0B 1C 00 13 1E 6B 1D 00 1E 12 0F 00 17 19 1D 1E 00 1A 19 21 0F 1C 10 1F 16 00 1D 21 19 1C 0E 00 13 18 00 1E 12 0F 00 21 19 1C 16 0E 78 2D 1E 00 0D 0B 18 00 0F 20 0F 18 00 0C 1C 0F 0B 15 00 1C 19 0D 15 1D 77 1E 12 0F 23 00 1D 0B 23 6C 4F 2D 00 21 13 1D 12 00 2D 00 0D 19 1F 16 0E 00 11 0F 1E 00 13 1E 72 78	Thanks for providing the weapons and armor to my soldiers.'<4F>By the way,have you heard of the Zenithian Sword?'<4F>I hear it's the most powerful sword in the world.It can even break rocks,they say.'<4F>I wish I could get it....
088E	44	0E	04	91E6	7422	7702	31 23 00 1D 19 18 77 36 0F 0F 0E 77 21 13 16 16 00 0C 0F 00 1E 12 0F 00 18 0F 22 1E 00 2F 13 18 11 00 19 10 00 29 18 0E 19 1C 78 2C 0B 77 2C 0B 77 2C 0B 6E	My son,Reed,will be the next King of Endor.Ha,Ha,Ha!
088F	44	0F	04	91E6	7702	8378	4E 36 0F 0F 0E 71 69 2D 00 12 0F 0B 1C 0E 00 00 1E 12 0F 00 1D 1E 19 1C 23 00 10 1C 19 17 00 17 23 00 10 0B 1E 12 0F 1C 78 2D 10 00 23 19 1F 00 12 0B 1A 1A 0F 18 00 1E 19 00 11 19 00 1E 19 00 29 18 0E 19 1C 77 1A 16 0F 0B 1D 0F 00 1E 0F 16 16 00 31 13 0B 00 1E 12 0B 1E 72 6A 44 36 0F 0F 0E 71 69 2D 6B 17 00 16 19 19 15 13 18 11 00 10 19 1C 21 0B 1C 0E 00 1E 19 00 19 1F 1C 00 17 0B 1C 1C 13 0B 11 0F 6E 6A	<4E>Reed:'I heard  the story from my father.If you happen to go to Endor,please tell Mia that...'<44>Reed:'I'm looking forward to our marriage!'
0890	44	10	04	91E6	8378	8801	38 12 0F 00 17 19 18 1D 1E 0F 1C 1D 00 0B 1C 0F 00 11 0F 1E 1E 13 18 11 00 1D 1E 1C 19 18 11 0F 1C 00 1E 12 0F 1D 0F 00 0E 0B 23 1D 78 31 0B 18 23 00 0D 0B 1D 1E 16 0F 1D 00 0B 1C 0F 00 0C 1F 23 13 18 11 00 17 0B 18 23 00 21 0F 0B 1A 19 18 1D 00 0B 18 0E 00 0B 1C 17 19 1C 6C 44	The monsters are getting stronger these days.Many castles are buying many weapons and armor.'<44>
0891	44	11	04	91E6	8801	9134	2D 00 0F 18 20 23 00 23 19 1F 00 10 19 1C 00 0C 0F 13 18 11 00 0B 18 00 0B 1C 17 1D 00 17 0F 1C 0D 12 0B 18 1E 78 3D 19 1F 00 17 1F 1D 1E 00 0C 0F 00 17 0B 15 13 18 11 00 1E 19 18 1D 00 19 10 00 17 19 18 0F 23 78	I envy you for being an arms merchant.You must be making tons of money.
0892	44	12	04	91E6	9134	10476	2D 00 0C 0F 11 0B 18 00 0E 13 11 11 13 18 11 00 0B 00 0D 0B 20 0F 00 1E 19 00 11 19 00 1E 19 00 0B 18 00 0F 0B 1D 1E 0F 1C 18 00 1A 19 1C 1E 00 1E 19 21 18 6C 4F 2D 00 0E 1C 0F 0B 17 1E 00 19 10 00 19 21 18 13 18 11 00 0B 00 1D 12 13 1A 00 0B 18 0E 00 1C 0F 1E 1C 13 0F 20 13 18 11 00 0B 16 16 00 1E 12 0F 00 1E 1C 0F 0B 1D 1F 1C 0F 1D 00 19 10 00 1E 12 0F 00 21 19 1C 16 0E 6C 4F 26 1F 1E 00 2D 00 1C 0B 18 00 19 1F 1E 00 19 10 00 17 19 18 0F 23 00 0B 18 0E 00 2D 6B 17 00 11 0F 1E 1E 13 18 11 00 19 16 0E 00 1E 19 19 6C 4F 2D 10 00 1E 12 0F 1C 0F 00 21 0F 1C 0F 00 07 01 01 01 01 00 17 19 1C 0F 00 11 19 16 0E 00 1A 13 0F 0D 0F 1D 77 1E 12 0F 00 0F 22 0D 0B 20 0B 1E 13 19 18 00 0D 19 1F 16 0E 00 0C 0F 00 1D 1E 0B 1C 1E 0F 0E 00 0B 11 0B 13 18 78 3B 19 1F 16 0E 00 23 19 1F 00 16 13 15 0F 00 1E 19 00 0D 0B 1C 1C 23 00 19 18 00 17 23 00 0E 1C 0F 0B 17 6D	I began digging a cave to go to an eastern port town.'<4F>I dreamt of owning a ship and retrieving all the treasures of the world.'<4F>But I ran out of money and I'm getting old too.'<4F>If there were 60000 more gold pieces,the excavation could be started again.Would you like to carry on my dream?
0893	44	13	04	91E6	10476	10533	38 19 19 00 0C 0B 0E 72 78	Too bad....
0894	44	14	04	91E6	10533	10858	25 1C 0F 00 23 19 1F 00 1D 1F 1C 0F 6D 00 38 12 0F 18 00 23 19 1F 00 17 1F 1D 1E 00 19 21 18 00 0B 00 1D 12 19 1A 00 10 13 1C 1D 1E 78 29 20 0F 1C 23 1E 12 13 18 11 00 1D 1E 0B 1C 1E 1D 00 1E 12 0F 1C 0F 78	Are you sure? Then you must own a shop first.Everything starts there.
0895	44	15	04	91E6	10858	11192	3D 19 1F 00 0E 19 6D 00 38 12 0F 18 00 2D 6B 16 16 00 21 0B 13 1E 00 10 19 1C 00 23 19 1F 00 1E 19 00 0C 1C 13 18 11 00 17 0F 00 07 01 01 01 01 00 11 19 16 0E 00 1A 13 0F 0D 0F 1D 78	You do? Then I'll wait for you to bring me 60000 gold pieces.
0896	44	16	04	91E6	11192	11464	3D 19 1F 00 0E 19 6D 00 3D 0F 1D 77 2D 6B 20 0F 00 1C 0F 0D 0F 13 20 0F 0E 00 07 01 01 01 01 00 11 19 16 0E 00 1A 13 0F 0D 0F 1D 6C 44	You do? Yes,I've received 60000 gold pieces.'<44>
0897	44	17	04	91E6	11464	11881	2D 6B 16 16 00 1F 1D 0F 00 1E 12 13 1D 00 17 19 18 0F 23 00 1E 19 00 12 13 1C 0F 00 1A 0F 19 1A 16 0F 00 0B 18 0E 00 1C 0F 1D 1E 0B 1C 1E 00 1E 12 0F 00 0F 22 0D 0B 20 0B 1E 13 19 18 78 26 0F 00 0B 1D 1D 1F 1C 0F 0E 00 13 1E 6B 16 16 00 0C 0F 00 10 13 18 13 1D 12 0F 0E 78	I'll use this money to hire people and restart the excavation.Be assured it'll be finished.
0898	44	18	04	91E6	11881	12398	38 0B 16 19 19 18 78 30 19 19 15 77 2D 00 1D 1E 0B 1C 1E 0F 0E 00 1E 12 0F 00 0F 22 0D 0B 20 0B 1E 13 19 18 00 0B 11 0B 13 18 6C 4F 3B 12 0F 18 00 13 1E 6B 1D 00 0E 19 18 0F 77 2D 6B 16 16 00 1D 0F 18 0E 00 0B 00 17 0F 1D 1D 0B 11 0F 00 1E 19 00 23 19 1F 1C 00 12 19 1F 1D 0F 78 2D 1E 00 21 13 16 16 00 0C 0F 00 1D 19 19 18 78	Taloon.Look,I started the excavation again.'<4F>When it's done,I'll send a message to your house.It will be soon.
0899	44	19	04	91E6	12398	12604	2C 13 77 38 0B 16 19 19 18 6E 00 3D 19 1F 00 0D 0B 17 0F 00 12 0F 1C 0F 00 1E 19 00 1C 0F 1E 1F 1C 18 00 17 23 00 0E 19 11 6D	Hi,Taloon! You came here to return my dog?
089A	44	1A	04	91E6	12604	12821	2B 19 19 0E 00 0C 19 23 77 38 19 20 78 32 19 21 77 11 19 00 0C 0B 0D 15 00 1E 19 00 23 19 1F 1C 00 0D 0B 11 0F 6C 44	Good boy,Tov.Now,go back to your cage.'<44>
089B	44	1B	04	91E6	12821	12993	2D 00 21 13 1D 12 00 23 19 1F 00 1E 12 0F 00 0C 0F 1D 1E 00 19 10 00 16 1F 0D 15 77 38 0B 16 19 19 18 78	I wish you the best of luck,Taloon.
089C	44	1C	04	91E6	12993	13321	3B 0F 16 16 77 0D 19 17 0F 00 0C 0B 0D 15 00 21 12 0F 18 0F 20 0F 1C 00 23 19 1F 00 10 0F 0F 16 00 16 13 15 0F 00 1C 0F 1E 1F 1C 18 13 18 11 00 17 23 00 0E 19 11 78 2D 6B 16 16 00 0C 0F 00 12 0F 1C 0F 78	Well,come back whenever you feel like returning my dog.I'll be here.
089D	44	1D	04	91E6	13321	13613	28 19 00 23 19 1F 00 21 0B 18 1E 00 1E 19 00 21 19 1C 15 00 12 0F 1C 0F 6D 00 37 19 1C 1C 23 77 2D 00 0E 19 18 6B 1E 00 18 0F 0F 0E 00 0B 18 23 00 18 0F 21 00 21 19 1C 15 0F 1C 1D 78	Do you want to work here? Sorry,I don't need any new workers.
089E	44	1E	04	91E6	13613	13819	3D 19 1F 00 18 19 21 00 19 21 18 00 0B 00 1D 12 19 1A 00 13 18 00 29 18 0E 19 1C 6D 00 38 12 0B 1E 6B 1D 00 11 1C 0F 0B 1E 6E	You now own a shop in Endor? That's great!
089F	44	1F	04	91E6	13819	14290	2D 00 12 0F 0B 1C 0E 00 23 19 1F 00 0C 19 1F 11 12 1E 00 0B 00 1D 12 19 1A 00 13 18 00 29 18 0E 19 1C 78 27 19 18 11 1C 0B 1E 1F 16 0B 1E 13 19 18 1D 6E 00 3D 19 1F 6B 1C 0F 00 1E 12 0F 00 17 19 1D 1E 00 1D 1F 0D 0D 0F 1D 1D 10 1F 16 00 1A 0F 1C 1D 19 18 00 10 1C 19 17 00 19 1F 1C 00 1E 19 21 18 78	I heard you bought a shop in Endor.Congratulations! You're the most successful person from our town.
08A0	45	00	04	98E1	0	795	4E 32 0F 1E 0B 71 69 2C 0F 16 16 19 77 0E 0B 1C 16 13 18 11 78 2D 00 14 1F 1D 1E 00 1C 0F 0D 0F 13 20 0F 0E 00 0B 00 17 0F 1D 1D 0B 11 0F 00 1E 12 0B 1E 00 1E 12 0F 00 0D 0B 20 0F 00 21 0B 1D 00 0D 19 17 1A 16 0F 1E 0F 0E 6C 44 32 0F 1E 0B 71 69 2D 00 0E 13 0E 18 6B 1E 00 1F 18 0E 0F 1C 1D 1E 0B 18 0E 00 21 12 0B 1E 00 13 1E 00 17 0F 0B 18 1E 72 6C 44 32 0F 1E 0B 71 69 25 1C 0F 00 23 19 1F 00 16 0F 0B 20 13 18 11 00 19 18 00 0B 00 14 19 1F 1C 18 0F 23 00 0B 11 0B 13 18 6D 6A	<4E>Neta:'Hello,darling.I just received a message that the cave was completed.'<44>Neta:'I didn't understand what it meant....'<44>Neta:'Are you leaving on a journey again?'
08A1	45	01	04	98E1	795	1728	4E 32 0F 1E 0B 71 69 2C 0F 16 16 19 77 0E 0B 1C 16 13 18 11 78 3B 12 0B 1E 6D 00 25 00 17 0F 1D 1D 0B 11 0F 6D 00 32 19 77 2D 00 12 0B 20 0F 18 6B 1E 00 1C 0F 0D 0F 13 20 0F 0E 00 0B 18 23 6C 44 32 0F 1E 0B 71 69 25 18 23 21 0B 23 77 0B 1C 0F 18 6B 1E 00 23 19 1F 00 0B 00 16 13 1E 1E 16 0F 00 1E 13 1C 0F 0E 00 19 10 00 21 19 1C 15 13 18 11 6D 6A 44 32 0F 1E 0B 71 69 2D 00 12 0F 0B 1C 00 1E 12 0F 00 27 0B 1D 13 18 19 00 1C 0F 19 1A 0F 18 0F 0E 78 3B 12 23 00 0E 19 18 6B 1E 00 23 19 1F 00 11 19 00 1E 12 0F 1C 0F 00 0B 18 0E 00 1C 0F 16 0B 22 6D 6A	<4E>Neta:'Hello,darling.What? A message? No,I haven't received any.'<44>Neta:'Anyway,aren't you a little tired of working?'<44>Neta:'I hear the Casino reopened.Why don't you go there and relax?'
08A2	45	02	04	98E1	1728	1927	4E 32 0F 1E 0B 71 69 25 16 1C 13 11 12 1E 77 2D 00 21 19 18 6B 1E 00 1D 0B 23 00 0B 18 23 1E 12 13 18 11 6C	<4E>Neta:'Alright,I won't say anything.'
08A3	45	03	04	98E1	1927	2621	4E 44 32 0F 1E 0B 71 69 3D 19 1F 6B 1C 0F 00 0B 16 21 0B 23 1D 00 0D 12 0B 1D 13 18 11 00 0E 1C 0F 0B 17 1D 72 6C 44 32 0F 1E 0B 71 69 26 1F 1E 00 1E 12 0B 1E 6B 1D 00 21 12 0B 1E 00 2D 00 16 19 20 0F 00 0B 0C 19 1F 1E 00 23 19 1F 6C 44 32 0F 1E 0B 71 69 3B 12 23 00 0E 19 18 6B 1E 00 23 19 1F 00 11 19 6D 00 2D 6B 16 16 00 0C 0F 00 21 0B 13 1E 13 18 11 00 10 19 1C 00 23 19 1F 1C 00 1C 0F 1E 1F 1C 18 6C	<4E><44>Neta:'You're always chasing dreams....'<44>Neta:'But that's what I love about you.'<44>Neta:'Why don't you go? I'll be waiting for your return.'
08A4	45	04	04	98E1	2621	3197	4E 32 0F 1E 0B 71 69 3D 19 1F 00 0E 19 18 6B 1E 00 12 0B 20 0F 00 1E 19 00 16 13 0F 00 1E 19 00 17 0F 72 6C 4F 32 0F 1E 0B 71 69 2D 6B 20 0F 00 12 0F 0B 1C 0E 00 0B 0C 19 1F 1E 00 1E 12 0F 00 3E 0F 18 13 1E 12 13 0B 18 00 37 21 19 1C 0E 00 1E 19 19 78 3D 19 1F 00 21 0B 18 1E 00 1E 19 00 1D 0F 0B 1C 0D 12 00 10 19 1C 00 13 1E 77 1C 13 11 12 1E 6D	<4E>Neta:'You don't have to lie to me....'<4F>Neta:'I've heard about the Zenithian Sword too.You want to search for it,right?
08A5	45	05	04	98E1	3197	3626	38 0B 16 19 19 18 6E 00 38 12 0F 00 0D 0B 20 0F 00 13 1D 00 10 13 18 13 1D 12 0F 0E 6E 6A 4F 27 0B 1C 1C 23 00 19 18 00 17 23 00 0E 1C 0F 0B 17 00 0B 18 0E 00 0D 19 16 16 0F 0D 1E 00 0B 1D 00 17 0B 18 23 00 1E 1C 0F 0B 1D 1F 1C 0F 1D 00 0B 1D 00 1A 19 1D 1D 13 0C 16 0F 78	Taloon! The cave is finished!'<4F>Carry on my dream and collect as many treasures as possible.
08A6	45	06	04	98E1	3626	4303	2D 6B 17 00 1E 1C 0B 20 0F 16 13 18 11 00 1E 12 0F 00 21 19 1C 16 0E 00 13 18 00 1D 0F 0B 1C 0D 12 00 19 10 00 0B 00 16 0F 11 0F 18 0E 0B 1C 23 00 1D 21 19 1C 0E 6C 4F 2D 10 00 23 19 1F 00 11 19 00 1E 12 1C 19 1F 11 12 00 1E 12 0F 00 0D 0B 20 0F 00 0B 18 0E 00 1C 0F 0B 0D 12 00 0B 18 00 0F 0B 1D 1E 0F 1C 18 00 0D 19 1F 18 1E 1C 23 77 23 19 1F 00 17 0B 23 00 10 13 18 0E 00 19 1F 1E 00 1D 19 17 0F 1E 12 13 18 11 00 0B 0C 19 1F 1E 00 13 1E 78	I'm traveling the world in search of a legendary sword.'<4F>If you go through the cave and reach an eastern country,you may find out something about it.
08A7	45	07	04	98E1	4303	4828	31 0B 18 23 00 1A 0F 19 1A 16 0F 00 11 19 00 1E 12 1C 19 1F 11 12 00 1E 12 13 1D 00 0D 0B 20 0F 00 12 19 1A 13 18 11 00 1E 19 00 10 1F 16 10 13 16 16 00 1E 12 0F 13 1C 00 0E 1C 0F 0B 17 1D 6C 4F 38 0B 16 19 19 18 77 2D 00 21 13 1D 12 00 23 19 1F 00 11 19 19 0E 00 16 1F 0D 15 00 19 18 00 23 19 1F 1C 00 14 19 1F 1C 18 0F 23 78	Many people go through this cave hoping to fulfill their dreams.'<4F>Taloon,I wish you good luck on your journey.
08A8	45	08	04	98E1	4828	4942	38 12 0F 00 1D 1E 0B 11 0F 00 13 1D 00 0E 19 21 18 1D 1E 0B 13 1C 1D 78	The stage is downstairs.
08A9	45	09	04	98E1	4942	5191	4E 44 69 31 0B 1C 0B 6E 00 2D 00 1E 12 19 1F 11 12 1E 00 23 19 1F 00 16 0F 10 1E 00 1E 19 21 18 78 3D 19 1F 6B 1C 0F 00 0C 0B 0D 15 6E 6A	<4E><44>'Mara! I thought you left town.You're back!'
08AA	45	0A	04	98E1	5191	5395	31 0B 1C 0B 6E 6A 4F 2D 6B 17 00 1D 19 00 0F 22 0D 13 1E 0F 0E 00 1E 19 00 1E 0B 16 15 00 21 13 1E 12 00 23 19 1F 78	Mara!'<4F>I'm so excited to talk with you.
08AB	45	0B	04	98E1	5395	5511	33 12 77 31 0B 1C 0B 6E 00 3D 19 1F 00 0B 1C 0F 72 18 19 6E	Oh,Mara! You are...no!
08AC	45	0C	04	98E1	5511	5814	31 0B 1C 0B 77 13 1E 6B 1D 00 23 19 1F 6E 00 2D 00 12 0F 0B 1C 0E 00 23 19 1F 00 1B 1F 13 1E 77 0C 1F 1E 00 23 19 1F 6B 1C 0F 00 0C 0B 0D 15 78 2D 6B 17 00 11 16 0B 0E 6E	Mara,it's you! I heard you quit,but you're back.I'm glad!
08AD	45	0D	04	98E1	5814	5937	2D 00 21 0B 18 1E 00 1E 19 00 0C 0F 00 19 18 00 1D 1E 0B 11 0F 00 1E 19 19 72 78	I want to be on stage too....
08AE	45	0E	04	98E1	5937	6086	38 12 13 1D 00 13 1D 00 1E 12 0F 00 3A 13 16 16 0B 11 0F 00 19 10 00 2F 13 0F 20 1D 78	This is the Village of Kievs.
08AF	45	0F	04	98E1	6086	6345	4E 44 69 3D 19 1F 00 17 1F 1D 1E 00 0C 0F 00 29 0E 11 0B 1C 6B 1D 00 0E 0B 1F 11 12 1E 0F 1C 1D 6E 00 3D 19 1F 6B 1C 0F 00 0C 0B 0D 15 6E 6A	<4E><44>'You must be Edgar's daughters! You're back!'
08B0	45	10	04	98E1	6345	6964	3D 19 1F 6B 1C 0F 00 29 0E 11 0B 1C 6B 1D 00 0E 0B 1F 11 12 1E 0F 1C 1D 6E 6A 4F 2D 00 0D 0B 18 6B 1E 00 0B 0D 0D 0F 1A 1E 00 17 19 18 0F 23 00 10 1C 19 17 00 23 19 1F 78 3D 19 1F 6B 1C 0F 00 10 1C 19 17 00 1E 12 13 1D 00 20 13 16 16 0B 11 0F 6C 4F 38 12 0F 1C 0F 6B 1D 00 18 19 00 0D 12 0B 1C 11 0F 78 3B 19 1F 16 0E 00 23 19 1F 00 16 13 15 0F 00 1E 19 00 1D 1E 0B 23 6D	You're Edgar's daughters!'<4F>I can't accept money from you.You're from this village.'<4F>There's no charge.Would you like to stay?
08B1	45	11	04	98E1	6964	7020	36 0F 1D 1E 00 21 0F 16 16 78	Rest well.
08B2	45	12	04	98E1	7020	7190	2B 19 19 0E 00 17 19 1C 18 13 18 11 78 2C 0B 20 0F 00 0B 00 1D 0B 10 0F 00 14 19 1F 1C 18 0F 23 78	Good morning.Have a safe journey.
08B3	45	13	04	98E1	7190	7353	2D 00 1D 0F 0F 78 26 0F 00 0D 0B 1C 0F 10 1F 16 00 19 18 00 23 19 1F 1C 00 14 19 1F 1C 18 0F 23 78	I see.Be careful on your journey.
08B4	45	14	04	98E1	7353	8179	2D 1E 6B 1D 00 0B 00 1D 12 0B 17 0F 00 0B 00 17 0B 18 00 16 13 15 0F 00 29 0E 11 0B 1C 00 21 0B 1D 00 0C 0F 1E 1C 0B 23 0F 0E 00 0C 23 00 12 13 1D 00 1A 1F 1A 13 16 6C 4F 37 0B 23 77 0E 13 0E 18 6B 1E 00 29 0E 11 0B 1C 00 12 0B 20 0F 00 0B 18 19 1E 12 0F 1C 00 1A 1F 1A 13 16 6D 00 33 1C 13 18 72 1E 12 0B 1E 6B 1D 00 12 13 1D 00 18 0B 17 0F 77 2D 00 1E 12 13 18 15 6C 4F 2C 0F 00 21 0B 1D 00 1E 0F 1C 1C 13 0C 16 23 00 13 18 14 1F 1C 0F 0E 00 1E 19 19 78 3B 12 0F 1C 0F 00 13 1D 00 12 0F 00 18 19 21 6D	It's a shame a man like Edgar was betrayed by his pupil.'<4F>Say,didn't Edgar have another pupil? Orin...that's his name,I think.'<4F>He was terribly injured too.Where is he now?
08B5	45	15	04	98E1	8179	8458	2D 1D 18 6B 1E 00 1E 12 0B 1E 00 23 19 1F 77 33 1C 13 18 6D 00 3D 19 1F 6B 1C 0F 00 0B 16 13 20 0F 78 2B 16 0B 0E 00 1E 19 00 1D 0F 0F 00 23 19 1F 00 0B 11 0B 13 18 6E	Isn't that you,Orin? You're alive.Glad to see you again!
08B6	45	16	04	98E1	8458	8905	2C 19 21 00 16 19 18 11 00 12 0B 1D 00 13 1E 00 0C 0F 0F 18 00 1D 13 18 0D 0F 00 29 0E 11 0B 1C 00 0E 13 0F 0E 6D 6A 4F 38 12 0F 00 1D 1E 1C 0B 23 00 1A 1F 1A 1A 23 00 32 0B 1C 0B 00 1E 19 19 15 00 13 18 00 0C 0B 0D 15 00 1E 12 0F 18 00 12 0B 1D 00 11 1C 19 21 18 00 1F 1A 78	How long has it been since Edgar died?'<4F>The stray puppy Nara took in back then has grown up.
08B7	45	17	04	98E1	8905	9204	2C 0F 23 77 13 1E 6B 1D 00 23 19 1F 77 32 0B 1C 0B 6E 00 2D 1D 18 6B 1E 00 13 1E 00 18 13 0D 0F 00 1E 19 00 0C 0F 00 0C 0B 0D 15 00 13 18 00 23 19 1F 1C 00 12 19 17 0F 1E 19 21 18 6D	Hey,it's you,Nara! Isn't it nice to be back in your hometown?
08B8	45	18	04	98E1	9204	9419	33 12 77 31 0B 1C 0B 6E 6A 4F 2D 00 1E 19 16 0E 00 23 19 1F 00 18 19 1E 00 1E 19 00 1D 0F 0F 15 00 1C 0F 20 0F 18 11 0F 72 78	Oh,Mara!'<4F>I told you not to seek revenge....
08B9	45	19	04	98E1	9419	9744	2D 00 0E 0F 1D 1A 13 1D 0F 00 26 0B 16 24 0B 0D 15 6E 00 2C 0F 00 0C 0F 0D 0B 17 0F 00 29 0E 11 0B 1C 6B 1D 00 1A 1F 1A 13 16 00 1E 19 00 1D 1E 0F 0B 16 00 12 13 1D 00 13 18 20 0F 18 1E 13 19 18 78	I despise Balzack! He became Edgar's pupil to steal his invention.
08BA	45	1A	04	98E1	9744	10448	4E 44 69 26 23 00 1E 12 0F 00 21 0B 23 77 1E 12 13 1D 00 13 1D 00 0B 00 1D 0F 0D 1C 0F 1E 72 6C 4F 33 1C 13 18 77 29 0E 11 0B 1C 6B 1D 00 19 1E 12 0F 1C 00 1A 1F 1A 13 16 77 13 1D 00 12 13 0E 13 18 11 00 13 18 00 1E 12 0F 00 0D 0B 20 0F 00 21 0F 1D 1E 00 19 10 00 1E 12 13 1D 00 20 13 16 16 0B 11 0F 6C 4F 33 1C 13 18 00 17 0B 23 00 15 18 19 21 00 26 0B 16 24 0B 0D 15 6B 1D 00 21 12 0F 1C 0F 0B 0C 19 1F 1E 1D 72 78	<4E><44>'By the way,this is a secret....'<4F>Orin,Edgar's other pupil,is hiding in the cave west of this village.'<4F>Orin may know Balzack's whereabouts....
08BB	45	1B	04	98E1	10448	11005	36 1F 17 19 1C 00 13 1D 00 29 0E 11 0B 1C 00 10 0B 13 16 0F 0E 00 1E 19 00 17 0B 15 0F 00 11 19 16 0E 6C 4F 26 1F 1E 00 12 0F 00 17 0B 0E 0F 00 0B 18 00 0F 22 1E 1C 0B 19 1C 0E 13 18 0B 1C 23 00 0E 13 1D 0D 19 20 0F 1C 23 78 25 12 72 1E 12 0F 00 37 0F 0D 1C 0F 1E 00 19 10 00 29 20 19 16 1F 1E 13 19 18 72 1E 12 0B 1E 6B 1D 00 13 1E 78	Rumor is Edgar failed to make gold.'<4F>But he made an extraordinary discovery.Ah...the Secret of Evolution...that's it.
08BC	45	1C	04	98E1	11005	11200	28 19 18 6B 1E 00 12 1F 1C 1E 00 17 0F 6E 00 2D 6B 17 00 18 19 1E 00 0B 00 0C 0B 0E 00 37 16 13 17 0F 6E 6A 44	Don't hurt me! I'm not a bad Slime!'<44>
08BD	45	1D	04	98E1	11200	11446	28 19 00 23 19 1F 00 15 18 19 21 6D 00 33 1C 13 18 00 1F 1D 0F 0E 00 1E 19 00 0C 1C 0F 0B 15 00 19 1A 0F 18 00 16 19 0D 15 0F 0E 00 0E 19 19 1C 1D 78	Do you know? Orin used to break open locked doors.
08BE	45	1E	04	98E1	11446	12640	2C 1F 12 6D 00 31 0B 1C 0B 00 0B 18 0E 00 32 0B 1C 0B 6E 00 2D 1E 6B 1D 00 17 0F 77 33 1C 13 18 6E 6A 4F 3D 19 1F 6B 1C 0F 00 0B 10 1E 0F 1C 00 1C 0F 20 0F 18 11 0F 6D 00 2D 6B 20 0F 00 0C 0F 0F 18 00 1C 0F 0D 19 20 0F 1C 13 18 11 77 0E 1C 0F 0B 17 13 18 11 00 19 10 00 1C 0F 20 0F 18 11 0F 00 1E 19 19 6C 4F 26 0B 16 24 0B 0D 15 00 0B 16 16 13 0F 0E 00 12 13 17 1D 0F 16 10 00 21 13 1E 12 00 1E 12 0F 00 0F 20 13 16 00 19 18 0F 1D 00 0B 18 0E 00 11 0B 13 18 0F 0E 00 11 1C 0F 0B 1E 00 17 0B 11 13 0D 00 1A 19 21 0F 1C 1D 6C 4F 26 1F 1E 00 1E 12 0F 00 37 1A 12 0F 1C 0F 00 19 10 00 37 13 16 0F 18 0D 0F 00 1D 12 19 1F 16 0E 00 12 0F 16 1A 00 23 19 1F 00 19 20 0F 1C 0D 19 17 0F 00 12 13 1D 00 17 0B 11 13 0D 00 1A 19 21 0F 1C 1D 6E 6A 44	Huh? Mara and Nara! It's me,Orin!'<4F>You're after revenge? I've been recovering,dreaming of revenge too.'<4F>Balzack allied himself with the evil ones and gained great magic powers.'<4F>But the Sphere of Silence should help you overcome his magic powers!'<44>
08BF	45	1F	04	98E1	12640	12776	33 12 77 23 19 1F 00 0B 16 1C 0F 0B 0E 23 00 12 0B 20 0F 00 13 1E 6E 6A 44	Oh,you already have it!'<44>
08C0	46	00	04	9F1F	0	317	2D 6B 16 16 00 0B 0D 0D 19 17 1A 0B 18 23 00 23 19 1F 78 30 0F 1E 6B 1D 00 11 19 6E 6A 44 33 1C 13 18 00 14 19 13 18 0F 0E 00 1E 12 0F 00 34 0B 1C 1E 23 6E 43 55 40	I'll accompany you.Let's go!'<44>Orin joined the Party!<43><55><40>
08C1	46	01	04	9F1F	317	777	3B 12 0F 1C 0F 6B 1D 00 1E 12 0F 00 2F 13 18 11 6B 1D 00 0D 12 0B 17 0C 0F 1C 6D 00 2D 00 0E 19 18 6B 1E 00 15 18 19 21 6C 4F 38 12 0F 23 00 1D 0B 23 00 1E 12 0F 00 18 0F 21 00 2F 13 18 11 00 13 1D 00 0B 16 21 0B 23 1D 00 13 18 00 1E 12 0F 00 1D 0F 0D 1C 0F 1E 00 0D 12 0B 17 0C 0F 1C 78	Where's the King's chamber? I don't know.'<4F>They say the new King is always in the secret chamber.
08C2	46	02	04	9F1F	777	979	2C 0F 77 2C 0F 77 2C 0F 78 2D 00 21 19 18 6B 1E 00 16 0F 1E 00 23 19 1F 00 11 19 78 2C 0F 77 2C 0F 77 2C 0F 78	He,He,He.I won't let you go.He,He,He.
08C3	46	03	04	9F1F	979	1152	32 19 6E 00 2D 6B 16 16 00 0C 0F 00 0D 0B 1F 11 12 1E 6E 00 2C 1F 10 10 77 2C 1F 10 10 78	No! I'll be caught! Huff,Huff.
08C4	46	04	04	9F1F	1152	1295	37 1E 1C 0B 18 11 0F 72 2D 00 12 0F 0B 1C 00 20 19 13 0D 0F 1D 00 0C 0F 16 19 21 78	Strange...I hear voices below.
08C5	46	05	04	9F1F	1295	1582	2B 19 19 0E 00 10 19 19 0E 77 0E 0B 18 0D 0F 77 0B 18 0E 00 1D 19 18 11 72 78 2D 1D 18 6B 1E 00 1E 12 13 1D 00 1A 16 0B 0D 0F 00 16 13 15 0F 00 1A 0B 1C 0B 0E 13 1D 0F 6D	Good food,dance,and song....Isn't this place like paradise?
08C6	46	06	04	9F1F	1582	1929	2D 18 0E 1F 16 11 13 18 11 00 13 18 00 1F 16 1E 13 17 0B 1E 0F 00 16 1F 22 1F 1C 23 00 13 1D 00 0B 16 16 19 21 0F 0E 00 12 0F 1C 0F 6C 4F 2D 6B 17 00 1D 19 00 2C 4B 25 4B 34 4B 34 4B 3D 6E	Indulging in ultimate luxury is allowed here.'<4F>I'm so H<4B>A<4B>P<4B>P<4B>Y!
08C7	46	07	04	9F1F	1929	2072	3B 0B 77 2C 0B 77 2C 0B 6E 00 2D 6B 16 16 00 0D 0B 1E 0D 12 00 23 19 1F 6E	Wa,Ha,Ha! I'll catch you!
08C8	46	08	04	9F1F	2072	2293	2B 0F 1E 00 19 1F 1E 00 19 10 00 17 23 00 21 0B 23 6E 00 2D 6B 16 16 00 0C 0F 00 0D 0B 1F 11 12 1E 6E 00 29 0F 0F 77 29 0F 0F 72	Get out of my way! I'll be caught! Eee,Eee...
08C9	46	09	04	9F1F	2293	2728	2D 6B 17 00 1E 12 13 1D 00 27 0B 1D 1E 16 0F 6B 1D 00 1D 0D 12 19 16 0B 1C 00 19 10 00 17 0B 11 13 0D 6C 4F 3B 12 0B 1E 00 1E 23 1A 0F 00 19 10 00 17 0B 11 13 0D 6D 00 2D 00 21 19 1F 16 0E 18 6B 1E 00 1E 0F 16 16 00 23 19 1F 78 2C 0B 77 2C 0B 77 2C 0B 78	I'm this Castle's scholar of magic.'<4F>What type of magic? I wouldn't tell you.Ha,Ha,Ha.
08CA	46	0A	04	9F1F	2728	2921	31 1F 17 0C 16 0F 72 31 1F 17 0C 16 0F 72 26 1C 13 18 11 00 17 19 1C 0F 00 11 13 1C 16 1D 6E 6A 44	Mumble...Mumble...Bring more girls!'<44>
08CB	46	0B	04	9F1F	2921	3306	2D 18 00 19 1C 0E 0F 1C 00 1E 19 00 0D 19 17 1A 16 0F 1E 0F 00 1E 12 0F 00 37 0F 0D 1C 0F 1E 00 19 10 00 29 20 19 16 1F 1E 13 19 18 77 1E 12 0F 00 0F 1D 1D 0F 18 0D 0F 00 19 10 00 11 13 1C 16 1D 6B 00 23 19 1F 1E 12 00 13 1D 00 18 0F 0F 0E 0F 0E 72 78	In order to complete the Secret of Evolution,the essence of girls' youth is needed....
08CC	46	0C	04	9F1F	3306	4253	38 12 13 1D 00 27 0B 1D 1E 16 0F 6B 1D 00 27 19 1F 18 1D 0F 16 00 13 1D 00 0B 00 18 0F 1C 20 19 1F 1D 00 1E 23 1A 0F 6C 4F 37 19 17 0F 00 1E 13 17 0F 00 0B 11 19 77 1E 12 0F 00 17 0B 18 00 21 12 19 00 17 0B 0E 0F 00 0B 00 0C 13 11 00 1D 19 1F 18 0E 00 0C 23 00 1E 12 0F 00 27 19 1F 18 1D 0F 16 6B 1D 00 1C 19 19 17 00 21 0B 1D 00 1E 12 1C 19 21 18 00 13 18 1E 19 00 14 0B 13 16 00 13 18 00 1E 12 0F 00 1A 19 1C 1E 00 1E 19 21 18 6C 4F 3B 12 0F 1C 0F 6B 1D 00 1E 12 0F 00 1A 19 1C 1E 00 1E 19 21 18 6D 00 2D 1E 6B 1D 00 19 18 00 1E 12 0F 00 1D 12 19 1C 0F 00 18 19 1C 1E 12 00 19 10 00 1E 12 13 1D 00 27 0B 1D 1E 16 0F 78	This Castle's Counsel is a nervous type.'<4F>Some time ago,the man who made a big sound by the Counsel's room was thrown into jail in the port town.'<4F>Where's the port town? It's on the shore north of this Castle.
08CD	46	0D	04	9F1F	4253	4411	38 12 13 1D 00 13 1D 00 1E 12 0F 00 2C 19 1F 1D 0F 00 19 10 00 34 1C 19 1A 12 0F 0D 23 6C 44	This is the House of Prophecy.'<44>
08CE	46	0E	04	9F1F	4411	5890	38 12 0F 00 17 0B 18 00 23 19 1F 00 1D 0F 0F 15 00 1C 0F 20 0F 18 11 0F 00 1F 1A 19 18 00 13 1D 00 1A 1C 19 1E 0F 0D 1E 0F 0E 00 0C 23 00 0B 00 1E 1C 0F 17 0F 18 0E 19 1F 1D 00 0F 20 13 16 00 10 19 1C 0D 0F 6C 4F 3B 19 1C 1C 23 00 18 19 1E 6C 4F 2D 00 1D 0F 0F 00 23 19 1F 00 0B 1C 0F 00 1A 1C 19 1E 0F 0D 1E 0F 0E 00 0C 23 00 1C 0B 0E 13 0B 18 1E 00 16 13 11 12 1E 1D 72 6C 4F 38 12 0F 23 00 0B 1C 0F 00 1D 17 0B 16 16 00 0B 18 0E 00 10 1C 0B 13 16 00 18 19 21 77 0C 1F 1E 00 17 19 1C 0F 00 16 13 11 12 1E 1D 00 21 13 16 16 00 14 19 13 18 00 1E 12 0F 17 00 0B 18 0E 00 1E 12 0F 23 6B 16 16 00 10 1F 1D 0F 00 13 18 1E 19 00 19 18 0F 00 1A 19 21 0F 1C 10 1F 16 00 10 19 1C 0D 0F 6C 4F 26 0F 00 1A 0B 1E 13 0F 18 1E 78 3B 12 0F 18 00 23 19 1F 00 0B 1C 0F 00 1D 1F 18 15 00 13 18 00 1E 12 0F 00 0E 0F 1A 1E 12 1D 00 19 10 00 0E 0F 1D 1A 0B 13 1C 72 6A 4F 1E 12 0F 18 00 1D 12 0B 16 16 00 23 19 1F 1C 00 1E 1C 1F 0F 00 14 19 1F 1C 18 0F 23 00 0C 0F 11 13 18 78	The man you seek revenge upon is protected by a tremendous evil force.'<4F>Worry not.'<4F>I see you are protected by radiant lights....'<4F>They are small and frail now,but more lights will join them and they'll fuse into one powerful force.'<4F>Be patient.When you are sunk in the depths of despair...'<4F>then shall your true journey begin.
08CF	46	0F	04	9F1F	5890	6195	38 12 13 1D 00 13 1D 00 2C 0B 20 13 16 16 0F 77 0B 00 1A 19 1C 1E 00 1E 19 21 18 00 21 12 0F 1C 0F 00 1D 12 13 1A 1D 00 0C 19 1F 18 0E 00 10 19 1C 00 29 18 0E 19 1C 00 0E 0F 1A 0B 1C 1E 78	This is Haville,a port town where ships bound for Endor depart.
08D0	46	10	04	9F1F	6195	6790	38 12 0F 00 1C 0F 11 1F 16 0B 1E 13 19 18 00 12 0B 1D 00 0C 0F 0D 19 17 0F 00 17 19 1C 0F 00 1D 1E 1C 13 0D 1E 00 1D 13 18 0D 0F 00 1E 12 0F 00 18 0F 21 00 2F 13 18 11 00 1E 19 19 15 00 19 20 0F 1C 00 2F 0F 0F 16 0F 19 18 6C 4F 2D 1E 6B 1D 00 20 0F 1C 23 00 0E 13 10 10 13 0D 1F 16 1E 00 1E 19 00 11 0F 1E 00 0C 19 0B 1C 0E 13 18 11 00 1A 0B 1D 1D 0F 1D 00 1E 12 0F 1D 0F 00 0E 0B 23 1D 78	The regulation has become more strict since the new King took over Keeleon.'<4F>It's very difficult to get boarding passes these days.
08D1	46	11	04	9F1F	6790	7048	37 12 13 1A 1D 00 0E 19 18 6B 1E 00 16 0F 0B 20 0F 00 0B 1E 00 18 13 11 12 1E 78 27 19 17 0F 00 0C 0B 0D 15 00 0E 1F 1C 13 18 11 00 1E 12 0F 00 0E 0B 23 78	Ships don't leave at night.Come back during the day.
08D2	46	12	04	9F1F	7048	7764	3D 19 1F 00 0D 0B 18 6B 1E 00 11 0F 1E 00 0C 19 0B 1C 0E 13 18 11 00 1A 0B 1D 1D 0F 1D 00 0B 18 23 17 19 1C 0F 78 33 18 16 23 00 1E 12 19 1D 0F 00 21 12 19 00 19 0C 1E 0B 13 18 0F 0E 00 1E 12 0F 17 00 13 18 00 1E 12 0F 00 10 19 1C 17 0F 1C 00 2F 13 18 11 6B 1D 00 1E 13 17 0F 00 12 0B 20 0F 00 1E 12 0F 17 6C 4F 38 12 0F 00 18 0F 22 1E 00 1D 12 13 1A 00 17 0B 23 00 0C 0F 00 1E 12 0F 00 16 0B 1D 1E 00 19 18 0F 00 1E 19 00 16 0F 0B 20 0F 00 1E 12 13 1D 00 1E 19 21 18 78	You can't get boarding passes anymore.Only those who obtained them in the former King's time have them.'<4F>The next ship may be the last one to leave this town.
08D3	46	13	04	9F1F	7764	8152	2D 00 10 0F 16 16 00 13 18 00 16 19 20 0F 00 21 13 1E 12 00 0B 00 11 13 1C 16 6E 00 2D 6B 16 16 00 17 0B 1C 1C 23 00 12 0F 1C 6C 4F 3B 12 19 6B 1D 00 1D 12 0F 6D 00 2C 0F 1C 00 18 0B 17 0F 00 13 1D 00 2E 19 23 6E 00 2C 0F 0F 00 12 0B 6E	I fell in love with a girl! I'll marry her.'<4F>Who's she? Her name is Joy! Hee ha!
08D4	46	14	04	9F1F	8152	8294	2D 6B 17 00 12 0B 1A 1A 23 6E 00 3D 0F 1D 77 2C 25 34 34 3D 6E	I'm happy! Yes,HAPPY!
08D5	46	15	04	9F1F	8294	9119	36 0F 0B 16 16 23 6D 00 3D 19 1F 6B 1C 0F 00 19 18 00 0B 00 14 19 1F 1C 18 0F 23 00 19 10 00 1C 0F 20 0F 18 11 0F 6D 00 38 12 0F 00 19 0C 14 0F 0D 1E 00 19 10 00 23 19 1F 1C 00 1C 0F 20 0F 18 11 0F 00 13 1D 00 18 0B 17 0F 0E 00 26 0B 16 24 0B 0D 15 6D 6E 6A 4F 38 12 0F 00 18 0B 17 0F 00 19 10 00 2F 0F 0F 16 0F 19 18 6B 1D 00 18 0F 21 00 2F 13 18 11 00 13 1D 00 0B 16 1D 19 72 2D 00 1E 12 13 18 15 72 26 0B 16 24 0B 0D 15 72 78 32 19 77 17 1F 1D 1E 00 0C 0F 00 1D 19 17 0F 19 18 0F 00 0F 16 1D 0F 78	Really? You're on a journey of revenge? The object of your revenge is named Balzack?!'<4F>The name of Keeleon's new King is also...I think...Balzack....No,must be someone else.
08D6	46	16	04	9F1F	9119	9425	38 12 13 1D 00 13 1D 00 2E 0B 13 16 78 38 12 19 1D 0F 00 21 12 19 00 0E 13 1D 19 0C 0F 23 00 1E 12 0F 00 2F 13 18 11 00 19 10 00 2F 0F 0F 16 0F 19 18 00 0B 1C 0F 00 1A 1F 1E 00 12 0F 1C 0F 78	This is Jail.Those who disobey the King of Keeleon are put here.
08D7	46	17	04	9F1F	9425	10239	2D 00 0E 13 0E 18 6B 1E 00 0E 13 1D 19 0C 0F 23 00 1E 12 0F 00 2F 13 18 11 6C 4F 2D 00 14 1F 1D 1E 00 0B 0D 0D 13 0E 0F 18 1E 0B 16 16 23 00 13 11 18 13 1E 0F 0E 00 11 1F 18 1A 19 21 0E 0F 1C 00 18 0F 0B 1C 00 1E 12 0F 00 1C 19 19 17 00 19 10 00 1E 12 0F 00 27 0B 1D 1E 16 0F 6B 1D 00 27 19 1F 18 1D 0F 16 72 6C 4F 38 12 0F 00 11 1F 18 1A 19 21 0E 0F 1C 6D 00 2D 00 11 19 1E 00 13 1E 00 0B 1E 00 25 15 1E 0F 17 1E 19 00 31 13 18 0F 00 21 12 0F 18 00 2D 00 21 0B 1D 00 21 19 1C 15 13 18 11 00 1E 12 0F 1C 0F 78	I didn't disobey the King.'<4F>I just accidentally ignited gunpowder near the room of the Castle's Counsel....'<4F>The gunpowder? I got it at Aktemto Mine when I was working there.
08D8	46	18	04	9F1F	10239	10583	2D 00 12 0F 0B 1C 00 1E 12 0F 00 37 1A 12 0F 1C 0F 00 19 10 00 37 13 16 0F 18 0D 0F 00 0D 0B 18 00 0D 19 18 1E 0B 13 18 00 1E 12 0F 00 17 0B 11 13 0D 00 1D 1A 0F 16 16 1D 00 19 10 00 23 19 1F 1C 00 19 1A 1A 19 18 0F 18 1E 78	I hear the Sphere of Silence can contain the magic spells of your opponent.
08D9	46	19	04	9F1F	10583	10887	38 12 13 1D 00 13 1D 00 25 15 1E 0F 17 1E 19 77 0B 00 17 13 18 13 18 11 00 1E 19 21 18 78 2D 1E 6B 1D 00 18 19 1E 00 1D 0B 10 0F 00 1E 19 00 16 13 20 0F 00 12 0F 1C 0F 00 0B 18 23 17 19 1C 0F 78	This is Aktemto,a mining town.It's not safe to live here anymore.
08DA	46	1A	04	9F1F	10887	11466	38 12 0F 00 27 0B 1D 1E 16 0F 00 1A 1C 19 12 13 0C 13 1E 0F 0E 00 11 1F 18 1A 19 21 0E 0F 1C 00 17 0B 18 1F 10 0B 0D 1E 1F 1C 13 18 11 6C 4F 2D 10 00 23 19 1F 00 18 0F 0F 0E 00 11 1F 18 1A 19 21 0E 0F 1C 77 1E 0B 15 0F 00 1D 19 17 0F 00 19 10 00 21 12 0B 1E 6B 1D 00 16 0F 10 1E 00 13 18 00 1E 12 0F 00 17 13 18 0F 78 27 19 1F 11 12 72 27 19 1F 11 12 72	The Castle prohibited gunpowder manufacturing.'<4F>If you need gunpowder,take some of what's left in the mine.Cough...Cough...
08DB	46	1B	04	9F1F	11466	11966	3D 19 1F 6B 20 0F 00 0D 19 17 0F 00 10 19 1C 00 11 1F 18 1A 19 21 0E 0F 1C 6D 00 2D 1E 6B 1D 00 13 18 00 1E 12 0F 00 14 0B 1C 6C 4F 26 1F 1E 00 13 1E 6B 1D 00 0E 0B 17 1A 00 0B 18 0E 00 17 0B 23 00 18 19 1E 00 21 19 1C 15 00 0F 22 0D 0F 1A 1E 00 1E 19 00 17 0B 15 0F 00 0B 00 16 19 1F 0E 00 18 19 13 1D 0F 78	You've come for gunpowder? It's in the jar.'<4F>But it's damp and may not work except to make a loud noise.
08DC	46	1C	04	9F1F	11966	12257	28 19 00 23 19 1F 00 12 0B 20 0F 00 0B 00 26 19 0B 1C 0E 13 18 11 00 34 0B 1D 1D 6D 00 2D 10 00 18 19 1E 77 2D 00 0D 0B 18 6B 1E 00 16 0F 1E 00 23 19 1F 00 0B 0C 19 0B 1C 0E 78	Do you have a Boarding Pass? If not,I can't let you aboard.
08DD	46	1D	04	9F1F	12257	12554	3D 19 1F 00 0C 1C 19 1F 11 12 1E 00 0B 00 26 19 0B 1C 0E 13 18 11 00 34 0B 1D 1D 78 2C 1F 1C 1C 23 6E 00 38 12 0F 00 1D 12 13 1A 00 21 13 16 16 00 1D 0B 13 16 00 1D 19 19 18 78	You brought a Boarding Pass.Hurry! The ship will sail soon.
08DE	46	1E	04	9F1F	12554	12680	38 12 0F 00 0D 0B 0C 13 18 1D 00 0B 1C 0F 00 0E 19 21 18 1D 1E 0B 13 1C 1D 78	The cabins are downstairs.
08DF	46	1F	04	9F1F	12680	12932	2D 6B 17 00 1E 12 0F 00 0D 0B 1A 1E 0B 13 18 78 3B 0F 6B 16 16 00 1D 0B 13 16 00 1D 19 19 18 78 3B 0B 13 1E 00 13 18 00 23 19 1F 1C 00 0D 0B 0C 13 18 78	I'm the captain.We'll sail soon.Wait in your cabin.
08E0	47	00	04	A570	0	680	33 18 0D 0F 00 1E 12 0F 00 1D 12 13 1A 00 16 0F 0B 20 0F 1D 77 23 19 1F 00 21 19 18 6B 1E 00 0C 0F 00 0B 0C 16 0F 00 1E 19 00 0D 19 17 0F 00 0C 0B 0D 15 00 1E 19 00 1E 12 13 1D 00 0D 19 1F 18 1E 1C 23 6C 4F 28 19 00 23 19 1F 00 12 0B 20 0F 00 0B 18 23 1E 12 13 18 11 00 23 19 1F 00 1D 12 19 1F 16 0E 00 1E 0B 15 0F 00 0D 0B 1C 0F 00 19 10 00 0C 0F 10 19 1C 0F 00 16 0F 0B 20 13 18 11 6D 00 27 0B 18 00 21 0F 00 1D 0B 13 16 00 18 19 21 6D	Once the ship leaves,you won't be able to come back to this country.'<4F>Do you have anything you should take care of before leaving? Can we sail now?
08E1	47	01	04	A570	680	868	3B 0F 16 16 00 1E 12 0F 18 77 16 0F 1E 6B 1D 00 1D 0B 13 16 78 36 0B 13 1D 0F 00 1E 12 0F 00 25 18 0D 12 19 1C 6E	Well then,let's sail.Raise the Anchor!
08E2	47	02	04	A570	868	1160	2D 18 00 1E 12 0B 1E 00 0D 0B 1D 0F 77 11 19 00 10 13 18 13 1D 12 00 21 12 0B 1E 00 23 19 1F 00 12 0B 20 0F 00 1E 19 00 0E 19 78 3B 0F 6B 16 16 00 21 0B 13 1E 00 10 19 1C 00 23 19 1F 78	In that case,go finish what you have to do.We'll wait for you.
08E3	47	03	04	A570	1160	1681	2D 00 21 19 18 6B 1E 00 1E 0F 16 16 00 17 23 00 0C 1C 19 1E 12 0F 1C 77 34 13 1A 13 18 77 21 12 0B 1E 00 12 0B 1A 1A 0F 18 0F 0E 00 1E 19 00 19 1F 1C 00 10 0B 1E 12 0F 1C 72 6A 4F 1F 18 1E 13 16 00 12 0F 6B 1D 00 19 16 0E 00 0F 18 19 1F 11 12 00 1E 19 00 0C 0F 0B 1C 00 0B 11 19 18 23 00 0B 18 0E 00 0E 0F 1D 1A 0B 13 1C 72 78	I won't tell my brother,Pipin,what happened to our father...'<4F>until he's old enough to bear agony and despair....
08E4	47	04	04	A570	1681	2040	2D 6B 17 00 1E 12 0F 00 27 19 1F 18 1D 0F 16 6C 4F 38 12 13 1D 00 13 1D 00 17 23 00 1C 19 19 17 78 30 0F 0B 20 0F 00 18 19 21 00 19 1C 00 2D 6B 16 16 00 12 0B 20 0F 00 23 19 1F 00 1A 1F 1E 00 13 18 00 14 0B 13 16 78	I'm the Counsel.'<4F>This is my room.Leave now or I'll have you put in jail.
08E5	47	05	04	A570	2040	2205	3B 12 0B 1E 00 0B 1C 0F 00 23 19 1F 00 0E 19 13 18 11 00 12 0F 1C 0F 6D 00 2B 0F 1E 00 0B 21 0B 23 6E	What are you doing here? Get away!
08E6	47	06	04	A570	2205	2441	3B 12 72 3B 12 19 00 0B 1C 0F 00 23 19 1F 6D 00 38 12 13 1D 00 13 1D 00 2F 13 18 11 00 26 0B 16 24 0B 0D 15 6B 1D 00 1C 19 19 17 78	Wh...Who are you? This is King Balzack's room.
08E7	47	07	04	A570	2441	3773	2D 00 1C 0F 17 0F 17 0C 0F 1C 78 3D 19 1F 6B 1C 0F 00 29 0E 11 0B 1C 6B 1D 00 0E 0B 1F 11 12 1E 0F 1C 1D 6C 4F 3D 19 1F 00 0D 0B 17 0F 00 12 0F 1C 0F 00 1E 19 00 0B 20 0F 18 11 0F 00 23 19 1F 1C 00 10 0B 1E 12 0F 1C 78 3D 0F 1D 77 2D 6B 17 00 26 0B 16 24 0B 0D 15 6C 4F 29 0E 11 0B 1C 00 1E 1C 13 0F 0E 00 1E 19 00 0E 0F 1D 1E 1C 19 23 00 1E 12 0F 00 37 0F 0D 1C 0F 1E 00 19 10 00 29 20 19 16 1F 1E 13 19 18 00 21 12 13 0D 12 00 12 0F 00 0B 0D 0D 13 0E 0F 18 1E 0B 16 16 23 00 0E 13 1D 0D 19 20 0F 1C 0F 0E 6C 4F 3B 12 0B 1E 00 0B 00 10 19 19 16 78 3B 13 1E 12 00 13 1E 77 12 0F 00 0D 19 1F 16 0E 00 12 0B 20 0F 00 1C 1F 16 0F 0E 00 1E 12 0F 00 21 19 1C 16 0E 72 6C 4F 30 19 19 15 00 0B 1E 00 17 0F 6E 00 25 1E 00 17 23 00 1D 1E 1C 0F 18 11 1E 12 6E 00 25 1E 00 17 23 00 1D 1F 1A 0F 1C 13 19 1C 00 0C 19 0E 23 6E	I remember.You're Edgar's daughters.'<4F>You came here to avenge your father.Yes,I'm Balzack.'<4F>Edgar tried to destroy the Secret of Evolution which he accidentally discovered.'<4F>What a fool.With it,he could have ruled the world....'<4F>Look at me! At my strength! At my superior body!
08E8	47	08	04	A570	3773	4749	27 19 1F 11 12 72 27 19 1F 11 12 72 2D 6B 17 00 18 0F 0B 1C 13 18 11 00 17 23 00 0F 18 0E 78 2D 00 21 0B 18 1E 0F 0E 00 1E 19 00 0F 1D 0D 0B 1A 0F 00 10 1C 19 17 00 1E 12 13 1D 00 0D 19 1F 18 1E 1C 23 77 0C 1F 1E 00 2D 00 1C 0B 18 00 19 1F 1E 00 19 10 00 1D 1E 1C 0F 18 11 1E 12 6C 4F 3D 19 1F 6B 1C 0F 00 1D 1E 13 16 16 00 23 19 1F 18 11 78 2D 6B 16 16 00 11 13 20 0F 00 23 19 1F 00 17 23 00 26 19 0B 1C 0E 13 18 11 00 34 0B 1D 1D 78 2D 1E 6B 1D 00 13 18 00 1E 12 0F 00 0D 12 0F 1D 1E 00 13 18 00 1E 12 0F 00 0C 0B 0D 15 6C 4F 29 1D 0D 0B 1A 0F 00 10 19 1C 00 17 0F 00 0B 18 0E 00 16 13 20 0F 72 78	Cough...Cough...I'm nearing my end.I wanted to escape from this country,but I ran out of strength.'<4F>You're still young.I'll give you my Boarding Pass.It's in the chest in the back.'<4F>Escape for me and live....
08E9	47	09	04	A570	4749	5776	4E 33 1C 13 18 71 69 2D 72 2D 00 0E 19 18 6B 1E 00 1E 12 13 18 15 00 2D 00 0D 0B 18 00 0B 0D 0D 19 17 1A 0B 18 23 00 23 19 1F 00 0B 18 23 17 19 1C 0F 6C 44 33 1C 13 18 71 69 2D 00 15 18 19 21 00 23 19 1F 00 1C 0F 11 1C 0F 1E 00 21 12 0B 1E 00 12 0B 1A 1A 0F 18 0F 0E 77 0C 1F 1E 00 16 0F 0B 20 0F 00 1E 12 13 1D 00 0D 19 1F 18 1E 1C 23 00 18 19 21 00 0B 18 0E 00 0C 1F 13 16 0E 00 1F 1A 00 23 19 1F 1C 00 1D 1E 1C 0F 18 11 1E 12 6C 44 33 1C 13 18 71 69 2D 6B 16 16 00 0C 0F 00 21 13 1D 12 13 18 11 00 23 19 1F 72 0B 00 1D 0B 10 0F 00 14 19 1F 1C 18 0F 23 72 4B 2B 0B 1D 1A 6E 6A 43 53 40	<4E>Orin:'I...I don't think I can accompany you anymore.'<44>Orin:'I know you regret what happened,but leave this country now and build up your strength.'<44>Orin:'I'll be wishing you...a safe journey...<4B>Gasp!'<43><53><40>
08EA	47	0A	04	A570	5776	6004	28 0F 16 13 20 0F 1C 00 1E 12 0F 00 16 1F 18 0D 12 77 1E 12 0F 18 00 23 19 1F 00 0D 0B 18 00 12 0B 20 0F 00 23 19 1F 1C 1D 77 33 2F 6D	Deliver the lunch,then you can have yours,OK?
08EB	47	0B	04	A570	6004	6178	38 12 0B 18 15 00 23 19 1F 6E 00 28 19 00 23 19 1F 00 21 0B 18 1E 00 23 19 1F 1C 00 16 1F 18 0D 12 6D	Thank you! Do you want your lunch?
08EC	47	0C	04	A570	6178	6319	33 2F 77 1D 13 1E 00 1E 12 0F 1C 0F 78 2D 6B 16 16 00 17 0B 15 0F 00 13 1E 78	OK,sit there.I'll make it.
08ED	47	0D	04	A570	6319	6511	33 2F 77 21 12 23 00 0E 19 18 6B 1E 00 23 19 1F 00 11 19 00 0B 18 0E 00 1A 16 0B 23 00 19 1F 1E 1D 13 0E 0F 6D	OK,why don't you go and play outside?
08EE	47	0E	04	A570	6511	7014	38 12 13 1D 00 13 1D 00 1E 12 0F 00 0F 18 1E 1C 0B 18 0D 0F 00 1E 19 00 1E 12 0F 00 20 13 16 16 0B 11 0F 78 2D 00 11 1F 0B 1C 0E 00 1E 12 13 1D 00 0F 18 1E 1C 0B 18 0D 0F 00 1D 19 00 18 19 00 1D 1E 1C 0B 18 11 0F 1C 1D 00 0D 0B 18 00 0F 18 1E 0F 1C 6C 4F 49 77 0E 19 00 23 19 1F 00 21 0B 18 1E 00 1E 19 00 11 19 00 19 1F 1E 1D 13 0E 0F 6D	This is the entrance to the village.I guard this entrance so no strangers can enter.'<4F><49>,do you want to go outside?
08EF	47	0F	04	A570	7014	7281	3D 19 1F 6B 1C 0F 00 18 19 1E 00 1C 0F 0B 0E 23 00 1E 19 00 11 19 00 19 1F 1E 00 23 0F 1E 78 3D 19 1F 00 17 1F 1D 1E 00 0C 0F 00 17 1F 0D 12 00 1D 1E 1C 19 18 11 0F 1C 78	You're not ready to go out yet.You must be much stronger.
08F0	47	10	04	A570	7281	7512	38 12 0B 1E 6B 1D 00 11 19 19 0E 78 3D 19 1F 00 17 1F 1D 1E 00 0C 0F 00 17 1F 0D 12 00 1D 1E 1C 19 18 11 0F 1C 00 1E 19 00 11 19 00 19 1F 1E 78	That's good.You must be much stronger to go out.
08F1	47	11	04	A570	7512	7654	3D 19 1F 00 0C 1C 19 1F 11 12 1E 00 17 0F 00 16 1F 18 0D 12 77 49 6D 6A 44	You brought me lunch,<49>?'<44>
08F2	47	12	04	A570	7654	7858	3B 12 0B 1E 6D 00 3D 19 1F 00 0B 1E 0F 00 17 23 00 16 1F 18 0D 12 6D 00 33 12 77 11 19 19 0E 18 0F 1D 1D 6E 6A 44	What? You ate my lunch? Oh,goodness!'<44>
08F3	47	13	04	A570	7858	8122	49 77 23 19 1F 6B 1C 0F 00 0B 16 1C 0F 0B 0E 23 00 02 08 00 23 0F 0B 1C 1D 00 19 16 0E 77 0F 18 1E 0F 1C 13 18 11 00 0B 0E 1F 16 1E 12 19 19 0E 6C 44	<49>,you're already 17 years old,entering adulthood.'<44>
08F4	47	14	04	A570	8122	8441	30 13 1D 1E 0F 18 77 49 77 23 19 1F 00 17 1F 1D 1E 00 0B 16 21 0B 23 1D 00 0C 0F 00 1C 13 11 12 1E 0F 19 1F 1D 00 0B 18 0E 00 1D 1E 1C 19 18 11 77 21 12 0B 1E 0F 20 0F 1C 00 12 0B 1A 1A 0F 18 1D 78	Listen,<49>,you must always be righteous and strong,whatever happens.
08F5	47	15	04	A570	8441	8671	2D 1E 6B 1D 00 23 19 1F 00 0B 11 0B 13 18 6E 00 37 1E 0B 23 00 12 0F 1C 0F 00 1E 19 18 13 11 12 1E 00 13 10 00 23 19 1F 00 21 0B 18 1E 00 1E 19 6E	It's you again! Stay here tonight if you want to!
08F6	47	16	04	A570	8671	8895	25 1C 0F 00 23 19 1F 00 11 19 13 18 11 00 1E 19 00 1D 16 0F 0F 1A 00 10 19 1C 0F 20 0F 1C 6D 00 2B 0F 1E 00 19 1F 1E 00 19 10 00 12 0F 1C 0F 6E	Are you going to sleep forever? Get out of here!
08F7	47	17	04	A570	8895	9244	3B 12 0B 1E 6D 00 3D 19 1F 00 1E 12 13 18 15 00 2D 6B 17 00 1C 1F 0E 0F 00 0C 1F 1E 00 12 0B 20 0F 00 0B 00 1D 19 10 1E 00 12 0F 0B 1C 1E 6D 6A 4F 33 12 77 0D 6B 17 19 18 6E 00 2B 0F 1E 00 16 19 1D 1E 6E	What? You think I'm rude but have a soft heart?'<4F>Oh,c'mon! Get lost!
08F8	47	18	04	A570	9244	9578	2D 00 12 0F 0B 1C 00 0B 00 10 0B 17 19 1F 1D 00 10 19 1C 1E 1F 18 0F 1E 0F 16 16 0F 1C 00 13 1D 00 1D 1E 0B 23 13 18 11 00 13 18 00 29 18 0E 19 1C 6C 4F 2D 00 21 0B 18 1E 00 1E 19 00 0D 19 18 1D 1F 16 1E 00 12 0F 1C 78	I hear a famous fortuneteller is staying in Endor.'<4F>I want to consult her.
08F9	47	19	04	A570	9578	10260	2C 19 21 00 0E 19 00 23 19 1F 00 16 13 15 0F 00 19 1F 1C 00 0E 0B 18 0D 0F 6D 00 3B 0F 6B 1C 0F 00 13 17 13 1E 0B 1E 13 18 11 00 1E 12 0F 00 17 19 20 0F 1D 00 19 10 00 1E 12 0F 00 10 0B 17 19 1F 1D 00 0E 0B 18 0D 0F 1C 00 13 18 00 29 18 0E 19 1C 6C 4F 37 12 0F 00 1E 19 16 0E 00 17 0F 00 1D 12 0F 00 21 0B 1D 00 1D 0F 0B 1C 0D 12 13 18 11 00 10 19 1C 00 1E 12 0F 00 2C 0F 1C 19 00 21 13 1E 12 00 12 0F 1C 00 16 13 1E 1E 16 0F 00 1D 13 1D 1E 0F 1C 78	How do you like our dance? We're imitating the moves of the famous dancer in Endor.'<4F>She told me she was searching for the Hero with her little sister.
08FA	47	1A	04	A570	10260	10633	3B 0F 6B 1C 0F 00 1E 1C 0B 20 0F 16 13 18 11 00 1E 12 0F 00 21 19 1C 16 0E 00 1E 19 00 0E 0F 10 0F 0B 1E 00 1E 12 0F 00 17 19 18 1D 1E 0F 1C 1D 6C 4F 28 19 00 23 19 1F 00 21 0B 18 1E 00 1E 19 00 14 19 13 18 00 19 1F 1C 00 1A 0B 1C 1E 23 6D	We're traveling the world to defeat the monsters.'<4F>Do you want to join our party?
08FB	47	1B	04	A570	10633	10945	33 12 77 1D 19 1C 1C 23 6E 00 33 1F 1C 00 1A 0B 1C 1E 23 00 13 1D 00 10 1F 16 16 6C 4F 3D 19 1F 00 1D 12 19 1F 16 0E 00 10 13 18 0E 00 23 19 1F 1C 00 19 21 18 00 0B 16 16 13 0F 1D 78	Oh,sorry! Our party is full.'<4F>You should find your own allies.
08FC	47	1C	04	A570	10945	11056	25 16 1C 13 11 12 1E 78 37 0F 0F 00 23 19 1F 00 1E 12 0F 18 78	Alright.See you then.
08FD	47	1D	04	A570	11056	11204	3B 0B 16 15 13 18 11 00 0B 1E 00 18 13 11 12 1E 00 10 0F 0F 16 1D 00 1D 19 00 11 19 19 0E 78	Walking at night feels so good.
08FE	47	1E	04	A570	11204	12581	3B 12 0F 18 0F 20 0F 1C 00 2D 00 1D 0F 0F 00 1E 12 0F 00 17 19 19 18 6B 1D 00 1C 0F 10 16 0F 0D 1E 13 19 18 00 19 18 00 1E 12 0F 00 21 0B 1E 0F 1C 77 2D 00 1C 0F 17 0F 17 0C 0F 1C 00 1E 12 13 1D 6C 4F 30 19 18 11 00 0B 11 19 77 0B 00 21 19 19 0E 1D 17 0B 18 6B 1D 00 10 0B 17 13 16 23 00 16 13 20 0F 0E 00 13 18 00 1E 12 0F 00 18 19 1C 1E 12 0F 1C 18 00 21 19 19 0E 1D 6C 4F 38 12 0F 00 1D 19 18 00 17 0F 1E 00 0B 00 0C 0F 0B 1F 1E 13 10 1F 16 00 11 13 1C 16 00 13 18 00 1E 12 0F 00 21 19 19 0E 1D 00 0B 18 0E 00 10 0F 16 16 00 13 18 00 16 19 20 0F 00 21 13 1E 12 00 12 0F 1C 6C 4F 33 18 0F 00 0E 0B 23 00 12 0F 00 21 0B 1D 00 1D 1E 1C 1F 0D 15 00 0C 23 00 16 13 11 12 1E 18 13 18 11 00 0B 18 0E 00 0E 13 0F 0E 6C 4F 2C 13 1D 00 10 0B 1E 12 0F 1C 00 13 1D 00 1D 1E 13 16 16 00 0B 00 21 19 19 0E 1D 17 0B 18 00 0B 18 0E 00 16 13 20 0F 1D 00 0B 16 19 18 0F 00 13 18 00 1E 12 0F 00 17 19 1F 18 1E 0B 13 18 1D 78	Whenever I see the moon's reflection on the water,I remember this.'<4F>Long ago,a woodsman's family lived in the northern woods.'<4F>The son met a beautiful girl in the woods and fell in love with her.'<4F>One day he was struck by lightning and died.'<4F>His father is still a woodsman and lives alone in the mountains.
08FF	47	1F	04	A570	12581	13230	3D 19 1F 6B 1C 0F 00 18 19 1E 00 0B 00 17 0F 17 0C 0F 1C 00 19 10 00 1E 12 0B 1E 00 10 19 1F 1C 6F 17 0F 17 0C 0F 1C 00 1A 0B 1C 1E 23 00 1E 12 0B 1E 00 21 0B 1D 00 14 1F 1D 1E 00 12 0F 1C 0F 6D 6A 4F 31 0B 18 23 00 1A 0F 19 1A 16 0F 77 0D 16 0B 13 17 13 18 11 00 1E 12 0F 23 00 0D 0B 18 00 0E 0F 10 0F 0B 1E 00 1E 12 0F 00 17 19 18 1D 1E 0F 1C 1D 77 0D 19 17 0F 00 1E 19 00 1D 0F 0F 00 1E 12 0F 00 2F 13 18 11 78	You're not a member of that four-member party that was just here?'<4F>Many people,claiming they can defeat the monsters,come to see the King.
0900	48	00	04	ABE6	0	416	2D 00 12 0F 0B 1C 00 1E 12 0F 00 34 1C 13 18 0D 0F 1D 1D 00 19 10 00 29 18 0E 19 1C 00 0B 18 0E 00 1E 12 0F 00 34 1C 13 18 0D 0F 00 19 10 00 26 19 18 17 0B 16 17 19 00 0B 1C 0F 00 11 0F 1E 1E 13 18 11 00 17 0B 1C 1C 13 0F 0E 78 2D 6B 17 00 0F 18 20 13 19 1F 1D 78	I hear the Princess of Endor and the Prince of Bonmalmo are getting married.I'm envious.
0901	48	01	04	ABE6	416	1240	3B 0F 16 0D 19 17 0F 6E 00 37 19 00 23 19 1F 00 0B 1C 0F 00 1E 1C 0B 20 0F 16 13 18 11 00 1E 19 00 1D 0B 20 0F 00 1E 12 0F 00 21 19 1C 16 0E 00 1E 19 19 6C 4F 3D 19 1F 1C 00 18 0B 17 0F 00 13 1D 00 49 6D 00 25 00 11 19 19 0E 00 18 0B 17 0F 6E 6A 4F 2D 6B 16 16 00 1E 0F 16 16 00 23 19 1F 00 21 12 0B 1E 00 23 19 1F 00 17 1F 1D 1E 00 0E 19 6C 4F 34 1C 0F 20 0F 18 1E 00 1E 12 0F 00 1C 0F 1D 1F 1C 1C 0F 0D 1E 13 19 18 00 19 10 00 1E 12 0F 00 36 1F 16 0F 1C 00 19 10 00 29 20 13 16 00 0B 1E 00 0B 18 23 00 0D 19 1D 1E 6C 44	Welcome! So you are traveling to save the world too.'<4F>Your name is <49>? A good name!'<4F>I'll tell you what you must do.'<4F>Prevent the resurrection of the Ruler of Evil at any cost.'<44>
0902	48	02	04	ABE6	1240	1342	49 77 2D 00 21 13 1D 12 00 23 19 1F 00 16 1F 0D 15 6E	<49>,I wish you luck!
0903	48	03	04	ABE6	1342	1629	2D 1E 00 17 1F 1D 1E 00 0C 0F 00 12 0B 1C 0E 00 10 19 1C 00 0B 00 11 13 1C 16 00 16 13 15 0F 00 23 19 1F 77 0C 1F 1E 00 2D 00 21 13 1D 12 00 23 19 1F 00 16 1F 0D 15 77 49 6E	It must be hard for a girl like you,but I wish you luck,<49>!
0904	48	04	04	ABE6	1629	1808	38 12 13 1D 00 0D 0B 20 0F 00 0D 19 18 18 0F 0D 1E 1D 00 29 18 0E 19 1C 00 0B 18 0E 00 26 1C 0B 18 0D 0B 78	This cave connects Endor and Branca.
0905	48	05	04	ABE6	1808	2062	3B 12 0B 1E 00 0B 00 11 1C 0F 0B 1E 00 17 0B 18 00 38 0B 16 19 19 18 00 13 1D 00 1E 19 00 12 0B 20 0F 00 0E 1F 11 00 0B 00 0D 0B 20 0F 00 16 13 15 0F 00 1E 12 13 1D 78	What a great man Taloon is to have dug a cave like this.
0906	48	06	04	ABE6	2062	2372	2D 10 00 23 19 1F 00 0F 20 0F 1C 00 17 0F 0F 1E 00 38 0B 16 19 19 18 77 1E 0F 16 16 00 12 13 17 00 1E 12 13 1D 00 19 16 0E 00 17 0B 18 00 13 1D 00 21 19 1C 1C 13 0F 0E 00 0B 0C 19 1F 1E 00 12 13 17 78	If you ever meet Taloon,tell him this old man is worried about him.
0907	48	07	04	ABE6	2372	2586	38 0B 16 19 19 18 6E 00 3D 19 1F 6B 1C 0F 00 0B 16 13 20 0F 6E 00 2B 19 19 0E 00 1E 19 00 1D 0F 0F 00 23 19 1F 00 0B 11 0B 13 18 78	Taloon! You're alive! Good to see you again.
0908	48	08	04	ABE6	2586	3314	31 23 00 12 1F 1D 0C 0B 18 0E 77 38 0B 16 19 19 18 77 13 1D 00 19 18 00 0B 00 14 19 1F 1C 18 0F 23 00 1E 19 00 1D 0F 0B 1C 0D 12 00 10 19 1C 00 0B 00 16 0F 11 0F 18 0E 0B 1C 23 00 1D 21 19 1C 0E 6C 4F 2D 1E 6B 1D 00 1C 1F 17 19 1C 0F 0E 00 1E 12 0B 1E 00 1E 12 0F 00 17 19 18 1D 1E 0F 1C 1D 00 0B 1C 0F 00 0D 12 0B 1D 13 18 11 00 12 13 17 6C 4F 2D 00 12 19 1A 0F 00 12 0F 6B 1D 00 1E 1C 0B 20 0F 16 13 18 11 00 21 13 1E 12 00 1D 19 17 0F 19 18 0F 00 1D 1E 1C 19 18 11 78	My husband,Taloon,is on a journey to search for a legendary sword.'<4F>It's rumored that the monsters are chasing him.'<4F>I hope he's traveling with someone strong.
0909	48	09	04	ABE6	3314	3864	33 12 77 0E 0F 0B 1C 6E 00 2D 1E 6B 1D 00 23 19 1F 6E 00 3B 0F 16 0D 19 17 0F 00 12 19 17 0F 6E 6A 4F 28 19 18 6B 1E 00 21 19 1C 1C 23 00 0B 0C 19 1F 1E 00 17 0F 78 2D 6B 16 16 00 0C 0F 00 12 0F 1C 0F 00 21 12 0F 18 00 23 19 1F 00 1C 0F 1E 1F 1C 18 00 0B 10 1E 0F 1C 00 10 1F 16 10 13 16 16 13 18 11 00 23 19 1F 1C 00 0E 1C 0F 0B 17 78	Oh,dear! It's you! Welcome home!'<4F>Don't worry about me.I'll be here when you return after fulfilling your dream.
090A	48	0A	04	ABE6	3864	4121	2D 00 1D 0B 21 00 0B 00 11 13 1C 16 00 21 0B 16 15 13 18 11 00 0E 19 21 18 00 1E 19 00 1E 12 0F 00 27 0B 1D 13 18 19 78 3B 12 0B 1E 00 0B 00 0C 0F 0B 1F 1E 23 6E	I saw a girl walking down to the Casino.What a beauty!
090B	48	0B	04	ABE6	4121	4296	2D 00 16 19 20 0F 00 1E 19 00 0E 13 18 0F 00 21 13 1E 12 00 0B 00 0C 0F 0B 1F 1E 13 10 1F 16 00 11 13 1C 16 78	I love to dine with a beautiful girl.
090C	48	0C	04	ABE6	4296	4691	38 12 0F 23 00 21 0F 1C 0F 00 1C 13 11 12 1E 6E 00 2C 0F 1C 00 1A 1C 0F 0E 13 0D 1E 13 19 18 1D 00 0D 19 17 0F 00 1E 1C 1F 0F 6C 4F 3B 12 23 00 0E 19 18 6B 1E 00 23 19 1F 00 16 0F 1E 00 12 0F 1C 00 1E 0F 16 16 00 23 19 1F 1C 00 10 19 1C 1E 1F 18 0F 78	They were right! Her predictions come true.'<4F>Why don't you let her tell your fortune.
090D	48	0D	04	ABE6	4691	5096	38 12 0B 18 15 1D 00 1E 19 00 32 0B 1C 0B 77 2D 00 18 19 21 00 15 18 19 21 00 12 19 21 00 2D 00 1D 12 19 1F 16 0E 00 16 13 20 0F 00 17 23 00 16 13 10 0F 6C 4F 29 20 0F 1C 23 19 18 0F 00 12 0B 1D 00 1E 12 0F 13 1C 00 19 21 18 00 0E 0F 1D 1E 13 18 23 78	Thanks to Nara,I now know how I should live my life.'<4F>Everyone has their own destiny.
090E	48	0E	04	ABE6	5096	5451	4E 32 0B 1C 0B 71 69 3B 19 1F 16 0E 00 23 19 1F 00 16 13 15 0F 00 1E 19 00 12 0F 0B 1C 00 23 19 1F 1C 00 10 19 1C 1E 1F 18 0F 00 10 19 1C 00 14 1F 1D 1E 00 02 01 00 11 19 16 0E 00 1A 13 0F 0D 0F 1D 6D 6A	<4E>Nara:'Would you like to hear your fortune for just 10 gold pieces?'
090F	48	0F	04	ABE6	5451	5871	4E 32 0B 1C 0B 71 69 25 00 10 19 1C 1E 1F 18 0F 00 13 1D 00 16 13 15 0F 00 17 19 19 18 16 13 11 12 1E 00 13 18 00 1E 12 0F 00 0E 0B 1C 15 18 0F 1D 1D 78 2D 10 00 23 19 1F 00 0D 12 0B 18 11 0F 00 23 19 1F 1C 00 17 13 18 0E 77 0D 19 17 0F 00 1D 0F 0F 00 17 0F 6C	<4E>Nara:'A fortune is like moonlight in the darkness.If you change your mind,come see me.'
0910	48	10	04	ABE6	5871	7514	4E 32 0B 1C 0B 71 69 25 16 1C 13 11 12 1E 77 2D 6B 16 16 00 1E 0F 16 16 00 23 19 1F 1C 00 10 19 1C 1E 1F 18 0F 6C 44 32 0B 1C 0B 71 69 2D 00 1D 0F 0F 00 1D 0F 20 0F 18 00 16 13 11 12 1E 1D 00 0B 1C 19 1F 18 0E 00 23 19 1F 6C 44 32 0B 1C 0B 71 69 38 12 0F 23 00 0B 1C 0F 00 1D 17 0B 16 16 00 18 19 21 77 0C 1F 1E 00 1E 12 0F 23 00 21 13 16 16 00 1D 19 19 18 00 11 1C 19 21 72 21 12 0B 1E 6D 6A 44 32 0B 1C 0B 71 69 3D 19 1F 00 0B 1C 0F 00 1E 12 0F 00 2C 0F 1C 19 6E 6A 44 32 0B 1C 0B 71 69 2D 6B 20 0F 00 0C 0F 0F 18 00 1D 0F 0B 1C 0D 12 13 18 11 00 10 19 1C 00 23 19 1F 77 1E 12 0F 00 19 18 0F 00 21 13 1E 12 00 1E 12 0F 00 1F 18 1E 0B 1A 1A 0F 0E 00 1A 19 21 0F 1C 00 1E 19 00 0E 0F 10 0F 0B 1E 00 1E 12 0F 00 0F 20 13 16 00 19 18 0F 1D 6C 44 32 0B 1C 0B 00 14 19 13 18 0F 0E 00 1E 12 0F 00 34 0B 1C 1E 23 6E 43 55 44 32 0B 1C 0B 71 69 30 0F 1E 6B 1D 00 11 19 78 31 23 00 1D 13 1D 1E 0F 1C 77 31 0B 1C 0B 77 1D 12 19 1F 16 0E 00 0C 0F 00 0B 1E 00 1E 12 0F 00 27 0B 1D 13 18 19 6C	<4E>Nara:'Alright,I'll tell your fortune.'<44>Nara:'I see seven lights around you.'<44>Nara:'They are small now,but they will soon grow...what?'<44>Nara:'You are the Hero!'<44>Nara:'I've been searching for you,the one with the untapped power to defeat the evil ones.'<44>Nara joined the Party!<43><55><44>Nara:'Let's go.My sister,Mara,should be at the Casino.'
0911	48	11	04	ABE6	7514	8128	2D 1E 6B 1D 00 21 19 18 0E 0F 1C 10 1F 16 00 1E 12 0B 1E 00 1E 12 0F 00 34 1C 13 18 0D 0F 1D 1D 00 19 10 00 29 18 0E 19 1C 00 0B 18 0E 00 1E 12 0F 00 34 1C 13 18 0D 0F 00 19 10 00 26 19 18 17 0B 16 17 19 00 11 19 1E 00 17 0B 1C 1C 13 0F 0E 6C 4F 25 1E 00 16 0F 0B 1D 1E 77 21 0F 00 17 1F 1D 1E 00 0B 20 19 13 0E 00 0D 19 18 10 16 13 0D 1E 00 0B 17 19 18 11 00 19 1F 1C 1D 0F 16 20 0F 1D 78	It's wonderful that the Princess of Endor and the Prince of Bonmalmo got married.'<4F>At least,we must avoid conflict among ourselves.
0912	48	12	04	ABE6	8128	8269	38 12 0F 00 21 0F 0E 0E 13 18 11 00 21 0B 1D 00 17 0B 11 18 13 10 13 0D 0F 18 1E 6E	The wedding was magnificent!
0913	48	13	04	ABE6	8269	8792	4E 31 0B 1C 0B 71 69 26 0F 00 1B 1F 13 0F 1E 6E 00 2D 00 0D 0B 18 6B 1E 00 0D 19 18 0D 0F 18 1E 1C 0B 1E 0F 6E 6A 44 31 0B 1C 0B 71 69 2D 6B 16 16 00 1C 0F 0D 19 20 0F 1C 00 17 23 00 16 19 1D 1D 0F 1D 00 0B 18 0E 00 1D 1F 1C 1A 1C 13 1D 0F 00 17 23 00 16 13 1E 1E 16 0F 00 1D 13 1D 1E 0F 1C 77 32 0B 1C 0B 6C	<4E>Mara:'Be quiet! I can't concentrate!'<44>Mara:'I'll recover my losses and surprise my little sister,Nara.'
0914	48	14	04	ABE6	8792	9491	4E 32 0B 1C 0B 71 69 2D 00 15 18 0F 21 00 23 19 1F 6B 0E 00 0C 0F 00 12 0F 1C 0F 6E 6A 43 31 0B 1C 0B 71 69 39 12 6F 19 12 6E 6A 44 32 0B 1C 0B 71 69 3D 19 1F 00 1D 1A 0F 18 0E 00 0B 16 16 00 1E 12 0F 00 17 19 18 0F 23 00 2D 00 0F 0B 1C 18 00 19 18 00 11 0B 17 0C 16 13 18 11 6E 00 3B 0F 6B 1C 0F 00 0C 1C 19 15 0F 6E 6A 44 31 0B 1C 0B 71 69 2D 6B 17 00 1D 19 1C 1C 23 72 6C 44	<4E>Nara:'I knew you'd be here!'<43>Mara:'Uh-oh!'<44>Nara:'You spend all the money I earn on gambling! We're broke!'<44>Mara:'I'm sorry....'<44>
0915	48	15	04	ABE6	9491	9649	4E 31 0B 1C 0B 71 69 2C 1F 12 6D 00 3B 12 19 00 13 1D 00 1E 12 13 1D 6D 6A 44	<4E>Mara:'Huh? Who is this?'<44>
0916	48	16	04	ABE6	9649	10437	4E 32 0B 1C 0B 71 69 38 12 13 1D 00 13 1D 00 1E 12 0F 00 2C 0F 1C 19 00 21 0F 6B 20 0F 00 0C 0F 0F 18 00 1D 0F 0B 1C 0D 12 13 18 11 00 10 19 1C 6C 44 31 0B 1C 0B 71 69 2C 19 21 00 18 13 0D 0F 6E 00 3D 19 1F 00 0D 0B 18 00 1E 0B 15 0F 00 0D 0B 1C 0F 00 19 10 00 1F 1D 00 10 1C 19 17 00 18 19 21 00 19 18 77 1C 13 11 12 1E 6D 6A 44 31 0B 1C 0B 00 14 19 13 18 0F 0E 00 1E 12 0F 00 34 0B 1C 1E 23 6E 43 55 44 31 0B 1C 0B 71 69 30 0F 1E 6B 1D 00 11 19 6E 6A	<4E>Nara:'This is the Hero we've been searching for.'<44>Mara:'How nice! You can take care of us from now on,right?'<44>Mara joined the Party!<43><55><44>Mara:'Let's go!'
0917	48	17	04	ABE6	10437	10599	4E 31 0B 1C 0B 71 69 3B 12 19 1D 0F 00 11 12 19 1D 1E 00 13 1D 00 1E 12 13 1D 6D 6A 44	<4E>Mara:'Whose ghost is this?'<44>
0918	48	18	04	ABE6	10599	10862	3D 19 1F 00 1D 12 19 1F 16 0E 18 6B 1E 00 0C 0F 00 12 0F 1C 0F 78 2E 1F 17 1A 00 19 10 10 00 10 1C 19 17 00 1E 12 0F 1C 0F 00 0B 18 0E 00 11 0F 1E 00 19 1F 1E 6E	You shouldn't be here.Jump off from there and get out!
0919	48	19	04	ABE6	10862	11358	26 0F 0D 0B 1F 1D 0F 00 17 23 00 10 0B 1E 12 0F 1C 00 13 1D 00 0B 21 0B 23 77 21 0F 00 0D 0B 18 6B 1E 00 11 0F 1E 00 19 1F 1C 00 1D 1E 19 0D 15 00 1C 0F 1A 16 0F 18 13 1D 12 0F 0E 78 38 12 0B 1E 6B 1D 00 21 12 23 00 17 23 00 17 19 1E 12 0F 1C 00 1D 1E 0B 1C 1E 0F 0E 00 0B 00 20 0B 1F 16 1E 00 0C 1F 1D 13 18 0F 1D 1D 78	Because my father is away,we can't get our stock replenished.That's why my mother started a vault business.
091A	48	1A	04	ABE6	11358	11975	28 13 0E 00 23 19 1F 00 15 18 19 21 00 1E 12 0B 1E 00 32 0F 0D 1C 19 1D 0B 1C 19 00 21 12 19 00 21 0B 1D 00 13 18 00 1E 12 0F 00 1E 19 1F 1C 18 0B 17 0F 18 1E 00 21 0B 1D 00 18 19 1E 00 12 1F 17 0B 18 6D 6A 4F 2D 1E 6B 1D 00 14 1F 1D 1E 00 0B 00 1C 1F 17 19 1C 77 0C 1F 1E 00 2D 00 1E 12 19 1F 11 12 1E 00 12 0F 00 21 0B 1D 00 1E 19 19 00 1D 1E 1C 19 18 11 00 1E 19 00 0C 0F 00 0B 00 12 1F 17 0B 18 78	Did you know that Necrosaro who was in the tournament was not human?'<4F>It's just a rumor,but I thought he was too strong to be a human.
091B	48	1B	04	ABE6	11975	12186	4E 44 69 25 1E 00 16 0F 0B 1D 1E 00 1E 12 13 1D 00 17 0B 1C 1C 13 0B 11 0F 00 21 0B 1D 00 0B 00 11 19 19 0E 00 1E 12 13 18 11 6C	<4E><44>'At least this marriage was a good thing.'
091C	48	1C	04	ABE6	12186	12487	38 12 0F 1C 0F 6B 1D 00 0B 00 21 0B 13 1E 13 18 11 00 1C 19 19 17 00 13 18 00 1E 12 0F 00 0C 0B 0D 15 00 10 19 1C 00 1E 12 0F 00 0C 1C 13 0E 0F 00 0B 18 0E 00 0C 1C 13 0E 0F 11 1C 19 19 17 78	There's a waiting room in the back for the bride and bridegroom.
091D	48	1D	04	ABE6	12487	12756	3D 19 1F 00 0D 0B 17 0F 00 1E 19 00 1D 0F 0F 00 1E 12 0F 00 21 0F 0E 0E 13 18 11 6D 00 2B 19 00 1F 1A 00 1E 12 0F 00 1D 1E 0B 13 1C 1D 00 19 18 00 1E 12 0F 00 1C 13 11 12 1E 78	You came to see the wedding? Go up the stairs on the right.
091E	48	1E	04	ABE6	12756	13096	38 12 0F 1C 0F 6B 1D 00 0B 00 1C 1F 17 19 1C 00 0B 00 17 0B 18 00 18 0B 17 0F 0E 00 38 0B 16 19 19 18 00 0D 1C 19 1D 1D 0F 0E 00 1E 12 0F 00 0F 0B 1D 1E 0F 1C 18 00 0E 0F 1D 0F 1C 1E 00 21 13 1E 12 00 0B 00 0D 0B 1C 0B 20 0B 18 78	There's a rumor a man named Taloon crossed the eastern desert with a caravan.
091F	48	1F	04	ABE6	13096	13252	2C 1F 12 6D 00 2C 0B 20 0F 18 6B 1E 00 2D 00 1D 0F 0F 18 00 23 19 1F 00 0C 0F 10 19 1C 0F 6D	Huh? Haven't I seen you before?
0920	49	00	04	B25F	0	402	3D 19 1F 00 21 0B 18 1E 00 1E 19 00 11 19 00 0F 0B 1D 1E 6D 6A 4F 2D 6B 17 00 0B 10 1C 0B 13 0E 00 23 19 1F 00 21 19 18 6B 1E 00 0C 0F 00 0B 0C 16 0F 00 1E 19 00 0D 1C 19 1D 1D 00 1E 12 0F 00 0E 0F 1D 0F 1C 1E 00 21 13 1E 12 19 1F 1E 00 0B 00 21 0B 11 19 18 78	You want to go east?'<4F>I'm afraid you won't be able to cross the desert without a wagon.
0921	49	01	04	B25F	402	693	4E 44 69 36 0F 0B 16 16 23 6D 00 38 12 0F 00 21 0F 0E 0E 13 18 11 00 13 1D 00 11 19 13 18 11 00 19 18 6D 00 2D 00 21 0B 18 1E 0F 0E 00 1E 19 00 0B 1E 1E 0F 18 0E 00 1E 19 19 6C	<4E><44>'Really? The wedding is going on? I wanted to attend too.'
0922	49	02	04	B25F	693	1139	3D 19 1F 6B 1C 0F 00 1E 1C 0B 20 0F 16 13 18 11 00 1E 19 00 1D 0B 20 0F 00 1E 12 0F 00 21 19 1C 16 0E 6D 00 3D 19 1F 00 21 0B 18 1E 00 1E 12 0F 00 21 0B 11 19 18 6D 00 32 19 78 2D 00 0E 19 18 6B 1E 00 1E 1C 1F 1D 1E 00 23 19 1F 6C 4F 30 0F 0B 20 0F 00 17 0F 00 0B 16 19 18 0F 6E	You're traveling to save the world? You want the wagon? No.I don't trust you.'<4F>Leave me alone!
0923	49	03	04	B25F	1139	1228	32 0F 20 0F 1C 00 0D 19 17 0F 00 0C 0B 0D 15 6E	Never come back!
0924	49	04	04	B25F	1228	2481	3D 19 1F 00 14 1F 1D 1E 00 0E 19 18 6B 1E 00 11 0F 1E 00 13 1E 77 0E 19 00 23 19 1F 6D 6A 4F 2D 00 1F 1D 0F 0E 00 1E 19 00 1E 1C 0B 20 0F 16 00 16 13 15 0F 00 23 19 1F 6C 4F 33 18 0F 00 0E 0B 23 00 2D 00 12 0F 0B 1C 0E 00 19 10 00 0B 00 0D 0B 20 0F 00 21 12 0F 1C 0F 00 1E 12 0F 00 21 19 1C 16 0E 6B 1D 00 17 19 1D 1E 00 20 0B 16 1F 0B 0C 16 0F 00 1E 1C 0F 0B 1D 1F 1C 0F 00 21 0B 1D 00 12 13 0E 0E 0F 18 6C 4F 2D 00 21 0F 18 1E 00 1E 19 00 1E 12 0F 00 0D 0B 20 0F 00 21 13 1E 12 00 17 23 00 0C 0F 1D 1E 00 10 1C 13 0F 18 0E 6C 4F 2D 00 1E 1C 1F 1D 1E 0F 0E 00 12 13 17 77 0C 1F 1E 00 12 0F 00 0C 0F 1E 1C 0B 23 0F 0E 00 17 0F 00 0B 18 0E 72 28 0B 1C 18 72 6C 4F 2D 00 14 1F 1D 1E 00 0D 0B 18 6B 1E 00 1E 1C 1F 1D 1E 00 0B 18 23 19 18 0F 00 0B 18 23 17 19 1C 0F 6E 00 2B 19 00 0B 21 0B 23 6E	You just don't get it,do you?'<4F>I used to travel like you.'<4F>One day I heard of a cave where the world's most valuable treasure was hidden.'<4F>I went to the cave with my best friend.'<4F>I trusted him,but he betrayed me and...Darn....'<4F>I just can't trust anyone anymore! Go away!
0925	49	05	04	B25F	2481	3682	2C 0B 20 0F 00 23 19 1F 00 1E 0B 16 15 0F 0E 00 1E 19 00 1E 12 0F 00 21 0B 11 19 18 6B 1D 00 19 21 18 0F 1C 6D 00 2D 6B 17 00 12 13 1D 00 10 0B 1E 12 0F 1C 6C 4F 2C 0F 00 19 18 0D 0F 00 21 0F 18 1E 00 1E 19 00 0B 18 00 0F 0B 1D 1E 0F 1C 18 00 0D 0B 20 0F 00 21 13 1E 12 00 12 13 1D 00 10 1C 13 0F 18 0E 6C 4F 33 18 16 23 00 17 23 00 1D 19 18 00 1C 0F 1E 1F 1C 18 0F 0E 77 1F 18 0D 19 18 1D 0D 13 19 1F 1D 00 0B 18 0E 00 13 18 14 1F 1C 0F 0E 77 19 18 00 12 13 1D 00 12 19 1C 1D 0F 77 34 1C 13 17 1C 19 1D 0F 72 6C 4F 2C 0F 00 0D 12 0B 18 11 0F 0E 00 0B 10 1E 0F 1C 00 1E 12 0B 1E 78 2C 0F 00 0E 19 0F 1D 18 6B 1E 00 1E 1C 1F 1D 1E 00 0B 18 23 19 18 0F 6C 4F 3B 12 0B 1E 00 12 0B 1A 1A 0F 18 0F 0E 00 13 18 00 1E 12 0B 1E 00 0D 0B 20 0F 77 2D 00 21 19 18 0E 0F 1C 72 78	Have you talked to the wagon's owner? I'm his father.'<4F>He once went to an eastern cave with his friend.'<4F>Only my son returned,unconscious and injured,on his horse,Primrose....'<4F>He changed after that.He doesn't trust anyone.'<4F>What happened in that cave,I wonder....
0926	49	06	04	B25F	3682	4031	2D 1E 6B 1D 00 1E 19 19 00 0C 0B 0E 78 25 00 21 0B 11 19 18 00 13 1D 00 0F 1D 1D 0F 18 1E 13 0B 16 00 10 19 1C 00 0D 1C 19 1D 1D 13 18 11 00 1E 12 0F 00 0E 0F 1D 0F 1C 1E 77 0C 1F 1E 00 1E 12 0F 00 19 21 18 0F 1C 00 13 1D 72 78	It's too bad.A wagon is essential for crossing the desert,but the owner is....
0927	49	07	04	B25F	4031	5578	3D 19 1F 00 0B 11 0B 13 18 6D 00 2C 0B 6D 00 3B 12 72 3B 12 0B 1E 6B 1D 00 1E 12 0B 1E 00 11 0F 17 6D 6A 4F 3B 12 23 6D 00 30 19 19 15 13 18 11 00 0B 1E 00 13 1E 00 1D 0F 0F 17 1D 00 1E 19 00 1A 1F 1C 13 10 23 00 17 23 00 17 13 18 0E 72 78 38 12 0F 00 37 23 17 0C 19 16 00 19 10 00 2A 0B 13 1E 12 72 6C 4F 2D 00 11 19 1E 00 13 1E 6E 00 38 12 0F 00 17 19 1D 1E 00 20 0B 16 1F 0B 0C 16 0F 00 1E 1C 0F 0B 1D 1F 1C 0F 00 12 0B 1D 00 0C 0F 0F 18 00 18 19 18 0F 00 19 1E 12 0F 1C 00 1E 12 0B 18 00 1E 1C 1F 1D 1E 13 18 11 00 0F 0B 0D 12 00 19 1E 12 0F 1C 6E 6A 4F 2D 6B 20 0F 00 0C 0F 0F 18 00 21 1C 19 18 11 6C 4F 30 0F 1E 00 17 0F 00 14 19 13 18 00 23 19 1F 1C 00 34 0B 1C 1E 23 78 33 10 00 0D 19 1F 1C 1D 0F 00 21 0F 00 0D 0B 18 00 1E 0B 15 0F 00 1E 12 0F 00 21 0B 11 19 18 6C 44 2C 0F 0D 1E 19 1C 00 14 19 13 18 0F 0E 00 1E 12 0F 00 34 0B 1C 1E 23 6E 43 55 44 2C 0F 0D 1E 19 1C 71 69 37 12 0B 16 16 00 21 0F 00 11 19 00 18 19 21 6D 6A	You again? Ha? Wh...What's that gem?'<4F>Why? Looking at it seems to purify my mind....The Symbol of Faith....'<4F>I got it! The most valuable treasure has been none other than trusting each other!'<4F>I've been wrong.'<4F>Let me join your Party.Of course we can take the wagon.'<44>Hector joined the Party!<43><55><44>Hector:'Shall we go now?'
0928	49	08	04	B25F	5578	5911	31 23 00 1D 19 18 00 1D 0F 0F 17 1D 00 1E 19 00 12 0B 20 0F 00 1D 1E 1C 0B 13 11 12 1E 0F 18 0F 0E 00 19 1F 1E 78 38 12 0B 18 15 1D 78 30 19 19 15 00 0B 10 1E 0F 1C 00 12 13 17 77 21 13 16 16 00 23 19 1F 6D	My son seems to have straightened out.Thanks.Look after him,will you?
0929	49	09	04	B25F	5911	6134	37 19 1F 1E 12 00 19 10 00 1E 12 13 1D 00 0E 0F 1D 0F 1C 1E 77 16 13 0F 1D 00 2F 19 18 0F 18 0C 0F 1C 77 0B 00 1A 19 1C 1E 00 1E 19 21 18 78	South of this desert,lies Konenber,a port town.
092A	49	0A	04	B25F	6134	6451	2C 0F 16 16 19 00 1E 12 0F 1C 0F 6E 00 3D 19 1F 1C 00 10 13 1C 1D 1E 00 1E 13 17 0F 00 13 18 00 1E 12 13 1D 00 1E 19 21 18 6D 00 37 12 0B 16 16 00 2D 00 1D 12 19 21 00 23 19 1F 00 0B 1C 19 1F 18 0E 6D	Hello there! Your first time in this town? Shall I show you around?
092B	49	0B	04	B25F	6451	6557	25 16 1C 13 11 12 1E 78 2A 19 16 16 19 21 00 17 0F 6E	Alright.Follow me!
092C	49	0C	04	B25F	6557	6880	3D 19 1F 6B 1C 0F 00 1D 1F 1C 0F 6D 00 26 23 00 1E 12 0F 00 21 0B 23 77 23 19 1F 6B 0E 00 0C 0F 1E 1E 0F 1C 00 0B 20 19 13 0E 00 1E 12 13 1D 00 13 18 18 78 2D 1E 6B 1D 00 18 19 1E 00 11 19 19 0E 78	You're sure? By the way,you'd better avoid this inn.It's not good.
092D	49	0D	04	B25F	6880	7046	2D 6B 17 00 11 19 13 18 11 00 1E 19 00 0C 0B 1E 12 0F 00 13 18 00 1E 12 0F 00 1D 1A 0B 00 1A 19 19 16 78	I'm going to bathe in the spa pool.
092E	49	0E	04	B25F	7046	7844	28 19 00 23 19 1F 00 21 0B 18 1E 00 1E 19 00 0D 19 17 0F 00 21 13 1E 12 00 17 0F 00 1E 19 00 0C 0B 1E 12 0F 6D 00 3D 19 1F 6B 1C 0F 00 18 19 1E 00 0B 10 1C 0B 13 0E 00 19 10 00 1E 12 0F 00 21 0B 1E 0F 1C 77 0B 1C 0F 00 23 19 1F 6D 00 2E 1F 1D 1E 00 14 1F 17 1A 00 13 18 6E 6A 4F 30 19 19 15 00 0B 1E 00 1E 12 19 1D 0F 00 17 1F 1D 0D 16 0F 1D 6E 00 28 13 0E 00 23 19 1F 00 13 18 12 0F 1C 13 1E 00 1E 12 0F 17 00 10 1C 19 17 00 23 19 1F 1C 00 10 0B 1E 12 0F 1C 00 19 1C 00 23 19 1F 1C 00 17 19 1E 12 0F 1C 6D	Do you want to come with me to bathe? You're not afraid of the water,are you? Just jump in!'<4F>Look at those muscles! Did you inherit them from your father or your mother?
092F	49	0F	04	B25F	7844	7961	37 19 1C 1C 23 77 21 0F 00 19 1A 0F 18 00 0B 1E 00 18 13 11 12 1E 78	Sorry,we open at night.
0930	49	10	04	B25F	7961	8289	25 00 1D 12 13 1A 00 13 1D 00 0C 0F 13 18 11 00 0C 1F 13 16 1E 00 0B 1E 00 1E 12 0F 00 21 12 0B 1C 10 78 2D 1E 6B 1D 00 1E 12 0F 00 0C 13 11 00 0C 1F 13 16 0E 13 18 11 00 1E 19 00 1E 12 0F 00 16 0F 10 1E 78	A ship is being built at the wharf.It's the big building to the left.
0931	49	11	04	B25F	8289	9015	28 0B 1C 18 77 17 23 00 1D 12 13 1A 00 13 1D 00 11 19 18 0F 6E 00 38 12 0F 00 16 13 11 12 1E 12 19 1F 1D 0F 00 13 18 00 1E 12 0F 00 0F 0B 1D 1E 00 13 1D 00 1C 0F 1D 1A 19 18 1D 13 0C 16 0F 6C 4F 37 13 18 0D 0F 00 1E 12 0F 00 17 19 18 1D 1E 0F 1C 1D 00 1E 19 19 15 00 19 20 0F 1C 00 1E 12 0F 00 16 13 11 12 1E 12 19 1F 1D 0F 77 13 1E 6B 1D 00 0C 0F 0F 18 00 0F 17 0B 18 0B 1E 13 18 11 00 0B 18 00 0F 20 13 16 00 16 13 11 12 1E 00 1E 12 0B 1E 00 1D 13 18 15 1D 00 1D 12 13 1A 1D 78	Darn,my ship is gone! The lighthouse in the east is responsible.'<4F>Since the monsters took over the lighthouse,it's been emanating an evil light that sinks ships.
0932	49	12	04	B25F	9015	9422	2D 00 0E 19 18 6B 1E 00 10 0F 0F 16 00 16 13 15 0F 00 19 1A 0F 18 13 18 11 00 17 23 00 1D 12 19 1A 00 1E 12 0F 1D 0F 00 0E 0B 23 1D 6C 4F 25 00 1A 19 1C 1E 00 1E 19 21 18 00 21 13 1E 12 19 1F 1E 00 1D 12 13 1A 1D 6E 00 3B 12 0B 1E 00 0B 00 14 19 15 0F 6E	I don't feel like opening my shop these days.'<4F>A port town without ships! What a joke!
0933	49	13	04	B25F	9422	9728	3D 19 1F 6B 1C 0F 00 1F 18 10 19 1C 1E 1F 18 0B 1E 0F 78 39 18 1E 13 16 00 1C 0F 0D 0F 18 1E 16 23 77 1D 12 13 1A 1D 00 1F 1D 0F 0E 00 1E 19 00 1D 0B 13 16 00 19 1F 1E 00 19 10 00 12 0F 1C 0F 78	You're unfortunate.Until recently,ships used to sail out of here.
0934	49	14	04	B25F	9728	9882	2C 19 21 00 21 19 1F 16 0E 00 23 19 1F 00 16 13 15 0F 00 1E 19 00 17 0B 1C 1C 23 00 17 0F 6D	How would you like to marry me?
0935	49	15	04	B25F	9882	10060	3D 19 1F 6B 1C 0F 00 1D 19 00 18 0B 13 20 0F 78 2D 00 21 0B 1D 00 19 18 16 23 00 15 13 0E 0E 13 18 11 6E	You're so naive.I was only kidding!
0936	49	16	04	B25F	10060	10337	3B 12 72 3B 12 19 00 0B 1C 0F 00 23 19 1F 6D 00 2D 72 2D 00 21 0B 1D 00 19 18 16 23 00 1E 0F 16 16 13 18 11 00 12 0F 1C 00 0B 18 00 19 16 0E 00 1A 1C 19 20 0F 1C 0C 78	Wh...Who are you? I...I was only telling her an old proverb.
0937	49	17	04	B25F	10337	10365	6E 6E 6A	!!'
0938	49	18	04	B25F	10365	10723	2D 6B 17 00 1D 19 1C 1C 23 78 2D 00 21 0B 1D 00 1E 0F 17 1A 1E 0F 0E 00 0C 1F 1E 72 6A 4F 2D 00 12 0B 20 0F 18 6B 1E 00 1D 1E 19 16 0F 18 00 0B 18 23 1E 12 13 18 11 00 23 0F 1E 78 2A 19 1C 11 13 20 0F 00 17 0F 78	I'm sorry.I was tempted but...'<4F>I haven't stolen anything yet.Forgive me.
0939	49	19	04	B25F	10723	10831	34 16 0F 0B 1D 0F 77 1D 12 19 21 00 17 0F 00 17 0F 1C 0D 23 78	Please,show me mercy.
093A	49	1A	04	B25F	10831	11071	38 12 0B 18 15 00 23 19 1F 6E 00 2D 6B 16 16 00 1E 0F 16 16 00 23 19 1F 00 1D 19 17 0F 1E 12 13 18 11 00 13 18 00 11 1C 0B 1E 13 1E 1F 0E 0F 6C 44	Thank you! I'll tell you something in gratitude.'<44>
093B	49	1B	04	B25F	11071	11272	3D 19 1F 00 0D 0B 18 00 0F 22 0D 12 0B 18 11 0F 00 37 17 0B 16 16 00 31 0F 0E 0B 16 1D 00 10 19 1C 00 13 1E 0F 17 1D 78	You can exchange Small Medals for items.
093C	49	1C	04	B25F	11272	11766	38 12 0F 00 0F 0B 1D 1E 0F 1C 18 00 16 13 11 12 1E 12 19 1F 1D 0F 00 21 0B 1D 00 13 18 20 0B 0E 0F 0E 00 0C 23 00 17 19 18 1D 1E 0F 1C 1D 00 1C 0F 0D 0F 18 1E 16 23 6C 4F 37 13 18 0D 0F 00 1E 12 0F 18 77 13 1E 6B 1D 00 0C 0F 0F 18 00 1D 12 13 18 13 18 11 00 0F 20 13 16 00 16 13 11 12 1E 1D 00 19 18 00 1E 12 0F 00 1D 0F 0B 78	The eastern lighthouse was invaded by monsters recently.'<4F>Since then,it's been shining evil lights on the sea.
093D	49	1D	04	B25F	11766	12261	3B 12 23 00 13 1D 18 6B 1E 00 38 0B 16 19 19 18 00 0C 0B 0D 15 6D 00 38 12 0F 00 1D 12 13 1A 6B 1D 00 0B 16 17 19 1D 1E 00 10 13 18 13 1D 12 0F 0E 6C 4F 2D 00 12 19 1A 0F 00 1E 12 0F 00 17 19 18 1D 1E 0F 1C 1D 00 0B 1E 00 1E 12 0F 00 16 13 11 12 1E 12 19 1F 1D 0F 00 12 0B 20 0F 18 6B 1E 00 11 19 1E 00 12 13 17 78	Why isn't Taloon back? The ship's almost finished.'<4F>I hope the monsters at the lighthouse haven't got him.
093E	49	1E	04	B25F	12261	12966	2D 6B 17 00 21 19 1C 1C 13 0F 0E 6C 4F 3B 0F 6B 1C 0F 00 0C 1F 13 16 0E 13 18 11 00 1E 12 13 1D 00 1D 12 13 1A 00 10 19 1C 00 38 0B 16 19 19 18 77 0C 1F 1E 00 12 0F 6B 1D 00 1D 19 00 1C 0B 1D 12 6C 4F 2C 0F 00 21 0F 18 1E 00 1E 19 00 1E 12 0F 00 16 13 11 12 1E 12 19 1F 1D 0F 00 1E 19 00 0E 0F 1D 1E 1C 19 23 00 1E 12 0F 00 17 19 18 1D 1E 0F 1C 1D 00 21 12 19 00 0B 1C 0F 00 17 0B 15 13 18 11 00 1D 0B 13 16 13 18 11 00 13 17 1A 19 1D 1D 13 0C 16 0F 78	I'm worried.'<4F>We're building this ship for Taloon,but he's so rash.'<4F>He went to the lighthouse to destroy the monsters who are making sailing impossible.
093F	49	1F	04	B25F	12966	13605	4E 38 0B 16 19 19 18 71 69 2D 1E 6B 1D 00 23 19 1F 6E 00 2D 00 21 0B 1D 00 16 19 19 15 13 18 11 00 0B 1E 00 1E 12 0F 00 1D 0F 0B 6C 44 38 0B 16 19 19 18 71 69 3D 0F 1D 77 1E 12 0F 00 1D 12 13 1A 00 21 13 16 16 00 0C 0F 00 0D 19 17 1A 16 0F 1E 0F 0E 00 1D 19 19 18 78 2D 6B 16 16 00 21 0B 13 1E 00 10 19 1C 00 23 19 1F 00 1E 19 00 1C 0F 1E 1F 1C 18 00 21 13 1E 12 00 11 19 19 0E 00 18 0F 21 1D 6C	<4E>Taloon:'It's you! I was looking at the sea.'<44>Taloon:'Yes,the ship will be completed soon.I'll wait for you to return with good news.'
0940	4A	00	04	B904	0	387	3D 19 1F 6B 16 16 00 0E 19 00 1E 12 0B 1E 00 10 19 1C 00 38 0B 16 19 19 18 6D 72 0E 0F 10 0F 0B 1E 00 1E 12 0F 00 17 19 18 1D 1E 0F 1C 1D 00 0B 1E 00 1E 12 0F 00 16 13 11 12 1E 12 19 1F 1D 0F 6D 00 26 0F 00 0D 0B 1C 0F 10 1F 16 77 33 2F 6D	You'll do that for Taloon?...defeat the monsters at the lighthouse? Be careful,OK?
0941	4A	01	04	B904	387	643	4E 44 69 2D 1E 00 1D 0F 0F 17 1D 00 12 0F 00 0D 19 1F 16 0E 18 6B 1E 00 0E 19 00 13 1E 77 0B 18 0E 00 12 0F 6B 1D 00 0C 0B 0D 15 00 13 18 00 1E 19 21 18 6C	<4E><44>'It seems he couldn't do it,and he's back in town.'
0942	4A	02	04	B904	643	2098	4E 38 0B 16 19 19 18 71 69 38 12 0B 18 15 00 23 19 1F 6E 00 38 12 0F 00 0F 20 13 16 00 16 13 11 12 1E 1D 00 0B 1C 0F 00 11 19 18 0F 77 0B 18 0E 00 1E 12 0F 00 1D 0F 0B 00 13 1D 00 1D 19 00 0D 0B 16 17 00 18 19 21 6C 44 38 0B 16 19 19 18 71 69 25 18 0E 00 1E 12 0F 00 1D 12 13 1A 00 13 1D 00 10 13 18 0B 16 16 23 00 10 13 18 13 1D 12 0F 0E 6E 6A 44 38 0B 16 19 19 18 71 69 2D 6B 20 0F 00 19 18 0F 00 10 0B 20 19 1C 00 1E 19 00 0B 1D 15 00 19 10 00 23 19 1F 78 31 19 18 1D 1E 0F 1C 1D 00 0B 1C 0F 00 0B 10 1E 0F 1C 00 17 0F 6C 44 38 0B 16 19 19 18 71 69 2D 6B 0E 00 10 0F 0F 16 00 1D 0B 10 0F 1C 00 0C 0F 13 18 11 00 21 13 1E 12 00 1D 1E 1C 19 18 11 00 1A 0F 19 1A 16 0F 00 16 13 15 0F 00 23 19 1F 6C 44 38 0B 16 19 19 18 71 69 30 0F 1E 00 17 0F 00 14 19 13 18 00 23 19 1F 78 30 0F 1E 6B 1D 00 1E 1C 0B 20 0F 16 00 1E 19 11 0F 1E 12 0F 1C 00 0B 16 16 00 19 20 0F 1C 00 1E 12 0F 00 21 19 1C 16 0E 6E 6A	<4E>Taloon:'Thank you! The evil lights are gone,and the sea is so calm now.'<44>Taloon:'And the ship is finally finished!'<44>Taloon:'I've one favor to ask of you.Monsters are after me.'<44>Taloon:'I'd feel safer being with strong people like you.'<44>Taloon:'Let me join you.Let's travel together all over the world!'
0943	4A	03	04	B904	2098	2245	4E 38 0B 16 19 19 18 71 69 3B 12 23 00 18 19 1E 6D 00 27 19 17 0F 00 19 18 6C	<4E>Taloon:'Why not? Come on.'
0944	4A	04	04	B904	2245	2803	4E 38 0B 16 19 19 18 71 69 2D 00 0B 1A 1A 1C 0F 0D 13 0B 1E 0F 00 13 1E 6E 00 30 0F 1E 6B 1D 00 16 0F 0B 20 0F 00 1C 13 11 12 1E 00 0B 21 0B 23 6C 44 38 0B 16 19 19 18 00 14 19 13 18 0F 0E 00 1E 12 0F 00 34 0B 1C 1E 23 6E 43 55 44 38 0B 16 19 19 18 71 69 37 1E 0B 1C 0C 19 0B 1C 0E 00 1E 12 0F 00 2C 0F 16 17 6E 6A	<4E>Taloon:'I appreciate it! Let's leave right away.'<44>Taloon joined the Party!<43><55><44>Taloon:'Starboard the Helm!'
0945	4A	05	04	B904	2803	3061	2D 18 0D 1C 0F 0E 13 0C 16 0F 6E 00 3D 19 1F 00 0E 0F 10 0F 0B 1E 0F 0E 00 1E 12 0F 00 17 19 18 1D 1E 0F 1C 1D 00 0B 1E 00 1E 12 0F 00 16 13 11 12 1E 12 19 1F 1D 0F 6D	Incredible! You defeated the monsters at the lighthouse?
0946	4A	06	04	B904	3061	3467	3B 0F 00 0D 0B 18 6B 1E 00 0B 16 21 0B 23 1D 00 14 1F 0E 11 0F 00 1A 0F 19 1A 16 0F 00 0C 23 00 1E 12 0F 13 1C 00 16 19 19 15 1D 77 0C 1F 1E 00 23 19 1F 6B 1C 0F 00 1D 19 17 0F 0C 19 0E 23 00 1D 1A 0F 0D 13 0B 16 77 0B 1C 0F 18 6B 1E 00 23 19 1F 6D	We can't always judge people by their looks,but you're somebody special,aren't you?
0947	4A	07	04	B904	3467	3602	25 1D 00 2D 00 1E 12 19 1F 11 12 1E 78 2D 00 0D 19 1F 16 0E 00 1E 0F 16 16 6E	As I thought.I could tell!
0948	4A	08	04	B904	3602	3753	28 19 18 6B 1E 00 0C 0F 00 1D 19 00 17 19 0E 0F 1D 1E 6D 00 2D 00 0D 0B 18 00 1E 0F 16 16 78	Don't be so modest? I can tell.
0949	4A	09	04	B904	3753	3898	31 23 00 1D 12 13 1A 00 1C 0F 17 0B 13 18 1D 00 1D 1F 18 15 0F 18 78 3B 0F 0F 1A 72	My ship remains sunken.Weep...
094A	4A	0A	04	B904	3898	4269	38 12 0F 00 0F 0B 1D 1E 0F 1C 18 00 16 13 11 12 1E 12 19 1F 1D 0F 00 12 0B 1D 00 1C 0F 1E 1F 1C 18 0F 0E 00 1E 19 00 18 19 1C 17 0B 16 6C 4F 38 12 0B 18 15 1D 00 1E 19 00 23 19 1F 77 1D 12 13 1A 1D 00 0D 0B 18 00 18 19 21 00 16 0F 0B 20 0F 78	The eastern lighthouse has returned to normal.'<4F>Thanks to you,ships can now leave.
094B	4A	0B	04	B904	4269	4543	3D 19 1F 00 0E 0F 10 0F 0B 1E 0F 0E 00 1E 12 0F 00 17 19 18 1D 1E 0F 1C 1D 00 0B 1E 00 1E 12 0F 00 16 13 11 12 1E 12 19 1F 1D 0F 6D 00 38 12 72 38 12 0B 18 15 00 23 19 1F 6E	You defeated the monsters at the lighthouse? Th...Thank you!
094C	4A	0C	04	B904	4543	4849	31 0B 18 23 00 12 0B 1C 0E 1D 12 13 1A 1D 00 17 0B 23 00 0C 0F 00 0B 12 0F 0B 0E 00 19 10 00 23 19 1F 6C 4F 28 19 18 6B 1E 00 0F 20 0F 1C 00 11 13 20 0F 00 1F 1A 00 12 19 1A 0F 72 78	Many hardships may be ahead of you.'<4F>Don't ever give up hope....
094D	4A	0D	04	B904	4849	5095	2D 00 1C 0F 17 0F 17 0C 0F 1C 00 10 19 18 0E 16 23 00 17 23 00 0E 0B 23 1D 00 0C 1F 13 16 0E 13 18 11 00 38 0B 16 19 19 18 6B 1D 00 1D 12 13 1A 78	I remember fondly my days building Taloon's ship.
094E	4A	0E	04	B904	5095	6052	2F 13 13 13 72 2F 13 13 13 72 3B 12 0F 1C 0F 6B 1D 00 38 0B 16 19 19 18 6D 6A 4F 2D 6B 20 0F 00 0C 0F 0F 18 00 21 0B 13 1E 13 18 11 00 1E 19 00 0B 17 0C 1F 1D 12 00 12 13 17 78 2D 00 12 0F 0B 1C 0E 00 12 0F 00 21 0B 1D 00 0D 19 17 13 18 11 00 1E 19 00 1E 12 13 1D 00 16 13 11 12 1E 12 19 1F 1D 0F 72 6C 4F 2C 0F 00 17 1F 1D 1E 00 12 0B 20 0F 00 11 19 1E 1E 0F 18 00 1D 0D 0B 1C 0F 0E 00 0B 18 0E 00 12 0F 0B 0E 0F 0E 00 0C 0B 0D 15 00 1E 19 00 1E 19 21 18 6E 6A 4F 2D 6B 16 16 00 11 19 00 1E 12 0F 1C 0F 00 0B 18 0E 00 11 0F 1E 00 12 13 17 6E 00 2F 13 13 13 72 2F 13 13 13 72 6A 44	Kiii...Kiii...Where's Taloon?'<4F>I've been waiting to ambush him.I heard he was coming to this lighthouse....'<4F>He must have gotten scared and headed back to town!'<4F>I'll go there and get him! Kiii...Kiii...'<44>
094F	4A	0F	04	B904	6052	6221	4E 32 19 00 1C 0F 1D 1A 19 18 1D 0F 78 43 37 0F 0F 17 1D 00 1F 18 0D 19 18 1D 0D 13 19 1F 1D 78	<4E>No response.<43>Seems unconscious.
0950	4A	10	04	B904	6221	6727	38 12 0F 00 0D 12 0B 18 0D 0F 16 16 19 1C 00 1D 1E 0B 23 13 18 11 00 0B 1E 00 1E 12 0F 00 0C 13 11 00 13 18 18 00 10 0F 16 16 00 13 16 16 6C 4F 38 12 0F 00 16 0F 11 0F 18 0E 0B 1C 23 00 12 0F 1C 0C 0B 16 00 17 0F 0E 13 0D 13 18 0F 77 34 0B 0E 0F 1B 1F 13 0B 77 1D 12 19 1F 16 0E 00 0D 1F 1C 0F 00 12 13 17 72 78	The chancellor staying at the big inn fell ill.'<4F>The legendary herbal medicine,Padequia,should cure him....
0951	4A	11	04	B904	6727	7113	4E 2C 19 21 0E 0F 18 71 69 3B 12 0B 1E 6D 00 25 1C 0F 00 23 19 1F 00 0B 1D 15 13 18 11 00 13 10 00 2D 6B 17 00 1E 12 0F 00 19 16 0E 00 17 0B 18 00 21 12 19 6B 1D 00 0B 18 00 0F 22 1A 0F 1C 1E 00 19 18 00 1E 12 0F 00 1D 0F 0B 1D 6D 6A	<4E>Howden:'What? Are you asking if I'm the old man who's an expert on the seas?'
0952	4A	12	04	B904	7113	7652	4E 2C 19 21 0E 0F 18 71 69 3D 19 1F 00 13 0E 13 19 1E 6E 00 2D 6B 17 00 18 19 1E 00 19 18 16 23 00 0B 18 00 0F 22 1A 0F 1C 1E 00 19 18 00 1E 12 0F 00 1D 0F 0B 1D 00 0C 1F 1E 00 19 18 00 1E 12 0F 00 21 12 19 16 0F 00 21 19 1C 16 0E 00 0B 16 1D 19 6C 44 2C 19 21 0E 0F 18 71 69 27 19 17 0F 00 0C 0B 0D 15 00 0B 11 0B 13 18 6E 6A	<4E>Howden:'You idiot! I'm not only an expert on the seas but on the whole world also.'<44>Howden:'Come back again!'
0953	4A	13	04	B904	7652	8514	4E 2C 19 21 0E 0F 18 71 69 2D 6B 17 00 13 17 1A 1C 0F 1D 1D 0F 0E 72 2D 6B 17 00 18 19 1E 00 19 18 16 23 00 0B 18 00 0F 22 1A 0F 1C 1E 00 19 18 00 1E 12 0F 00 1D 0F 0B 1D 00 0C 1F 1E 00 19 18 00 1E 12 0F 00 21 12 19 16 0F 00 21 19 1C 16 0E 00 0B 16 1D 19 6C 44 2C 19 21 0E 0F 18 71 69 3D 19 1F 00 1D 0F 0F 17 00 1A 1C 19 17 13 1D 13 18 11 6C 44 2C 19 21 0E 0F 18 71 69 3B 12 0B 1E 00 0E 19 00 23 19 1F 00 1D 0B 23 6D 00 3B 19 1F 16 0E 00 23 19 1F 00 16 13 15 0F 00 1E 19 00 1E 0B 15 0F 00 17 23 00 1B 1F 13 24 6D 6A	<4E>Howden:'I'm impressed...I'm not only an expert on the seas but on the whole world also.'<44>Howden:'You seem promising.'<44>Howden:'What do you say? Would you like to take my quiz?'
0954	4A	14	04	B904	8514	8679	4E 2C 19 21 0E 0F 18 71 69 2D 00 1D 0F 0F 78 38 12 0B 1E 6B 1D 00 1E 19 19 00 0C 0B 0E 6C	<4E>Howden:'I see.That's too bad.'
0955	4A	15	04	B904	8679	10260	4E 2C 19 21 0E 0F 18 71 69 2C 0F 1C 0F 6B 1D 00 1E 12 0F 00 1B 1F 13 24 78 3B 12 0B 1E 6B 1D 00 17 19 1D 1E 00 13 17 1A 19 1C 1E 0B 18 1E 00 13 18 00 0C 1F 1D 13 18 0F 1D 1D 6D 6A 44 49 71 69 72 72 72 6D 6A 44 2C 19 21 0E 0F 18 71 69 31 17 17 72 78 3B 0F 16 16 00 28 19 18 0F 6E 00 28 19 18 6B 1E 00 1D 0B 23 00 0B 18 23 1E 12 13 18 11 72 23 0F 1D 77 37 13 16 0F 18 0D 0F 00 2D 1D 00 2B 19 16 0E 0F 18 6E 6A 44 49 71 69 6D 6D 6D 6A 44 2C 19 21 0E 0F 18 71 69 2D 6B 16 16 00 11 13 20 0F 00 23 19 1F 00 1E 12 0F 00 38 1C 0F 0B 1D 1F 1C 0F 00 31 0B 1A 6C 44 2C 19 21 0E 0F 18 71 69 2D 00 0E 13 1D 0D 19 20 0F 1C 0F 0E 00 13 1E 00 21 12 0F 18 00 2D 00 21 0B 1D 00 23 19 1F 18 11 00 0C 1F 1E 00 12 0B 20 0F 18 6B 1E 00 0C 0F 0F 18 00 0B 0C 16 0F 00 1E 19 00 1F 18 0D 19 20 0F 1C 00 13 1E 1D 00 1D 0F 0D 1C 0F 1E 72 6C 44 2C 19 21 0E 0F 18 71 69 34 16 0F 0B 1D 0F 00 0B 0D 0D 0F 1A 1E 00 13 1E 6E 6A 44	<4E>Howden:'Here's the quiz.What's most important in business?'<44><49>:'.........?'<44>Howden:'Mmm....Well Done! Don't say anything...yes,Silence Is Golden!'<44><49>:'???'<44>Howden:'I'll give you the Treasure Map.'<44>Howden:'I discovered it when I was young but haven't been able to uncover its secret....'<44>Howden:'Please accept it!'<44>
0956	4A	16	04	B904	10260	10443	4E 49 00 1C 0F 0D 0F 13 20 0F 0E 00 1E 12 0F 00 38 1C 0F 0B 1D 1F 1C 0F 00 31 0B 1A 6E 43 56 44	<4E><49> received the Treasure Map!<43><56><44>
0957	4A	17	04	B904	10443	10821	4E 2C 19 21 0E 0F 18 71 69 34 0F 1C 12 0B 1A 1D 00 23 19 1F 00 0D 0B 18 00 1C 0F 20 0F 0B 16 00 1E 12 0F 00 1D 0F 0D 1C 0F 1E 00 19 10 00 1E 12 13 1D 00 38 1C 0F 0B 1D 1F 1C 0F 00 31 0B 1A 78 2B 19 19 0E 00 16 1F 0D 15 6E 6A	<4E>Howden:'Perhaps you can reveal the secret of this Treasure Map.Good luck!'
0958	4A	18	04	B904	10821	11218	4E 2C 19 21 0E 0F 18 71 69 2D 00 1C 0F 0B 16 16 23 00 17 0F 0B 18 1E 00 13 1E 77 0C 1F 1E 00 23 19 1F 00 0D 0B 18 6B 1E 00 0D 0B 1C 1C 23 00 0B 18 23 00 17 19 1C 0F 00 1E 12 13 18 11 1D 6E 00 27 19 17 0F 00 0C 0B 0D 15 00 0B 11 0B 13 18 6C	<4E>Howden:'I really meant it,but you can't carry any more things! Come back again.'
0959	4A	19	04	B904	11218	11840	38 12 0F 1C 0F 6B 1D 00 0B 00 1D 17 0B 16 16 00 0D 19 1F 18 1E 1C 23 00 0D 0B 16 16 0F 0E 00 37 19 1C 0F 1E 1E 0B 00 13 18 00 1E 12 0F 00 20 0F 1C 23 00 0F 0B 1D 1E 0F 1C 18 00 1C 0F 0B 0D 12 0F 1D 00 19 10 00 1E 12 13 1D 00 16 0B 18 0E 6C 4F 3B 12 0F 18 00 2D 00 1E 19 16 0E 00 1E 12 13 1D 00 1E 19 00 1E 12 0F 00 34 1C 13 18 0D 0F 1D 1D 00 0B 1E 00 1E 12 0F 00 13 18 18 77 1D 12 0F 00 0E 0B 1C 1E 0F 0E 00 19 1F 1E 78	There's a small country called Soretta in the very eastern reaches of this land.'<4F>When I told this to the Princess at the inn,she darted out.
095A	4A	1A	04	B904	11840	12890	4E 26 1C 0F 23 71 69 33 18 0F 00 19 10 00 17 23 00 1E 1C 0B 20 0F 16 13 18 11 00 0D 19 17 1A 0B 18 13 19 18 1D 00 13 1D 00 11 1C 0B 20 0F 16 23 00 13 16 16 6C 44 26 1C 0F 23 71 69 33 1F 1C 00 17 13 1D 1E 1C 0F 1D 1D 77 34 1C 13 18 0D 0F 1D 1D 00 25 16 0F 18 0B 77 21 0F 18 1E 00 1E 19 00 11 0F 1E 00 17 0F 0E 13 0D 13 18 0F 00 0B 16 19 18 0F 78 2D 6B 17 00 20 0F 1C 23 00 21 19 1C 1C 13 0F 0E 72 6C 44 26 1C 0F 23 71 69 3D 19 1F 00 16 19 19 15 00 15 13 18 0E 6C 44 26 1C 0F 23 71 69 3B 13 16 16 00 23 19 1F 00 10 13 18 0E 00 34 1C 13 18 0D 0F 1D 1D 00 25 16 0F 18 0B 00 0B 18 0E 00 12 0F 16 1A 00 12 0F 1C 6D 6A	<4E>Brey:'One of my traveling companions is gravely ill.'<44>Brey:'Our mistress,Princess Alena,went to get medicine alone.I'm very worried....'<44>Brey:'You look kind.'<44>Brey:'Will you find Princess Alena and help her?'
095B	4A	1B	04	B904	12890	13814	4E 26 1C 0F 23 71 69 38 12 0B 1E 6B 1D 00 20 0F 1C 23 00 1E 12 19 1F 11 12 1E 10 1F 16 00 19 10 00 23 19 1F 78 2D 6B 16 16 00 0B 0D 0D 19 17 1A 0B 18 23 00 23 19 1F 6E 6A 44 26 1C 0F 23 00 14 19 13 18 0F 0E 00 1E 12 0F 00 34 0B 1C 1E 23 6E 43 55 44 26 1C 0F 23 71 69 2D 00 17 1F 1D 1E 00 0B 1D 15 00 1E 12 0F 00 1A 0F 19 1A 16 0F 00 19 10 00 1E 12 13 1D 00 13 18 18 00 1E 19 00 1E 0B 15 0F 00 0D 0B 1C 0F 00 19 10 00 27 1C 13 1D 1E 19 6C 44 26 1C 0F 23 71 69 2D 6B 16 16 00 17 0F 0F 1E 00 23 19 1F 00 19 1F 1E 1D 13 0E 0F 00 16 0B 1E 0F 1C 6C	<4E>Brey:'That's very thoughtful of you.I'll accompany you!'<44>Brey joined the Party!<43><55><44>Brey:'I must ask the people of this inn to take care of Cristo.'<44>Brey:'I'll meet you outside later.'
095C	4A	1C	04	B904	13814	13938	4E 26 1C 0F 23 71 69 25 1D 00 2D 00 10 0F 0B 1C 0F 0E 72 6C	<4E>Brey:'As I feared....'
095D	4A	1D	04	B904	13938	14303	38 12 13 1D 00 13 1D 00 37 19 1C 0F 1E 1E 0B 77 1E 12 0F 00 0D 19 1F 18 1E 1C 23 00 15 18 19 21 18 00 10 19 1C 00 11 1C 19 21 13 18 11 00 34 0B 0E 0F 1B 1F 13 0B 77 1E 12 0F 00 0D 1F 1C 0F 6F 0B 16 16 00 12 0F 1C 0C 78	This is Soretta,the country known for growing Padequia,the cure-all herb.
095E	4A	1E	04	B904	14303	14466	4E 44 69 3B 0F 16 16 77 0B 1E 00 16 0F 0B 1D 1E 00 13 1E 00 1F 1D 0F 0E 00 1E 19 00 0C 0F 72 78	<4E><44>'Well,at least it used to be....
095F	4A	1F	04	B904	14466	14886	2D 6B 17 00 0B 00 10 0B 1C 17 0F 1C 77 14 1F 1D 1E 00 0B 00 1A 16 19 1F 11 12 17 0B 18 77 2C 0F 23 6E 00 26 0F 0F 18 00 1A 16 19 21 13 18 11 00 10 13 0F 16 0E 1D 00 10 19 1C 00 1E 12 13 1C 1E 23 00 23 0F 0B 1C 1D 77 2C 0F 23 6E 00 2C 19 6E 6A 44	I'm a farmer,just a ploughman,Hey! Been plowing fields for thirty years,Hey! Ho!'<44>
0960	4B	00	1A	8071	0	537	34 0B 0E 0F 1B 1F 13 0B 00 1C 19 19 1E 1D 6D 00 38 12 0F 00 0E 1C 19 1F 11 12 1E 00 10 13 20 0F 00 23 0F 0B 1C 1D 00 0B 11 19 00 0E 0F 1D 1E 1C 19 23 0F 0E 00 1E 12 0F 17 00 0B 16 16 6C 4F 38 12 0B 1E 6B 1D 00 21 12 23 00 2D 00 18 19 21 00 11 1C 19 21 00 0D 0B 1C 1C 19 1E 1D 77 1C 0B 0E 13 1D 12 0F 1D 77 0B 18 0E 00 1D 1F 0D 12 78	Padequia roots? The drought five years ago destroyed them all.'<4F>That's why I now grow carrots,radishes,and such.
0961	4B	01	1A	8071	537	1153	30 19 19 15 13 18 11 00 10 19 1C 00 1D 19 17 0F 19 18 0F 6D 00 2C 17 17 72 1D 19 17 0F 00 1E 13 17 0F 00 0B 11 19 77 0B 00 11 13 1C 16 00 18 0B 17 0F 0E 00 25 16 0F 18 0B 00 21 0B 1D 00 12 0F 1C 0F 6C 4F 37 12 0F 00 12 0B 0E 00 1E 12 1C 0F 0F 00 17 0F 18 00 21 13 1E 12 00 12 0F 1C 78 33 18 0F 00 21 0B 1D 00 1C 1F 11 11 0F 0E 00 0B 18 0E 00 0B 18 19 1E 12 0F 1C 00 1D 18 19 0C 0C 13 1D 12 78	Looking for someone? Hmm...some time ago,a girl named Alena was here.'<4F>She had three men with her.One was rugged and another snobbish.
0962	4B	02	1A	8071	1153	1805	38 12 0F 00 0F 22 1E 13 18 0D 1E 13 19 18 00 19 10 00 34 0B 0E 0F 1B 1F 13 0B 00 0E 0F 20 0B 1D 1E 0B 1E 0F 0E 00 1E 12 13 1D 00 0D 19 1F 18 1E 1C 23 6B 1D 00 0F 0D 19 18 19 17 23 78 3B 0F 00 0D 0B 18 6B 1E 00 17 0B 15 0F 00 1E 12 13 1D 00 0D 19 1F 18 1E 1C 23 00 1A 1C 19 1D 1A 0F 1C 00 18 19 00 17 0B 1E 1E 0F 1C 00 12 19 21 00 12 0B 1C 0E 00 21 0F 00 21 19 1C 15 6C 4F 34 19 19 1C 00 2F 13 18 11 72 78	The extinction of Padequia devastated this country's economy.We can't make this country prosper no matter how hard we work.'<4F>Poor King....
0963	4B	03	1A	8071	1805	3332	2D 6B 17 00 1E 12 0F 00 2F 13 18 11 00 19 10 00 1E 12 13 1D 00 0D 19 1F 18 1E 1C 23 78 2D 1E 6B 1D 00 0C 0F 0F 18 00 1D 19 17 0F 00 1E 13 17 0F 00 1D 13 18 0D 0F 00 1E 12 0F 00 0F 22 1E 13 18 0D 1E 13 19 18 00 19 10 00 34 0B 0E 0F 1B 1F 13 0B 6C 4F 38 12 0F 00 1C 0F 0D 19 1C 0E 00 1D 1E 0B 1E 0F 1D 00 1E 12 0F 00 10 19 1C 17 0F 1C 00 2F 13 18 11 00 15 0F 1A 1E 00 0B 00 34 0B 0E 0F 1B 1F 13 0B 00 37 0F 0F 0E 00 13 18 00 1E 12 0F 00 1D 19 1F 1E 12 0F 1C 18 00 0D 0B 20 0F 00 0B 1D 00 0B 00 1A 1C 0F 0D 0B 1F 1E 13 19 18 00 0B 11 0B 13 18 1D 1E 00 0D 0B 1E 0B 1D 1E 1C 19 1A 12 0F 72 6C 4F 39 18 10 19 1C 1E 1F 18 0B 1E 0F 16 23 77 17 19 18 1D 1E 0F 1C 1D 00 18 19 21 00 16 1F 1C 15 00 13 18 00 1E 12 0F 00 0D 0B 20 0F 77 0B 18 0E 00 21 0F 00 0D 0B 18 6B 1E 00 11 0F 1E 00 13 18 6C 4F 37 19 1C 1C 23 77 2D 00 0D 0B 18 6B 1E 00 12 0F 16 1A 00 23 19 1F 78 2D 10 00 2D 00 12 0B 0E 00 1E 12 0F 00 34 0B 0E 0F 1B 1F 13 0B 00 37 0F 0F 0E 77 2D 00 0D 19 1F 16 0E 72 78	I'm the King of this country.It's been some time since the extinction of Padequia.'<4F>The record states the former King kept a Padequia Seed in the southern cave as a precaution against catastrophe....'<4F>Unfortunately,monsters now lurk in the cave,and we can't get in.'<4F>Sorry,I can't help you.If I had the Padequia Seed,I could....
0964	4B	04	1A	8071	3332	3670	2B 1C 24 24 72 2B 1C 24 24 72 3D 19 1F 00 31 19 18 1D 1E 0F 1C 1D 00 19 10 00 1E 12 0F 00 37 19 1F 1E 12 0F 1C 18 00 27 0B 20 0F 6E 00 31 1F 17 0C 16 0F 72 31 1F 17 0C 16 0F 72	Grzz...Grzz...You Monsters of the Southern Cave! Mumble...Mumble...
0965	4B	05	1A	8071	3670	4177	32 13 11 12 1E 00 10 13 1D 12 13 18 11 00 13 1D 00 1E 12 0F 00 0C 0F 1D 1E 00 15 13 18 0E 00 19 10 00 10 13 1D 12 13 18 11 6C 4F 37 19 17 0F 00 1E 13 17 0F 00 0B 11 19 00 2D 00 0B 16 17 19 1D 1E 00 0D 0B 1F 11 12 1E 00 0B 00 2B 13 0B 18 1E 00 33 0D 1E 19 1A 19 0E 6E 00 2D 6B 17 00 18 19 1E 00 16 23 13 18 11 6E	Night fishing is the best kind of fishing.'<4F>Some time ago I almost caught a Giant Octopod! I'm not lying!
0966	4B	06	1A	8071	4177	4710	3D 19 1F 00 0D 0B 17 0F 00 1E 19 00 1D 0F 0F 00 1E 12 0F 00 2F 13 18 11 6D 00 33 1F 1C 00 2F 13 18 11 00 13 1D 00 19 1F 1E 00 21 19 1C 15 13 18 11 00 13 18 00 1E 12 0F 00 10 13 0F 16 0E 1D 6C 4F 38 12 13 1D 00 0D 19 1F 18 1E 1C 23 00 13 1D 00 1D 19 00 1A 19 19 1C 00 0F 20 0F 18 00 1E 12 0F 00 2F 13 18 11 00 17 1F 1D 1E 00 21 19 1C 15 78	You came to see the King? Our King is out working in the fields.'<4F>This country is so poor even the King must work.
0967	4B	07	1A	8071	4710	5216	4E 25 16 0F 18 0B 71 69 3D 19 1F 6B 1C 0F 00 16 19 19 15 13 18 11 00 10 19 1C 00 34 0B 0E 0F 1B 1F 13 0B 00 1E 19 19 6D 6A 44 25 16 0F 18 0B 71 69 37 19 1C 1C 23 77 0C 1F 1E 00 21 0F 6B 16 16 00 11 0F 1E 00 1E 12 0F 00 34 0B 0E 0F 1B 1F 13 0B 00 37 0F 0F 0E 00 10 13 1C 1D 1E 6E 6A	<4E>Alena:'You're looking for Padequia too?'<44>Alena:'Sorry,but we'll get the Padequia Seed first!'
0968	4B	08	1A	8071	5216	5501	4E 25 16 0F 18 0B 71 69 2C 0F 23 77 13 1E 6B 1D 00 23 19 1F 77 26 1C 0F 23 6E 00 3B 12 0B 1E 00 0B 1C 0F 00 23 19 1F 00 0E 19 13 18 11 00 12 0F 1C 0F 6D 6A 44	<4E>Alena:'Hey,it's you,Brey! What are you doing here?'<44>
0969	4B	09	1A	8071	5501	5837	4E 25 16 0F 18 0B 71 69 3B 12 0B 1E 6D 00 3D 19 1F 6B 1C 0F 00 16 19 19 15 13 18 11 00 10 19 1C 00 1E 12 0F 00 34 0B 0E 0F 1B 1F 13 0B 00 37 0F 0F 0E 00 21 13 1E 12 00 1E 12 0F 17 6D 6A 44	<4E>Alena:'What? You're looking for the Padequia Seed with them?'<44>
096A	4B	0A	1A	8071	5837	6304	4E 25 16 0F 18 0B 71 69 3D 19 1F 00 1D 12 19 1F 16 0E 18 6B 1E 00 12 0B 20 0F 00 21 19 1C 1C 13 0F 0E 6C 44 25 16 0F 18 0B 71 69 3B 0F 6B 16 16 00 10 13 18 0E 00 1E 12 0F 00 34 0B 0E 0F 1B 1F 13 0B 00 37 0F 0F 0E 00 0B 18 0E 00 1D 0B 20 0F 00 27 1C 13 1D 1E 19 6E 6A	<4E>Alena:'You shouldn't have worried.'<44>Alena:'We'll find the Padequia Seed and save Cristo!'
096B	4B	0B	1A	8071	6304	7146	2C 1F 12 6D 00 4B 33 12 12 12 12 12 12 6E 00 38 12 0F 00 34 0B 0E 0F 1B 1F 13 0B 00 37 0F 0F 0E 78 2D 1E 00 13 1D 00 13 18 0E 0F 0F 0E 6E 00 2A 13 18 0B 16 16 23 72 6A 4F 2C 1F 1C 1C 23 6E 00 34 16 0B 18 1E 00 1E 12 0F 00 1D 0F 0F 0E 00 13 18 00 1E 12 13 1D 00 10 13 0F 16 0E 6E 00 3D 0F 1D 77 34 0B 0E 0F 1B 1F 13 0B 00 11 1C 19 21 1D 00 13 18 1D 1E 0B 18 1E 16 23 6C 44 49 00 1A 16 0B 18 1E 1D 00 1E 12 0F 00 34 0B 0E 0F 1B 1F 13 0B 00 37 0F 0F 0E 00 13 18 00 1E 12 0F 00 10 13 0F 16 0E 78 44	Huh? <4B>Ohhhhhh! The Padequia Seed.It is indeed! Finally...'<4F>Hurry! Plant the seed in this field! Yes,Padequia grows instantly.'<44><49> plants the Padequia Seed in the field.<44>
096C	4B	0C	1A	8071	7146	7835	4E 25 00 34 0B 0E 0F 1B 1F 13 0B 00 0C 1F 0E 00 1D 12 19 19 1E 1D 00 19 1F 1E 00 13 18 1D 1E 0B 18 1E 16 23 6E 4F 38 12 0B 18 15 00 23 19 1F 6E 00 33 1F 1C 00 0D 19 1F 18 1E 1C 23 00 13 1D 00 1D 0B 20 0F 0E 6E 6A 4F 38 0B 15 0F 00 1E 12 13 1D 00 34 0B 0E 0F 1B 1F 13 0B 00 36 19 19 1E 6C 44 49 00 19 0C 1E 0B 13 18 0F 0E 00 1E 12 0F 00 34 0B 0E 0F 1B 1F 13 0B 00 36 19 19 1E 6E 43 56 40	<4E>A Padequia bud shoots out instantly!<4F>Thank you! Our country is saved!'<4F>Take this Padequia Root.'<44><49> obtained the Padequia Root!<43><56><40>
096D	4B	0D	1A	8071	7835	8429	3B 12 0B 1E 6D 00 3D 19 1F 6B 20 0F 00 10 19 1F 18 0E 00 1E 12 0F 00 34 0B 0E 0F 1B 1F 13 0B 00 37 0F 0F 0E 6D 00 38 12 0F 00 2F 13 18 11 00 21 13 16 16 00 0C 0F 00 19 20 0F 1C 14 19 23 0F 0E 00 1E 19 00 12 0F 0B 1C 00 1E 12 0B 1E 6E 6A 4F 34 16 0F 0B 1D 0F 00 0D 19 17 0F 00 0C 0B 0D 15 00 0B 11 0B 13 18 00 1E 19 17 19 1C 1C 19 21 00 17 19 1C 18 13 18 11 6E	What? You've found the Padequia Seed? The King will be overjoyed to hear that!'<4F>Please come back again tomorrow morning!
096E	4B	0E	1A	8071	8429	8638	2D 6B 16 16 00 11 1C 19 21 00 34 0B 0E 0F 1B 1F 13 0B 00 10 1C 19 17 00 18 19 21 00 19 18 78 2C 0F 23 6E 00 2C 19 6E	I'll grow Padequia from now on.Hey! Ho!
096F	4B	0F	1A	8071	8638	8857	3D 19 1F 6B 20 0F 00 10 19 1F 18 0E 00 1E 12 0F 00 34 0B 0E 0F 1B 1F 13 0B 00 37 0F 0F 0E 6D 00 25 17 0B 24 13 18 11 6E	You've found the Padequia Seed? Amazing!
0970	4B	10	1A	8071	8857	9268	38 12 0B 18 15 00 23 19 1F 00 10 19 1C 00 1C 0F 1E 1C 13 0F 20 13 18 11 00 1E 12 0F 00 34 0B 0E 0F 1B 1F 13 0B 00 37 0F 0F 0E 6C 4F 2D 6B 17 00 1D 1F 1C 0F 00 1E 12 13 1D 00 0D 19 1F 18 1E 1C 23 00 21 13 16 16 00 1E 12 1C 13 20 0F 00 0B 11 0B 13 18 78	Thank you for retrieving the Padequia Seed.'<4F>I'm sure this country will thrive again.
0971	4B	11	1A	8071	9268	9638	27 12 0F 0F 1C 1D 00 10 19 1C 00 34 0B 0E 0F 1B 1F 13 0B 6E 00 2D 6B 16 16 00 21 19 1C 15 00 0F 20 0F 18 00 12 0B 1C 0E 0F 1C 00 13 18 00 1E 12 0F 00 10 13 0F 16 0E 1D 00 10 1C 19 17 00 18 19 21 00 19 18 6E 00 27 12 0F 0F 1C 1D 6E	Cheers for Padequia! I'll work even harder in the fields from now on! Cheers!
0972	4B	12	1A	8071	9638	9791	33 1F 0D 12 6E 00 25 00 31 0B 18 00 33 6B 3B 0B 1C 00 1D 1E 1F 18 11 00 17 0F 6E	Ouch! A Man O'War stung me!
0973	4B	13	1A	8071	9791	9988	3D 19 1F 00 1D 0B 20 0F 0E 00 1F 1D 6E 00 38 12 13 1D 00 0D 19 1F 18 1E 1C 23 00 21 13 16 16 00 0C 0F 00 10 13 18 0F 78	You saved us! This country will be fine.
0974	4B	14	1A	8071	9988	10303	4E 26 1C 0F 23 71 69 3B 0F 6B 16 16 00 18 0F 20 0F 1C 00 10 19 1C 11 0F 1E 00 21 12 0B 1E 00 23 19 1F 6B 20 0F 00 0E 19 18 0F 00 10 19 1C 00 1F 1D 78 38 12 0B 18 15 00 23 19 1F 6E 6A	<4E>Brey:'We'll never forget what you've done for us.Thank you!'
0975	4B	15	1A	8071	10303	10585	2D 10 00 23 19 1F 00 1D 0B 13 16 00 1D 1E 1C 0B 13 11 12 1E 00 1E 19 00 1E 12 0F 00 21 0F 1D 1E 77 23 19 1F 6B 16 16 00 1C 0F 0B 0D 12 00 2F 0F 0F 16 0F 19 18 00 27 0B 1D 1E 16 0F 78	If you sail straight to the west,you'll reach Keeleon Castle.
0976	4B	16	1A	8071	10585	10948	38 0B 16 19 19 18 6E 00 2D 00 21 0F 18 1E 00 1E 19 00 29 18 0E 19 1C 00 1E 19 19 77 0C 1F 1E 72 6A 4F 2D 00 16 19 1D 1E 00 0B 16 16 00 17 23 00 17 19 18 0F 23 00 0B 1E 00 1E 12 0F 00 27 0B 1D 13 18 19 72 78 37 19 0C 72	Taloon! I went to Endor too,but...'<4F>I lost all my money at the Casino....Sob...
0977	4B	17	1A	8071	10948	11097	3B 12 0B 1E 00 0E 19 00 23 19 1F 00 21 0B 18 1E 6D 00 2D 1E 6B 1D 00 1D 19 00 16 0B 1E 0F 78	What do you want? It's so late.
0978	4B	18	1A	8071	11097	11272	2C 0F 16 16 19 6E 00 38 0B 16 19 19 18 6E 00 3D 19 1F 00 16 19 19 15 00 21 19 18 0E 0F 1C 10 1F 16 6E	Hello! Taloon! You look wonderful!
0979	4B	19	1A	8071	11272	11620	4E 44 69 38 12 0F 00 18 0F 21 1D 00 1E 12 0B 1E 00 23 19 1F 00 1A 1F 1C 0D 12 0B 1D 0F 0E 00 0B 00 1D 12 13 1A 00 12 0B 1D 00 1C 0F 0B 0D 12 0F 0E 00 1E 12 13 1D 00 1E 19 21 18 78 3B 12 0B 1E 00 0B 00 10 0F 0B 1E 6E 6A	<4E><44>'The news that you purchased a ship has reached this town.What a feat!'
097A	4B	1A	1A	8071	11620	12001	38 0B 16 19 19 18 6E 00 2D 1E 6B 1D 00 17 0F 77 38 19 17 6B 1D 00 1D 19 18 6C 4F 2D 00 0E 0F 0D 13 0E 0F 0E 00 1E 19 00 21 19 1C 15 00 12 0B 1C 0E 00 0B 18 0E 00 0B 1D 15 0F 0E 00 1E 12 0F 00 0C 19 1D 1D 00 1E 19 00 12 13 1C 0F 00 17 0F 78	Taloon! It's me,Tom's son.'<4F>I decided to work hard and asked the boss to hire me.
097B	4B	1B	1A	8071	12001	12107	34 16 0F 0B 1D 0F 00 1D 0B 20 0F 00 1E 12 0F 00 21 19 1C 16 0E 78	Please save the world.
097C	4B	1C	1A	8071	12107	12575	4E 44 69 38 0B 16 19 19 18 6E 00 2B 1C 0B 18 0E 1A 0B 00 38 19 17 00 0B 1A 1A 1C 0F 0D 13 0B 1E 0F 1D 00 21 12 0B 1E 00 23 19 1F 6B 20 0F 00 0E 19 18 0F 6C 4F 33 10 00 0D 19 1F 1C 1D 0F 77 2D 00 0B 1A 1A 1C 0F 0D 13 0B 1E 0F 00 13 1E 00 1E 19 19 72 78 26 16 1F 1D 12 72	<4E><44>'Taloon! Grandpa Tom appreciates what you've done.'<4F>Of course,I appreciate it too....Blush...
097D	4B	1D	1A	8071	12575	12902	3B 0B 18 1E 00 1E 19 00 0C 1F 23 00 1D 19 17 0F 1E 12 13 18 11 6D 6A 4F 2D 10 00 23 19 1F 00 21 0B 18 1E 00 21 0F 0B 1A 19 18 1D 77 11 19 00 1E 19 00 1E 12 0F 00 1D 12 19 1A 00 1F 1A 1D 1E 0B 13 1C 1D 78	Want to buy something?'<4F>If you want weapons,go to the shop upstairs.
097E	4B	1E	1A	8071	12902	13090	38 0B 16 19 19 18 6E 00 2C 19 21 00 13 1D 00 23 19 1F 1C 00 0C 1F 1D 13 18 0F 1D 1D 00 13 18 00 29 18 0E 19 1C 6D	Taloon! How is your business in Endor?
097F	4B	1F	1A	8071	13090	13253	2F 0F 0F 1A 00 13 1E 00 1F 1A 6E 00 3D 19 1F 00 12 0B 20 0F 00 0B 00 0D 1F 1E 0F 00 21 13 10 0F 78	Keep it up! You have a cute wife.
0980	4C	00	1A	86EA	0	291	3B 12 0B 1E 6D 00 3D 19 1F 6B 1C 0F 00 1E 1C 0B 20 0F 16 13 18 11 00 13 18 00 1D 0F 0B 1C 0D 12 00 19 10 00 0B 00 16 0F 11 0F 18 0E 0B 1C 23 00 1D 21 19 1C 0E 6D 00 2C 17 17 72	What? You're traveling in search of a legendary sword? Hmm...
0981	4C	01	1A	86EA	291	726	33 12 6E 00 38 0B 16 19 19 18 6E 00 2C 19 21 00 0D 0B 18 00 2D 00 0F 20 0F 1C 00 1E 12 0B 18 15 00 23 19 1F 6D 6A 44 38 19 17 71 69 31 23 00 1D 19 18 00 13 1D 00 21 19 1C 15 13 18 11 00 12 0B 1C 0E 00 0B 18 0E 00 13 1D 00 17 0B 1C 1C 13 0F 0E 00 18 19 21 6C	Oh! Taloon! How can I ever thank you?'<44>Tom:'My son is working hard and is married now.'
0982	4C	02	1A	86EA	726	1013	4E 38 19 17 71 69 38 12 0B 18 15 1D 00 1E 19 00 19 18 0F 00 17 0B 18 77 17 23 00 1D 19 18 00 0D 12 0B 18 11 0F 0E 00 0B 18 0E 00 0C 0F 11 0B 18 00 21 19 1C 15 13 18 11 6C	<4E>Tom:'Thanks to one man,my son changed and began working.'
0983	4C	03	1A	86EA	1013	1259	4E 38 19 17 71 69 2C 0F 23 77 2C 0F 23 6E 00 3B 12 0F 1C 0F 00 0E 19 00 23 19 1F 00 13 18 1E 0F 18 0E 00 1E 19 00 1E 0B 15 0F 00 17 0F 6D 6A	<4E>Tom:'Hey,Hey! Where do you intend to take me?'
0984	4C	04	1A	86EA	1259	1386	4E 38 19 17 71 69 28 19 24 0F 72 28 19 24 0F 72 6A	<4E>Tom:'Doze...Doze...'
0985	4C	05	1A	86EA	1386	1776	2D 00 12 0F 0B 1C 00 1E 12 0B 1E 00 1E 12 0F 00 1A 0F 19 1A 16 0F 00 19 10 00 1E 12 0F 00 27 0B 1D 1E 16 0F 00 13 18 00 1E 12 0F 00 21 0F 1D 1E 0F 1C 18 00 0D 19 1F 18 1E 1C 23 00 19 10 00 37 0B 18 1E 0F 0F 17 00 0B 1C 0F 00 1D 1E 13 16 16 00 17 13 1D 1D 13 18 11 78	I hear that the people of the Castle in the western country of Santeem are still missing.
0986	4C	06	1A	86EA	1776	2443	2D 6B 17 00 0B 00 1D 19 16 0E 13 0F 1C 00 10 1C 19 17 00 37 0B 18 1E 0F 0F 17 78 2D 00 21 0B 1D 00 11 1F 0B 1C 0E 13 18 11 00 1E 12 0F 00 1D 12 1C 13 18 0F 00 19 18 00 1E 12 0F 00 19 1E 12 0F 1C 00 1D 13 0E 0F 6C 4F 33 1F 1C 00 34 1C 13 18 0D 0F 1D 1D 00 25 16 0F 18 0B 00 21 0B 1D 00 1D 0B 23 13 18 11 00 1D 19 17 0F 19 18 0F 00 0D 0B 16 16 0F 0E 00 32 0F 0D 1C 19 1D 0B 1C 19 00 21 0B 1D 00 1D 1F 1D 1A 13 0D 13 19 1F 1D 72 78	I'm a soldier from Santeem.I was guarding the shrine on the other side.'<4F>Our Princess Alena was saying someone called Necrosaro was suspicious....
0987	4C	07	1A	86EA	2443	2776	4E 44 69 33 12 77 17 23 00 11 19 19 0E 18 0F 1D 1D 6E 00 2D 1E 6B 1D 00 23 19 1F 77 34 1C 13 18 0D 0F 1D 1D 6E 00 3D 19 1F 6B 1C 0F 00 0B 16 1C 13 11 12 1E 72 78 3B 0F 0F 1A 72 6A	<4E><44>'Oh,my goodness! It's you,Princess! You're alright....Weep...'
0988	4C	08	1A	86EA	2776	3041	4E 44 69 2D 10 00 23 19 1F 00 0E 19 18 6B 1E 00 21 0B 18 1E 00 0B 18 23 00 1E 1C 19 1F 0C 16 0F 77 16 0F 0B 20 0F 00 13 17 17 0F 0E 13 0B 1E 0F 16 23 6E 6A	<4E><44>'If you don't want any trouble,leave immediately!'
0989	4C	09	1A	86EA	3041	3185	2D 6B 17 00 0B 00 1E 1C 0B 20 0F 16 0F 1C 00 18 0B 17 0F 0E 00 2C 0F 0B 16 13 0F 6C 44	I'm a traveler named Healie.'<44>
098A	4C	0A	1A	86EA	3185	3560	34 16 0F 0B 1D 0F 00 1C 0F 1D 0D 1F 0F 00 36 0B 11 18 0B 1C 00 13 18 00 1E 12 0F 00 27 0B 1D 1E 16 0F 6E 6A 4F 3D 19 1F 00 0D 0B 18 00 1D 18 0F 0B 15 00 13 18 00 13 10 00 23 19 1F 00 12 0B 20 0F 00 0B 00 31 0B 11 13 0D 00 2F 0F 23 78	Please rescue Ragnar in the Castle!'<4F>You can sneak in if you have a Magic Key.
098B	4C	0B	1A	86EA	3560	3864	4E 44 69 3D 19 1F 00 17 0B 23 00 10 13 18 0E 00 19 1F 1E 00 1D 19 17 0F 1E 12 13 18 11 00 13 18 00 2C 0B 20 13 16 16 0F 77 0B 00 18 19 1C 1E 12 0F 1C 18 00 1A 19 1C 1E 00 1E 19 21 18 6C	<4E><44>'You may find out something in Haville,a northern port town.'
098C	4C	0C	1A	86EA	3864	4467	25 10 1E 0F 1C 00 1E 12 0F 00 11 23 1A 1D 23 00 1D 13 1D 1E 0F 1C 1D 00 10 16 0F 0E 00 0C 23 00 1D 12 13 1A 77 1E 12 0F 00 2F 13 18 11 6B 1D 00 1C 0F 11 1F 16 0B 1E 13 19 18 1D 00 0C 0F 0D 0B 17 0F 00 0F 20 0F 18 00 17 19 1C 0F 00 1D 1E 1C 13 0D 1E 6C 4F 3B 0F 00 17 0B 23 00 18 0F 20 0F 1C 00 1D 0F 0F 00 0B 18 19 1E 12 0F 1C 00 1D 12 13 1A 00 16 0F 0B 20 0F 00 1E 12 13 1D 00 1A 19 1C 1E 78	After the gypsy sisters fled by ship,the King's regulations became even more strict.'<4F>We may never see another ship leave this port.
098D	4C	0D	1A	86EA	4467	4725	4E 44 69 38 12 0F 00 16 0B 1D 1E 00 1D 12 13 1A 00 1E 19 00 16 0F 0B 20 0F 00 1E 12 13 1D 00 1A 19 1C 1E 00 16 0F 10 1E 00 1D 19 17 0F 00 1E 13 17 0F 00 0B 11 19 6C	<4E><44>'The last ship to leave this port left some time ago.'
098E	4C	0E	1A	86EA	4725	4863	32 19 00 17 19 1C 0F 00 1D 12 13 1A 1D 00 0B 1C 0F 00 13 18 00 1D 0F 1C 20 13 0D 0F 78	No more ships are in service.
098F	4C	0F	1A	86EA	4863	5788	31 0B 11 13 0D 00 2F 0F 23 1D 6D 00 37 1F 0D 12 00 0C 13 24 0B 1C 1C 0F 00 1E 12 13 18 11 1D 72 6A 4F 28 33 00 29 3C 2D 37 38 6E 00 39 18 10 19 1C 1E 1F 18 0B 1E 0F 16 23 00 2D 00 0E 19 18 6B 1E 00 12 0B 20 0F 00 19 18 0F 6C 4F 38 12 0F 23 00 1D 0B 23 00 0B 16 0D 12 0F 17 13 1D 1E 1D 00 0D 19 1F 16 0E 00 17 0B 15 0F 00 19 18 0F 00 0F 0B 1D 13 16 23 6C 4F 2D 00 1C 0F 17 0F 17 0C 0F 1C 00 0B 16 0D 12 0F 17 13 1D 1E 1D 00 1F 1D 0F 0E 00 1E 19 00 16 13 20 0F 00 13 18 00 1E 12 0F 00 1D 19 1F 1E 12 0F 1C 18 00 20 13 16 16 0B 11 0F 77 2F 13 0F 20 1D 78	Magic Keys? Such bizarre things...'<4F>DO EXIST! Unfortunately I don't have one.'<4F>They say alchemists could make one easily.'<4F>I remember alchemists used to live in the southern village,Kievs.
0990	4C	10	1A	86EA	5788	6319	2D 1E 00 1D 0F 0F 17 1D 00 1E 1C 1F 0F 00 1E 12 0B 1E 00 1E 12 0F 00 36 1F 16 0F 1C 00 19 10 00 29 20 13 16 00 21 13 16 16 00 1C 0F 20 13 20 0F 00 1D 19 19 18 6C 4F 2D 6B 17 00 0B 10 1C 0B 13 0E 00 21 0F 00 21 19 18 6B 1E 00 0C 0F 00 0B 0C 16 0F 00 1E 19 00 1E 0B 15 0F 00 0B 00 21 0B 16 15 00 0B 1E 00 18 13 11 12 1E 00 0B 18 23 17 19 1C 0F 78	It seems true that the Ruler of Evil will revive soon.'<4F>I'm afraid we won't be able to take a walk at night anymore.
0991	4C	11	1A	86EA	6319	6559	2E 19 23 00 13 1D 00 1E 19 19 00 1A 1C 0F 1E 1E 23 00 10 19 1C 00 17 23 00 0C 1C 19 1E 12 0F 1C 78 2D 6B 16 16 00 17 0B 1C 1C 23 00 12 0F 1C 6E	Joy is too pretty for my brother.I'll marry her!
0992	4C	12	1A	86EA	6559	6994	2F 13 18 11 00 26 0B 16 24 0B 0D 15 00 19 10 00 2F 0F 0F 16 0F 19 18 00 0B 1A 1A 0F 0B 1C 1D 00 0F 20 0F 18 00 16 0F 1D 1D 00 19 10 1E 0F 18 00 1E 12 0B 18 00 0C 0F 10 19 1C 0F 6C 4F 2B 19 19 0E 00 10 19 1C 00 17 0F 77 2D 00 0D 0B 18 00 1E 0B 15 0F 00 13 1E 00 0F 0B 1D 23 78	King Balzack of Keeleon appears even less often than before.'<4F>Good for me,I can take it easy.
0993	4C	13	1A	86EA	6994	7471	2D 6B 17 00 12 0F 1C 0F 00 1E 19 00 1D 0F 0F 00 2E 19 23 77 1E 12 0F 00 11 13 1C 16 00 21 12 19 00 11 0B 20 0F 00 17 23 00 0C 1C 19 1E 12 0F 1C 00 1E 12 0F 00 0D 19 16 0E 00 1D 12 19 1F 16 0E 0F 1C 6C 4F 2D 6B 16 16 00 0D 19 18 20 13 18 0D 0F 00 12 0F 1C 00 12 19 21 00 11 19 19 0E 00 12 0F 00 13 1D 6E	I'm here to see Joy,the girl who gave my brother the cold shoulder.'<4F>I'll convince her how good he is!
0994	4C	14	1A	86EA	7471	7788	25 18 19 1E 12 0F 1C 00 20 13 1D 13 1E 19 1C 6D 00 31 0B 18 23 00 20 13 1D 13 1E 19 1C 1D 00 0D 19 17 0F 00 1E 19 00 1D 0F 0F 00 1E 12 0F 00 1A 1C 13 1D 19 18 0F 1C 1D 00 1E 12 0F 1D 0F 00 0E 0B 23 1D 72 78	Another visitor? Many visitors come to see the prisoners these days....
0995	4C	15	1A	86EA	7788	8216	2F 13 18 11 00 26 0B 16 24 0B 0D 15 00 19 10 00 2F 0F 0F 16 0F 19 18 00 1D 0F 0F 17 1D 00 1E 19 00 12 0B 20 0F 00 0B 00 12 13 0E 0E 0F 18 00 17 0B 1D 1E 0F 1C 6C 4F 25 0D 0D 19 1C 0E 13 18 11 00 1E 19 00 1C 1F 17 19 1C 77 12 0F 6B 1D 00 18 19 1E 00 12 1F 17 0B 18 78	King Balzack of Keeleon seems to have a hidden master.'<4F>According to rumor,he's not human.
0996	4C	16	1A	86EA	8216	8533	4E 44 69 3B 12 0F 18 00 2D 00 1E 19 16 0E 00 1E 12 13 1D 00 1E 19 00 0B 00 1D 19 16 0E 13 0F 1C 00 0D 0B 16 16 0F 0E 00 36 0B 11 18 0B 1C 77 12 0F 00 16 0F 10 1E 00 1B 1F 13 0D 15 16 23 6C	<4E><44>'When I told this to a soldier called Ragnar,he left quickly.'
0997	4C	17	1A	86EA	8533	8737	2D 1D 00 1E 12 0F 00 2C 19 1F 1D 0F 00 19 10 00 34 1C 19 1A 12 0F 0D 23 00 1D 1E 13 16 16 00 19 18 00 1E 12 0F 00 1D 12 19 1C 0F 6D	Is the House of Prophecy still on the shore?
0998	4C	18	1A	86EA	8737	9556	36 0B 11 18 0B 1C 77 0B 00 1D 19 16 0E 13 0F 1C 00 10 1C 19 17 00 26 1F 1C 16 0B 18 0E 77 0D 0B 17 0F 00 1D 0F 0B 1C 0D 12 13 18 11 00 10 19 1C 00 1E 12 0F 00 2C 0F 1C 19 6C 4F 2D 00 1E 19 16 0E 00 12 13 17 00 21 12 0B 1E 00 1E 12 0F 00 2C 0F 1C 19 00 16 19 19 15 1D 00 16 13 15 0F 6C 4F 38 12 0F 00 16 13 11 12 1E 1D 00 0B 1C 0F 00 11 16 19 21 13 18 11 00 0F 20 0F 18 00 17 19 1C 0F 00 1C 0B 0E 13 0B 18 1E 16 23 78 3D 19 1F 1C 00 0F 18 0D 19 1F 18 1E 0F 1C 00 17 0B 23 00 1E 0B 15 0F 00 1A 16 0B 0D 0F 00 1D 19 19 18 78	Ragnar,a soldier from Burland,came searching for the Hero.'<4F>I told him what the Hero looks like.'<4F>The lights are glowing even more radiantly.Your encounter may take place soon.
0999	4C	19	1A	86EA	9556	10405	38 12 0F 00 1E 13 17 0F 00 12 0B 1D 00 0D 19 17 0F 72 6C 4F 32 19 21 00 1E 12 0B 1E 00 23 19 1F 77 1E 12 0F 00 27 12 19 1D 0F 18 00 33 18 0F 1D 77 12 0B 20 0F 00 0D 19 18 20 0F 1C 11 0F 0E 77 23 19 1F 00 1D 12 0B 16 16 00 0C 0F 00 0B 0C 16 0F 00 1E 19 00 0E 0F 10 0F 0B 1E 00 0F 20 13 16 6C 4F 3D 19 1F 1C 00 0F 18 0F 17 23 00 13 1D 00 1E 12 0F 00 1C 0F 1D 1F 1C 1C 0F 0D 1E 13 18 11 00 36 1F 16 0F 1C 00 19 10 00 29 20 13 16 72 21 12 19 1D 0F 00 18 0B 17 0F 00 13 1D 00 29 1D 72 6C 4F 2B 0B 1D 1A 6E 6A 4F 72 72 72	The time has come....'<4F>Now that you,the Chosen Ones,have converged,you shall be able to defeat evil.'<4F>Your enemy is the resurrecting Ruler of Evil...whose name is Es....'<4F>Gasp!'<4F>.........
099A	4C	1A	1A	86EA	10405	10792	38 12 13 1D 00 13 1D 00 25 15 1E 0F 17 1E 19 77 0B 00 17 13 18 13 18 11 00 1E 19 21 18 6C 4F 38 12 0F 00 17 0B 18 00 21 12 19 00 21 0B 1D 00 0B 1E 00 1E 12 0F 00 11 1C 0B 20 0F 23 0B 1C 0E 00 1A 0B 1D 1D 0F 0E 00 0B 21 0B 23 00 1E 19 19 72 78	This is Aktemto,a mining town.'<4F>The man who was at the graveyard passed away too....
099B	4C	1B	1A	86EA	10792	10984	2C 0B 0D 15 72 2C 0B 0D 15 72 21 13 16 16 00 2D 00 0C 0F 00 0B 16 13 20 0F 00 1E 19 17 19 1C 1C 19 21 6D	Hack...Hack...will I be alive tomorrow?
099C	4C	1C	1A	86EA	10984	11075	28 13 11 77 28 13 11 77 28 13 11 72	Dig,Dig,Dig...
099D	4C	1D	1A	86EA	11075	12021	2D 6B 17 00 0B 00 1E 1C 0B 20 0F 16 13 18 11 00 17 0F 1C 0D 12 0B 18 1E 6C 4F 39 18 1E 13 16 00 1C 0F 0D 0F 18 1E 16 23 77 2D 00 12 0F 16 0E 00 0B 00 0E 0F 1D 0F 1C 1E 00 0C 0B 24 0B 0B 1C 00 13 18 00 1E 12 0F 00 0D 19 1F 18 1E 1C 23 00 19 10 00 37 0B 18 1E 0F 0F 17 6C 4F 32 19 21 00 1E 12 0B 1E 00 1E 12 0F 00 0C 0B 24 0B 0B 1C 00 13 1D 00 19 20 0F 1C 77 2D 6B 17 00 19 18 00 17 23 00 21 0B 23 00 1E 19 00 31 19 18 0C 0B 1C 0B 0C 0B 00 13 18 00 1E 12 0F 00 1D 19 1F 1E 12 6C 4F 3B 0F 16 16 77 0B 16 16 19 21 00 17 0F 00 1E 19 00 0E 19 00 0C 1F 1D 13 18 0F 1D 1D 00 21 13 1E 12 00 23 19 1F 6C 44	I'm a traveling merchant.'<4F>Until recently,I held a desert bazaar in the country of Santeem.'<4F>Now that the bazaar is over,I'm on my way to Monbaraba in the south.'<4F>Well,allow me to do business with you.'<44>
099E	4C	1E	1A	86EA	12021	13076	38 12 0F 00 25 16 0D 12 0F 17 13 1D 1E 77 29 0E 11 0B 1C 77 21 0B 1D 00 0B 1D 1D 0B 1D 1D 13 18 0B 1E 0F 0E 00 10 19 1C 00 1E 1C 23 13 18 11 00 1E 19 00 0E 0F 1D 1E 1C 19 23 00 1D 19 17 0F 1E 12 13 18 11 00 0D 0B 16 16 0F 0E 00 1E 12 0F 00 37 0F 0D 1C 0F 1E 00 19 10 00 29 20 19 16 1F 1E 13 19 18 6C 4F 29 20 19 16 1F 1E 13 19 18 00 13 1D 00 12 19 21 00 17 0B 18 00 0F 20 19 16 20 0F 0E 00 10 1C 19 17 00 0B 1A 0F 1D 00 19 1C 00 1D 19 17 0F 1E 12 13 18 11 00 16 13 15 0F 00 1E 12 0B 1E 77 1C 13 11 12 1E 6D 6A 4F 2D 00 21 19 18 0E 0F 1C 00 21 12 0B 1E 00 21 13 16 16 00 0C 0F 0D 19 17 0F 00 19 10 00 1F 1D 00 13 10 00 21 0F 00 15 0F 0F 1A 00 0F 20 19 16 20 13 18 11 6E	The Alchemist,Edgar,was assassinated for trying to destroy something called the Secret of Evolution.'<4F>Evolution is how man evolved from apes or something like that,right?'<4F>I wonder what will become of us if we keep evolving!
099F	4C	1F	1A	86EA	13076	13393	2D 00 1D 0B 21 00 0B 00 37 16 13 17 0F 00 13 18 00 1E 12 0F 00 20 13 16 16 0B 11 0F 6C 4F 34 19 1C 1E 0B 00 1E 12 0F 00 0E 19 11 00 13 1D 00 0D 12 0B 1D 13 18 11 00 13 1E 00 0C 0B 1C 15 13 18 11 78	I saw a Slime in the village.'<4F>Porta the dog is chasing it barking.
09A0	4D	00	1A	8D75	0	69	31 23 00 31 0B 1C 0B 6E 6A 44	My Mara!'<44>
09A1	4D	01	1A	8D75	69	159	31 23 00 0E 0F 0B 1C 00 32 0B 1C 0B 6E 6A 44	My dear Nara!'<44>
09A2	4D	02	1A	8D75	159	250	3D 19 1F 6B 1C 0F 00 0B 16 1C 13 11 12 1E 6C 44	You're alright.'<44>
09A3	4D	03	1A	8D75	250	501	3B 12 0B 1E 6D 00 25 00 31 0B 11 13 0D 00 2F 0F 23 6D 00 29 0E 11 0B 1C 6B 1D 00 1A 1F 1A 13 16 00 33 1C 13 18 00 12 0B 0E 00 19 18 0F 78	What? A Magic Key? Edgar's pupil Orin had one.
09A4	4D	04	1A	8D75	501	1110	33 12 77 17 23 6E 00 34 19 1C 1E 0B 00 1E 12 0F 00 0E 19 11 00 13 1D 00 20 0F 1C 23 00 10 19 18 0E 00 19 10 00 23 19 1F 6C 4F 33 1C 00 17 0B 23 0C 0F 00 13 1E 6B 1D 00 14 1F 1D 1E 00 1E 12 0B 1E 00 23 19 1F 00 1D 17 0F 16 16 00 16 13 15 0F 00 0B 00 37 16 13 17 0F 6C 4F 3D 19 1F 00 0D 12 0B 1E 1E 0F 0E 00 21 13 1E 12 00 0B 00 37 16 13 17 0F 00 1C 0F 0D 0F 18 1E 16 23 6D	Oh,my! Porta the dog is very fond of you.'<4F>Or maybe it's just that you smell like a Slime.'<4F>You chatted with a Slime recently?
09A5	4D	05	1A	8D75	1110	1804	2D 00 1C 0F 17 0F 17 0C 0F 1C 0F 0E 6E 00 29 0E 11 0B 1C 00 12 0B 0E 00 0B 00 1D 0F 0D 1C 0F 1E 00 16 0B 0C 19 1C 0B 1E 19 1C 23 00 1D 19 17 0F 21 12 0F 1C 0F 00 0F 16 1D 0F 6C 4F 2D 10 00 2D 00 1C 0F 17 0F 17 0C 0F 1C 00 0D 19 1C 1C 0F 0D 1E 16 23 77 13 1E 6B 1D 00 13 18 00 1E 12 0F 00 21 0F 1D 1E 0F 1C 18 00 0D 0B 20 0F 78 2D 00 1E 12 13 18 15 00 23 19 1F 6B 16 16 00 10 13 18 0E 00 0B 00 31 0B 11 13 0D 00 2F 0F 23 00 1E 12 0F 1C 0F 78	I remembered! Edgar had a secret laboratory somewhere else.'<4F>If I remember correctly,it's in the western cave.I think you'll find a Magic Key there.
09A6	4D	06	1A	8D75	1804	2124	2D 00 0D 0B 17 0F 00 0C 0F 0D 0B 1F 1D 0F 00 2D 00 12 0F 0B 1C 0E 00 1E 12 0F 00 1D 0F 0D 1C 0F 1E 00 16 0B 0C 19 1C 0B 1E 19 1C 23 00 19 10 00 0B 18 00 0B 16 0D 12 0F 17 13 1D 1E 00 21 0B 1D 00 12 0F 1C 0F 72 78	I came because I heard the secret laboratory of an alchemist was here....
09A7	4D	07	1A	8D75	2124	2449	29 0B 0D 12 00 1E 13 17 0F 00 0B 00 18 0F 21 00 2F 13 18 11 00 13 1D 00 0D 1C 19 21 18 0F 0E 77 1E 12 0F 00 1E 0F 1C 1C 19 1C 00 13 18 00 1E 12 13 1D 00 0D 19 1F 18 1E 1C 23 00 13 18 1E 0F 18 1D 13 10 13 0F 1D 78	Each time a new King is crowned,the terror in this country intensifies.
09A8	4D	08	1A	8D75	2449	2732	37 19 17 0F 1E 13 17 0F 1D 00 2D 00 1D 0F 0F 00 1D 17 19 15 0F 00 13 18 00 1E 12 0F 00 10 0B 1C 00 0E 13 1D 1E 0B 18 0D 0F 78 25 17 00 2D 00 1D 0F 0F 13 18 11 00 1E 12 13 18 11 1D 6D	Sometimes I see smoke in the far distance.Am I seeing things?
09A9	4D	09	1A	8D75	2732	2822	2C 0B 6E 00 3B 12 0B 1E 00 0B 1C 0F 00 23 19 1F 6D	Ha! What are you?
09AA	4D	0A	1A	8D75	2822	3100	2D 6B 17 00 2F 0F 0F 16 0F 19 18 78 2D 00 1C 1F 16 0F 00 1E 12 13 1D 00 0D 19 1F 18 1E 1C 23 00 18 19 21 77 18 19 1E 00 2F 13 18 11 00 26 0B 16 24 0B 0D 15 6C 44	I'm Keeleon.I rule this country now,not King Balzack.'<44>
09AB	4D	0B	1A	8D75	3100	3631	2C 1F 12 6D 00 4B 3D 19 1F 6E 00 3D 19 1F 00 21 0F 1C 0F 00 0D 12 0B 1D 13 18 11 00 26 0B 16 24 0B 0D 15 00 1E 19 00 1D 0F 0F 15 00 1C 0F 20 0F 18 11 0F 6E 6A 4F 38 19 19 00 0C 0B 0E 77 26 0B 16 24 0B 0D 15 00 13 1D 18 6B 1E 00 12 0F 1C 0F 00 0B 18 23 17 19 1C 0F 72 2C 0B 77 2C 0B 77 2C 0B 6E 6A 44	Huh? <4B>You! You were chasing Balzack to seek revenge!'<4F>Too bad,Balzack isn't here anymore...Ha,Ha,Ha!'<44>
09AC	4D	0C	1A	8D75	3631	4188	38 12 13 1D 00 21 13 16 16 00 0C 0F 00 0B 00 10 1F 18 00 21 0B 23 00 1E 19 00 1A 0B 1D 1D 00 1E 13 17 0F 78 2D 6B 16 16 00 1D 12 19 21 00 23 19 1F 00 12 19 21 00 13 18 10 0F 1C 13 19 1C 00 12 1F 17 0B 18 1D 00 0B 1C 0F 6C 4F 36 0F 11 1C 0F 1E 00 0C 0F 13 18 11 00 0C 19 1C 18 00 21 13 1E 12 00 1D 1F 0D 12 00 10 1C 0B 11 13 16 0F 00 0C 19 0E 13 0F 1D 6E	This will be a fun way to pass time.I'll show you how inferior humans are.'<4F>Regret being born with such fragile bodies!
09AD	4D	0D	1A	8D75	4188	4308	38 19 0B 0B 0B 0B 0B 0B 12 6E 00 57 4B 39 11 0B 12 12 6E	Toaaaaaah! <57><4B>Ugahh!
09AE	4D	0E	1A	8D75	4308	4433	3D 19 1F 00 21 13 0D 15 0F 0E 72 57 4B 33 1F 0D 12 6E	You wicked...<57><4B>Ouch!
09AF	4D	0F	1A	8D75	4433	4504	29 0F 0F 23 0B 0B 12 6E 57 4B	Eeeyaah!<57><4B>
09B0	4D	10	1A	8D75	4504	4808	29 0F 0F 0F 6E 00 57 4B 2C 1F 1C 1C 23 6E 00 2D 6B 16 16 00 1E 0B 15 0F 00 0D 0B 1C 0F 00 19 10 00 1E 12 13 1D 78 3D 19 1F 6B 16 16 00 11 19 00 1E 19 00 2F 0F 0F 16 0F 19 18 6E	Eeee! <57><4B>Hurry! I'll take care of this.You'll go to Keeleon!
09B1	4D	11	1A	8D75	4808	5005	2C 0B 6D 00 3B 12 0B 1E 00 12 0B 20 0F 00 2D 00 0C 0F 0F 18 00 0E 19 13 18 11 00 0B 16 16 00 1E 12 13 1D 00 1E 13 17 0F 6D	Ha? What have I been doing all this time?
09B2	4D	12	1A	8D75	5005	5789	4E 36 0B 11 18 0B 1C 71 69 3A 0F 1C 23 00 13 17 1A 1C 0F 1D 1D 13 20 0F 6E 6A 44 36 0B 11 18 0B 1C 71 69 2C 0F 1C 19 77 16 0F 1E 6B 1D 00 10 13 11 12 1E 00 1E 19 11 0F 1E 12 0F 1C 00 1E 19 00 1D 0B 20 0F 00 1E 12 0F 00 21 19 1C 16 0E 6E 6A 44 36 0B 11 18 0B 1C 00 14 19 13 18 0F 0E 00 1E 12 0F 00 34 0B 1C 1E 23 6E 43 55 44 36 0B 11 18 0B 1C 00 21 0F 18 1E 00 0B 12 0F 0B 0E 00 10 13 1C 1D 1E 00 0B 18 0E 00 11 19 1E 00 13 18 00 1E 12 0F 00 21 0B 11 19 18 6E	<4E>Ragnar:'Very impressive!'<44>Ragnar:'Hero,let's fight together to save the world!'<44>Ragnar joined the Party!<43><55><44>Ragnar went ahead first and got in the wagon!
09B3	4D	13	1A	8D75	5789	5930	4E 44 69 38 12 0B 1E 6B 1D 00 18 19 1E 00 1E 1C 1F 0F 00 0B 18 23 17 19 1C 0F 6C	<4E><44>'That's not true anymore.'
09B4	4D	14	1A	8D75	5930	6469	34 16 0F 0B 1D 0F 00 1E 0F 16 16 00 36 0B 11 18 0B 1C 00 1E 12 0B 1E 00 2D 00 21 13 1D 12 00 12 13 17 00 1E 12 0F 00 0C 0F 1D 1E 00 19 10 00 16 1F 0D 15 00 13 18 00 12 13 1D 00 14 19 1F 1C 18 0F 23 72 6A 4F 0B 18 0E 00 2D 77 2C 0F 0B 16 13 0F 77 1E 12 0B 18 15 00 12 13 17 00 11 1C 0F 0B 1E 16 23 72 78 2A 0B 1C 0F 21 0F 16 16 6E	Please tell Ragnar that I wish him the best of luck in his journey...'<4F>and I,Healie,thank him greatly....Farewell!
09B5	4D	15	1A	8D75	6469	6739	38 12 0B 18 15 00 23 19 1F 00 20 0F 1C 23 00 17 1F 0D 12 78 34 0F 0B 0D 0F 00 21 13 16 16 00 0D 19 17 0F 00 1E 19 00 1E 12 13 1D 00 0D 19 1F 18 1E 1C 23 00 1E 19 19 78	Thank you very much.Peace will come to this country too.
09B6	4D	16	1A	8D75	6739	6856	2A 19 1C 11 13 20 0F 00 17 0F 78 26 19 21 77 3B 19 21 6E	Forgive me.Bow,Wow!
09B7	4D	17	1A	8D75	6856	7130	2D 00 21 19 18 6B 1E 00 10 19 1C 11 13 20 0F 00 23 19 1F 00 0F 20 0F 18 00 13 10 00 23 19 1F 00 1E 1F 1C 18 00 0B 1C 19 1F 18 0E 00 02 01 01 00 1E 13 17 0F 1D 6E	I won't forgive you even if you turn around 100 times!
09B8	4D	18	1A	8D75	7130	7384	37 1E 1C 0B 18 11 0F 72 2D 00 0E 19 18 6B 1E 00 12 0F 0B 1C 00 0B 00 20 19 13 0D 0F 00 10 1C 19 17 00 0E 19 21 18 1D 1E 0B 13 1C 1D 00 0B 18 23 17 19 1C 0F 78	Strange...I don't hear a voice from downstairs anymore.
09B9	4D	19	1A	8D75	7384	8006	2C 1F 12 6D 00 2D 00 21 0B 1D 00 0B 0C 19 1F 1E 00 1E 19 00 0C 0F 0D 19 17 0F 00 1E 12 0F 00 18 0F 22 1E 00 1D 1F 0C 14 0F 0D 1E 00 19 10 00 0B 18 00 0F 22 1A 0F 1C 13 17 0F 18 1E 00 13 18 00 1E 12 0F 00 37 0F 0D 1C 0F 1E 00 19 10 00 29 20 19 16 1F 1E 13 19 18 6D 6A 4F 3B 12 0B 1E 6B 1D 00 1E 12 0F 00 37 0F 0D 1C 0F 1E 00 19 10 00 29 20 19 16 1F 1E 13 19 18 77 0B 18 23 21 0B 23 6D	Huh? I was about to become the next subject of an experiment in the Secret of Evolution?'<4F>What's the Secret of Evolution,anyway?
09BA	4D	1A	1A	8D75	8006	8094	2C 0F 23 6E 00 37 1E 0F 1A 00 0B 1D 13 0E 0F 6E	Hey! Step aside!
09BB	4D	1B	1A	8D75	8094	8326	2D 00 21 0B 1D 00 0D 12 0B 1D 0F 0E 00 0B 1C 19 1F 18 0E 00 1E 19 19 00 17 1F 0D 12 78 2D 00 21 19 18 6B 1E 00 10 19 1C 11 0F 1E 00 1E 12 0B 1E 78	I was chased around too much.I won't forget that.
09BC	4D	1C	1A	8D75	8326	8846	2C 0F 77 2C 0F 77 2C 0F 78 2D 6B 20 0F 00 0E 19 18 0F 00 1D 19 17 0F 1E 12 13 18 11 00 23 19 1F 00 21 19 18 6B 1E 00 16 13 15 0F 72 6C 4F 38 12 0F 00 37 0F 0D 1C 0F 1E 00 19 10 00 29 20 19 16 1F 1E 13 19 18 00 13 1D 00 0B 16 1C 0F 0B 0E 23 00 13 18 00 1E 12 0F 00 12 0B 18 0E 1D 00 19 10 00 32 0F 0D 1C 19 1D 0B 1C 19 78	He,He,He.I've done something you won't like....'<4F>The Secret of Evolution is already in the hands of Necrosaro.
09BD	4D	1D	1A	8D75	8846	9048	3D 19 1F 18 11 00 11 13 1C 16 1D 00 16 19 19 15 00 12 0F 0B 16 1E 12 23 72 3E 24 24 72 3E 24 24 72	Young girls look healthy...Zzz...Zzz...
09BE	4D	1E	1A	8D75	9048	9434	2F 13 13 13 6E 00 2D 6B 17 00 12 1F 18 11 1C 23 6E 6A 4F 38 12 0B 1E 00 26 0B 16 24 0B 0D 15 00 0E 1C 13 20 0F 1D 00 17 0F 00 12 0B 1C 0E 6C 4F 26 16 0B 17 0F 00 12 13 17 77 18 19 1E 00 17 0F 6E 00 2F 13 13 13 6E	Kiii! I'm hungry!'<4F>That Balzack drives me hard.'<4F>Blame him,not me! Kiii!
09BF	4D	1F	1A	8D75	9434	10164	29 0E 11 0B 1C 6B 1D 00 0E 0B 1F 11 12 1E 0F 1C 6E 00 3D 19 1F 6B 20 0F 00 0D 19 17 0F 6E 00 2D 00 0E 13 0E 18 6B 1E 00 0F 22 1A 0F 0D 1E 00 1E 19 00 10 13 11 12 1E 00 21 13 1E 12 00 23 19 1F 00 0B 11 0B 13 18 6E 6A 4F 30 19 19 15 00 0B 1E 00 17 0F 6E 00 2D 6B 20 0F 00 0D 12 0B 18 11 0F 0E 00 0C 0F 23 19 18 0E 00 1C 0F 0D 19 11 18 13 1E 13 19 18 77 12 0B 20 0F 18 6B 1E 00 2D 6D 00 2D 6B 17 00 26 0B 16 24 0B 0D 15 6E 6A 44	Edgar's daughter! You've come! I didn't expect to fight with you again!'<4F>Look at me! I've changed beyond recognition,haven't I? I'm Balzack!'<44>
09C0	4E	00	1A	926C	0	420	2D 6B 20 0F 00 0B 16 1C 0F 0B 0E 23 00 1C 0F 0B 0D 12 0F 0E 00 1E 12 0F 00 1F 16 1E 13 17 0B 1E 0F 00 10 19 1C 17 00 19 10 00 0F 20 19 16 1F 1E 13 19 18 6E 00 31 23 00 0C 19 0E 23 00 13 1D 00 16 13 15 0F 00 0B 00 1D 1F 1A 0F 1C 6F 0C 0F 13 18 11 6B 1D 6C 44	I've already reached the ultimate form of evolution! My body is like a super-being's.'<44>
09C1	4E	01	1A	926C	420	873	29 20 0F 18 00 32 0F 0D 1C 19 1D 0B 1C 19 00 1E 12 0F 00 31 0B 1D 1E 0F 1C 72 18 19 00 1E 12 0B 1E 00 32 0F 0D 1C 19 1D 0B 1C 19 00 13 1D 00 18 19 00 17 0B 1E 0D 12 00 10 19 1C 00 17 0F 6C 4F 27 19 17 0F 6E 00 3D 19 1F 00 10 19 19 16 13 1D 12 77 21 0F 0B 15 00 12 1F 17 0B 18 1D 6E	Even Necrosaro the Master...no that Necrosaro is no match for me.'<4F>Come! You foolish,weak humans!
09C2	4E	02	1A	926C	873	1136	38 12 13 1D 00 13 1D 00 37 1F 1C 0F 18 0F 78 2D 1E 00 1F 1D 0F 0E 00 1E 19 00 0C 0F 00 1E 12 0F 00 27 0B 1D 1E 16 0F 00 38 19 21 18 00 19 10 00 37 0B 18 1E 0F 0F 17 78	This is Surene.It used to be the Castle Town of Santeem.
09C3	4E	03	1A	926C	1136	1407	31 19 18 1D 1E 0F 1C 1D 00 1D 1E 0B 1C 1E 0F 0E 00 16 13 20 13 18 11 00 13 18 00 37 0B 18 1E 0F 0F 17 00 27 0B 1D 1E 16 0F 78 2C 19 21 00 1E 0F 1C 1C 13 0C 16 0F 72 78	Monsters started living in Santeem Castle.How terrible....
09C4	4E	04	1A	926C	1407	1976	4E 44 69 38 19 00 10 13 18 0E 00 19 1F 1E 00 21 12 23 00 1E 12 0F 00 1A 0F 19 1A 16 0F 00 0E 13 1D 0B 1A 1A 0F 0B 1C 0F 0E 77 34 1C 13 18 0D 0F 1D 1D 00 25 16 0F 18 0B 72 6A 4F 13 1D 00 1D 0F 0B 1C 0D 12 13 18 11 00 10 19 1C 00 1E 12 0F 00 17 0B 18 00 0D 0B 16 16 0F 0E 00 32 0F 0D 1C 19 1D 0B 1C 19 72 78 30 0B 77 30 0B 77 30 0B 72	<4E><44>'To find out why the people disappeared,Princess Alena...'<4F>is searching for the man called Necrosaro....La,La,La...
09C5	4E	05	1A	926C	1976	2381	2D 6B 17 00 31 0B 1C 19 18 0F 00 1E 12 0F 00 1A 19 0F 1E 6C 4F 2D 00 0E 0F 0E 13 0D 0B 1E 0F 00 1E 12 13 1D 00 1C 0F 1B 1F 13 0F 17 00 1E 19 00 1E 12 0F 00 20 0B 18 13 1D 12 0F 0E 00 1A 0F 19 1A 16 0F 00 19 10 00 37 0B 18 1E 0F 0F 17 78 53 6A 44	I'm Marone the poet.'<4F>I dedicate this requiem to the vanished people of Santeem.<53>'<44>
09C6	4E	06	1A	926C	2381	2690	4E 32 1F 1C 1D 0F 71 69 37 1E 19 1A 77 31 0B 1C 19 18 0F 6E 00 38 12 0F 00 1A 0F 19 1A 16 0F 00 19 10 00 37 0B 18 1E 0F 0F 17 00 0B 1C 0F 00 1D 1E 13 16 16 00 0B 16 13 20 0F 6E 6A	<4E>Nurse:'Stop,Marone! The people of Santeem are still alive!'
09C7	4E	07	1A	926C	2690	3024	4E 32 1F 1C 1D 0F 71 69 2D 6B 17 00 21 19 1C 1C 13 0F 0E 72 78 3B 12 0F 1C 0F 00 12 0B 20 0F 00 1E 12 0F 00 1A 0F 19 1A 16 0F 00 19 10 00 37 0B 18 1E 0F 0F 17 00 0C 0F 0F 18 00 1E 0B 15 0F 18 6D 6A	<4E>Nurse:'I'm worried....Where have the people of Santeem been taken?'
09C8	4E	08	1A	926C	3024	4028	2D 6B 17 00 0B 00 1E 1C 0B 20 0F 16 13 18 11 00 1A 1C 19 1A 12 0F 1E 0F 1D 1D 00 10 1C 19 17 00 26 1C 0B 18 0D 0B 6C 4F 2D 18 00 10 0B 1C 00 0B 21 0B 23 00 26 1C 0B 18 0D 0B 77 1E 12 0F 23 00 1E 0F 16 16 00 0B 00 1D 1E 19 1C 23 00 19 10 00 0B 00 0D 0F 16 0F 1D 1E 13 0B 16 00 21 19 17 0B 18 00 21 12 19 00 10 0F 16 16 00 13 18 00 16 19 20 0F 00 21 13 1E 12 00 0B 00 23 19 1F 18 11 00 21 19 19 0E 1D 17 0B 18 6C 4F 37 12 0F 00 0D 0B 17 0F 00 0E 19 21 18 00 10 1C 19 17 00 1E 12 0F 00 1D 15 23 6C 4F 28 19 00 23 19 1F 00 0C 0F 16 13 0F 20 0F 00 0B 18 23 19 18 0F 00 1C 0F 0B 16 16 23 00 16 13 20 0F 1D 00 1F 1A 00 13 18 00 1E 12 0F 00 1D 15 23 6D	I'm a traveling prophetess from Branca.'<4F>In far away Branca,they tell a story of a celestial woman who fell in love with a young woodsman.'<4F>She came down from the sky.'<4F>Do you believe anyone really lives up in the sky?
09C9	4E	09	1A	926C	4028	4392	3B 0F 0F 1A 72 3B 0F 0F 1A 72 18 0F 13 1E 12 0F 1C 00 1E 12 0F 00 15 13 18 0E 00 2F 13 18 11 00 18 19 1C 00 1E 12 0F 00 1A 0F 19 1A 16 0F 00 19 10 00 37 0B 18 1E 0F 0F 17 00 16 13 20 0F 00 12 0F 1C 0F 00 0B 18 23 17 19 1C 0F 72 78	Weep...Weep...neither the kind King nor the people of Santeem live here anymore....
09CA	4E	0A	1A	926C	4392	4855	2D 00 21 0B 18 1E 00 1E 19 00 0D 19 17 10 19 1C 1E 00 1E 12 13 1D 00 32 1F 1C 1D 0F 72 6A 4F 0C 1F 1E 00 2D 6B 17 00 18 19 1E 00 0F 16 19 1B 1F 0F 18 1E 00 18 19 1C 00 0D 0B 18 00 2D 00 1D 13 18 11 00 16 13 15 0F 00 31 0B 1C 19 18 0F 78 2C 19 21 00 1F 18 0C 0F 0B 1C 0B 0C 16 0F 72 78	I want to comfort this Nurse...'<4F>but I'm not eloquent nor can I sing like Marone.How unbearable....
09CB	4E	0B	1A	926C	4855	4911	37 1D 1D 72 37 1D 1D 72	Sss...Sss...
09CC	4E	0C	1A	926C	4911	5125	34 1C 13 18 0D 0F 1D 1D 00 25 16 0F 18 0B 6E 00 2C 19 21 00 18 13 0D 0F 00 1E 19 00 1D 0F 0F 00 23 19 1F 00 0B 11 0B 13 18 6E 6A 44	Princess Alena! How nice to see you again!'<44>
09CD	4E	0D	1A	926C	5125	6158	2D 00 1F 1D 0F 0E 00 1E 19 00 0C 0F 00 0B 00 1D 19 16 0E 13 0F 1C 00 19 10 00 37 0B 18 1E 0F 0F 17 6C 4F 33 18 0F 00 0E 0B 23 00 1E 12 0F 00 2F 13 18 11 00 1E 1C 13 0F 0E 00 1E 19 00 1E 0F 16 16 00 12 13 1D 00 1A 0F 19 1A 16 0F 00 1E 12 0F 00 17 0F 0B 18 13 18 11 00 19 10 00 12 13 1D 00 0E 1C 0F 0B 17 1D 6C 4F 2D 00 16 0F 10 1E 00 1E 12 0F 00 27 0B 1D 1E 16 0F 00 1E 19 00 1C 1F 18 00 0B 18 00 0F 1C 1C 0B 18 0E 00 1E 12 0B 1E 00 17 19 1C 18 13 18 11 72 6C 4F 38 12 0F 00 0D 19 1F 18 1D 0F 16 19 1C 00 12 0B 0E 00 1D 0B 13 0E 00 1E 12 0B 1E 00 1E 12 0F 00 2F 13 18 11 00 21 19 1F 16 0E 00 1E 0B 16 15 00 0B 0C 19 1F 1E 00 1E 12 0F 00 36 1F 16 0F 1C 00 19 10 00 29 20 13 16 78	I used to be a soldier of Santeem.'<4F>One day the King tried to tell his people the meaning of his dreams.'<4F>I left the Castle to run an errand that morning....'<4F>The counselor had said that the King would talk about the Ruler of Evil.
09CE	4E	0E	1A	926C	6158	6232	39 1F 1F 18 72 39 1F 1F 18 72	Uuun...Uuun...
09CF	4E	0F	1A	926C	6232	6695	2D 00 1A 1C 0B 0D 1E 13 0D 0F 0E 00 1D 13 18 11 13 18 11 00 1D 19 00 1E 12 0B 1E 00 2D 00 0D 19 1F 16 0E 00 1D 13 18 11 00 0B 1D 00 0C 0F 0B 1F 1E 13 10 1F 16 16 23 00 0B 1D 00 31 0B 1C 19 18 0F 6C 4F 36 0F 0B 0E 23 6D 00 2C 0F 1C 0F 00 13 1E 00 11 19 0F 1D 72 6C 44 54 40	I practiced singing so that I could sing as beautifully as Marone.'<4F>Ready? Here it goes....'<44><54><40>
09D0	4E	10	1A	926C	6695	6953	39 1F 1F 18 72 39 1F 1F 18 72 2D 00 0C 0F 11 00 23 19 1F 78 28 19 18 6B 1E 00 16 0F 1E 00 12 13 17 00 1D 13 18 11 77 1A 16 0F 0B 1D 0F 72 78	Uuun...Uuun...I beg you.Don't let him sing,please....
09D1	4E	11	1A	926C	6953	7101	38 12 13 1D 00 13 1D 00 1E 12 0F 00 3A 13 16 16 0B 11 0F 00 19 10 00 38 0F 17 1A 0F 78	This is the Village of Tempe.
09D2	4E	12	1A	926C	7101	7422	4E 44 69 3B 19 21 6E 00 2D 1E 6B 1D 00 1E 12 0F 00 23 19 1F 18 11 00 21 19 17 0B 18 00 21 12 19 00 0E 0F 10 0F 0B 1E 0F 0E 00 1E 12 0F 00 17 19 18 1D 1E 0F 1C 00 1D 19 17 0F 00 1E 13 17 0F 00 0B 11 19 6C	<4E><44>'Wow! It's the young woman who defeated the monster some time ago.'
09D3	4E	13	1A	926C	7422	7690	33 12 77 23 19 1F 6B 1C 0F 72 1E 12 0B 18 15 00 23 19 1F 00 20 0F 1C 23 00 17 1F 0D 12 00 10 19 1C 00 1D 0B 20 13 18 11 00 1E 12 0F 00 20 13 16 16 0B 11 0F 6E	Oh,you're...thank you very much for saving the village!
09D4	4E	14	1A	926C	7690	8167	39 18 1E 13 16 00 1C 0F 0D 0F 18 1E 16 23 77 0B 00 17 19 18 1D 1E 0F 1C 00 1E 0F 1C 1C 19 1C 13 24 0F 0E 00 1E 12 13 1D 00 20 13 16 16 0B 11 0F 72 6C 4F 25 00 1A 1C 0F 1E 1E 23 00 21 19 17 0B 18 00 0B 1A 1A 0F 0B 1C 0F 0E 00 19 18 0F 00 0E 0B 23 00 0B 18 0E 00 0E 0F 10 0F 0B 1E 0F 0E 00 12 13 17 78	Until recently,a monster terrorized this village....'<4F>A pretty woman appeared one day and defeated him.
09D5	4E	15	1A	926C	8167	8352	30 0F 1E 6B 1D 00 12 19 1A 0F 00 10 19 1C 00 1E 12 0F 00 1A 0F 0B 0D 0F 00 19 10 00 1E 12 13 1D 00 21 19 1C 16 0E 78	Let's hope for the peace of this world.
09D6	4E	16	1A	926C	8352	8654	2D 6B 17 00 0F 22 1A 0F 0D 1E 13 18 11 00 0B 00 0D 12 13 16 0E 6C 4F 38 12 13 1D 00 20 13 16 16 0B 11 0F 00 21 13 16 16 00 0C 0F 00 0B 00 16 13 20 0F 16 23 00 1A 16 0B 0D 0F 78	I'm expecting a child.'<4F>This village will be a lively place.
09D7	4E	17	1A	926C	8654	8847	2D 6B 16 16 00 12 0B 20 0F 00 1E 19 00 21 19 1C 15 00 12 0B 1C 0E 00 10 19 1C 00 17 23 00 0C 0B 0C 23 00 1E 19 19 6E	I'll have to work hard for my baby too!
09D8	4E	18	1A	926C	8847	9396	31 23 00 0E 0B 1F 11 12 1E 0F 1C 77 32 13 18 0B 77 21 13 16 16 00 1D 19 19 18 00 12 0B 20 0F 00 0B 00 0D 12 13 16 0E 6C 4F 2D 6B 16 16 00 0E 19 00 0F 20 0F 1C 23 1E 12 13 18 11 00 1E 19 00 15 0F 0F 1A 00 1A 0F 0B 0D 0F 00 13 18 00 1E 12 13 1D 00 20 13 16 16 0B 11 0F 00 1F 18 1E 13 16 00 1E 12 0F 00 0D 12 13 16 0E 00 13 1D 00 11 1C 19 21 18 78	My daughter,Nina,will soon have a child.'<4F>I'll do everything to keep peace in this village until the child is grown.
09D9	4E	19	1A	926C	9396	9704	38 12 0F 23 00 1D 0B 23 00 17 19 18 1D 1E 0F 1C 1D 00 0B 1C 0F 00 18 19 21 00 16 13 20 13 18 11 00 13 18 00 37 0B 18 1E 0F 0F 17 00 27 0B 1D 1E 16 0F 78 2D 6B 17 00 21 19 1C 1C 13 0F 0E 72 78	They say monsters are now living in Santeem Castle.I'm worried....
09DA	4E	1A	1A	926C	9704	10061	2D 00 0D 0B 18 6B 1E 00 1D 16 0F 0F 1A 6C 4F 2C 19 21 00 1E 1C 1F 0F 00 13 1D 00 1E 12 0F 00 1C 1F 17 19 1C 00 1E 12 0B 1E 00 1E 12 0F 00 36 1F 16 0F 1C 00 19 10 00 29 20 13 16 00 21 13 16 16 00 1C 0F 1D 1F 1C 1C 0F 0D 1E 6D	I can't sleep.'<4F>How true is the rumor that the Ruler of Evil will resurrect?
09DB	4E	1B	1A	926C	10061	10196	38 12 13 1D 00 13 1D 00 1E 12 0F 00 38 19 21 18 00 19 10 00 2A 1C 0F 18 19 1C 78	This is the Town of Frenor.
09DC	4E	1C	1A	926C	10196	10630	38 12 0F 1C 0F 00 21 0B 1D 00 19 18 0D 0F 00 0B 00 15 13 0E 18 0B 1A 1A 13 18 11 00 13 18 00 1E 12 13 1D 00 1E 19 21 18 6C 4F 38 12 0F 00 15 13 0E 18 0B 1A 1A 0F 1C 1D 00 1E 19 19 15 00 1E 12 0F 00 2B 19 16 0E 0F 18 00 26 1C 0B 0D 0F 16 0F 1E 00 0B 1D 00 1C 0B 18 1D 19 17 78	There was once a kidnapping in this town.'<4F>The kidnappers took the Golden Bracelet as ransom.
09DD	4E	1D	1A	926C	10630	11068	38 12 0F 00 2B 19 16 0E 0F 18 00 26 1C 0B 0D 0F 16 0F 1E 00 21 0B 1D 00 1E 12 13 1D 00 1E 19 21 18 6B 1D 00 1E 1C 0F 0B 1D 1F 1C 0F 6C 4F 2D 1E 00 17 1F 1D 1E 00 12 0B 20 0F 00 10 0F 1E 0D 12 0F 0E 00 0B 00 11 1C 0F 0B 1E 00 1A 1C 13 0D 0F 78 3B 12 0B 1E 00 0B 00 21 0B 1D 1E 0F 6E	The Golden Bracelet was this town's treasure.'<4F>It must have fetched a great price.What a waste!
09DE	4E	1E	1A	926C	11068	11484	25 00 1E 0F 1C 1C 13 0C 16 23 00 13 18 14 1F 1C 0F 0E 00 17 0B 18 00 21 0B 1D 00 0C 1C 19 1F 11 12 1E 00 12 0F 1C 0F 00 1C 0F 0D 0F 18 1E 16 23 00 0C 23 00 0B 00 21 19 17 0B 18 6C 4F 2C 0F 00 17 1F 1D 1E 00 1D 1E 13 16 16 00 0C 0F 00 0B 1E 00 1E 12 0F 00 13 18 18 78	A terribly injured man was brought here recently by a woman.'<4F>He must still be at the inn.
09DF	4E	1F	1A	926C	11484	11781	38 12 0F 00 19 16 0E 00 11 1C 0B 20 0F 23 0B 1C 0E 00 15 0F 0F 1A 0F 1C 00 15 18 19 21 1D 00 0B 00 16 19 1E 00 0B 0C 19 1F 1E 00 1E 12 0F 00 2B 19 16 0E 0F 18 00 26 1C 0B 0D 0F 16 0F 1E 78	The old graveyard keeper knows a lot about the Golden Bracelet.
09E0	4F	00	1A	982D	0	219	28 19 00 23 19 1F 00 21 13 1D 12 00 1E 19 00 12 0F 0B 1C 00 0B 0C 19 1F 1E 00 1E 12 0F 00 2B 19 16 0E 0F 18 00 26 1C 0B 0D 0F 16 0F 1E 6D	Do you wish to hear about the Golden Bracelet?
09E1	4F	01	1A	982D	219	427	28 19 18 6B 1E 00 0C 0F 00 1D 19 00 13 11 18 19 1C 0B 18 1E 78 3D 19 1F 6B 0E 00 0C 0F 1E 1E 0F 1C 00 16 13 1D 1E 0F 18 6C 44	Don't be so ignorant.You'd better listen.'<44>
09E2	4F	02	1A	982D	427	1396	38 12 0F 00 2B 19 16 0E 0F 18 00 26 1C 0B 0D 0F 16 0F 1E 00 13 1D 00 0B 00 1E 19 19 16 00 1F 1D 0F 0E 00 13 18 00 17 0B 11 13 0D 00 0B 18 0E 00 0B 16 0D 12 0F 17 23 6C 4F 2D 1E 6B 1D 00 1D 0B 13 0E 00 1E 19 00 1A 19 1D 1D 0F 1D 1D 00 1E 12 0F 00 1A 19 21 0F 1C 00 1E 19 00 0B 17 1A 16 13 10 23 00 1E 12 0F 00 10 19 1C 0D 0F 00 19 10 00 0E 0B 1C 15 18 0F 1D 1D 00 0B 18 0E 00 0D 1C 0F 0B 1E 0F 00 1E 12 0F 00 1F 18 0E 1F 16 0B 1E 13 19 18 00 19 10 00 0F 20 13 16 00 0F 18 0F 1C 11 23 6C 4F 38 12 0F 1C 0F 10 19 1C 0F 77 13 1E 00 0D 19 1F 16 0E 00 0D 0B 1F 1D 0F 00 0B 00 0D 0B 1E 0B 1D 1E 1C 19 1A 12 0F 00 13 10 00 17 13 1D 1F 1D 0F 0E 78	The Golden Bracelet is a tool used in magic and alchemy.'<4F>It's said to possess the power to amplify the force of darkness and create the undulation of evil energy.'<4F>Therefore,it could cause a catastrophe if misused.
09E3	4F	03	1A	982D	1396	1791	2D 6B 17 00 18 19 1E 00 1D 1F 1C 0F 00 12 19 21 00 0F 10 10 0F 0D 1E 13 20 0F 00 19 1C 0E 13 18 0B 1C 23 00 21 0F 0B 1A 19 18 1D 00 0B 18 0E 00 0B 1C 17 19 1C 00 21 13 16 16 00 0C 0F 00 0B 11 0B 13 18 1D 1E 00 1E 12 0F 00 0F 20 13 16 00 17 19 18 1D 1E 0F 1C 78	I'm not sure how effective ordinary weapons and armor will be against the evil monster.
09E4	4F	04	1A	982D	1791	2056	2C 0B 20 0F 00 23 19 1F 00 1D 0F 0F 18 00 1E 12 0F 00 21 0F 0E 0E 13 18 11 00 13 18 00 29 18 0E 19 1C 6D 00 2D 00 0C 0F 1E 00 13 1E 6B 1D 00 11 19 1C 11 0F 19 1F 1D 78	Have you seen the wedding in Endor? I bet it's gorgeous.
09E5	4F	05	1A	982D	2056	3059	2D 18 00 1E 12 0F 00 10 0B 1C 00 0F 0B 1D 1E 0F 1C 18 00 0D 19 1F 18 1E 1C 23 00 19 10 00 26 1C 0B 18 0D 0B 00 1E 12 0F 23 00 1E 0F 16 16 00 1E 12 13 1D 00 1D 1E 19 1C 23 6C 4F 25 00 0D 0F 16 0F 1D 1E 13 0B 16 00 18 23 17 1A 12 00 10 1C 19 17 00 1E 12 0F 00 1D 15 23 00 10 0F 16 16 00 13 18 00 16 19 20 0F 00 21 13 1E 12 00 0B 00 23 19 1F 18 11 00 21 19 19 0E 1D 17 0B 18 77 0B 18 0E 00 1D 19 19 18 00 1E 12 0F 23 00 21 0F 1C 0F 00 0F 22 1A 0F 0D 1E 13 18 11 00 0B 00 0D 12 13 16 0E 6C 4F 2D 10 00 13 1E 6B 1D 00 1E 1C 1F 0F 77 21 12 0B 1E 00 0E 19 00 23 19 1F 00 1E 12 13 18 15 00 12 0B 1D 00 0C 0F 0D 19 17 0F 00 19 10 00 1E 12 0F 00 0D 12 13 16 0E 6D	In the far eastern country of Branca they tell this story.'<4F>A celestial nymph from the sky fell in love with a young woodsman,and soon they were expecting a child.'<4F>If it's true,what do you think has become of the child?
09E6	4F	06	1A	982D	3059	3261	38 12 0F 00 21 0F 0E 0E 13 18 11 00 17 1F 1D 1E 00 0C 0F 00 11 19 13 18 11 00 19 18 00 13 18 00 29 18 0E 19 1C 00 18 19 21 78	The wedding must be going on in Endor now.
09E7	4F	07	1A	982D	3261	3450	38 12 0F 00 2F 13 18 11 00 13 1D 00 0B 1E 00 34 1C 13 18 0D 0F 00 36 0F 0F 0E 6B 1D 00 21 0F 0E 0E 13 18 11 78	The King is at Prince Reed's wedding.
09E8	4F	08	1A	982D	3450	3740	2D 00 1C 0B 13 1D 0F 0E 00 34 1C 13 18 0D 0F 00 36 0F 0F 0E 6C 4F 2D 6B 17 00 1D 1F 1C 0F 00 12 0F 6B 16 16 00 0C 0F 0D 19 17 0F 00 0B 00 11 1C 0F 0B 1E 00 15 13 18 11 72 78	I raised Prince Reed.'<4F>I'm sure he'll become a great king....
09E9	4F	09	1A	982D	3740	4321	3B 0F 00 1F 1D 0F 0E 00 1E 19 00 0C 1F 23 00 0B 1C 17 19 1C 00 12 0F 1C 0F 77 0C 1F 1E 00 21 0F 00 21 19 18 6B 1E 00 12 0B 20 0F 00 1E 19 00 0E 19 00 1E 12 0B 1E 00 0B 18 23 17 19 1C 0F 6C 4F 2A 1C 19 17 00 18 19 21 00 19 18 00 21 0F 00 0D 0B 18 00 13 17 1A 19 1C 1E 00 0B 1D 00 17 1F 0D 12 00 0B 1C 17 19 1C 00 0B 1D 00 21 0F 00 21 0B 18 1E 00 10 1C 19 17 00 29 18 0E 19 1C 78	We used to buy armor here,but we won't have to do that anymore.'<4F>From now on we can import as much armor as we want from Endor.
09EA	4F	0A	1A	982D	4321	4613	38 12 13 1D 00 13 1D 00 2E 0B 13 16 78 3D 19 1F 6B 0E 00 0C 0F 1E 1E 0F 1C 00 16 0F 0B 20 0F 00 19 1C 00 23 19 1F 6B 16 16 00 0C 0F 00 1E 12 1C 19 21 18 00 13 18 1E 19 00 13 1E 78	This is Jail.You'd better leave or you'll be thrown into it.
09EB	4F	0B	1A	982D	4613	4726	28 0B 1C 18 6E 00 2D 1E 6B 1D 00 1D 19 00 0C 19 1C 13 18 11 6E	Darn! It's so boring!
09EC	4F	0C	1A	982D	4726	4980	2D 6B 17 00 21 19 1C 15 13 18 11 78 27 19 17 0F 00 0C 0B 0D 15 00 0B 1E 00 18 13 11 12 1E 00 13 10 00 23 19 1F 00 21 0B 18 1E 00 1E 19 00 1E 0B 16 15 6E	I'm working.Come back at night if you want to talk!
09ED	4F	0D	1A	982D	4980	5495	3D 19 1F 6B 20 0F 00 0D 19 17 0F 00 1E 19 00 0B 0D 0D 0F 1A 1E 00 1E 12 0F 00 2F 13 18 11 6B 1D 00 0D 12 0B 16 16 0F 18 11 0F 77 12 0B 20 0F 18 6B 1E 00 23 19 1F 6D 6A 4F 3D 19 1F 00 0D 0B 18 00 19 18 16 23 00 0F 18 1E 0F 1C 00 1E 12 0F 00 27 0B 1D 1E 16 0F 00 0C 23 00 0C 19 0B 1E 78 2B 19 19 0E 00 16 1F 0D 15 6E	You've come to accept the King's challenge,haven't you?'<4F>You can only enter the Castle by boat.Good luck!
09EE	4F	0E	1A	982D	5495	5733	3D 19 1F 00 0D 0B 17 0F 00 0C 0F 0D 0B 1F 1D 0F 00 23 19 1F 00 1D 0B 21 00 1E 12 0F 00 2F 13 18 11 6B 1D 00 1A 1C 19 0D 16 0B 17 0B 1E 13 19 18 6D	You came because you saw the King's proclamation?
09EF	4F	0F	1A	982D	5733	6076	3B 12 19 0F 20 0F 1C 00 17 0B 15 0F 1D 00 1E 12 0F 00 2F 13 18 11 00 16 0B 1F 11 12 00 12 0F 0B 1C 1E 13 16 23 00 21 13 16 16 00 1C 0F 0D 0F 13 20 0F 00 0B 18 23 00 1C 0F 21 0B 1C 0E 00 1E 12 0F 23 00 0E 0F 1D 13 1C 0F 78	Whoever makes the King laugh heartily will receive any reward they desire.
09F0	4F	10	1A	982D	6076	6758	2D 00 1D 0B 21 00 0B 00 10 1F 18 18 23 00 14 0F 1D 1E 0F 1C 00 13 18 00 0B 00 1E 19 21 18 00 2D 00 19 18 0D 0F 00 20 13 1D 13 1E 0F 0E 78 2C 13 1D 00 18 0B 17 0F 00 21 0B 1D 00 34 0B 18 19 18 77 2D 00 1E 12 13 18 15 6C 4F 2C 0F 6B 16 16 00 1A 1C 19 0C 0B 0C 16 23 00 0C 0F 00 0B 0C 16 0F 00 1E 19 00 17 0B 15 0F 00 1E 12 0F 00 2F 13 18 11 00 16 0B 1F 11 12 72 78 3B 12 0F 1C 0F 00 0D 19 1F 16 0E 00 12 0F 00 0C 0F 00 18 19 21 6D	I saw a funny jester in a town I once visited.His name was Panon,I think.'<4F>He'll probably be able to make the King laugh....Where could he be now?
09F1	4F	11	1A	982D	6758	7134	3B 12 0B 1E 00 1D 12 19 1F 16 0E 00 23 19 1F 00 0E 19 00 21 12 0F 18 00 23 19 1F 00 12 0B 20 0F 00 0B 00 1A 1C 19 0C 16 0F 17 6D 00 2D 11 18 19 1C 0F 00 13 1E 00 0C 0F 0D 0B 1F 1D 0F 00 13 1E 00 21 19 18 6B 1E 00 11 19 00 0B 21 0B 23 6E 6D	What should you do when you have a problem? Ignore it because it won't go away!?
09F2	4F	12	1A	982D	7134	7405	2D 00 0D 19 1F 16 0E 18 6B 1E 00 17 0B 15 0F 00 12 13 17 00 16 0B 1F 11 12 00 0B 00 0C 13 1E 78 37 12 19 19 1E 6E 00 2D 6B 16 16 00 1E 1C 23 00 0B 11 0B 13 18 6E	I couldn't make him laugh a bit.Shoot! I'll try again!
09F3	4F	13	1A	982D	7405	7547	28 19 18 6B 1E 00 1E 0B 16 15 00 1E 19 00 17 0F 6E 00 2D 6B 17 00 18 0F 22 1E 78	Don't talk to me! I'm next.
09F4	4F	14	1A	982D	7547	7900	2D 00 0C 0F 0D 0B 17 0F 00 18 0F 1C 20 19 1F 1D 00 13 18 00 10 1C 19 18 1E 00 19 10 00 1E 12 0F 00 2F 13 18 11 00 0B 18 0E 00 10 19 1C 11 19 1E 00 17 23 00 14 19 15 0F 6E 6A 4F 2D 00 12 0B 1E 0F 00 17 23 1D 0F 16 10 6E	I became nervous in front of the King and forgot my joke!'<4F>I hate myself!
09F5	4F	15	1A	982D	7900	8391	4E 2F 13 18 11 71 69 3B 0F 16 0D 19 17 0F 6E 00 3D 19 1F 1C 00 18 0B 17 0F 00 13 1D 00 49 6D 6A 44 2F 13 18 11 71 69 31 0B 15 0F 00 17 0F 00 16 0B 1F 11 12 6C 44 2F 13 18 11 71 69 3B 12 0B 1E 6B 1D 00 1E 12 0F 00 17 0B 1E 1E 0F 1C 6D 00 2C 1F 1C 1C 23 6E 6A 44	<4E>King:'Welcome! Your name is <49>?'<44>King:'Make me laugh.'<44>King:'What's the matter? Hurry!'<44>
09F6	4F	16	1A	982D	8391	8923	4E 49 00 1E 19 16 0E 00 17 0B 18 23 00 14 19 15 0F 1D 78 44 25 16 0B 1D 77 1E 12 0F 00 2F 13 18 11 00 0E 13 0E 18 6B 1E 00 16 0B 1F 11 12 78 44 2F 13 18 11 71 69 3D 19 1F 6B 1C 0F 00 18 19 1E 00 10 1F 18 18 23 72 78 27 19 17 0F 00 0C 0B 0D 15 00 21 13 1E 12 00 0C 0F 1E 1E 0F 1C 00 14 19 15 0F 1D 6C	<4E><49> told many jokes.<44>Alas,the King didn't laugh.<44>King:'You're not funny....Come back with better jokes.'
09F7	4F	17	1A	982D	8923	12056	4E 34 0B 18 19 18 71 69 25 16 16 19 21 00 17 0F 00 1E 19 00 1D 1A 0F 0B 15 78 2D 00 0D 0B 18 6B 1E 00 17 0B 15 0F 00 23 19 1F 00 16 0B 1F 11 12 6C 44 2F 13 18 11 71 69 72 6D 6A 44 34 0B 18 19 18 71 69 2C 19 21 0F 20 0F 1C 77 2D 00 0C 0F 16 13 0F 20 0F 00 1E 12 0F 00 1A 0F 19 1A 16 0F 00 21 12 19 00 0C 1C 19 1F 11 12 1E 00 17 0F 00 12 0F 1C 0F 00 1D 1F 1C 0F 16 23 00 0D 0B 18 6E 6A 44 34 0B 18 19 18 71 69 34 16 0F 0B 1D 0F 00 11 13 20 0F 00 1E 12 0F 17 00 1E 12 0F 00 3E 0F 18 13 1E 12 13 0B 18 00 2C 0F 16 17 6C 44 34 0B 18 19 18 71 69 38 12 0F 23 00 21 13 16 16 00 1D 0B 20 0F 00 1E 12 0F 00 21 19 1C 16 0E 00 0B 18 0E 00 0C 1C 13 18 11 00 1E 12 0F 00 0E 0B 23 1D 00 21 12 0F 18 00 0F 20 0F 1C 23 19 18 0F 00 21 13 16 16 00 0C 0F 00 0B 0C 16 0F 00 1E 19 00 16 0B 1F 11 12 00 21 13 1E 12 19 1F 1E 00 21 19 1C 1C 23 6C 44 2F 13 18 11 71 69 2C 17 17 72 6A 44 2F 13 18 11 71 69 34 0B 18 19 18 6E 00 3D 19 1F 00 1A 0F 1C 0D 0F 13 20 0F 0E 00 17 23 00 1E 1C 1F 0F 00 13 18 1E 0F 18 1E 13 19 18 6E 6A 44 2F 13 18 11 71 69 38 12 0F 00 1C 0F 0B 1D 19 18 00 2D 00 13 1D 1D 1F 0F 0E 00 1E 12 0F 00 1A 1C 19 0D 16 0B 17 0B 1E 13 19 18 00 21 0B 1D 00 1E 19 00 0D 12 0F 0F 1C 00 1F 1A 00 1E 12 13 1D 00 0D 19 1F 18 1E 1C 23 6C 44 2F 13 18 11 71 69 2D 00 1E 12 19 1F 11 12 1E 00 13 10 00 2D 00 0C 1C 19 1F 11 12 1E 00 16 19 1E 1D 00 19 10 00 10 1F 18 18 23 00 0F 18 1E 0F 1C 1E 0B 13 18 0F 1C 1D 00 12 0F 1C 0F 77 1E 12 0F 23 00 21 19 1F 16 0E 00 17 0B 15 0F 00 17 23 00 1A 0F 19 1A 16 0F 00 12 0B 1A 1A 23 6C 44 2F 13 18 11 71 69 26 1F 1E 00 2D 6B 20 0F 00 1C 0F 0B 16 13 24 0F 0E 00 23 19 1F 00 0D 0B 18 6B 1E 00 0D 12 0F 0F 1C 00 1F 1A 00 1A 0F 19 1A 16 0F 00 21 12 19 00 12 0B 20 0F 00 16 19 1D 1E 00 12 19 1A 0F 6C 44 2F 13 18 11 71 69 3D 19 1F 1C 00 1C 0F 1B 1F 0F 1D 1E 00 13 1D 00 21 0F 16 16 00 1E 0B 15 0F 18 78 2D 00 1A 16 0B 0D 0F 00 0B 16 16 00 17 23 00 12 19 1A 0F 00 13 18 00 23 19 1F 6E 6A 44	<4E>Panon:'Allow me to speak.I can't make you laugh.'<44>King:'...?'<44>Panon:'However,I believe the people who brought me here surely can!'<44>Panon:'Please give them the Zenithian Helm.'<44>Panon:'They will save the world and bring the days when everyone will be able to laugh without worry.'<44>King:'Hmm...'<44>King:'Panon! You perceived my true intention!'<44>King:'The reason I issued the proclamation was to cheer up this country.'<44>King:'I thought if I brought lots of funny entertainers here,they would make my people happy.'<44>King:'But I've realized you can't cheer up people who have lost hope.'<44>King:'Your request is well taken.I place all my hope in you!'<44>
09F8	4F	18	1A	982D	12056	12434	4E 2F 13 18 11 71 69 38 0B 15 0F 00 1E 12 13 1D 00 3E 0F 18 13 1E 12 13 0B 18 00 2C 0F 16 17 6E 6A 44 49 00 1C 0F 0D 0F 13 20 0F 0E 00 1E 12 0F 00 3E 0F 18 13 1E 12 13 0B 18 00 2C 0F 16 17 6E 43 56 40	<4E>King:'Take this Zenithian Helm!'<44><49> received the Zenithian Helm!<43><56><40>
09F9	4F	19	1A	982D	12434	12926	4E 2F 13 18 11 71 69 72 2D 00 1C 0F 0B 16 16 23 00 17 0F 0B 18 1E 00 13 1E 77 0C 1F 1E 00 23 19 1F 00 0D 0B 18 6B 1E 00 0D 0B 1C 1C 23 00 0B 18 23 00 17 19 1C 0F 00 1E 12 13 18 11 1D 6E 6A 44 2F 13 18 11 71 69 27 19 17 0F 00 0C 0B 0D 15 00 1E 19 00 1C 0F 0D 0F 13 20 0F 00 13 1E 6E 6A	<4E>King:'...I really meant it,but you can't carry any more things!'<44>King:'Come back to receive it!'
09FA	4F	1A	1A	982D	12926	13713	4E 2F 13 18 11 71 69 2D 6B 16 16 00 0C 0F 00 21 0B 13 1E 13 18 11 00 0B 18 22 13 19 1F 1D 16 23 00 10 19 1C 00 1E 12 0F 00 0E 0B 23 00 1E 19 00 0D 19 17 0F 00 21 12 0F 18 00 0B 16 16 00 1A 0F 19 1A 16 0F 00 21 13 16 16 00 0C 0F 00 0B 0C 16 0F 00 1E 19 00 16 0B 1F 11 12 00 21 12 19 16 0F 12 0F 0B 1C 1E 0F 0E 16 23 6E 6A 44 2F 13 18 11 71 69 39 18 1E 13 16 00 1E 12 0F 18 77 2D 6B 16 16 00 15 0F 0F 1A 00 13 1D 1D 1F 13 18 11 00 1E 12 0F 00 1A 1C 19 0D 16 0B 17 0B 1E 13 19 18 6C	<4E>King:'I'll be waiting anxiously for the day to come when all people will be able to laugh wholeheartedly!'<44>King:'Until then,I'll keep issuing the proclamation.'
09FB	4F	1B	1A	982D	13713	14199	38 12 0F 00 2F 13 18 11 00 17 1F 1D 1E 00 0C 0F 00 19 1F 1E 1C 0B 11 0F 0E 00 1E 12 0B 1E 00 2D 00 0E 13 0E 18 6B 1E 00 1E 0B 15 0F 00 30 23 18 18 00 1E 19 00 1E 12 0F 00 27 0B 1D 1E 16 0F 6C 4F 38 0F 16 16 00 18 19 00 19 18 0F 00 1E 12 0B 1E 00 2D 6B 17 00 12 13 0E 13 18 11 00 12 0F 1C 0F 77 33 2F 6D	The King must be outraged that I didn't take Lynn to the Castle.'<4F>Tell no one that I'm hiding here,OK?
09FC	4F	1C	1A	982D	14199	14695	2D 00 12 0F 0B 1C 0E 00 30 23 18 18 00 11 19 1E 00 1D 0B 10 0F 16 23 00 19 1F 1E 00 19 10 00 1E 12 13 1D 00 1E 19 21 18 00 21 13 1E 12 00 1E 12 0F 00 1D 12 0B 17 0B 18 6C 4F 38 12 0F 23 00 17 1F 1D 1E 00 0C 0F 00 16 13 20 13 18 11 00 12 0B 1A 1A 13 16 23 00 1E 19 11 0F 1E 12 0F 1C 00 1D 19 17 0F 21 12 0F 1C 0F 72 78	I heard Lynn got safely out of this town with the shaman.'<4F>They must be living happily together somewhere....
09FD	4F	1D	1A	982D	14695	14971	2C 0B 77 2C 0B 77 2C 0B 72 78 34 0B 18 19 18 6B 1D 00 1D 12 19 21 00 16 0B 1D 1E 00 18 13 11 12 1E 00 21 0B 1D 00 1C 0F 0B 16 16 23 00 12 13 16 0B 1C 13 19 1F 1D 78	Ha,Ha,Ha....Panon's show last night was really hilarious.
09FE	4F	1E	1A	982D	14971	15495	28 13 0E 00 23 19 1F 00 0D 19 17 0F 00 12 0F 1C 0F 00 0B 0D 1C 19 1D 1D 00 1E 12 0F 00 1D 0F 0B 6D 00 2D 10 00 1D 19 77 0E 13 0E 00 23 19 1F 00 1D 0F 0F 00 1E 12 0F 00 1C 19 0D 15 23 77 17 19 1F 18 1E 0B 13 18 19 1F 1D 00 13 1D 16 0B 18 0E 00 21 12 0F 1C 0F 00 1E 12 0F 00 17 19 18 1D 1E 0F 1C 1D 00 0B 1C 0F 00 1D 0B 13 0E 00 1E 19 00 16 13 20 0F 6D	Did you come here across the sea? If so,did you see the rocky,mountainous island where the monsters are said to live?
09FF	4F	1F	1A	982D	15495	15832	32 19 00 19 18 0F 00 21 12 19 00 12 0B 1D 00 11 19 18 0F 00 1E 19 00 1E 12 0F 00 13 1D 16 0B 18 0E 00 12 0B 1D 00 0F 20 0F 1C 00 1C 0F 1E 1F 1C 18 0F 0E 78 3D 19 1F 6B 0E 00 0C 0F 1E 1E 0F 1C 00 1D 1E 0B 23 00 0B 21 0B 23 78	No one who has gone to the island has ever returned.You'd better stay away.
0A00	50	00	1A	9FE9	0	577	2D 00 12 0F 0B 1C 00 1E 12 0F 1C 0F 6B 1D 00 0B 00 0C 13 11 00 13 1D 16 0B 18 0E 00 1C 13 17 17 0F 0E 00 0C 23 00 1C 19 0D 15 23 00 17 19 1F 18 1E 0B 13 18 1D 00 13 18 00 1E 12 0F 00 10 0B 1C 00 0F 0B 1D 1E 0F 1C 18 00 1D 0F 0B 6C 4F 38 12 0F 23 00 1D 0B 23 00 1E 12 0F 1C 0F 6B 1D 00 0B 00 0D 0B 1D 1E 16 0F 00 19 10 00 17 19 18 1D 1E 0F 1C 1D 00 19 18 00 1E 12 0F 00 13 1D 16 0B 18 0E 78	I hear there's a big island rimmed by rocky mountains in the far eastern sea.'<4F>They say there's a castle of monsters on the island.
0A01	50	01	1A	9FE9	577	979	34 0B 18 19 18 77 0B 00 10 1F 18 18 23 00 14 0F 1D 1E 0F 1C 77 13 1D 00 12 0F 1C 0F 00 18 19 21 6C 4F 2B 19 00 1E 19 00 1E 12 0F 00 1E 12 0F 0B 1E 0F 1C 00 0B 1E 00 18 13 11 12 1E 00 13 10 00 23 19 1F 00 21 0B 18 1E 00 1E 19 00 1E 0B 16 15 00 1E 19 00 12 13 17 78	Panon,a funny jester,is here now.'<4F>Go to the theater at night if you want to talk to him.
0A02	50	02	1A	9FE9	979	1447	28 0F 1D 1A 13 1E 0F 00 17 0B 18 23 00 1C 1F 17 19 1C 1D 77 1E 12 0F 00 36 1F 16 0F 1C 00 19 10 00 29 20 13 16 00 1D 1E 13 16 16 00 12 0B 1D 18 6B 1E 00 1C 0F 1D 1F 1C 1C 0F 0D 1E 0F 0E 6E 6A 4F 2D 00 0E 0B 1C 0F 00 12 13 17 00 1E 19 00 0D 19 17 0F 00 0C 0B 0D 15 00 1E 19 00 16 13 10 0F 6E	Despite many rumors,the Ruler of Evil still hasn't resurrected!'<4F>I dare him to come back to life!
0A03	50	03	1A	9FE9	1447	1715	2D 00 0E 13 0E 18 6B 1E 00 11 0F 1E 00 17 23 00 1E 1F 1C 18 00 1E 19 0E 0B 23 00 0F 13 1E 12 0F 1C 72 6C 4F 3B 12 0F 18 00 21 13 16 16 00 2D 00 0E 0F 0C 1F 1E 6D	I didn't get my turn today either....'<4F>When will I debut?
0A04	50	04	1A	9FE9	1715	2003	31 1F 17 0C 16 0F 72 31 1F 17 0C 16 0F 72 1E 19 18 13 11 12 1E 00 13 1D 00 1E 12 0F 00 18 13 11 12 1E 00 2D 6B 16 16 00 0B 1A 1A 0F 0B 1C 00 19 18 00 1D 1E 0B 11 0F 72 78	Mumble...Mumble...tonight is the night I'll appear on stage....
0A05	50	05	1A	9FE9	2003	2300	31 1F 17 0C 16 0F 72 31 1F 17 0C 16 0F 72 2D 00 0D 19 1F 16 0E 00 19 1A 0F 18 00 17 0B 18 23 00 0E 19 19 1C 1D 00 21 13 1E 12 00 0B 00 31 0B 11 13 0D 00 2F 0F 23 72 78	Mumble...Mumble...I could open many doors with a Magic Key....
0A06	50	06	1A	9FE9	2300	2626	30 23 18 18 77 21 12 19 00 1F 1D 0F 0E 00 1E 19 00 16 13 20 0F 00 12 0F 1C 0F 77 17 1F 1D 1E 00 18 19 21 00 0C 0F 00 16 13 20 13 18 11 00 12 0B 1A 1A 13 16 23 00 1D 19 17 0F 21 12 0F 1C 0F 00 0F 16 1D 0F 78	Lynn,who used to live here,must now be living happily somewhere else.
0A07	50	07	1A	9FE9	2626	2871	37 19 1C 1C 23 78 2D 6B 17 00 1D 0F 0F 13 18 11 00 1E 12 13 1D 00 1A 0F 1C 1D 19 18 00 18 19 21 78 27 19 17 0F 00 0C 0B 0D 15 00 16 0B 1E 0F 1C 78	Sorry.I'm seeing this person now.Come back later.
0A08	50	08	1A	9FE9	2871	3196	2D 6B 20 0F 00 0C 0F 0D 19 17 0F 00 1A 1C 0F 1E 1E 23 00 1A 19 1A 1F 16 0B 1C 00 21 13 1E 12 00 11 13 1C 16 1D 00 1D 13 18 0D 0F 00 2D 00 0D 0B 17 0F 00 12 0F 1C 0F 78 2C 0B 77 2C 0B 77 2C 0B 6E	I've become pretty popular with girls since I came here.Ha,Ha,Ha!
0A09	50	09	1A	9FE9	3196	3396	3D 19 1F 00 12 0B 20 0F 00 0D 19 17 1A 0B 18 13 19 18 1D 6D 00 3D 19 1F 00 17 1F 1D 1E 00 0D 19 17 0F 00 0B 16 19 18 0F 78	You have companions? You must come alone.
0A0A	50	0A	1A	9FE9	3396	3683	3D 19 1F 00 21 0B 18 1E 00 1E 19 00 21 19 1C 15 00 12 0F 1C 0F 6D 00 28 19 18 6B 1E 6C 4F 34 1F 10 1A 1F 10 00 13 1D 00 18 19 1E 00 0F 0B 1D 23 00 1E 19 00 17 0B 1D 1E 0F 1C 78	You want to work here? Don't.'<4F>Pufpuf is not easy to master.
0A0B	50	0B	1A	9FE9	3683	3947	38 12 13 1D 00 13 1D 00 0B 00 34 1F 10 1A 1F 10 00 1C 19 19 17 78 3B 19 1F 16 0E 00 23 19 1F 00 16 13 15 0F 00 1E 19 00 1E 1C 23 00 34 1F 10 1A 1F 10 6D	This is a Pufpuf room.Would you like to try Pufpuf?
0A0C	50	0C	1A	9FE9	3947	4086	38 19 19 00 0C 0B 0E 72 78 27 19 17 0F 00 0C 0B 0D 15 00 0B 11 0B 13 18 78	Too bad....Come back again.
0A0D	50	0D	1A	9FE9	4086	5139	2D 6B 16 16 00 1D 1E 0B 1C 1E 6C 4F 34 1F 10 1A 1F 10 72 34 1F 10 1A 1F 10 72 6A 4F 49 71 69 72 72 72 6C 4F 34 1F 10 1C 13 18 72 34 1F 10 1C 13 18 72 6A 4F 49 71 69 6D 6D 6D 6A 4F 34 1F 10 1C 13 0D 19 72 37 19 19 23 0B 6E 6A 4F 2D 1E 6B 1D 00 19 20 0F 1C 6C 4F 32 19 21 00 23 19 1F 6B 20 0F 00 0C 0F 0F 18 00 1E 12 1C 19 1F 11 12 00 34 1F 10 1A 1F 10 00 1E 12 0F 1C 0B 1A 23 77 23 19 1F 6B 16 16 00 0C 0F 00 1A 19 1A 1F 16 0B 1C 00 21 13 1E 12 00 11 13 1C 16 1D 6C 4F 26 0F 00 0D 19 18 10 13 0E 0F 18 1E 00 10 1C 19 17 00 18 19 21 00 19 18 77 33 2F 6D	I'll start.'<4F>Pufpuf...Pufpuf...'<4F><49>:'..........'<4F>Pufrin...Pufrin...'<4F><49>:'???'<4F>Pufrico...Sooya!'<4F>It's over.'<4F>Now you've been through Pufpuf therapy,you'll be popular with girls.'<4F>Be confident from now on,OK?
0A0E	50	0E	1A	9FE9	5139	5500	2D 1E 6B 1D 00 23 19 1F 77 31 0B 1C 0B 6E 6A 4F 28 13 0E 00 23 19 1F 00 0B 20 0F 18 11 0F 00 23 19 1F 1C 00 10 0B 1E 12 0F 1C 6D 00 2D 00 1D 0F 0F 72 78 26 0F 1D 1E 00 19 10 00 16 1F 0D 15 00 1E 19 00 23 19 1F 6E	It's you,Mara!'<4F>Did you avenge your father? I see....Best of luck to you!
0A0F	50	0F	1A	9FE9	5500	5792	38 12 0B 18 15 1D 00 1E 19 00 34 0B 18 19 18 77 19 1F 1C 00 1D 12 19 21 1D 00 12 0B 20 0F 00 1D 19 16 0E 00 19 1F 1E 00 0F 20 0F 1C 23 00 18 13 11 12 1E 78 2C 0F 12 77 2C 0F 12 72	Thanks to Panon,our shows have sold out every night.Heh,Heh...
0A10	50	10	1A	9FE9	5792	6040	3B 13 16 16 00 2D 00 0F 20 0F 1C 00 12 0B 20 0F 00 17 23 00 1E 1F 1C 18 00 19 18 00 1D 1E 0B 11 0F 6D 00 2D 6B 17 00 0E 13 1D 0D 19 1F 1C 0B 11 0F 0E 78	Will I ever have my turn on stage? I'm discouraged.
0A11	50	11	1A	9FE9	6040	6429	4E 34 0B 18 19 18 71 69 25 1C 0F 00 23 19 1F 00 1E 1C 0B 20 0F 16 0F 1C 1D 6D 00 2D 6B 17 00 1A 0F 1C 10 19 1C 17 13 18 11 00 1E 19 18 13 11 12 1E 78 26 23 00 0B 16 16 00 17 0F 0B 18 1D 77 1A 16 0F 0B 1D 0F 00 0D 19 17 0F 6E 6A	<4E>Panon:'Are you travelers? I'm performing tonight.By all means,please come!'
0A12	50	12	1A	9FE9	6429	6598	4E 34 0B 18 19 18 71 69 3B 12 0B 1E 6D 00 27 19 17 0F 00 21 13 1E 12 00 23 19 1F 6D 6A	<4E>Panon:'What? Come with you?'
0A13	50	13	1A	9FE9	6598	6828	4E 34 0B 18 19 18 71 69 2C 17 17 72 2D 00 17 1F 1D 1E 00 12 0B 20 0F 00 0C 0F 0F 18 00 12 0F 0B 1C 13 18 11 00 1E 12 13 18 11 1D 6C	<4E>Panon:'Hmm...I must have been hearing things.'
0A14	50	14	1A	9FE9	6828	8486	4E 34 0B 18 19 18 71 69 2D 00 1D 0F 0F 78 38 12 0F 00 2F 13 18 11 00 19 10 00 37 1E 0B 18 0D 13 0B 00 12 0B 1D 00 1E 12 0F 00 3E 0F 18 13 1E 12 13 0B 18 00 2C 0F 16 17 00 23 19 1F 6B 16 16 00 18 0F 0F 0E 00 10 19 1C 00 23 19 1F 1C 00 14 19 1F 1C 18 0F 23 72 6C 44 34 0B 18 19 18 71 69 25 18 0E 00 1E 19 00 11 0F 1E 00 13 1E 77 23 19 1F 6B 16 16 00 18 0F 0F 0E 00 17 23 00 1E 0B 16 0F 18 1E 72 6C 44 34 0B 18 19 18 71 69 26 23 00 0B 18 23 00 0D 12 0B 18 0D 0F 77 0E 19 00 23 19 1F 00 13 18 1E 0F 18 0E 00 1E 19 00 11 19 00 1E 19 00 3E 0F 18 13 1E 12 13 0B 18 00 27 0B 1D 1E 16 0F 6D 00 32 19 77 23 19 1F 00 0E 19 18 6B 1E 00 12 0B 20 0F 00 1E 19 00 1E 0F 16 16 00 17 0F 6C 44 34 0B 18 19 18 71 69 2D 00 1F 18 0E 0F 1C 1D 1E 0B 18 0E 78 2D 6B 16 16 00 0B 0D 0D 19 17 1A 0B 18 23 00 23 19 1F 6C 44 34 0B 18 19 18 00 14 19 13 18 0F 0E 00 1E 12 0F 00 34 0B 1C 1E 23 6E 43 55 44 34 0B 18 19 18 00 21 0F 18 1E 00 0B 12 0F 0B 0E 00 10 13 1C 1D 1E 00 0B 18 0E 00 11 19 1E 00 13 18 1E 19 00 1E 12 0F 00 21 0B 11 19 18 78	<4E>Panon:'I see.The King of Stancia has the Zenithian Helm you'll need for your journey....'<44>Panon:'And to get it,you'll need my talent....'<44>Panon:'By any chance,do you intend to go to Zenithian Castle? No,you don't have to tell me.'<44>Panon:'I understand.I'll accompany you.'<44>Panon joined the Party!<43><55><44>Panon went ahead first and got into the wagon.
0A15	50	15	1A	9FE9	8486	9429	4E 34 0B 18 19 18 71 69 2C 0F 16 16 19 77 23 19 1F 6B 20 0F 00 0D 19 17 0F 00 0B 1E 00 1E 12 0F 00 1C 13 11 12 1E 00 17 19 17 0F 18 1E 6C 44 34 0B 18 19 18 71 69 2D 00 12 0B 20 0F 00 0B 00 1E 0B 16 0F 00 1E 19 00 1E 0F 16 16 6C 44 34 0B 18 19 18 71 69 3B 19 1F 16 0E 00 23 19 1F 00 12 19 16 0E 00 1E 12 0F 00 0F 0E 11 0F 00 19 10 00 17 23 00 0D 19 0B 1E 6D 00 3D 0F 1D 77 1E 12 0B 1E 6B 1D 00 1C 13 11 12 1E 78 25 1C 0F 00 23 19 1F 00 1C 0F 0B 0E 23 6D 6A 44 34 0B 18 19 18 71 69 2B 0F 1E 00 23 19 1F 1C 00 12 0B 18 0E 1D 00 19 10 10 00 17 23 00 1E 0B 13 16 6E 6A	<4E>Panon:'Hello,you've come at the right moment.'<44>Panon:'I have a tale to tell.'<44>Panon:'Would you hold the edge of my coat? Yes,that's right.Are you ready?'<44>Panon:'Get your hands off my tail!'
0A16	50	16	1A	9FE9	9429	9914	4E 34 0B 18 19 18 71 69 3D 19 1F 00 21 0B 18 1E 00 1E 19 00 1E 0B 16 15 6D 6A 44 34 0B 18 19 18 71 69 32 19 1E 00 18 19 21 77 1A 16 0F 0B 1D 0F 78 37 0F 0F 00 17 0F 00 13 18 00 1E 12 0F 00 0E 1C 0F 1D 1D 13 18 11 00 1C 19 19 17 00 1E 19 17 19 1C 1C 19 21 00 0B 1C 19 1F 18 0E 00 18 19 19 18 6C	<4E>Panon:'You want to talk?'<44>Panon:'Not now,please.See me in the dressing room tomorrow around noon.'
0A17	50	17	1A	9FE9	9914	10072	3B 0B 77 2C 0B 77 2C 0B 6E 00 34 0B 18 19 18 00 13 1D 00 1D 1F 1C 0F 00 10 1F 18 18 23 78	Wa,Ha,Ha! Panon is sure funny.
0A18	50	18	1A	9FE9	10072	10290	2B 23 0B 77 2C 0B 77 2C 0B 6E 00 31 23 00 0C 0F 16 16 23 00 12 1F 1C 1E 1D 00 10 1C 19 17 00 16 0B 1F 11 12 13 18 11 6E	Gya,Ha,Ha! My belly hurts from laughing!
0A19	50	19	1A	9FE9	10290	10675	34 12 1F 10 10 77 34 12 1F 10 10 77 34 12 1F 10 10 6E 00 30 0B 1F 11 12 13 18 11 00 16 13 15 0F 00 1E 12 13 1D 00 0F 20 0F 1C 23 00 18 13 11 12 1E 00 13 1D 00 1E 12 0F 00 1D 0F 0D 1C 0F 1E 00 19 10 00 16 19 18 11 00 16 13 10 0F 78	Phuff,Phuff,Phuff! Laughing like this every night is the secret of long life.
0A1A	50	1A	1A	9FE9	10675	10810	2D 6B 16 16 00 1F 1D 0F 00 1E 12 0B 1E 00 14 19 15 0F 00 1D 19 17 0F 0E 0B 23 6E	I'll use that joke someday!
0A1B	50	1B	1A	9FE9	10810	10887	3D 0B 0B 0F 0F 0F 77 2C 0B 77 2C 0B 6E	Yaaeee,Ha,Ha!
0A1C	50	1C	1A	9FE9	10887	11354	2D 1E 6B 1D 00 0E 13 10 10 13 0D 1F 16 1E 00 1E 19 00 1C 0F 1A 16 0B 0D 0F 00 34 0B 18 19 18 6C 4F 2D 6B 20 0F 00 18 19 00 0D 12 19 13 0D 0F 78 2D 00 17 1F 1D 1E 00 1C 0F 1D 1F 17 0F 00 1E 12 0F 00 19 16 0E 00 1D 13 18 11 13 18 11 00 0B 18 0E 00 0E 0B 18 0D 13 18 11 00 1C 0F 20 1F 0F 72 78	It's difficult to replace Panon.'<4F>I've no choice.I must resume the old singing and dancing revue....
0A1D	50	1D	1A	9FE9	11354	11706	2D 6B 16 16 00 1E 1C 23 00 1E 19 00 0C 0F 0D 19 17 0F 00 0B 1D 00 1A 19 1A 1F 16 0B 1C 00 0B 1D 00 34 0B 18 19 18 00 21 12 19 00 1F 1D 0F 0E 00 1E 19 00 0C 0F 00 1E 12 0F 00 1D 1E 0B 1C 00 1A 0F 1C 10 19 1C 17 0F 1C 00 12 0F 1C 0F 78	I'll try to become as popular as Panon who used to be the star performer here.
0A1E	50	1E	1A	9FE9	11706	11967	38 12 13 1D 00 1E 19 21 18 00 12 0B 1D 00 1E 12 0F 00 0C 0F 1D 1E 00 1D 13 18 11 13 18 11 00 0B 18 0E 00 0E 0B 18 0D 13 18 11 00 1C 0F 20 1F 0F 00 1E 12 0F 1C 0F 00 13 1D 6E	This town has the best singing and dancing revue there is!
0A1F	50	1F	1A	9FE9	11967	12196	3B 0F 00 0D 0B 18 6B 1E 00 12 0F 0B 1C 00 34 0B 18 19 18 6B 1D 00 1D 1E 19 1C 13 0F 1D 00 0B 18 23 17 19 1C 0F 78 38 19 19 00 0C 0B 0E 72 78	We can't hear Panon's stories anymore.Too bad....
0A20	51	00	1A	A5DE	0	233	34 0B 18 19 18 6B 1D 00 1D 1E 19 1C 13 0F 1D 00 21 0F 1C 0F 00 10 1F 18 18 23 77 0C 1F 1E 00 2D 00 0F 18 14 19 23 00 0E 0B 18 0D 0F 00 1E 19 19 78	Panon's stories were funny,but I enjoy dance too.
0A21	51	01	1A	A5DE	233	451	38 12 0B 1E 00 0E 0B 18 0D 0F 1C 00 21 0B 1D 00 1D 19 00 0D 1F 1E 0F 6E 00 2D 00 21 0B 18 1E 00 1E 19 00 1D 0F 0F 00 12 0F 1C 00 0B 11 0B 13 18 6E	That dancer was so cute! I want to see her again!
0A22	51	02	1A	A5DE	451	964	33 1F 1C 00 11 1F 0F 1D 1E 1D 00 1D 0B 23 00 1E 12 0F 23 00 12 0B 0E 00 1E 12 0F 00 1D 0B 17 0F 00 1D 1E 1C 0B 18 11 0F 00 0E 1C 0F 0B 17 00 12 0F 1C 0F 6C 4F 38 12 0F 00 21 19 1C 0E 00 1D 1A 1C 0F 0B 0E 77 0B 18 0E 00 18 19 00 19 18 0F 00 21 13 16 16 00 1D 1E 0B 23 00 12 0F 1C 0F 78 3B 12 0B 1E 00 1D 12 19 1F 16 0E 00 2D 00 0E 19 6D	Our guests say they had the same strange dream here.'<4F>The word spread,and no one will stay here.What should I do?
0A23	51	03	1A	A5DE	964	1279	3B 12 0F 18 00 2D 00 1D 1E 0B 23 00 0B 1E 00 1E 12 13 1D 00 13 18 18 77 2D 00 15 0F 0F 1A 00 12 0B 20 13 18 11 00 1E 12 0F 00 1D 0B 17 0F 00 0E 1C 0F 0B 17 6C 4F 2D 1E 6B 1D 00 0D 1C 0F 0F 1A 23 6E	When I stay at this inn,I keep having the same dream.'<4F>It's creepy!
0A24	51	04	1A	A5DE	1279	1900	3B 0F 16 0D 19 17 0F 00 1E 19 00 2D 24 17 13 1E 00 3A 13 16 16 0B 11 0F 6C 4F 29 20 0F 1C 23 19 18 0F 00 12 0F 1C 0F 00 13 1D 00 1E 0B 16 15 13 18 11 00 0B 0C 19 1F 1E 00 1E 12 0F 00 1D 1E 1C 0B 18 11 0F 00 0E 1C 0F 0B 17 6C 4F 3D 19 1F 00 1D 12 19 1F 16 0E 00 1E 0B 16 15 00 1E 19 00 1E 12 0F 00 1A 0F 19 1A 16 0F 00 0C 0F 10 19 1C 0F 00 23 19 1F 00 1D 1E 0B 23 00 0B 1E 00 1E 12 0F 00 13 18 18 78	Welcome to Izmit Village.'<4F>Everyone here is talking about the strange dream.'<4F>You should talk to the people before you stay at the inn.
0A25	51	05	1A	A5DE	1900	2151	25 1C 0F 18 6B 1E 00 23 19 1F 00 36 0B 11 18 0B 1C 6D 00 2B 16 0B 0E 00 1E 19 00 1D 0F 0F 00 23 19 1F 00 16 19 19 15 13 18 11 00 1D 19 00 11 1C 0F 0B 1E 6E	Aren't you Ragnar? Glad to see you looking so great!
0A26	51	06	1A	A5DE	2151	2457	3D 19 1F 6B 1C 0F 00 36 0B 11 18 0B 1C 6B 1D 00 0D 19 17 1A 0B 18 13 19 18 1D 6D 6A 4F 3D 19 1F 6B 0E 00 0C 0F 1E 1E 0F 1C 00 1D 1E 0B 23 00 0B 1E 00 1E 12 0F 00 13 18 18 00 1E 19 19 78	You're Ragnar's companions?'<4F>You'd better stay at the inn too.
0A27	51	07	1A	A5DE	2457	2712	2C 17 17 72 0F 20 0F 1C 23 19 18 0F 00 12 0B 1D 00 1E 12 0F 00 1D 0B 17 0F 00 0E 1C 0F 0B 17 72 78 2D 1E 6B 1D 00 1B 1F 13 1E 0F 00 1D 1E 1C 0B 18 11 0F 78	Hmm...everyone has the same dream....It's quite strange.
0A28	51	08	1A	A5DE	2712	2797	38 12 13 1D 00 13 1D 00 0B 00 1D 0D 12 19 19 16 78	This is a school.
0A29	51	09	1A	A5DE	2797	3080	2D 00 0D 0B 17 0F 00 1E 19 00 1A 13 0D 15 00 1F 1A 00 17 23 00 0D 12 13 16 0E 78 37 12 19 1F 16 0E 18 6B 1E 00 1D 0D 12 19 19 16 00 0C 0F 00 19 20 0F 1C 00 1D 19 19 18 6D	I came to pick up my child.Shouldn't school be over soon?
0A2A	51	0A	1A	A5DE	3080	3245	34 16 0F 0B 1D 0F 00 0E 19 18 6B 1E 00 13 18 1E 0F 1C 1C 1F 1A 1E 00 19 1F 1C 00 1D 1E 1F 0E 13 0F 1D 78	Please don't interrupt our studies.
0A2B	51	0B	1A	A5DE	3245	3532	2F 18 19 21 00 21 12 0B 1E 6D 00 34 19 0D 19 1D 77 1E 12 0F 00 13 18 18 15 0F 0F 1A 0F 1C 6B 1D 00 1D 19 18 77 19 18 0D 0F 00 10 16 0F 21 00 13 18 1E 19 00 1E 12 0F 00 1D 15 23 6E	Know what? Pocos,the innkeeper's son,once flew into the sky!
0A2C	51	0C	1A	A5DE	3532	3825	38 12 0F 00 15 13 0E 00 13 18 00 10 1C 19 18 1E 00 19 10 00 17 0F 00 0B 16 21 0B 23 1D 00 1E 1F 1C 18 1D 00 0B 1C 19 1F 18 0E 78 2D 00 0D 0B 18 6B 1E 00 0D 19 18 0D 0F 18 1E 1C 0B 1E 0F 6E	The kid in front of me always turns around.I can't concentrate!
0A2D	51	0D	1A	A5DE	3825	4112	3B 12 23 00 0E 19 00 13 18 1E 0F 1C 0F 1D 1E 13 18 11 00 1E 12 13 18 11 1D 00 19 18 16 23 00 12 0B 1A 1A 0F 18 00 1E 19 00 34 19 0D 19 1D 6D 00 2C 0F 6B 1D 00 16 1F 0D 15 23 78	Why do interesting things only happen to Pocos? He's lucky.
0A2E	51	0E	1A	A5DE	4112	4586	2A 13 1C 1D 1E 00 1E 12 0F 00 15 13 0E 18 0B 1A 1A 13 18 11 00 19 10 00 0D 12 13 16 0E 1C 0F 18 77 18 19 21 00 1E 12 0F 00 1D 1E 1C 0B 18 11 0F 00 0E 1C 0F 0B 17 72 6C 4F 3B 12 0F 18 00 21 13 16 16 00 21 0F 00 0F 20 0F 1C 00 0C 0F 00 0B 0C 16 0F 00 1E 19 00 16 13 20 0F 00 13 18 00 1A 0F 0B 0D 0F 6D	First the kidnapping of children,now the strange dream....'<4F>When will we ever be able to live in peace?
0A2F	51	0F	1A	A5DE	4586	4720	3B 19 1C 1C 13 0F 1D 00 18 0F 20 0F 1C 00 0D 0F 0B 1D 0F 77 0E 19 00 1E 12 0F 23 6D	Worries never cease,do they?
0A30	51	10	1A	A5DE	4720	4992	2D 6B 17 00 17 0B 15 13 18 11 00 0E 0F 1D 1D 0F 1C 1E 00 10 19 1C 00 17 23 00 0D 12 13 16 0E 6C 4F 2D 00 16 19 20 0F 00 0C 0F 13 18 11 00 0B 00 17 19 1E 12 0F 1C 6E	I'm making dessert for my child.'<4F>I love being a mother!
0A31	51	11	1A	A5DE	4992	5066	28 19 24 0F 72 28 19 24 0F 72	Doze...Doze...
0A32	51	12	1A	A5DE	5066	5367	2D 00 10 19 1C 11 0F 1E 00 0B 16 16 00 17 23 00 21 19 1C 1C 13 0F 1D 00 21 12 0F 18 00 2D 00 16 19 19 15 00 0B 1E 00 17 23 00 0D 12 13 16 0E 6B 1D 00 1D 16 0F 0F 1A 13 18 11 00 10 0B 0D 0F 78	I forget all my worries when I look at my child's sleeping face.
0A33	51	13	1A	A5DE	5367	5845	2D 18 00 1E 12 0F 00 1D 19 1F 1E 12 77 0C 0F 23 19 18 0E 00 1E 12 13 1D 00 0D 0B 20 0F 77 1D 1E 0B 18 0E 1D 00 26 1F 1C 16 0B 18 0E 00 27 0B 1D 1E 16 0F 6C 4F 3D 19 1F 00 15 18 0F 21 6D 00 3D 19 1F 6B 1C 0F 00 1C 0F 0B 16 16 23 00 1D 19 17 0F 0C 19 0E 23 77 0B 1C 0F 18 6B 1E 00 23 19 1F 6D	In the south,beyond this cave,stands Burland Castle.'<4F>You knew? You're really somebody,aren't you?
0A34	51	14	1A	A5DE	5845	6585	28 19 00 23 19 1F 00 15 18 19 21 72 1E 12 0F 1C 0F 6B 1D 00 0B 00 15 0F 23 00 21 12 13 0D 12 00 0F 20 0F 18 00 1F 18 16 19 0D 15 1D 00 14 0B 13 16 00 0E 19 19 1C 1D 00 17 0B 0E 0F 00 19 10 00 13 1C 19 18 00 0C 0B 1C 1D 6D 6A 4F 38 12 0F 23 00 1D 0B 23 00 1E 12 0F 00 1B 1F 0F 0F 18 00 19 10 00 0B 00 0D 0F 1C 1E 0B 13 18 00 0D 0B 1D 1E 16 0F 00 12 0B 1D 00 13 1E 6C 4F 3B 12 0B 1E 6D 00 25 00 1B 1F 0F 0F 18 00 17 0F 0B 18 1D 00 0B 00 21 19 17 0B 18 00 15 13 18 11 6E	Do you know...there's a key which even unlocks jail doors made of iron bars?'<4F>They say the queen of a certain castle has it.'<4F>What? A queen means a woman king!
0A35	51	15	1A	A5DE	6585	7094	2D 6B 17 00 1D 1F 1C 1A 1C 13 1D 0F 0E 6E 6A 4F 2D 00 12 0F 0B 1C 00 1E 12 0B 1E 00 1D 19 17 0F 00 1A 0F 19 1A 16 0F 00 0B 1C 0F 00 11 0B 1E 12 0F 1C 13 18 11 00 3E 0F 18 13 1E 12 13 0B 18 00 21 0F 0B 1A 19 18 1D 00 0B 18 0E 00 0B 1C 17 19 1C 00 13 18 00 19 1C 0E 0F 1C 00 1E 19 00 11 0F 1E 00 1E 19 00 3E 0F 18 13 1E 12 13 0B 78	I'm surprised!'<4F>I hear that some people are gathering Zenithian weapons and armor in order to get to Zenithia.
0A36	51	16	1A	A5DE	7094	7335	34 0F 1C 12 0B 1A 1D 77 1E 12 0F 00 36 1F 16 0F 1C 00 19 10 00 29 20 13 16 00 12 0B 1D 00 1C 0F 1D 1F 1C 1C 0F 0D 1E 0F 0E 00 0B 1E 00 16 0B 1D 1E 6E	Perhaps,the Ruler of Evil has resurrected at last!
0A37	51	17	1A	A5DE	7335	7558	2D 6B 17 00 1D 1E 0B 23 13 18 11 00 12 19 17 0F 00 0B 16 19 18 0F 78 25 1C 0F 18 6B 1E 00 2D 00 0B 00 11 19 19 0E 00 0D 12 13 16 0E 6D	I'm staying home alone.Aren't I a good child?
0A38	51	18	1A	A5DE	7558	7853	2D 00 19 21 0F 00 17 23 00 1A 1C 0F 1D 0F 18 1E 00 12 0B 1A 1A 13 18 0F 1D 1D 00 1E 19 00 36 0B 11 18 0B 1C 6C 4F 2D 00 21 19 18 0E 0F 1C 00 21 12 0F 1C 0F 00 12 0F 00 13 1D 00 18 19 21 78	I owe my present happiness to Ragnar.'<4F>I wonder where he is now.
0A39	51	19	1A	A5DE	7853	8201	36 0B 11 18 0B 1C 6E 00 38 12 0B 18 15 1D 00 10 19 1C 00 21 12 0B 1E 00 23 19 1F 00 0E 13 0E 6C 4F 2D 6B 17 00 18 19 21 00 16 13 20 13 18 11 00 12 0B 1A 1A 13 16 23 00 21 13 1E 12 00 25 16 0F 22 78	Ragnar! Thanks for what you did.'<4F>I'm now living happily with Alex.
0A3A	51	1A	1A	A5DE	8201	8622	38 12 0F 00 1D 1E 0B 1C 1D 00 0B 1C 0F 00 1D 12 13 18 13 18 11 72 78 30 19 19 15 6E 00 33 1F 1C 00 1D 1E 0B 1C 1D 6E 6A 4F 33 19 1A 1D 77 23 19 1F 6B 1C 0F 00 18 19 1E 00 25 16 0F 22 78 2C 19 21 00 0F 17 0C 0B 1C 1C 0B 1D 1D 13 18 11 72 78	The stars are shining....Look! Our stars!'<4F>Oops,you're not Alex.How embarrassing....
0A3B	51	1B	1A	A5DE	8622	8882	33 12 77 37 19 16 0E 13 0F 1C 6E 00 2D 1E 6B 1D 00 17 0F 77 25 16 0F 22 6C 4F 38 12 0B 18 15 1D 00 10 19 1C 00 1D 0B 20 13 18 11 00 17 0F 78	Oh,Soldier! It's me,Alex.'<4F>Thanks for saving me.
0A3C	51	1C	1A	A5DE	8882	9256	2D 6B 17 00 25 16 0F 22 6C 4F 2D 00 16 19 1D 1E 00 17 23 00 17 0F 17 19 1C 23 00 19 18 0D 0F 77 0C 1F 1E 00 18 19 21 00 2D 6B 17 00 16 13 20 13 18 11 00 12 0B 1A 1A 13 16 23 00 21 13 1E 12 00 17 23 00 21 13 10 0F 78	I'm Alex.'<4F>I lost my memory once,but now I'm living happily with my wife.
0A3D	51	1D	1A	A5DE	9256	9572	33 12 77 36 0B 11 18 0B 1C 6E 00 3B 0F 16 0D 19 17 0F 00 0C 0B 0D 15 6E 6A 4F 2D 6B 17 00 11 16 0B 0E 00 23 19 1F 6B 20 0F 00 10 19 1F 18 0E 00 1E 12 0F 00 2C 0F 1C 19 6C 44	Oh,Ragnar! Welcome back!'<4F>I'm glad you've found the Hero.'<44>
0A3E	51	1E	1A	A5DE	9572	10864	2D 00 16 0F 0B 1C 18 0F 0E 00 1C 0F 0D 0F 18 1E 16 23 00 1E 12 0B 1E 00 1E 12 0F 00 3E 0F 18 13 1E 12 13 0B 18 00 37 12 13 0F 16 0E 00 21 0B 1D 00 19 18 0D 0F 00 13 18 00 1E 12 13 1D 00 27 0B 1D 1E 16 0F 6C 4F 2D 1E 00 1D 0F 0F 17 1D 00 1E 12 0B 1E 00 13 18 00 17 23 00 11 1C 0B 18 0E 10 0B 1E 12 0F 1C 6B 1D 00 1E 13 17 0F 77 1E 12 0F 00 1D 12 13 0F 16 0E 00 21 0B 1D 00 11 13 20 0F 18 00 1E 19 00 1E 12 0F 00 35 1F 0F 0F 18 00 19 10 00 2B 0B 1C 0E 0F 18 0C 1F 1C 6C 4F 2B 0B 1C 0E 0F 18 0C 1F 1C 00 13 1D 00 1E 12 0F 00 27 0B 1D 1E 16 0F 00 21 12 13 0D 12 00 1C 13 1D 0F 1D 00 10 1C 19 17 00 1E 12 0F 00 12 0F 0B 1C 1E 00 19 10 00 1E 12 0F 00 0F 0B 1D 1E 0F 1C 18 00 17 19 1F 18 1E 0B 13 18 1D 6C 4F 3B 12 0B 1E 00 21 0F 1C 0F 00 17 23 00 11 1C 0B 18 0E 10 0B 1E 12 0F 1C 6B 1D 00 13 18 1E 0F 18 1E 13 19 18 1D 6D 00 2D 00 21 19 18 0E 0F 1C 72 78	I learned recently that the Zenithian Shield was once in this Castle.'<4F>It seems that in my grandfather's time,the shield was given to the Queen of Gardenbur.'<4F>Gardenbur is the Castle which rises from the heart of the eastern mountains.'<4F>What were my grandfather's intentions? I wonder....
0A3F	51	1F	1A	A5DE	10864	11034	4E 44 69 3D 19 1F 00 0B 16 1C 0F 0B 0E 23 00 12 0B 20 0F 00 13 1E 6D 00 2B 19 19 0E 6E 6A	<4E><44>'You already have it? Good!'
0A40	52	00	1A	AB42	0	253	2D 00 12 0F 0B 1C 00 23 19 1F 00 0D 0B 18 00 12 0B 20 0F 00 0B 00 1D 1E 1C 0B 18 11 0F 00 0E 1C 0F 0B 17 00 13 18 00 2D 24 17 13 1E 00 3A 13 16 16 0B 11 0F 78	I hear you can have a strange dream in Izmit Village.
0A41	52	01	1A	AB42	253	412	36 0B 11 18 0B 1C 6E 00 2B 16 0B 0E 00 1E 19 00 1D 0F 0F 00 23 19 1F 6B 1C 0F 00 10 13 18 0F 78	Ragnar! Glad to see you're fine.
0A42	52	02	1A	AB42	412	883	25 1C 0F 18 6B 1E 00 23 19 1F 00 36 0B 11 18 0B 1C 6B 1D 00 0D 19 17 1A 0B 18 13 19 18 1D 6D 00 34 16 0F 0B 1D 0F 00 1E 0F 16 16 00 12 13 17 00 2D 00 21 13 1D 12 00 12 13 17 00 1E 12 0F 00 0C 0F 1D 1E 00 19 10 00 16 1F 0D 15 00 13 18 00 12 13 1D 00 14 19 1F 1C 18 0F 23 78 26 16 1F 1D 12 72	Aren't you Ragnar's companions? Please tell him I wish him the best of luck in his journey.Blush...
0A43	52	03	1A	AB42	883	1107	2C 0F 23 77 36 0B 11 18 0B 1C 6E 00 3D 19 1F 6B 1C 0F 00 1D 1E 13 16 16 00 12 0F 1C 0F 6D 00 3B 12 0B 1E 00 0B 00 0E 1F 18 0D 0F 6E	Hey,Ragnar! You're still here? What a dunce!
0A44	52	04	1A	AB42	1107	1287	38 12 13 1D 00 13 1D 00 1E 12 0F 00 27 0B 1D 1E 16 0F 6B 1D 00 1E 1C 0F 0B 1D 1F 1C 0F 00 0D 12 0B 17 0C 0F 1C 78	This is the Castle's treasure chamber.
0A45	52	05	1A	AB42	1287	2687	2C 17 17 72 2D 00 11 19 1E 00 13 1E 6E 6A 4F 38 12 0F 00 36 1F 16 0F 1C 00 19 10 00 29 20 13 16 00 17 1F 1D 1E 00 0C 0F 00 1E 12 0F 00 17 19 18 1D 1E 0F 1C 00 1E 12 0B 1E 00 0D 19 17 1A 16 0F 1E 0F 0E 00 1E 12 0F 00 1F 16 1E 13 17 0B 1E 0F 00 0F 20 19 16 1F 1E 13 19 18 0B 1C 23 00 1D 1E 0F 1A 6C 4F 2D 1E 6B 1D 00 21 1C 13 1E 1E 0F 18 00 1E 12 0B 1E 00 31 0B 1D 1E 0F 1C 00 28 1C 0B 11 19 18 77 10 0F 0B 1C 13 18 11 00 1E 12 0F 00 0F 20 19 16 20 0F 0E 00 17 19 18 1D 1E 0F 1C 6B 1D 00 13 18 0D 1C 0F 0E 13 0C 16 0F 00 1A 19 21 0F 1C 77 13 17 1A 1C 13 1D 19 18 0F 0E 00 12 13 17 00 1F 18 0E 0F 1C 11 1C 19 1F 18 0E 6C 4F 32 19 21 00 1E 12 0F 00 36 1F 16 0F 1C 00 19 10 00 29 20 13 16 00 13 1D 00 0B 0C 19 1F 1E 00 1E 19 00 1C 0F 1D 1F 1C 1C 0F 0D 1E 6C 4F 3B 0F 00 17 1F 1D 1E 00 13 18 10 19 1C 17 00 31 0B 1D 1E 0F 1C 00 28 1C 0B 11 19 18 00 13 17 17 0F 0E 13 0B 1E 0F 16 23 6E	Hmm...I got it!'<4F>The Ruler of Evil must be the monster that completed the ultimate evolutionary step.'<4F>It's written that Master Dragon,fearing the evolved monster's incredible power,imprisoned him underground.'<4F>Now the Ruler of Evil is about to resurrect.'<4F>We must inform Master Dragon immediately!
0A46	52	06	1A	AB42	2687	2955	2C 0B 20 0F 00 23 19 1F 00 12 0F 0B 1C 0E 00 1E 12 0F 00 1D 1E 19 1C 23 00 10 1C 19 17 00 1E 12 0F 00 19 16 0E 00 17 0B 18 00 13 18 00 1E 12 0F 00 18 0F 22 1E 00 1C 19 19 17 6D	Have you heard the story from the old man in the next room?
0A47	52	07	1A	AB42	2955	3535	2C 19 21 00 0D 0B 18 00 21 0F 00 10 13 18 0E 00 31 0B 1D 1E 0F 1C 00 28 1C 0B 11 19 18 6D 6A 4F 34 0F 1C 12 0B 1A 1D 77 21 0F 00 0E 19 18 6B 1E 00 18 0F 0F 0E 00 1E 19 00 10 13 18 0E 00 12 13 17 00 0C 0F 0D 0B 1F 1D 0F 00 12 0F 00 1D 12 19 1F 16 0E 00 15 18 19 21 00 13 1E 00 0C 23 00 18 19 21 00 13 10 00 12 0F 6B 1D 00 1C 0F 0B 16 16 23 00 0B 00 17 0B 1D 1E 0F 1C 78	How can we find Master Dragon?'<4F>Perhaps,we don't need to find him because he should know it by now if he's really a master.
0A48	52	08	1A	AB42	3535	3692	38 12 0F 18 00 0D 19 17 0F 00 0C 0B 0D 15 00 0B 10 1E 0F 1C 00 23 19 1F 00 12 0F 0B 1C 00 13 1E 78	Then come back after you hear it.
0A49	52	09	1A	AB42	3692	3909	33 12 77 36 0B 11 18 0B 1C 6E 00 2B 16 0B 0E 00 1E 19 00 1D 0F 0F 00 23 19 1F 00 13 18 00 11 19 19 0E 00 1D 1A 13 1C 13 1E 1D 78	Oh,Ragnar! Glad to see you in good spirits.
0A4A	52	0A	1A	AB42	3909	4018	38 12 0F 00 2F 13 18 11 00 13 1D 00 1F 1A 1D 1E 0B 13 1C 1D 78	The King is upstairs.
0A4B	52	0B	1A	AB42	4018	4394	31 0B 1D 1E 0F 1C 00 28 1C 0B 11 19 18 00 16 13 20 0F 1D 00 13 18 00 3E 0F 18 13 1E 12 13 0B 18 00 27 0B 1D 1E 16 0F 72 6C 4F 2D 1E 6B 1D 00 14 1F 1D 1E 00 0B 18 00 19 16 0E 00 17 0B 18 6B 1D 00 1D 13 16 16 23 00 1E 0B 16 15 78	Master Dragon lives in Zenithian Castle....'<4F>It's just an old man's silly talk.
0A4C	52	0C	1A	AB42	4394	5049	2D 00 12 0F 0B 1C 0E 00 1E 12 0F 00 3E 0F 18 13 1E 12 13 0B 18 00 37 12 13 0F 16 0E 00 21 0B 1D 00 19 18 0D 0F 00 13 18 00 1E 12 13 1D 00 27 0B 1D 1E 16 0F 6C 4F 2D 00 0B 16 1D 19 00 12 0F 0B 1C 0E 00 1E 12 0F 00 2F 13 18 11 00 19 10 00 37 1E 0B 18 0D 13 0B 00 12 0B 0E 00 1E 12 0F 00 3E 0F 18 13 1E 12 13 0B 18 00 2C 0F 16 17 6C 4F 2D 00 21 19 18 0E 0F 1C 00 13 10 00 12 0F 00 1D 1E 13 16 16 00 12 0B 1D 00 13 1E 72 78	I heard the Zenithian Shield was once in this Castle.'<4F>I also heard the King of Stancia had the Zenithian Helm.'<4F>I wonder if he still has it....
0A4D	52	0D	1A	AB42	5049	5154	2D 00 16 13 15 0F 00 13 1E 00 19 1F 1E 1D 13 0E 0F 6E 6A 44	I like it outside!'<44>
0A4E	52	0E	1A	AB42	5154	5256	2D 6B 17 00 1E 0B 15 13 18 11 00 0B 00 0C 1C 0F 0B 15 6E	I'm taking a break!
0A4F	52	0F	1A	AB42	5256	5730	2D 6B 17 00 1E 12 0F 00 19 18 16 23 00 17 0B 18 00 16 13 20 13 18 11 00 13 18 00 1E 12 13 1D 00 27 0B 1D 1E 16 0F 6C 4F 34 12 12 12 77 34 12 12 12 77 34 12 12 12 78 3D 19 1F 00 0F 18 20 23 00 17 0F 77 0E 19 18 6B 1E 00 23 19 1F 6D 00 26 23 00 1E 12 0F 00 21 0B 23 72 6C 44	I'm the only man living in this Castle.'<4F>Phhh,Phhh,Phhh.You envy me,don't you? By the way....'<44>
0A50	52	10	1A	AB42	5730	6302	2D 6B 20 0F 00 0C 0F 0F 18 00 1D 1E 1F 0E 23 13 18 11 00 1E 12 0F 00 0B 1C 1E 00 19 10 00 1A 1C 19 1A 12 0F 0D 23 6C 4F 38 12 0F 00 35 1F 0F 0F 18 77 1C 0F 0D 19 11 18 13 24 13 18 11 00 17 23 00 1E 0B 16 0F 18 1E 77 11 0B 20 0F 00 17 0F 00 1E 12 0F 00 26 1C 19 18 24 0F 00 25 17 1F 16 0F 1E 6C 4F 2D 1E 6B 1D 00 17 23 00 1E 1C 0F 0B 1D 1F 1C 0F 6E	I've been studying the art of prophecy.'<4F>The Queen,recognizing my talent,gave me the Bronze Amulet.'<4F>It's my treasure!
0A51	52	11	1A	AB42	6302	6496	3B 12 0B 1E 6D 00 2D 00 0E 13 0E 18 6B 1E 00 12 0F 0B 1C 00 23 19 1F 78 2D 6B 17 00 0C 1F 1D 23 00 18 19 21 78	What? I didn't hear you.I'm busy now.
0A52	52	12	1A	AB42	6496	7021	3D 19 1F 00 17 1F 1D 1E 00 0C 0F 00 1E 1C 0B 20 0F 16 0F 1C 1D 6C 4F 3B 0F 6B 20 0F 00 12 0B 0E 00 1A 0F 0B 0D 0F 00 0C 0F 0D 0B 1F 1D 0F 00 21 0F 6B 20 0F 00 0C 0F 0F 18 00 0D 1F 1E 00 19 10 10 00 10 1C 19 17 00 1E 12 0F 00 19 1F 1E 1D 13 0E 0F 00 21 19 1C 16 0E 72 6C 4F 30 0F 0B 20 0F 00 13 17 17 0F 0E 13 0B 1E 0F 16 23 78	You must be travelers.'<4F>We've had peace because we've been cut off from the outside world....'<4F>Leave immediately.
0A53	52	13	1A	AB42	7021	7238	38 12 0F 00 35 1F 0F 0F 18 00 13 1D 00 20 0F 1C 23 00 1D 1E 1C 13 0D 1E 78 3B 0B 1E 0D 12 00 23 19 1F 1C 00 17 0B 18 18 0F 1C 1D 78	The Queen is very strict.Watch your manners.
0A54	52	14	1A	AB42	7238	7446	3D 0B 21 18 72 78 2D 6B 17 00 0C 19 1C 0F 0E 78 3B 12 0F 1C 0F 6B 1D 00 1E 12 0F 00 0F 22 0D 13 1E 0F 17 0F 18 1E 6D	Yawn....I'm bored.Where's the excitement?
0A55	52	15	1A	AB42	7446	7750	2C 0F 16 16 19 6E 00 3B 12 23 00 0E 19 18 6B 1E 00 23 19 1F 00 0D 12 0F 0D 15 00 1E 12 0F 00 0E 1C 0B 21 0F 1C 6D 00 3D 19 1F 6B 16 16 00 10 13 18 0E 00 1D 19 17 0F 1E 12 13 18 11 78	Hello! Why don't you check the drawer? You'll find something.
0A56	52	16	1A	AB42	7750	7969	4E 50 71 69 2D 6B 17 00 0D 19 1F 18 1E 13 18 11 00 19 18 00 23 19 1F 78 27 0B 1E 0D 12 00 1E 12 0F 00 1E 12 13 0F 10 6C	<4E><50>:'I'm counting on you.Catch the thief.'
0A57	52	17	1A	AB42	7969	8215	4E 50 71 69 2D 6B 17 00 0D 19 1F 18 1E 13 18 11 00 19 18 00 23 19 1F 78 2B 0F 1E 00 17 0F 00 19 1F 1E 00 19 10 00 12 0F 1C 0F 00 1D 19 19 18 6C	<4E><50>:'I'm counting on you.Get me out of here soon.'
0A58	52	18	1A	AB42	8215	8595	2C 0B 20 0F 00 2D 00 1D 0F 0F 18 00 0B 00 1D 1F 1D 1A 13 0D 13 19 1F 1D 00 17 0B 18 6D 00 3B 0F 16 16 77 2D 00 1D 0B 21 00 0B 00 1D 18 19 0C 0C 13 1D 12 00 16 19 19 15 13 18 11 00 1A 0F 1C 1D 19 18 00 1C 1F 18 18 13 18 11 00 1D 19 1F 1E 12 78	Have I seen a suspicious man? Well,I saw a snobbish looking person running south.
0A59	52	19	1A	AB42	8595	8870	38 12 0B 1E 00 26 1C 19 18 24 0F 00 25 17 1F 16 0F 1E 00 13 1D 00 17 23 00 1E 1C 0F 0B 1D 1F 1C 0F 78 36 0F 1E 1F 1C 18 00 13 1E 00 1E 19 00 17 0F 77 1A 16 0F 0B 1D 0F 78	That Bronze Amulet is my treasure.Return it to me,please.
0A5A	52	1A	1A	AB42	8870	9230	3B 12 0F 1C 0F 00 0E 19 00 2D 00 1E 12 13 18 15 00 1E 12 0F 00 1E 12 13 0F 10 00 17 0B 23 00 0C 0F 6D 6A 4F 2D 10 00 2D 00 21 0F 1C 0F 00 1E 12 0F 00 1E 12 13 0F 10 77 2D 6B 0E 00 12 13 0E 0F 00 13 18 00 0B 00 0D 0B 20 0F 78	Where do I think the thief may be?'<4F>If I were the thief,I'd hide in a cave.
0A5B	52	1B	1A	AB42	9230	9722	26 0F 16 13 0F 20 13 18 11 00 13 18 00 23 19 1F 1C 00 13 18 18 19 0D 0F 18 0D 0F 77 2D 00 11 0B 20 0F 00 23 19 1F 00 0B 00 0D 12 0B 18 0D 0F 00 1E 19 00 10 13 18 0E 00 1E 12 0F 00 1E 12 13 0F 10 6C 4F 28 19 00 18 19 1E 00 0C 0F 1E 1C 0B 23 00 17 23 00 10 0B 13 1E 12 00 13 18 00 23 19 1F 78 2B 19 00 18 19 21 78	Believing in your innocence,I gave you a chance to find the thief.'<4F>Do not betray my faith in you.Go now.
0A5C	52	1C	1A	AB42	9722	10071	4E 37 0F 0F 17 1D 00 1D 19 1F 18 0E 00 0B 1D 16 0F 0F 1A 72 78 44 2C 0F 6B 1D 00 12 19 16 0E 13 18 11 00 1E 12 0F 00 26 1C 19 18 24 0F 00 25 17 1F 16 0F 1E 00 0B 11 0B 13 18 1D 1E 00 12 13 1D 00 0D 12 0F 1D 1E 78	<4E>Seems sound asleep....<44>He's holding the Bronze Amulet against his chest.
0A5D	52	1D	1A	AB42	10071	10115	28 0B 1C 18 6E 6A	Darn!'
0A5E	52	1E	1A	AB42	10115	10587	25 0D 1E 1F 0B 16 16 23 77 2D 6B 20 0F 00 0C 0F 16 13 0F 20 0F 0E 00 13 18 00 23 19 1F 1C 00 13 18 18 19 0D 0F 18 0D 0F 00 10 1C 19 17 00 1E 12 0F 00 0C 0F 11 13 18 18 13 18 11 6C 4F 2D 00 0D 19 1F 16 0E 00 1E 0F 16 16 00 0C 23 00 1E 12 0F 00 16 19 19 15 00 13 18 00 23 19 1F 1C 00 0F 23 0F 1D 78	Actually,I've believed in your innocence from the beginning.'<4F>I could tell by the look in your eyes.
0A5F	52	1F	1A	AB42	10587	10922	49 77 23 19 1F 00 10 19 1F 18 0E 00 1E 12 0F 00 1E 12 13 0F 10 6E 6A 4F 38 12 0F 00 1D 19 16 0E 13 0F 1C 00 21 12 19 00 1C 0F 1E 1F 1C 18 0F 0E 00 10 13 1C 1D 1E 77 13 18 10 19 1C 17 0F 0E 00 17 0F 6C 44	<49>,you found the thief!'<4F>The soldier who returned first,informed me.'<44>
0A60	53	00	1A	B098	0	233	39 1D 0F 00 1E 12 13 1D 00 15 0F 23 00 1E 19 00 11 0F 1E 00 23 19 1F 1C 00 0D 19 17 1A 0B 18 13 19 18 00 19 1F 1E 00 19 10 00 14 0B 13 16 6C 44	Use this key to get your companion out of jail.'<44>
0A61	53	01	1A	B098	233	748	4E 49 00 19 0C 1E 0B 13 18 0F 0E 00 1E 12 0F 00 2A 13 18 0B 16 00 2F 0F 23 6E 43 56 4F 25 16 1D 19 77 1E 0B 15 0F 00 1E 12 0F 00 3E 0F 18 13 1E 12 13 0B 18 00 37 12 13 0F 16 0E 00 10 1C 19 17 00 1E 12 13 1D 00 27 0B 1D 1E 16 0F 6B 1D 00 0C 0B 1D 0F 17 0F 18 1E 78 2D 1E 6B 1D 00 23 19 1F 1C 1D 6C 44	<4E><49> obtained the Final Key!<43><56><4F>Also,take the Zenithian Shield from this Castle's basement.It's yours.'<44>
0A62	53	02	1A	B098	748	1657	31 23 00 1A 0F 19 1A 16 0F 00 1E 19 16 0E 00 17 0F 00 1E 12 0B 1E 00 23 19 1F 6B 1C 0F 00 19 18 00 14 19 1F 1C 18 0F 23 00 1E 19 00 0E 0F 10 0F 0B 1E 00 1E 12 0F 00 36 1F 16 0F 1C 00 19 10 00 29 20 13 16 6C 4F 2D 00 0B 16 1D 19 00 12 0F 0B 1C 0E 00 17 19 18 1D 1E 0F 1C 1D 00 1F 1D 0F 0E 00 1E 19 00 16 13 20 0F 00 1D 19 1F 1E 12 00 19 10 00 12 0F 1C 0F 00 13 18 00 36 19 1D 0B 20 13 16 16 0F 6C 4F 3D 19 1F 00 17 0B 23 00 10 13 18 0E 00 19 1F 1E 00 1D 19 17 0F 1E 12 13 18 11 00 1E 12 0F 1C 0F 78 2D 00 1D 1F 11 11 0F 1D 1E 00 23 19 1F 00 20 13 1D 13 1E 00 36 19 1D 0B 20 13 16 16 0F 78	My people told me that you're on journey to defeat the Ruler of Evil.'<4F>I also heard monsters used to live south of here in Rosaville.'<4F>You may find out something there.I suggest you visit Rosaville.
0A63	53	03	1A	B098	1657	2035	2D 00 17 0F 0B 18 1E 00 13 1E 77 0C 1F 1E 00 23 19 1F 00 0E 19 18 6B 1E 00 1D 0F 0F 17 00 1E 19 00 0C 0F 00 0B 0C 16 0F 00 1E 19 00 0D 0B 1C 1C 23 00 0B 18 23 17 19 1C 0F 00 1E 12 13 18 11 1D 78 27 19 17 0F 00 0C 0B 0D 15 00 0B 11 0B 13 18 78	I meant it,but you don't seem to be able to carry anymore things.Come back again.
0A64	53	04	1A	B098	2035	2157	34 12 0F 21 72 2D 00 16 19 20 0F 00 0C 1C 0F 0B 15 1D 6E 6A 44	Phew...I love breaks!'<44>
0A65	53	05	1A	B098	2157	2651	38 12 0F 00 35 1F 0F 0F 18 00 1C 0F 1E 1F 1C 18 0F 0E 00 1E 12 0F 00 26 1C 19 18 24 0F 00 25 17 1F 16 0F 1E 00 1E 19 00 17 0F 6C 4F 2D 6B 17 00 1D 19 1C 1C 23 00 2D 00 1D 1F 1D 1A 0F 0D 1E 0F 0E 00 23 19 1F 00 0F 20 0F 18 00 10 19 1C 00 0B 00 17 19 17 0F 18 1E 72 6C 4F 2A 19 1C 11 13 20 0F 00 17 0F 78	The Queen returned the Bronze Amulet to me.'<4F>I'm sorry I suspected you even for a moment....'<4F>Forgive me.
0A66	53	06	1A	B098	2651	2880	3D 19 1F 00 0D 0B 1F 11 12 1E 00 1E 12 0F 00 1C 0F 0B 16 00 1E 12 13 0F 10 6D 6A 4F 2D 6B 17 00 11 16 0B 0E 00 10 19 1C 00 23 19 1F 78	You caught the real thief?'<4F>I'm glad for you.
0A67	53	07	1A	B098	2880	3190	3D 19 1F 6B 1C 0F 00 16 0F 0B 20 13 18 11 77 0B 1C 0F 18 6B 1E 00 23 19 1F 6D 00 2D 6B 16 16 00 17 13 1D 1D 00 23 19 1F 72 6C 4F 3B 12 0B 1E 00 0B 17 00 2D 00 1D 0B 23 13 18 11 6D	You're leaving,aren't you? I'll miss you....'<4F>What am I saying?
0A68	53	08	1A	B098	3190	3765	3B 12 0B 1E 00 0B 00 0C 1F 18 11 16 0F 00 2D 00 17 0B 0E 0F 6E 6A 4F 38 12 19 1D 0F 00 1E 12 1C 0F 0F 00 0C 0B 1D 0F 17 0F 18 1E 1D 00 13 18 00 1E 12 13 1D 00 27 0B 1D 1E 16 0F 00 2D 00 12 0F 0B 1C 0E 00 0B 0C 19 1F 1E 72 6C 4F 2D 00 0D 19 1F 16 0E 18 6B 1E 00 10 13 18 0E 00 1E 12 0F 17 00 0F 13 1E 12 0F 1C 72 78 2D 00 12 0B 1E 0F 00 17 23 1D 0F 16 10 72 78	What a bungle I made!'<4F>Those three basements in this Castle I heard about....'<4F>I couldn't find them either....I hate myself....
0A69	53	09	1A	B098	3765	4059	4E 50 71 69 3D 19 1F 00 0D 0B 1F 11 12 1E 00 1E 12 0F 00 1E 12 13 0F 10 6D 00 2B 19 19 0E 6E 00 30 0F 1E 00 17 0F 00 19 1F 1E 00 19 10 00 12 0F 1C 0F 00 1E 12 0F 18 6E 6A	<4E><50>:'You caught the thief? Good! Let me out of here then!'
0A6A	53	0A	1A	B098	4059	4365	4E 50 71 69 3D 19 1F 00 1A 1C 19 20 0F 0E 00 19 1F 1C 00 13 18 18 19 0D 0F 18 0D 0F 6D 00 34 16 0F 0B 1D 0F 00 16 0F 1E 00 17 0F 00 19 1F 1E 00 19 10 00 12 0F 1C 0F 00 1E 12 0F 18 6E 6A	<4E><50>:'You proved our innocence? Please let me out of here then!'
0A6B	53	0B	1A	B098	4365	4553	4E 50 71 69 2B 19 19 0E 00 1E 19 00 0C 0F 00 19 1F 1E 6E 00 30 0F 1E 6B 1D 00 16 0F 0B 20 0F 6E 6A	<4E><50>:'Good to be out! Let's leave!'
0A6C	53	0C	1A	B098	4553	4767	4E 50 71 69 2D 6B 17 00 1C 0F 16 13 0F 20 0F 0E 6E 00 37 12 0B 16 16 00 21 0F 00 16 0F 0B 20 0F 00 18 19 21 6D 6A	<4E><50>:'I'm relieved! Shall we leave now?'
0A6D	53	0D	1A	B098	4767	5131	2D 6B 17 00 18 19 1E 00 16 23 13 18 11 6E 6A 4F 25 1E 00 18 13 11 12 1E 77 0B 00 0C 0F 0B 1F 1E 13 10 1F 16 00 11 13 1C 16 00 16 19 19 15 1D 00 19 1F 1E 00 0B 00 21 13 18 0E 19 21 00 19 10 00 1E 12 0B 1E 00 1E 19 21 0F 1C 78	I'm not lying!'<4F>At night,a beautiful girl looks out a window of that tower.
0A6E	53	0E	1A	B098	5131	5318	2D 00 21 19 18 6B 1E 00 16 0F 1E 00 23 19 1F 00 1A 0B 1D 1D 6E 00 3D 19 1F 6B 1C 0F 00 10 13 18 13 1D 12 0F 0E 6E	I won't let you pass! You're finished!
0A6F	53	0F	1A	B098	5318	6508	2D 00 21 19 18 6B 1E 00 16 0F 1E 00 23 19 1F 00 1E 1C 0F 0B 1E 00 36 19 1D 0B 00 0C 0B 0E 16 23 6E 6A 4F 3B 12 0B 1E 6D 00 3D 19 1F 6B 1C 0F 00 18 19 1E 00 12 0F 1C 0F 00 1E 19 00 12 1F 1C 1E 00 12 0F 1C 6D 00 38 12 0F 18 00 2D 6B 16 16 00 1E 0F 16 16 00 23 19 1F 00 1D 19 17 0F 1E 12 13 18 11 6C 4F 2D 1E 6B 1D 00 1D 0B 13 0E 00 1E 12 0F 00 37 1E 0B 10 10 00 19 10 00 38 1C 0B 18 1D 10 19 1C 17 00 13 1D 00 13 18 00 0B 00 1C 19 23 0B 16 00 0D 1C 23 1A 1E 00 19 18 00 1E 12 0F 00 0D 0B 1A 0F 00 1D 19 1F 1E 12 21 0F 1D 1E 00 19 10 00 29 18 0E 19 1C 6C 4F 2D 00 1E 12 13 18 15 00 13 10 00 23 19 1F 00 1F 1D 0F 00 13 1E 77 23 19 1F 6B 16 16 00 0C 0F 00 0B 0C 16 0F 00 1E 19 00 1D 18 0F 0B 15 00 13 18 1E 19 00 1E 12 0F 00 17 19 18 1D 1E 0F 1C 1D 6B 00 0D 0B 1D 1E 16 0F 78	I won't let you treat Rosa badly!'<4F>What? You're not here to hurt her? Then I'll tell you something.'<4F>It's said the Staff of Transform is in a royal crypt on the cape southwest of Endor.'<4F>I think if you use it,you'll be able to sneak into the monsters' castle.
0A70	53	10	1A	B098	6508	6679	4E 44 25 16 0B 1D 77 13 1E 00 21 0B 1D 00 0B 00 1D 15 0F 16 0F 1E 19 18 00 17 19 18 1D 1E 0F 1C 78 44	<4E><44>Alas,it was a skeleton monster.<44>
0A71	53	11	1A	B098	6679	6918	28 19 18 6B 1E 00 21 0B 15 0F 00 17 0F 00 1F 1A 6E 00 2D 6B 17 00 1D 16 0F 0F 1A 23 78 31 1F 17 0C 16 0F 72 31 1F 17 0C 16 0F 72	Don't wake me up! I'm sleepy.Mumble...Mumble...
0A72	53	12	1A	B098	6918	7416	3D 0F 0F 15 6E 00 30 0F 1E 00 17 0F 00 11 19 6E 6A 4F 3B 12 0B 1E 6D 00 3D 19 1F 00 1F 1D 0F 0E 00 1E 12 0F 00 37 1E 0B 10 10 00 19 10 00 38 1C 0B 18 1D 10 19 1C 17 00 1E 19 00 0B 1D 1D 1F 17 0F 00 1E 12 0F 00 17 19 18 1D 1E 0F 1C 1D 6B 00 1D 12 0B 1A 0F 1D 6D 00 2D 6B 17 00 1C 0F 16 13 0F 20 0F 0E 72 78	Yeek! Let me go!'<4F>What? You used the Staff of Transform to assume the monsters' shapes? I'm relieved....
0A73	53	13	1A	B098	7416	8024	2D 1E 6B 1D 00 1D 1F 1C 1A 1C 13 1D 13 18 11 00 23 19 1F 00 0D 0B 17 0F 00 19 1F 1E 00 19 10 00 1E 12 13 1D 00 27 0B 1D 1E 16 0F 00 0B 16 13 20 0F 6C 4F 2D 00 11 19 1E 00 13 1E 6E 00 3D 19 1F 00 1F 1D 0F 0E 00 1E 12 0F 00 37 1E 0B 10 10 00 19 10 00 38 1C 0B 18 1D 10 19 1C 17 00 1E 19 00 0B 1D 1D 1F 17 0F 00 1E 12 0F 00 17 19 18 1D 1E 0F 1C 1D 6B 00 1D 12 0B 1A 0F 1D 77 1C 13 11 12 1E 6D	It's surprising you came out of this Castle alive.'<4F>I got it! You used the Staff of Transform to assume the monsters' shapes,right?
0A74	53	14	1A	B098	8024	8079	2D 00 15 18 0F 21 00 13 1E 6E	I knew it!
0A75	53	15	1A	B098	8079	8424	2D 00 12 0F 0B 1C 0E 00 1E 12 0F 00 37 1E 0B 10 10 00 19 10 00 38 1C 0B 18 1D 10 19 1C 17 00 13 1D 00 15 0F 1A 1E 00 13 18 00 0B 00 1C 19 23 0B 16 00 0D 1C 23 1A 1E 00 13 18 00 1E 12 0F 00 29 18 0E 19 1C 00 0B 1C 0F 0B 78	I heard the Staff of Transform is kept in a royal crypt in the Endor area.
0A76	53	16	1A	B098	8424	8640	2D 00 12 0B 20 0F 00 1E 19 00 12 1F 1C 1C 23 78 27 0B 18 6B 1E 00 0C 0F 00 16 0B 1E 0F 00 10 19 1C 00 1E 12 0F 00 17 0F 0F 1E 13 18 11 78	I have to hurry.Can't be late for the meeting.
0A77	53	17	1A	B098	8640	8727	34 12 0F 21 6E 00 2D 00 17 0B 0E 0F 00 13 1E 78	Phew! I made it.
0A78	53	18	1A	B098	8727	8994	32 0F 0D 1C 19 1D 0B 1C 19 77 21 12 19 00 12 0B 1D 00 16 19 18 11 00 0C 0F 0F 18 00 0B 0C 1D 0F 18 1E 77 12 0B 1D 00 1C 0F 1E 1F 1C 18 0F 0E 72 6C 4F 3B 12 23 6D	Necrosaro,who has long been absent,has returned....'<4F>Why?
0A79	53	19	1A	B098	8994	9314	25 1D 00 1A 1C 19 1A 12 0F 1D 13 0F 0E 77 29 1D 1E 1F 1C 15 00 12 0B 1D 00 1C 0F 1D 1F 1C 1C 0F 0D 1E 0F 0E 6E 6A 4F 33 1F 1C 00 1E 13 17 0F 00 12 0B 1D 00 0D 19 17 0F 00 0B 1E 00 16 0B 1D 1E 6E	As prophesied,Esturk has resurrected!'<4F>Our time has come at last!
0A7A	53	1A	1A	B098	9314	9891	3B 12 0B 1E 00 0B 1C 0F 00 23 19 1F 00 0E 19 13 18 11 00 12 0F 1C 0F 6D 00 3D 19 1F 00 1D 12 19 1F 16 0E 00 0C 0F 00 0B 1E 00 25 15 1E 0F 17 1E 19 6E 6A 4F 3D 19 1F 00 15 18 19 21 00 25 15 1E 0F 17 1E 19 00 13 1D 00 19 18 00 1E 12 0F 00 0D 0B 1A 0F 00 18 19 1C 1E 12 21 0F 1D 1E 00 19 10 00 2F 0F 0F 16 0F 19 18 00 27 0B 1D 1E 16 0F 77 0E 19 18 6B 1E 00 23 19 1F 6D	What are you doing here? You should be at Aktemto!'<4F>You know Aktemto is on the cape northwest of Keeleon Castle,don't you?
0A7B	53	1B	1A	B098	9891	10630	29 1D 1E 1F 1C 15 00 1E 12 0F 00 2B 1C 0F 0B 1E 00 12 0B 1D 00 0F 17 0F 1C 11 0F 0E 00 10 1C 19 17 00 1F 18 0E 0F 1C 11 1C 19 1F 18 0E 6E 6A 4F 2D 10 00 32 0F 0D 1C 19 1D 0B 1C 19 00 1A 0F 1C 10 0F 0D 1E 1D 00 1E 12 0F 00 37 0F 0D 1C 0F 1E 00 19 10 00 29 20 19 16 1F 1E 13 19 18 72 6A 4F 0F 20 0F 18 00 1E 12 0F 00 0D 0F 16 0F 1D 1E 13 0B 16 00 17 0B 1D 1E 0F 1C 00 21 19 18 6B 1E 00 17 0F 0E 0E 16 0F 00 21 13 1E 12 00 1F 1D 6E 00 2C 0B 77 2C 0B 77 2C 0B 6E	Esturk the Great has emerged from underground!'<4F>If Necrosaro perfects the Secret of Evolution...'<4F>even the celestial master won't meddle with us! Ha,Ha,Ha!
0A7C	53	1C	1A	B098	10630	10960	28 19 18 6B 1E 00 11 0F 1E 00 0B 18 23 00 0D 16 19 1D 0F 1C 6E 6A 4F 29 1D 1E 1F 1C 15 00 1E 12 0F 00 2B 1C 0F 0B 1E 00 13 1D 00 1C 0F 20 13 20 13 18 11 6E 6A 4F 30 0F 0B 20 0F 00 18 19 21 6E	Don't get any closer!'<4F>Esturk the Great is reviving!'<4F>Leave now!
0A7D	53	1D	1A	B098	10960	11029	30 0F 0B 20 0F 6E 00 32 19 21 6E	Leave! Now!
0A7E	53	1E	1A	B098	11029	11190	3D 19 1F 00 21 19 18 6B 1E 6D 00 2D 00 12 0B 20 0F 00 18 19 00 0D 12 19 13 0D 0F 00 1E 12 0F 18 6E	You won't? I have no choice then!
0A7F	53	1F	1A	B098	11190	11488	38 12 0F 00 12 1F 17 0B 18 1D 00 21 12 19 00 21 0F 1C 0F 00 12 0F 1C 0F 00 1E 19 19 15 00 1E 12 0F 00 0F 16 10 13 18 00 11 13 1C 16 00 13 18 00 1E 12 0F 00 1E 19 21 0F 1C 00 1D 19 17 0F 21 12 0F 1C 0F 78	The humans who were here took the elfin girl in the tower somewhere.
0A80	54	00	1A	B635	0	356	26 16 1F 0C 72 26 16 1F 0C 72 34 19 19 1C 00 36 19 1D 0B 6C 4F 37 12 0F 00 21 0B 1D 00 12 13 0E 13 18 11 00 10 1C 19 17 00 12 1F 17 0B 18 1D 00 0C 1F 1E 00 21 0B 1D 00 10 19 1F 18 0E 00 0B 11 0B 13 18 78	Blub...Blub...Poor Rosa.'<4F>She was hiding from humans but was found again.
0A81	54	01	1A	B635	356	604	36 19 1D 0B 00 21 0B 1D 00 0D 0B 1A 1E 1F 1C 0F 0E 6E 6A 4F 38 12 0F 23 00 1E 19 19 15 00 12 0F 1C 00 1E 19 21 0B 1C 0E 1D 00 2D 24 17 13 1E 78	Rosa was captured!'<4F>They took her towards Izmit.
0A82	54	02	1A	B635	604	903	32 0F 0D 1C 19 1D 0B 1C 19 00 12 0B 1D 18 6B 1E 00 1C 0F 1E 1F 1C 18 0F 0E 00 10 1C 19 17 00 25 15 1E 0F 17 1E 19 6C 4F 3B 12 0B 1E 00 12 0B 1A 1A 0F 18 0F 0E 00 1E 19 00 12 13 17 6D	Necrosaro hasn't returned from Aktemto.'<4F>What happened to him?
0A83	54	03	1A	B635	903	1381	2D 00 12 0F 0B 1C 0E 00 0B 00 0C 0B 0E 00 1C 1F 17 19 1C 72 6C 4F 29 1D 1E 1F 1C 15 00 1E 12 0F 00 2B 1C 0F 0B 1E 00 1C 0F 1D 1F 1C 1C 0F 0D 1E 0F 0E 00 0C 1F 1E 00 21 0B 1D 00 0E 0F 1D 1E 1C 19 23 0F 0E 00 0C 23 00 1E 12 0F 00 2C 0F 1C 19 78 2D 00 0E 19 18 6B 1E 00 0C 0F 16 13 0F 20 0F 00 13 1E 6E	I heard a bad rumor....'<4F>Esturk the Great resurrected but was destroyed by the Hero.I don't believe it!
0A84	54	04	1A	B635	1381	1614	37 19 17 0F 1E 12 13 18 11 00 13 1D 00 21 1C 19 18 11 6E 00 32 19 00 19 18 0F 00 1C 0F 1E 1F 1C 18 1D 00 10 1C 19 17 00 25 15 1E 0F 17 1E 19 78	Something is wrong! No one returns from Aktemto.
0A85	54	05	1A	B635	1614	2132	2D 00 12 0F 0B 1C 00 36 19 1D 0B 00 1E 12 0F 00 29 16 10 77 32 0F 0D 1C 19 1D 0B 1C 19 6B 1D 00 0C 0F 16 19 20 0F 0E 77 21 0B 1D 00 0B 0C 0E 1F 0D 1E 0F 0E 00 0C 23 00 12 1F 17 0B 18 1D 6C 4F 32 0F 0D 1C 19 1D 0B 1C 19 00 21 13 16 16 00 0C 0F 00 10 1F 1C 13 19 1F 1D 00 13 10 00 12 0F 00 12 0F 0B 1C 1D 00 1E 12 13 1D 78	I hear Rosa the Elf,Necrosaro's beloved,was abducted by humans.'<4F>Necrosaro will be furious if he hears this.
0A86	54	06	1A	B635	2132	2340	2C 0F 16 16 19 6E 00 2C 19 21 00 21 19 1F 16 0E 00 23 19 1F 00 16 13 15 0F 00 0B 00 10 16 23 13 18 11 00 20 0F 1D 1D 0F 16 6D	Hello! How would you like a flying vessel?
0A87	54	07	1A	B635	2340	2819	2D 00 21 13 1D 12 00 1E 19 00 1D 0B 23 00 1E 12 0B 1E 77 0C 1F 1E 00 2D 00 0E 19 18 6B 1E 00 12 0B 20 0F 00 0B 18 23 00 23 0F 1E 6C 4F 2D 1E 6B 1D 00 0B 16 17 19 1D 1E 00 0D 19 17 1A 16 0F 1E 0F 78 25 16 16 00 2D 00 18 0F 0F 0E 00 13 1D 00 0B 00 11 0B 1D 00 16 13 11 12 1E 0F 1C 00 1E 12 0B 18 00 0B 13 1C 78	I wish to say that,but I don't have any yet.'<4F>It's almost complete.All I need is a gas lighter than air.
0A88	54	08	1A	B635	2819	3142	2C 19 21 00 10 1C 1F 1D 1E 1C 0B 1E 13 18 11 6E 00 2D 10 00 19 18 16 23 00 21 0F 00 12 0B 0E 00 0B 00 11 0B 1D 00 16 13 11 12 1E 0F 1C 00 1E 12 0B 18 00 0B 13 1C 77 21 0F 00 0D 19 1F 16 0E 00 10 16 23 6E	How frustrating! If only we had a gas lighter than air,we could fly!
0A89	54	09	1A	B635	3142	3409	31 0B 23 00 2D 00 1E 0B 15 0F 00 0B 00 16 19 19 15 00 0B 1E 00 1E 12 0B 1E 00 1D 1E 1C 0B 18 11 0F 00 0D 0B 18 13 1D 1E 0F 1C 00 23 19 1F 6B 1C 0F 00 12 19 16 0E 13 18 11 6D	May I take a look at that strange canister you're holding?
0A8A	54	0A	1A	B635	3409	3457	3B 12 23 00 18 19 1E 6D	Why not?
0A8B	54	0B	1A	B635	3457	3878	3B 19 21 6E 00 38 12 0F 1C 0F 6B 1D 00 11 0B 1D 00 13 18 1D 13 0E 0F 6E 6A 4F 38 12 13 1D 00 0D 19 1F 16 0E 00 0C 0F 72 6C 4F 27 19 1F 16 0E 00 23 19 1F 00 1A 19 1D 1D 13 0C 16 23 00 11 13 20 0F 00 17 0F 00 1E 12 13 1D 00 0D 0B 18 13 1D 1E 0F 1C 6D	Wow! There's gas inside!'<4F>This could be....'<4F>Could you possibly give me this canister?
0A8C	54	0C	1A	B635	3878	3950	26 1F 1E 77 1A 16 0F 0B 1D 0F 72 78	But,please....
0A8D	54	0D	1A	B635	3950	4448	2D 00 0B 1A 1A 1C 0F 0D 13 0B 1E 0F 00 13 1E 6E 00 27 19 17 0F 00 0C 0B 0D 15 00 1E 19 17 19 1C 1C 19 21 77 21 19 18 6B 1E 00 23 19 1F 6D 6A 4F 2D 00 1E 12 13 18 15 00 2D 6B 16 16 00 0C 0F 00 0B 0C 16 0F 00 1E 19 00 11 13 20 0F 00 23 19 1F 00 1D 19 17 0F 1E 12 13 18 11 00 21 19 18 0E 0F 1C 10 1F 16 6E	I appreciate it! Come back tomorrow,won't you?'<4F>I think I'll be able to give you something wonderful!
0A8E	54	0E	1A	B635	4448	4949	3B 0F 16 0D 19 17 0F 00 0C 0B 0D 15 6E 00 2D 00 10 13 18 0B 16 16 23 00 0D 19 17 1A 16 0F 1E 0F 0E 00 0B 00 10 16 23 13 18 11 00 0C 0B 16 16 19 19 18 6E 6A 4F 2D 6B 16 16 00 11 13 20 0F 00 23 19 1F 00 1E 12 0F 00 10 13 1C 1D 1E 00 19 18 0F 78 2D 1E 6B 1D 00 19 1F 1E 1D 13 0E 0F 6E 43 56 40	Welcome back! I finally completed a flying balloon!'<4F>I'll give you the first one.It's outside!<43><56><40>
0A8F	54	0F	1A	B635	4949	5363	38 12 0F 00 11 0B 1D 00 10 1C 19 17 00 1E 12 0F 00 0D 0B 18 13 1D 1E 0F 1C 00 13 1D 00 0F 1D 1D 0F 18 1E 13 0B 16 00 10 19 1C 00 10 16 23 13 18 11 00 0C 0B 16 16 19 19 18 1D 6C 4F 32 19 21 00 2D 00 0D 0B 18 00 17 0B 15 0F 00 17 0B 18 23 00 0C 0B 16 16 19 19 18 1D 6E	The gas from the canister is essential for flying balloons.'<4F>Now I can make many balloons!
0A90	54	10	1A	B635	5363	5579	2D 00 0D 0B 18 6B 1E 00 0C 0F 16 13 0F 20 0F 00 1E 12 0F 1C 0F 6B 1D 00 0B 00 0D 0B 1D 1E 16 0F 00 1F 1A 00 13 18 00 1E 12 0F 00 1D 15 23 78	I can't believe there's a castle up in the sky.
0A91	54	11	1A	B635	5579	6239	29 20 0F 18 00 0B 00 0C 0B 16 16 19 19 18 00 21 19 18 6B 1E 00 0C 0F 00 0B 0C 16 0F 00 1E 19 00 1E 0B 15 0F 00 23 19 1F 00 12 13 11 12 00 0B 0C 19 20 0F 00 1E 12 0F 00 1D 15 23 00 1E 19 00 3E 0F 18 13 1E 12 13 0B 6C 4F 26 1F 1E 00 13 10 00 23 19 1F 00 1F 1D 0F 00 13 1E 00 1E 19 00 1D 1F 1C 20 0F 23 00 1E 12 0F 00 21 19 1C 16 0E 77 23 19 1F 00 17 0B 23 00 10 13 18 0E 00 0B 00 21 0B 23 00 1E 19 00 3E 0F 18 13 1E 12 13 0B 78	Even a balloon won't be able to take you high above the sky to Zenithia.'<4F>But if you use it to survey the world,you may find a way to Zenithia.
0A92	54	12	1A	B635	6239	6435	3B 12 0B 1E 00 12 0B 1A 1A 0F 18 0F 0E 00 1E 19 00 50 6D 00 31 1F 1D 1E 00 1D 0F 0F 00 50 00 0B 1E 00 19 18 0D 0F 6E	What happened to <50>? Must see <50> at once!
0A93	54	13	1A	B635	6435	6879	50 6E 00 2D 6B 20 0F 00 0C 0F 0F 18 00 21 0B 13 1E 13 18 11 00 10 19 1C 00 23 19 1F 6C 4F 2B 19 00 1D 0F 0F 00 31 0B 1D 1E 0F 1C 00 28 1C 0B 11 19 18 00 18 19 21 6C 4F 33 1C 00 1E 12 0F 00 21 19 1C 16 0E 00 21 13 16 16 00 0C 0F 00 19 0C 16 13 1E 0F 1C 0B 1E 0F 0E 6E	<50>! I've been waiting for you.'<4F>Go see Master Dragon now.'<4F>Or the world will be obliterated!
0A94	54	14	1A	B635	6879	7148	3B 12 0B 1E 00 0D 19 1F 16 0E 00 1E 12 0B 1E 00 0C 0F 6D 00 2D 00 12 0F 0B 1C 00 20 19 13 0D 0F 1D 00 10 1C 19 17 00 1E 12 0F 00 1E 19 1A 00 19 10 00 1E 12 0F 00 1E 1C 0F 0F 78	What could that be? I hear voices from the top of the tree.
0A95	54	15	1A	B635	7148	7558	2D 00 1E 12 13 18 15 00 2D 00 12 0F 0B 1C 00 1D 19 17 0F 19 18 0F 00 0D 0B 16 16 13 18 11 00 10 19 1C 00 12 0F 16 1A 6C 4F 38 12 0F 23 6B 1C 0F 00 1D 0B 23 13 18 11 00 1E 19 00 0D 19 17 0F 00 1F 1A 00 13 18 00 11 1C 19 1F 1A 1D 00 19 10 00 1E 12 1C 0F 0F 72 78	I think I hear someone calling for help.'<4F>They're saying to come up in groups of three....
0A96	54	16	1A	B635	7558	7704	2D 00 0E 19 18 6B 1E 00 12 0F 0B 1C 00 0B 18 23 00 17 19 1C 0F 00 20 19 13 0D 0F 1D 72 78	I don't hear any more voices....
0A97	54	17	1A	B635	7704	7900	33 12 77 23 19 1F 00 0D 19 17 1A 16 0F 1E 0F 0E 00 1E 12 0F 00 1C 0F 1D 0D 1F 0F 6D 00 2D 6B 17 00 11 16 0B 0E 78	Oh,you completed the rescue? I'm glad.
0A98	54	18	1A	B635	7900	8719	34 16 0F 0B 1D 0F 00 12 0F 16 1A 00 17 0F 6C 4F 2D 6B 17 00 30 1F 0D 13 0B 78 2D 00 0D 0B 17 0F 00 12 0F 1C 0F 00 1E 19 00 0D 19 16 16 0F 0D 1E 00 1E 12 0F 00 16 0F 0B 20 0F 1D 00 19 10 00 21 19 1C 16 0E 00 1E 1C 0F 0F 1D 72 6A 4F 0C 1F 1E 00 21 0B 1D 00 0B 1E 1E 0B 0D 15 0F 0E 00 0C 23 00 17 19 18 1D 1E 0F 1C 1D 78 38 12 0F 23 00 0C 1C 19 15 0F 00 17 23 00 21 13 18 11 1D 6C 4F 3B 19 1F 16 0E 00 23 19 1F 00 1E 0B 15 0F 00 17 0F 00 0C 0B 0D 15 00 1E 19 00 3E 0F 18 13 1E 12 13 0B 18 00 27 0B 1D 1E 16 0F 6D	Please help me.'<4F>I'm Lucia.I came here to collect the leaves of world trees...'<4F>but was attacked by monsters.They broke my wings.'<4F>Would you take me back to Zenithian Castle?
0A99	54	19	1A	B635	8719	8982	3D 19 1F 00 17 1F 1D 1E 00 1E 12 13 18 15 00 13 1E 6B 1D 00 0E 0B 18 11 0F 1C 19 1F 1D 00 1E 19 00 11 19 00 1E 19 00 3E 0F 18 13 1E 12 13 0B 18 00 27 0B 1D 1E 16 0F 78	You must think it's dangerous to go to Zenithian Castle.
0A9A	54	1A	1A	B635	8982	9072	33 12 77 23 19 1F 00 21 13 16 16 6E 6A 44	Oh,you will!'<44>
0A9B	54	1B	1A	B635	9072	9445	3D 19 1F 1C 00 11 1C 19 1F 1A 00 13 1D 00 10 1F 16 16 00 18 19 21 6C 4F 2D 6B 16 16 00 21 0B 13 1E 00 1F 18 1E 13 16 00 23 19 1F 00 0D 19 17 0F 00 0C 0B 0D 15 00 21 13 1E 12 00 10 0F 21 0F 1C 00 0D 19 17 1A 0B 18 13 19 18 1D 78	Your group is full now.'<4F>I'll wait until you come back with fewer companions.
0A9C	54	1C	1A	B635	9445	9879	38 19 00 0F 18 1E 0F 1C 00 3E 0F 18 13 1E 12 13 0B 18 00 38 19 21 0F 1C 77 23 19 1F 00 17 1F 1D 1E 00 0C 0F 00 0F 1B 1F 13 1A 1A 0F 0E 00 21 13 1E 12 00 0B 16 16 00 19 10 00 1E 12 0F 00 3E 0F 18 13 1E 12 13 0B 18 00 21 0F 0B 1A 19 18 1D 00 0B 18 0E 00 0B 1C 17 19 1C 6C 44	To enter Zenithian Tower,you must be equipped with all of the Zenithian weapons and armor.'<44>
0A9D	54	1D	1A	B635	9879	10180	2D 00 10 0F 0F 16 00 13 1E 78 38 12 0F 00 3E 0F 18 13 1E 12 13 0B 18 00 37 21 19 1C 0E 00 13 1D 00 12 13 0E 0E 0F 18 00 1D 19 17 0F 21 12 0F 1C 0F 00 13 18 00 1E 12 13 1D 00 1E 1C 0F 0F 6C 44	I feel it.The Zenithian Sword is hidden somewhere in this tree.'<44>
0A9E	54	1E	1A	B635	10180	10425	37 12 0B 16 16 00 21 0F 00 16 0F 0B 20 0F 6D 6A 44 30 1F 0D 13 0B 00 14 19 13 18 0F 0E 00 1E 12 0F 00 34 0B 1C 1E 23 6E 43 55 4B	Shall we leave?'<44>Lucia joined the Party!<43><55><4B>
0A9F	54	1F	1A	B635	10425	10552	38 12 13 1D 00 13 1D 00 3E 0F 18 13 1E 12 13 0B 18 00 27 0B 1D 1E 16 0F 78	This is Zenithian Castle.
0AA0	55	00	1A	BB5D	0	155	38 12 13 1D 00 13 1D 00 31 0B 1D 1E 0F 1C 00 28 1C 0B 11 19 18 6B 1D 00 0D 0B 1D 1E 16 0F 78	This is Master Dragon's castle.
0AA1	55	01	1A	BB5D	155	421	2D 00 12 0F 0B 1C 00 1D 19 17 0F 1E 12 13 18 11 00 12 19 1C 1C 13 0C 16 23 00 0F 20 13 16 00 13 1D 00 0D 19 17 13 18 11 00 1E 19 00 16 13 10 0F 00 19 18 00 0F 0B 1C 1E 12 78	I hear something horribly evil is coming to life on earth.
0AA2	55	02	1A	BB5D	421	773	2D 00 21 19 18 0E 0F 1C 00 12 19 21 00 17 0B 18 23 00 12 1F 18 0E 1C 0F 0E 1D 00 19 10 00 23 0F 0B 1C 1D 00 13 1E 6B 1D 00 0C 0F 0F 18 00 1D 13 18 0D 0F 00 21 13 18 11 16 0F 1D 1D 00 1A 0F 19 1A 16 0F 00 0D 0B 17 0F 00 12 0F 1C 0F 78	I wonder how many hundreds of years it's been since wingless people came here.
0AA3	55	03	1A	BB5D	773	1234	2D 1E 00 21 0B 1D 00 1E 0F 1C 1C 13 10 23 13 18 11 6E 6A 4F 38 12 0F 00 0F 20 13 16 00 1F 18 0E 1F 16 0B 1E 13 19 18 00 1C 19 1D 0F 00 10 1C 19 17 00 1E 12 0F 00 0F 0B 1C 1E 12 00 0C 0F 18 0F 0B 1E 12 00 1F 1D 00 0B 18 0E 00 1E 12 0F 18 00 1A 0F 18 0F 1E 1C 0B 1E 0F 0E 00 1E 12 0F 00 0D 16 19 1F 0E 1D 78	It was terrifying!'<4F>The evil undulation rose from the earth beneath us and then penetrated the clouds.
0AA4	55	04	1A	BB5D	1234	1314	38 21 13 1C 16 72 38 21 13 1C 16 72	Twirl...Twirl...
0AA5	55	05	1A	BB5D	1314	1403	4E 30 13 1E 0B 71 69 2C 1F 12 6E 6A	<4E>Lita:'Huh!'
0AA6	55	06	1A	BB5D	1403	1730	2C 1F 17 0B 18 1D 6E 00 30 13 1E 0B 77 0E 19 18 6B 1E 00 1E 0B 16 15 00 1E 19 00 1E 12 0F 17 6E 6A 44 30 13 1E 0B 71 69 2D 00 21 19 18 6B 1E 77 1D 13 1D 1E 0F 1C 78 2C 1F 12 6E 6A	Humans! Lita,don't talk to them!'<44>Lita:'I won't,sister.Huh!'
0AA7	55	07	1A	BB5D	1730	3391	2D 6B 17 00 31 0B 1D 1E 0F 1C 00 28 1C 0B 11 19 18 78 2D 00 1C 1F 16 0F 00 1E 12 13 1D 00 27 0B 1D 1E 16 0F 6C 4F 2D 00 19 20 0F 1C 1D 0F 0F 00 1E 12 0F 00 21 19 1C 16 0E 00 10 1C 19 17 00 1E 12 13 1D 00 1A 16 0B 0D 0F 6C 4F 2D 00 0B 16 1C 0F 0B 0E 23 00 15 18 19 21 00 21 12 0B 1E 00 0C 1C 19 1F 11 12 1E 00 23 19 1F 00 12 0F 1C 0F 6C 4F 39 18 10 19 1C 1E 1F 18 0B 1E 0F 16 23 00 0F 20 0F 18 00 2D 00 0D 0B 18 18 19 1E 00 1D 1E 19 1A 00 32 0F 0D 1C 19 1D 0B 1C 19 6B 1D 00 1F 16 1E 13 17 0B 1E 0F 00 0F 20 19 16 1F 1E 13 19 18 72 6C 4F 2D 6B 17 00 18 19 1E 00 0B 1D 00 19 17 18 13 1A 19 1E 0F 18 1E 00 0B 1D 00 23 19 1F 00 17 13 11 12 1E 00 0F 22 1A 0F 0D 1E 6C 4F 26 23 00 1E 12 0F 00 21 0B 23 77 12 1F 17 0B 18 1D 00 0B 1C 0F 00 0D 1F 1C 13 19 1F 1D 00 0D 1C 0F 0B 1E 1F 1C 0F 1D 6C 4F 2D 18 12 0F 1C 0F 18 1E 16 23 00 21 0F 0B 15 00 12 1F 17 0B 18 1D 00 0D 0B 18 00 0E 19 00 17 13 1C 0B 0D 1F 16 19 1F 1D 00 1E 12 13 18 11 1D 00 0B 1E 00 1E 13 17 0F 1D 6C 4F 2D 6B 16 16 00 1A 16 0B 0D 0F 00 17 23 00 12 19 1A 0F 00 13 18 00 23 19 1F 6E 6A 44	I'm Master Dragon.I rule this Castle.'<4F>I oversee the world from this place.'<4F>I already know what brought you here.'<4F>Unfortunately even I cannot stop Necrosaro's ultimate evolution....'<4F>I'm not as omnipotent as you might expect.'<4F>By the way,humans are curious creatures.'<4F>Inherently weak humans can do miraculous things at times.'<4F>I'll place my hope in you!'<44>
0AA8	55	08	1A	BB5D	3391	3506	49 00 0D 19 17 0F 1D 00 0C 0B 0D 15 00 1E 19 00 16 13 10 0F 6E 44	<49> comes back to life!<44>
0AA9	55	09	1A	BB5D	3506	4168	49 77 1E 12 0F 00 2C 0F 1C 19 77 0B 00 3E 0F 18 13 1E 12 13 0B 18 00 0B 18 0E 00 12 1F 17 0B 18 00 0E 0F 1D 0D 0F 18 0E 0B 18 1E 6E 6A 4F 3D 19 1F 00 17 13 11 12 1E 00 0C 0F 00 0B 0C 16 0F 00 1E 19 00 0E 0F 10 0F 0B 1E 00 1E 12 0F 00 1F 16 1E 13 17 0B 1E 0F 00 0F 20 13 16 00 10 19 1C 17 6C 4F 2D 00 0C 0F 1D 1E 19 21 00 1F 1A 19 18 00 23 19 1F 00 1E 12 0F 00 1A 19 21 0F 1C 00 19 10 00 17 23 00 12 19 1A 0F 6E 6A 44	<49>,the Hero,a Zenithian and human descendant!'<4F>You might be able to defeat the ultimate evil form.'<4F>I bestow upon you the power of my hope!'<44>
0AAA	55	0A	1A	BB5D	4168	4393	4E 38 12 0F 00 3E 0F 18 13 1E 12 13 0B 18 00 37 21 19 1C 0E 00 1D 1E 0B 1C 1E 1D 00 1E 19 00 11 16 19 21 00 10 13 0F 1C 0D 0F 16 23 6E	<4E>The Zenithian Sword starts to glow fiercely!
0AAB	55	0B	1A	BB5D	4393	4987	49 77 11 19 00 18 19 21 6E 6A 4F 26 0F 18 0F 0B 1E 12 00 1E 12 13 1D 00 27 0B 1D 1E 16 0F 00 13 1D 00 1E 12 0F 00 0F 18 1E 1C 0B 18 0D 0F 00 1E 19 00 1E 12 0F 00 21 19 1C 16 0E 00 19 10 00 0E 0B 1C 15 18 0F 1D 1D 6C 4F 38 12 0B 1E 00 3E 0F 18 13 1E 12 13 0B 18 00 37 21 19 1C 0E 00 21 13 16 16 00 0C 0F 00 0B 00 1E 1C 0F 17 0F 18 0E 19 1F 1D 00 12 0F 16 1A 00 1E 19 00 23 19 1F 78	<49>,go now!'<4F>Beneath this Castle is the entrance to the world of darkness.'<4F>That Zenithian Sword will be a tremendous help to you.
0AAC	55	0C	1A	BB5D	4987	5340	3D 19 1F 00 0D 0B 18 6B 1E 00 1C 0F 0B 0E 00 0B 18 23 00 19 10 00 1E 12 19 1D 0F 00 0C 19 19 15 1D 77 0D 0B 18 00 23 19 1F 6D 6A 4F 25 1D 15 00 1E 12 19 1D 0F 00 1E 21 19 00 1E 19 00 1C 0F 0B 0E 00 10 19 1C 00 23 19 1F 78	You can't read any of those books,can you?'<4F>Ask those two to read for you.
0AAD	55	0D	1A	BB5D	5340	5487	28 19 00 23 19 1F 00 21 13 1D 12 00 1E 19 00 1C 0F 0B 0E 00 1E 12 13 1D 00 0C 19 19 15 6D	Do you wish to read this book?
0AAE	55	0E	1A	BB5D	5487	7524	25 0C 19 1F 1E 00 1E 12 0F 00 37 0F 0D 1C 0F 1E 00 19 10 00 29 20 19 16 1F 1E 13 19 18 78 29 12 0F 17 72 6A 4F 38 12 0F 00 37 0F 0D 1C 0F 1E 00 19 10 00 29 20 19 16 1F 1E 13 19 18 00 13 1D 00 0B 00 17 0F 1E 12 19 0E 00 1E 19 00 0E 13 1D 1E 19 1C 1E 00 1E 12 0F 00 18 0B 1E 1F 1C 0B 16 00 0F 20 19 16 1F 1E 13 19 18 0B 1C 23 00 1A 1C 19 0D 0F 1D 1D 0F 1D 6C 4F 38 12 1C 19 1F 11 12 00 1E 12 0F 00 1F 1D 0F 00 19 10 00 1E 12 13 1D 00 17 0F 1E 12 19 0E 77 1F 18 18 0B 1E 1F 1C 0B 16 00 0C 0F 13 18 11 1D 00 17 0B 23 00 0C 0F 00 0D 1C 0F 0B 1E 0F 0E 6C 4F 38 12 0F 00 37 0F 0D 1C 0F 1E 00 19 10 00 29 20 19 16 1F 1E 13 19 18 00 13 1D 00 1E 12 0F 00 1D 19 1F 1C 0D 0F 00 19 10 00 0B 16 16 00 0F 20 13 16 00 1E 12 13 18 11 1D 6C 4F 2D 1E 00 17 1F 1D 1E 00 18 19 1E 00 0C 0F 00 12 0B 18 0E 0F 0E 00 0E 19 21 18 00 1E 19 00 10 1F 1E 1F 1C 0F 00 11 0F 18 0F 1C 0B 1E 13 19 18 1D 78 26 1F 1C 23 00 13 1E 00 0E 0F 0F 1A 00 1F 18 0E 0F 1C 11 1C 19 1F 18 0E 72 6C 4F 72 1D 0B 23 1D 00 1E 12 0F 00 0C 19 19 15 6C 4F 26 1F 1E 00 0B 11 0F 1D 00 16 0B 1E 0F 1C 77 13 1E 00 21 0B 1D 00 1C 0F 0E 13 1D 0D 19 20 0F 1C 0F 0E 6C 4F 38 12 0F 00 1C 0B 18 0D 19 1C 00 19 10 00 1E 12 19 1D 0F 00 0B 10 10 0F 0D 1E 0F 0E 00 0C 23 00 13 1E 00 17 0B 23 00 12 0B 20 0F 00 16 0F 0E 00 1E 19 00 1E 12 0F 00 1C 0F 0E 13 1D 0D 19 20 0F 1C 23 78	About the Secret of Evolution.Ehem...'<4F>The Secret of Evolution is a method to distort the natural evolutionary processes.'<4F>Through the use of this method,unnatural beings may be created.'<4F>The Secret of Evolution is the source of all evil things.'<4F>It must not be handed down to future generations.Bury it deep underground....'<4F>...says the book.'<4F>But ages later,it was rediscovered.'<4F>The rancor of those affected by it may have led to the rediscovery.
0AAF	55	0F	1A	BB5D	7524	7669	3A 0F 1C 23 00 21 0F 16 16 72 78 34 0F 1C 12 0B 1A 1D 00 16 0B 1E 0F 1C 72 78	Very well....Perhaps later....
0AB0	55	10	1A	BB5D	7669	9258	38 12 0F 00 2C 13 1D 1E 19 1C 23 00 19 10 00 0B 00 26 0B 1E 1E 16 0F 78 29 12 0F 17 72 6A 4F 30 19 18 11 00 0B 11 19 77 29 1D 1E 1F 1C 15 77 1E 12 0F 00 36 1F 16 0F 1C 00 19 10 00 29 20 13 16 77 0D 1C 0F 0B 1E 0F 0E 00 0B 00 1E 0F 1C 1C 13 0C 16 0F 00 1E 12 13 18 11 77 1E 12 0F 00 37 0F 0D 1C 0F 1E 00 19 10 00 29 20 19 16 1F 1E 13 19 18 6C 4F 29 1D 1E 1F 1C 15 00 1F 1D 0F 0E 00 13 1E 00 1E 19 00 0F 20 19 16 20 0F 00 13 18 1E 19 00 0B 00 1D 1F 1A 0F 1C 00 0C 0F 13 18 11 6C 4F 39 1A 19 18 00 0E 13 1D 0D 19 20 0F 1C 13 18 11 00 1E 12 13 1D 77 1E 12 0F 00 3E 0F 18 13 1E 12 13 0B 18 1D 77 14 19 13 18 0F 0E 00 0C 23 00 31 0B 1D 1E 0F 1C 00 28 1C 0B 11 19 18 77 10 19 1F 11 12 1E 00 0B 11 0B 13 18 1D 1E 00 29 1D 1E 1F 1C 15 6C 4F 25 10 1E 0F 1C 00 0B 00 16 19 18 11 00 0C 0B 1E 1E 16 0F 77 29 1D 1E 1F 1C 15 00 21 0B 1D 00 13 17 1A 1C 13 1D 19 18 0F 0E 00 0E 0F 0F 1A 00 1F 18 0E 0F 1C 11 1C 19 1F 18 0E 6C 4F 28 19 0F 1D 0F 0F 13 0F 16 0F 12 0B 0F 0F 0F 1F 10 0E 29	The History of a Battle.Ehem...'<4F>Long ago,Esturk,the Ruler of Evil,created a terrible thing,the Secret of Evolution.'<4F>Esturk used it to evolve into a super being.'<4F>Upon discovering this,the Zenithians,joined by Master Dragon,fought against Esturk.'<4F>After a long battle,Esturk was imprisoned deep underground.'<4F>DoeseeielehaeeeufdE
0AB1	55	11	1A	BB5D	9258	9576	18 13 38 23 1D 18 1D 1A 13 0F 0F 0F 0F 0F 1C 00 11 1D 1D 23 1E 78 00 19 0F 18 19 1F 00 0B 19 1F 1C 00 21 23 00 0E 1E 00 16 0F 0F 1D 10 1F 1E 16 0F 2D 0F 0F 0E 0F 0F 0F 0F 0F 16 1F 1E 16 0F 2D 0F 0F 10 00 0F 00 0F 0B 6B	niTysnspieeeeer gssyt. oenou aour wy dt leesfutleIeedeeeeelutleIeef e ea'
0AB2	55	12	1A	BB5D	9576	11977	0F 1D 00 0F 23 0F 72 0F 0F 0F 0B 1D 2D 1A 1D 16 0E 0F 0F 49 19 0B 19 18 15 1D 18 0F 0F 21 0F 0F 0D 1E 17 0F 00 0F 0B 00 00 31 10 0F 00 16 0F 1F 12 18 1D 1E 0F 0F 35 0B 0F 1D 25 0B 00 10 0F 00 2F 0D 1D 18 0F 0F 0F 18 1F 0F 77 78 17 0F 00 0F 0B 16 23 1D 0B 6B 19 0F 0F 0B 16 6A 19 1E 17 1D 16 0B 16 6A 17 6B 19 16 1D 20 0F 0B 1D 16 18 10 0F 18 0F 0F 0F 16 0B 0E 25 16 0B 0F 0F 0B 1D 2D 1A 1D 1E 0F 00 16 0F 0F 00 0F 0F 1F 18 1C 29 18 0F 12 0F 23 10 0F 0F 0F 1E 12 1E 16 0F 0F 0F 18 0F 1E 0F 0F 0F 0F 19 19 1A 00 0F 00 0F 0F 0F 13 0F 00 0F 0F 0F 0F 6C 18 16 0F 0B 0F 16 0F 1D 0E 11 0F 0F 0B 00 1F 1C 1C 00 0F 0F 00 18 47 0F 4E 10 0F 0B 0B 6B 16 16 0B 00 00 6C 0F 4E 10 0F 0F 0D 16 00 0F 3B 0F 6C 00 19 0F 18 00 6E 00 0F 1D 00 13 16 13 1D 18 0F 6C 0B 1D 2D 1A 1D 16 0E 0F 0F 18 1D 19 0B 19 18 1D 10 1E 19 0F 0F 0F 00 00 1F 0F 0B 0B 16 0F 0F 0D 16 00 0F 0B 1D 2D 1A 1D 1D 18 11 0F 18 1D 19 0B 19 18 1D 10 0F 21 0F 0F 18 0B 1D 11 19 19 1D 1D 0F 69 6B 0F 6C 00 0F 0F 16 0F 18 6C 18 1F 0B 0D 00 1F 1D 00 1E 16 0F 00 18 1D 0B 1D 18 10 0F 1C 20 0C 18 1D 10 0F 21 0F 0F 00 10 0F 0F 1D 12 0B 16 1F 13 0F 1D 1E 0B 1D 18 1E 0F 00 00 19 10 0B 1F 16 18 1D 0F 1D 0F 0F 0F 1D 12 0B 16 1F 13 0F 0F 0B 2B 06 11 10 0B 6C 0B 21 0B 2D 1D 16 6E 0F 00 17 1D 72 1D 16 6E 1D 11 16 0F 1D 16 0F 0F 0F 1D 0F 0F 0F 69 0B 6C 0F 23 10 0F 0F 20 0F 0F 0F 69 0B 6C 0F 00 28 0B 0F 0D 0F 21 10 6A 0B 0B 0F 00 10 71 00 32 1F 18 0F 18 18 0F 0F 00 16 0F 0F 24 0F 19 69 18 10 0F 0F 20 0F 1D 6B 0F 1D 19 16 16 10 18 10 0F 0F 13 16 1D 1E 00 0F 18 10 0F 0F 0F 1D 0F 1D 6B 0F 1D 19 16 19 13 0F 77 1D 11 00 1E 21 0F 0F 0F 12 1D 18 11 2D 6A 00 1E 21 0F 0F 0F 12 11 6C 0B	es eye...eeeasIpsldee<49>oaonksneeweectme ea  Mfe leuhnsteeQaesAa fe Kcsneeenue,.me ealysa'oeeal'otmslal'm'olsveaslnfeneeeladAlaeeasIpste lee eeunrEneheyfeeethtleeeneteeeeoop e eeeie eeee.'nleaelesdgeea urr ee n<47>e<4E>feaa'lla  .'e<4E>feecl eWe.' oen ! es ilisne.'asIpsldeensoaonsftoeee  ueaaleecl easIpssngensoaonsfeweenasgoosse''e.' eelen.'nuac us tle nsasnfervbnsfewee feeshaluiestasnte  ofaulnseseeeshaluieeaG5gfa.'awaIsl!e ms...sl!sglesleeeseee'a.'eyfeeveee'a.'e Daecewf'aae f: Nunennee leezeo'nfeeves'esollfnfeeilst enfeeeses'esoloie,sg tweeehsngI' tweeehg.'a
0AB3	55	13	1A	BB5D	11977	12065	11 00 1E 21 0F 0F 0F 12 1D 18 11 00 1F 3B 00 16 0F 3B	g tweeehsng uW leW
0AB4	55	14	1A	BB5D	12065	12194	11 19 0F 18 1D 13 0F 0B 18 1D 1D 1D 0F 18 19 1D 1E 0F 00 16 0F 18 0F 16 1E 77 0F 1D 19 19 0F	goensieansssenoste lenelt,esooe
0AB5	55	15	1A	BB5D	12194	12290	0F 18 19 1D 16 0E 0F 0F 1D 1D 00 1D 11 19 0F 18 4F 0F 1D 19 19 0F	enosldeess sgoen<4F>esooe
0AB6	55	16	1A	BB5D	12290	12908	0F 18 49 11 00 1E 21 0F 0F 0F 12 1D 18 11 2D 6A 00 1E 21 0F 0F 0F 12 1D 18 11 2D 6A 00 1E 21 0F 0F 0F 12 1D 18 11 2D 6A 20 0F 0B 1D 0F 1F 13 0F 18 1F 11 1F 0F 1D 19 0F 0F 00 0F 6E 3B 6B 1E 16 1D 0D 0F 1E 19 18 19 00 19 1F 00 00 1E 16 1D 00 0E 19 69 0B 0F 00 0F 1A 18 23 1F 1F 00 00 1E 00 0F 0B 21 0F 0B 18 16 13 6B 16 0F 0F 12 11 13 0F 0B 00 0B 16 0F 0F 0B 16 1D 15 1D 1D 0F 18 19 1D 0F 0B 00 16 0F 77 17 6E 18 0F	en<49>g tweeehsngI' tweeehsngI' tweeehsngI'veaseuienuguesoee e!W'tlscetono ou  tls do'ae epnyuu  t eaweanli'leehgiea aleealskssenosea le,m!ne
0AB7	55	17	1A	BB5D	12908	13044	19 0F 0F 12 16 0F 0F 4F 10 1E 6C 0B 1F 0F 1D 2D 18 1D 10 1F 11 0F 18 1D 17 6E 18 0F	oeehlee<4F>ft.'auesInsfugensm!ne
0AB8	55	18	1A	BB5D	13044	13457	19 0F 16 69 0F 0F 4F 10 15 0F 1D 20 0F 2F 0F 23 21 25 10 0B 0F 1D 16 0B 0B 1F 0F 0F 13 16 0F 0F 6E 1D 0F 2F 0F 00 1F 0F 0F 18 10 0F 10 0F 0F 0F 44 23 0F 16 69 0F 0F 6E 1D 0F 25 0F 2D 6A 13 19 1C 1C 00 0F 0F 00 2D 23 0F 0E 0F 0F 0B 18 1D 18 1D 0B 0F 12 10 0F 3B	oel'ee<4F>fkesveKeywAfaeslaaueeilee!seKe ueenfefeee<44>yel'ee!seAeI'iorr ee IyedeeansnsaehfeW
0AB9	55	19	1A	BB5D	13457	13673	11 19 0F 18 1D 13 0F 0B 18 0F 10 10 0B 49 11 13 0B 31 11 0F 0F 1D 00 0F 0F 6C 00 0F 1F 00 00 16 0F 0F 23 10 00 16 00 0F 0F 12 00 0F 10 1D 0F 0F 0F 0F	goensieaneffa<49>giaMgees ee.' eu  leeyf l eeh efseeee
0ABA	55	1A	1A	BB5D	13673	13753	0F 19 16 10 1D 0F 0F 10 0F 00 2C 0F 10 0F 16 0F 0F 0F	eolfseefe Hefeleee
0ABB	55	1B	1A	BB5D	13753	15437	0F 19 16 10 1D 0F 0F 10 1D 0F 0D 16 16 0F 16 0F 0F 0F 12 0F 1F 16 10 1D 0F 0F 10 21 2C 0F 10 0F 16 0F 0F 0F 12 0F 1F 16 10 1D 0F 0F 10 6C 0D 16 16 0F 16 0F 0F 0F 12 0F 1F 16 10 1D 0F 0F 10 0B 19 0F 13 1D 0F 0F 16 0F 0F 0F 00 0F 0F 19 16 10 1D 0F 0F 10 1E 0F 0D 16 16 0F 16 0F 0F 0F 00 0F 0F 19 16 10 1D 0F 0F 10 1E 19 0F 13 1D 0F 0F 16 0F 0F 0F 69 1F 16 10 1D 0F 0F 10 2D 0D 16 16 0F 16 0F 0F 0F 69 1F 16 10 1D 0F 0F 10 12 1D 18 16 16 0F 16 0F 0F 1D 11 18 13 0F 16 1D 0F 0F 16 0F 16 1D 1D 0F 16 0F 16 0F 0F 1D 1E 0F 6B 0F 10 1D 0F 0F 6C 18 0F 24 10 0F 10 0F 0F 1D 10 0B 10 10 0F 16 0F 10 1A 1D 10 16 0F 10 0F 0F 1D 6C 6A 1D 0F 0F 16 0F 24 0F 19 1D 0F 16 0E 0F 0F 0F 1D 32 6C 2C 11 0F 24 0F 1D 11 10 0E 0F 0F 0F 0F 0C 1D 10 2C 11 0F 16 0F 16 24 10 0E 0F 0F 0F 18 4B 11 1D 18 00 16 18 0F 10 0F 19 16 16 0E 0F 0F 0F 18 16 21 16 2C 11 18 16 10 18 6C 16 0E 0F 0F 0F 0F 00 0F 1F 00 0F 2C 11 0B 0F 0F 13 1D 6C 16 0E 0F 0F 0F 18 11 0D 0F 1D 18 00 16 2D 1D 0F 1D 11 10 0E 0F 0F 0F 0F 00 0F 18 11 1D 18 00 16 00 0F 0F 11 24 10 0E 0F 0F 0F 1D 6C 00 10 2C 11 21 0F 10 1D 6C 16 0E 0F 0F 0F 0F 00 0F 0F 69 2C 11 1E 16 6C 0D 0F 24 00 0F 0F 0F 0F 00	eolfseefseclleleeeheulfseefwHefeleeeheulfseef.'clleleeeheulfseefaoeiseeleee eeolfseefteclleleee eeolfseeftoeiseeleee'ulfseefIclleleee'ulfseefhsnlleleesgnielseelelsseleleeste'efsee.'nezfefeesfaffelefpsflefees.''seelezeoseldeeesN.'HgezesgfdeeeebsfHgelelzfdeeen<4B>gsn lnefeolldeeenlwlHgnlfn.'ldeeee eu eHgaeeis.'ldeeengcesn lIsesgfdeeee engsn l eegzfdeees.' fHgwefs.'ldeeee ee'Hgtl.'cez eeee 
0ABC	55	1C	1A	BB5D	15437	15491	1E 0F 1D 2F 0F 1D 0F 0B 0F 1F 00 0F	tesKeseaeu e
0ABD	55	1D	1A	BB5D	15491	15602	18 0F 0F 0F 0F 6C 18 1D 0F 1F 0F 00 0F 0F 00 0F 00 0F 1E 11 24 00 0F 0F 0F 1D 6C	neeee.'nseue ee e etgz eees.'
0ABE	55	1E	1A	BB5D	15602	15651	0F 1F 0F 00 0F 0F 00 1D 00 0F 6B 0F	eue ee s e'e
0ABF	55	1F	1A	BB5D	15651	15682	18 0F 0F 0F 0F 11 0F	neeeege
0AC0	56	00	1B	BA94	0	262	38 12 13 1D 00 13 1D 00 1E 12 0F 00 2A 13 18 0B 16 00 36 0F 10 1F 11 0F 78 2D 6B 20 0F 00 0C 0F 0F 18 00 21 0B 13 1E 13 18 11 00 10 19 1C 00 23 19 1F 6C 44	This is the Final Refuge.I've been waiting for you.'<44>
0AC1	56	01	1B	BA94	262	1128	32 0F 0D 1C 19 1D 0B 1C 19 00 12 0B 1D 00 0C 0B 1C 1C 13 0F 1C 1D 00 0B 1C 19 1F 18 0E 00 12 13 1D 00 1A 0B 16 0B 0D 0F 78 2C 13 1D 00 0F 20 19 16 1F 1E 13 19 18 00 13 1D 00 13 18 00 1A 1C 19 11 1C 0F 1D 1D 6C 4F 39 18 16 0F 1D 1D 00 23 19 1F 00 0C 1C 0F 0B 15 00 1E 12 0F 00 10 19 1F 1C 00 0C 0B 1C 1C 13 0F 1C 1D 77 1D 19 17 0F 00 17 23 1D 1E 0F 1C 13 19 1F 1D 00 10 19 1C 0D 0F 00 21 13 16 16 00 1A 1C 0F 20 0F 18 1E 00 23 19 1F 1C 00 1A 1C 19 11 1C 0F 1D 1D 6C 4F 26 1C 0F 0B 15 00 1E 12 0F 00 0C 0B 1C 1C 13 0F 1C 1D 00 10 13 1C 1D 1E 6E 6A 44	Necrosaro has barriers around his palace.His evolution is in progress.'<4F>Unless you break the four barriers,some mysterious force will prevent your progress.'<4F>Break the barriers first!'<44>
0AC2	56	02	1B	BA94	1128	1663	38 12 0F 00 0C 0B 1C 1C 13 0F 1C 1D 00 0B 1C 0F 00 11 19 18 0F 6E 6A 4F 28 19 18 6B 1E 00 10 19 1C 11 0F 1E 78 2D 10 00 23 19 1F 00 1F 1D 0F 00 1E 12 0F 00 26 0B 1C 19 18 6B 1D 00 2C 19 1C 18 00 0C 0F 10 19 1C 0F 00 1E 12 0F 00 10 13 18 0B 16 00 0C 0B 1E 1E 16 0F 77 23 19 1F 00 0D 0B 18 00 0D 0B 16 16 00 1E 12 0F 00 21 0B 11 19 18 6C 44	The barriers are gone!'<4F>Don't forget.If you use the Baron's Horn before the final battle,you can call the wagon.'<44>
0AC3	56	03	1B	BA94	1663	1840	26 0F 1D 1E 00 19 10 00 16 1F 0D 15 00 1E 19 00 49 00 0B 18 0E 00 1E 12 0F 00 0D 19 17 1A 0B 18 13 19 18 1D 6E	Best of luck to <49> and the companions!
0AC4	56	04	1B	BA94	1840	2234	4E 44 69 28 19 00 23 19 1F 00 21 13 1D 12 00 1E 19 00 12 0B 20 0F 00 23 19 1F 1C 00 1A 1C 19 11 1C 0F 1D 1D 00 1C 0F 0D 19 1C 0E 0F 0E 00 19 18 00 1E 12 0F 00 2D 17 1A 0F 1C 13 0B 16 00 37 0D 1C 19 16 16 1D 00 19 10 00 2C 19 18 19 1C 6D 6A	<4E><44>'Do you wish to have your progress recorded on the Imperial Scrolls of Honor?'
0AC5	56	05	1B	BA94	2234	2360	2D 00 0D 0F 1C 1E 0B 13 18 16 23 00 1C 0F 0D 19 1C 0E 0F 0E 00 13 1E 6C 44	I certainly recorded it.'<44>
0AC6	56	06	1B	BA94	2360	2404	2B 19 00 18 19 21 78	Go now.
0AC7	56	07	1B	BA94	2404	2829	2D 00 0D 19 17 17 0F 18 0E 00 23 19 1F 00 10 19 1C 00 0D 19 17 13 18 11 00 1E 12 13 1D 00 10 0B 1C 6E 6A 4F 2D 6B 16 16 00 11 13 20 0F 00 23 19 1F 00 0B 00 1C 0F 21 0B 1C 0E 78 27 12 0F 0D 15 00 1E 12 0F 00 10 16 19 19 1C 00 0C 0F 12 13 18 0E 00 23 19 1F 78	I commend you for coming this far!'<4F>I'll give you a reward.Check the floor behind you.
0AC8	56	08	1B	BA94	2829	3247	2C 0F 77 2C 0F 77 2C 0F 6E 00 3D 19 1F 00 0D 19 1F 16 0E 00 12 0B 20 0F 00 0F 18 0E 0F 0E 00 23 19 1F 1C 00 16 13 10 0F 00 13 18 00 1A 0F 0B 0D 0F 00 13 10 00 23 19 1F 00 12 0B 0E 18 6B 1E 00 1D 1E 1C 1F 11 11 16 0F 0E 6C 4F 3D 19 1F 00 10 19 19 16 1D 6E	He,He,He! You could have ended your life in peace if you hadn't struggled.'<4F>You fools!
0AC9	56	09	1B	BA94	3247	3668	2D 1E 6B 1D 00 17 23 00 0E 1F 1E 23 00 1E 19 00 11 1F 0B 1C 0E 00 1E 12 0F 1D 0F 00 0C 0B 1C 1C 13 0F 1C 1D 6C 4F 2D 00 21 19 18 6B 1E 00 16 0F 1E 00 23 19 1F 00 0C 1C 0F 0B 15 00 1E 12 0F 17 78 27 19 17 0F 00 10 13 11 12 1E 00 13 10 00 23 19 1F 00 0E 0B 1C 0F 6E	It's my duty to guard these barriers.'<4F>I won't let you break them.Come fight if you dare!
0ACA	56	0A	1B	BA94	3668	4045	25 1C 0F 00 23 19 1F 00 1E 12 0F 00 19 18 0F 1D 00 21 12 19 00 1E 12 1C 0F 0B 1E 0F 18 00 32 0F 0D 1C 19 1D 0B 1C 19 6B 1D 00 0F 20 19 16 1F 1E 13 19 18 6D 6A 4F 2D 6B 16 16 00 1D 0F 18 0E 00 23 19 1F 00 1E 19 00 19 0C 16 13 20 13 19 18 6E	Are you the ones who threaten Necrosaro's evolution?'<4F>I'll send you to oblivion!
0ACB	56	0B	1B	BA94	4045	4790	2D 6B 17 00 13 17 1A 1C 0F 1D 1D 0F 0E 00 23 19 1F 00 1C 0F 0B 0D 12 0F 0E 00 12 0F 1C 0F 77 49 6C 4F 26 1F 1E 00 13 1E 6B 1D 00 1E 19 19 00 16 0B 1E 0F 6C 4F 37 19 19 18 00 32 0F 0D 1C 19 1D 0B 1C 19 00 1D 12 0B 16 16 00 0B 21 0B 15 0F 00 0B 1D 00 19 1F 1C 00 1C 1F 16 0F 1C 6C 4F 33 18 16 23 00 12 0B 1E 1C 0F 0E 00 1D 12 0B 16 16 00 1C 0F 17 0B 13 18 00 13 18 00 12 13 1D 00 1D 19 1F 16 6C 4F 2D 00 1D 12 0B 16 16 00 0E 0F 17 19 16 13 1D 12 00 23 19 1F 6E 6A 44	I'm impressed you reached here,<49>.'<4F>But it's too late.'<4F>Soon Necrosaro shall awake as our ruler.'<4F>Only hatred shall remain in his soul.'<4F>I shall demolish you!'<44>
0ACC	56	0C	1B	BA94	4790	5063	2D 6B 17 00 1E 12 0F 00 19 18 0F 00 21 12 19 00 19 1C 0E 0F 1C 0F 0E 00 1E 12 0F 00 0B 0C 0E 1F 0D 1E 13 19 18 00 19 10 00 36 19 1D 0B 78 2C 0B 77 2C 0B 77 2C 0B 6E	I'm the one who ordered the abduction of Rosa.Ha,Ha,Ha!
0ACD	56	0D	1B	BA94	5063	5207	33 12 77 49 6E 00 3D 19 1F 6B 1C 0F 00 1E 12 0F 00 1E 1C 1F 0F 00 2C 0F 1C 19 6E	Oh,<49>! You're the true Hero!
0ACE	56	0E	1B	BA94	5207	5485	2D 6B 16 16 00 0C 0F 00 0C 1F 1D 23 6E 00 2D 00 12 0B 20 0F 00 1E 19 00 0B 0E 0E 00 1E 12 13 1D 00 16 0B 1E 0F 1D 1E 00 0F 20 0F 18 1E 00 1E 19 00 1E 12 0F 00 12 13 1D 1E 19 1C 23 78	I'll be busy! I have to add this latest event to the history.
0ACF	56	0F	1B	BA94	5485	5745	39 1A 19 18 00 1C 0F 10 16 0F 0D 1E 13 19 18 77 2D 00 1E 12 13 18 15 00 32 0F 0D 1C 19 1D 0B 1C 19 00 21 0B 1D 00 1F 18 10 19 1C 1E 1F 18 0B 1E 0F 00 1E 19 19 78	Upon reflection,I think Necrosaro was unfortunate too.
0AD0	56	10	1B	BA94	5745	5973	38 21 13 1C 16 72 38 21 13 1C 16 72 78 34 0F 0B 0D 0F 00 12 0B 1D 00 1C 0F 1E 1F 1C 18 0F 0E 00 1E 19 00 1E 12 0F 00 21 19 1C 16 0E 6E	Twirl...Twirl....Peace has returned to the world!
0AD1	56	11	1B	BA94	5973	6165	4E 30 13 1E 0B 71 69 30 0F 1E 6B 1D 00 0C 0F 00 10 1C 13 0F 18 0E 1D 00 10 1C 19 17 00 18 19 21 00 19 18 6C	<4E>Lita:'Let's be friends from now on.'
0AD2	56	12	1B	BA94	6165	6551	2C 17 17 72 18 19 1E 00 0B 16 16 00 12 1F 17 0B 18 1D 00 0B 1C 0F 00 0C 0B 0E 78 28 19 18 6B 1E 00 23 19 1F 00 1E 12 13 18 15 00 1D 19 77 30 13 1E 0B 6D 6A 44 30 13 1E 0B 71 69 2D 00 0B 11 1C 0F 0F 77 1D 13 1D 1E 0F 1C 6C	Hmm...not all humans are bad.Don't you think so,Lita?'<44>Lita:'I agree,sister.'
0AD3	56	13	1B	BA94	6551	6685	29 20 0F 1C 23 1E 12 13 18 11 00 1E 1F 1C 18 0F 0E 00 19 1F 1E 00 10 13 18 0F 6E	Everything turned out fine!
0AD4	56	14	1B	BA94	6685	6995	38 12 0B 18 15 00 23 19 1F 00 20 0F 1C 23 00 17 1F 0D 12 78 2D 00 21 19 18 6B 1E 00 12 0B 20 0F 00 1E 19 00 21 0B 1E 0D 12 00 1A 0F 19 1A 16 0F 00 1D 1F 10 10 0F 1C 00 0B 18 23 17 19 1C 0F 78	Thank you very much.I won't have to watch people suffer anymore.
0AD5	56	15	1B	BA94	6995	7081	2B 1F 11 19 19 18 77 2B 1F 11 19 19 18 78	Gugoon,Gugoon.
0AD6	56	16	1B	BA94	7081	7330	3D 19 1F 00 0E 0F 10 0F 0B 1E 0F 0E 00 1E 12 0F 00 1D 0F 0D 19 18 0E 00 36 1F 16 0F 1C 00 19 10 00 29 20 13 16 6D 00 2D 18 0D 1C 0F 0E 13 0C 16 0F 6E	You defeated the second Ruler of Evil? Incredible!
0AD7	56	17	1B	BA94	7330	7447	4E 28 19 1C 0B 18 71 69 2B 19 11 19 11 19 19 18 6E 6A	<4E>Doran:'Gogogoon!'
0AD8	56	18	1B	BA94	7447	7803	4E 30 1F 0D 13 0B 71 69 50 00 0B 18 0E 00 19 1E 12 0F 1C 1D 6E 00 2D 6B 16 16 00 0B 16 21 0B 23 1D 00 0C 0F 00 1A 1C 19 1F 0E 00 1E 12 0B 1E 00 2D 00 1E 1C 0B 20 0F 16 0F 0E 00 21 13 1E 12 00 23 19 1F 6E 6A	<4E>Lucia:'<50> and others! I'll always be proud that I traveled with you!'
0AD9	56	19	1B	BA94	7803	7979	3B 0F 16 16 00 0E 19 18 0F 6E 00 2D 00 1E 12 13 18 15 00 0C 0F 1E 1E 0F 1C 00 19 10 00 23 19 1F 00 18 19 21 78	Well done! I think better of you now.
0ADA	56	1A	1B	BA94	7979	8172	30 19 19 15 00 0B 1E 00 1E 12 0F 00 0F 0B 1C 1E 12 00 1A 0F 19 1A 16 0F 6B 1D 00 14 19 23 19 1F 1D 00 10 0B 0D 0F 1D 78	Look at the earth people's joyous faces.
0ADB	56	1B	1B	BA94	8172	8807	49 77 0F 20 0F 18 00 1E 12 19 1F 11 12 00 23 19 1F 00 0E 19 18 6B 1E 00 12 0B 20 0F 00 0B 00 10 0B 1E 12 0F 1C 00 19 1C 00 0B 00 17 19 1E 12 0F 1C 77 23 19 1F 00 12 0B 20 0F 00 1D 1F 0D 12 00 10 13 18 0F 00 10 1C 13 0F 18 0E 1D 72 6C 4F 29 20 0F 1C 23 19 18 0F 77 1A 16 0F 0B 1D 0F 00 0C 0F 00 1E 1C 1F 0F 00 10 1C 13 0F 18 0E 1D 00 1E 19 00 49 00 10 19 1C 0F 20 0F 1C 78 37 19 0C 72 37 19 0C 72	<49>,even though you don't have a father or a mother,you have such fine friends....'<4F>Everyone,please be true friends to <49> forever.Sob...Sob...
0ADC	56	1C	1B	BA94	8807	9000	3B 0F 00 1D 12 19 1F 16 0E 18 6B 1E 00 1F 18 0E 0F 1C 0F 1D 1E 13 17 0B 1E 0F 00 12 1F 17 0B 18 00 0D 19 1F 1C 0B 11 0F 78	We shouldn't underestimate human courage.
0ADD	56	1D	1B	BA94	9000	9360	3D 19 1F 1C 00 21 19 1C 0E 1D 00 21 13 16 16 00 0C 0F 00 1C 0F 0D 19 1C 0E 0F 0E 00 12 0F 1C 0F 00 0B 18 0E 00 21 13 16 16 00 0C 0F 00 12 0B 18 0E 0F 0E 00 0E 19 21 18 00 1E 19 00 10 1F 1E 1F 1C 0F 00 11 0F 18 0F 1C 0B 1E 13 19 18 1D 78	Your words will be recorded here and will be handed down to future generations.
0ADE	56	1E	1B	BA94	9360	9661	3A 0F 1C 23 00 2D 17 1A 1C 0F 1D 1D 13 20 0F 6E 00 3A 0F 1C 23 6E 00 3B 12 23 00 0E 19 18 6B 1E 00 23 19 1F 00 1D 1E 0B 23 00 0B 18 0E 00 16 13 20 0F 00 21 13 1E 12 00 1F 1D 6D	Very Impressive! Very! Why don't you stay and live with us?
0ADF	56	1F	1B	BA94	9661	9989	3D 19 1F 00 16 0B 0D 15 00 21 13 18 11 1D 77 23 0F 1E 00 23 19 1F 00 0E 0F 10 0F 0B 1E 0F 0E 00 1E 12 0F 00 36 1F 16 0F 1C 00 19 10 00 29 20 13 16 6E 00 2C 0B 1C 0E 00 1E 19 00 0C 0F 16 13 0F 20 0F 6E	You lack wings,yet you defeated the Ruler of Evil! Hard to believe!
0AE0	57	00	1B	BF75	0	197	3D 19 1F 6B 1C 0F 00 16 0F 0B 20 13 18 11 77 0B 1C 0F 18 6B 1E 00 23 19 1F 6D 00 38 0B 15 0F 00 0D 0B 1C 0F 72 78	You're leaving,aren't you? Take care....
0AE1	57	01	1B	BF75	197	597	29 20 0F 18 00 13 10 00 1E 12 0F 00 21 19 1C 16 0E 00 0F 18 0E 1D 00 1E 19 0E 0B 23 77 19 1F 1C 00 16 19 20 0F 00 1D 12 0B 16 16 00 1C 0F 17 0B 13 18 00 1F 18 0D 12 0B 18 11 0F 0E 00 10 19 1C 0F 20 0F 1C 78 3B 12 0B 1E 00 0B 00 16 13 18 0F 77 12 1F 12 6D	Even if the world ends today,our love shall remain unchanged forever.What a line,huh?
0AE2	57	02	1B	BF75	597	762	3D 19 1F 1C 00 0C 0B 16 16 19 19 18 00 0B 18 0E 00 21 0B 11 19 18 00 0B 1C 0F 00 19 1F 1E 1D 13 0E 0F 78	Your balloon and wagon are outside.
0AE3	57	03	1B	BF75	762	768		
0AE4	57	04	1B	BF75	768	1752	1C 1C 1C 1C 1A 00 18 19 1E 00 21 0B 15 0F 00 12 13 17 78 28 19 00 18 19 1E 00 11 19 00 18 0F 0B 1C 00 12 13 17 6C 4F 72 1D 0B 23 1D 00 1E 12 0F 00 0C 19 19 15 6C 4F 30 0B 1E 0F 1C 00 13 1E 00 21 0B 1D 00 10 19 1F 18 0E 00 1E 12 0B 1E 00 29 1D 1E 1F 1C 15 6B 1D 00 37 0F 0D 1C 0F 1E 00 19 10 00 29 20 19 16 1F 1E 13 19 18 00 12 0B 0E 00 0C 0F 0F 18 00 13 17 1A 0F 1C 10 0F 0D 1E 6C 4F 2D 1E 00 0E 13 0E 18 6B 1E 00 13 18 0D 19 1C 1A 19 1C 0B 1E 0F 00 1E 12 0F 00 2B 19 16 0E 0F 18 00 26 1C 0B 0D 0F 16 0F 1E 77 0B 18 00 0B 17 1A 16 13 10 13 0F 1C 00 19 10 00 1E 12 0F 00 0F 20 13 16 00 1F 18 0E 1F 16 0B 1E 13 19 18 78	rrrrp not wake him.Do not go near him.'<4F>...says the book.'<4F>Later it was found that Esturk's Secret of Evolution had been imperfect.'<4F>It didn't incorporate the Golden Bracelet,an amplifier of the evil undulation.
0AE5	57	05	1B	BF75	1752	1911	2C 0F 1C 0F 00 13 1D 00 19 1F 1C 00 1C 1F 16 0F 1C 77 31 0B 1D 1E 0F 1C 00 28 1C 0B 11 19 18 6E	Here is our ruler,Master Dragon!
0AE6	57	06	1B	BF75	1911	2173	2D 00 1D 0F 0F 72 50 00 13 1D 00 1E 12 0F 00 2C 0F 1C 19 77 0B 00 3E 0F 18 13 1E 12 13 0B 18 00 0B 18 0E 00 12 1F 17 0B 18 00 0E 0F 1D 0D 0F 18 0E 0B 18 1E 6C 44	I see...<50> is the Hero,a Zenithian and human descendant.'<44>
0AE7	57	07	1B	BF75	2173	2440	2D 1E 00 0B 1A 1A 0F 0B 1C 1D 00 1E 12 0B 1E 00 31 0B 1D 1E 0F 1C 00 28 1C 0B 11 19 18 00 12 0B 1D 00 0B 16 21 0B 23 1D 00 0D 0B 1C 0F 0E 00 0B 0C 19 1F 1E 00 50 78	It appears that Master Dragon has always cared about <50>.
0AE8	57	08	1B	BF75	2440	3911	31 0B 18 23 00 23 0F 0B 1C 1D 00 0B 11 19 77 0B 00 11 13 1C 16 00 21 0F 18 1E 00 0E 19 21 18 00 1E 19 00 0F 0B 1C 1E 12 00 0B 18 0E 00 10 0F 16 16 00 13 18 00 16 19 20 0F 00 21 13 1E 12 00 0B 00 23 19 1F 18 11 00 21 19 19 0E 1D 17 0B 18 6C 4F 38 12 0F 23 00 1D 19 19 18 00 12 0B 0E 00 0B 00 0D 12 13 16 0E 6C 4F 32 19 1E 00 16 19 18 11 00 0B 10 1E 0F 1C 77 1E 12 0F 00 21 19 19 0E 1D 17 0B 18 00 21 0B 1D 00 1D 1E 1C 1F 0D 15 00 0C 23 00 0B 00 0C 19 16 1E 00 19 10 00 16 13 11 12 1E 18 13 18 11 00 0B 18 0E 00 0E 13 0F 0E 78 38 12 0F 00 11 13 1C 16 00 21 0B 1D 00 1E 0B 15 0F 18 00 0C 0B 0D 15 00 1E 19 00 3E 0F 18 13 1E 12 13 0B 6C 4F 37 12 0F 6B 1D 00 18 0F 20 0F 1C 00 10 19 1C 11 19 1E 1E 0F 18 00 1E 12 0F 00 0D 12 13 16 0E 00 1D 12 0F 00 16 0F 10 1E 00 0C 0F 12 13 18 0E 00 19 18 00 0F 0B 1C 1E 12 6C 4F 2D 10 00 1D 12 0F 00 1D 0B 21 00 50 77 1D 12 0F 6B 0E 00 0D 1C 23 00 21 13 1E 12 00 14 19 23 78 37 19 0C 72 37 19 0C 72	Many years ago,a girl went down to earth and fell in love with a young woodsman.'<4F>They soon had a child.'<4F>Not long after,the woodsman was struck by a bolt of lightning and died.The girl was taken back to Zenithia.'<4F>She's never forgotten the child she left behind on earth.'<4F>If she saw <50>,she'd cry with joy.Sob...Sob...
0AE9	57	09	1B	BF75	3911	4196	3B 12 0B 1E 6B 1D 00 12 0B 1A 1A 0F 18 13 18 11 6D 6A 4F 33 17 13 18 19 1F 1D 00 0D 16 19 1F 0E 1D 00 0B 1C 0F 00 0D 19 20 0F 1C 13 18 11 00 1E 12 0F 00 0F 0B 1C 1E 12 78	What's happening?'<4F>Ominous clouds are covering the earth.
0AEA	57	0A	1B	BF75	4196	4594	3B 12 0B 1E 00 0B 17 00 2D 00 0E 19 13 18 11 6D 00 2D 6B 17 00 11 1C 19 21 13 18 11 00 21 19 1C 16 0E 00 1E 1C 0F 0F 1D 6C 4F 2D 6B 16 16 00 11 13 20 0F 00 23 19 1F 00 1E 12 0F 00 28 0F 21 00 19 10 00 3B 19 1C 16 0E 00 38 1C 0F 0F 6C 44	What am I doing? I'm growing world trees.'<4F>I'll give you the Dew of World Tree.'<44>
0AEB	57	0B	1B	BF75	4594	4768	4E 49 00 19 0C 1E 0B 13 18 0F 0E 00 1E 12 0F 00 28 0F 21 00 19 10 00 3B 19 1C 16 0E 00 38 1C 0F 0F 6E	<4E><49> obtained the Dew of World Tree!
0AEC	57	0C	1B	BF75	4768	5073	2D 00 17 0F 0B 18 1E 00 13 1E 77 0C 1F 1E 00 23 19 1F 00 0D 0B 18 6B 1E 00 0D 0B 1C 1C 23 00 0B 18 23 00 17 19 1C 0F 00 1E 12 13 18 11 1D 78 27 19 17 0F 00 0C 0B 0D 15 00 0B 11 0B 13 18 78	I meant it,but you can't carry any more things.Come back again.
0AED	57	0D	1B	BF75	5073	5264	33 12 77 23 19 1F 00 21 0B 18 1E 00 1E 12 0F 00 28 0F 21 00 19 10 00 3B 19 1C 16 0E 00 38 1C 0F 0F 6D 6A 44	Oh,you want the Dew of World Tree?'<44>
0AEE	57	0E	1B	BF75	5264	5526	28 19 18 6B 1E 00 0C 0F 00 1D 19 00 11 1C 0F 0F 0E 23 78 3B 12 0F 18 00 13 1E 6B 1D 00 11 19 18 0F 77 2D 6B 16 16 00 11 13 20 0F 00 23 19 1F 00 17 19 1C 0F 78	Don't be so greedy.When it's gone,I'll give you more.
0AEF	57	0F	1B	BF75	5526	5683	2C 17 17 72 0E 19 18 6B 1E 00 1E 0F 16 16 00 0B 18 23 19 18 0F 77 33 2F 6D 6A 44	Hmm...don't tell anyone,OK?'<44>
0AF0	57	10	1B	BF75	5683	5759	2B 21 19 19 18 77 2B 21 19 19 18 78	Gwoon,Gwoon.
0AF1	57	11	1B	BF75	5759	5813	2B 1C 1F 1C 1F 1C 1F 72	Grururu...
0AF2	57	12	1B	BF75	5813	6464	2D 1E 6B 1D 00 1C 0F 1A 19 1C 1E 0F 0E 00 1E 12 0B 1E 00 32 0F 0D 1C 19 1D 0B 1C 19 00 0C 1F 13 16 1E 00 0C 0B 1C 1C 13 0F 1C 1D 00 1E 19 00 1A 1C 19 1E 0F 0D 1E 00 1E 12 0F 00 37 0F 0D 1C 0F 1E 00 19 10 00 29 20 19 16 1F 1E 13 19 18 6C 4F 38 19 00 1D 1E 19 1A 00 12 13 17 77 1E 12 0F 00 0C 0B 1C 1C 13 0F 1C 1D 00 17 1F 1D 1E 00 0C 0F 00 0C 1C 19 15 0F 18 6C 4F 2B 19 19 0E 00 16 1F 0D 15 77 50 6E	It's reported that Necrosaro built barriers to protect the Secret of Evolution.'<4F>To stop him,the barriers must be broken.'<4F>Good luck,<50>!
0AF3	57	13	1B	BF75	6464	7010	4E 30 1F 0D 13 0B 71 69 2D 1E 6B 1D 00 23 19 1F 6E 00 38 12 0B 18 15 1D 00 1E 19 00 23 19 1F 77 2D 00 0D 0B 18 00 1E 0B 15 0F 00 0D 0B 1C 0F 00 19 10 00 1E 12 0F 1D 0F 00 0D 12 13 16 0E 1C 0F 18 6C 44 30 1F 0D 13 0B 71 69 2D 00 21 0B 18 1E 00 1E 19 00 1D 12 19 21 00 17 23 00 0B 1A 1A 1C 0F 0D 13 0B 1E 13 19 18 72 6C 44	<4E>Lucia:'It's you! Thanks to you,I can take care of these children.'<44>Lucia:'I want to show my appreciation....'<44>
0AF4	57	14	1B	BF75	7010	7278	0F 0F 38 12 13 1D 00 13 1D 00 1E 12 0F 00 2A 13 18 0B 16 00 36 0F 10 1F 11 0F 78 2D 6B 20 0F 00 0C 0F 0F 18 00 21 0B 13 1E 13 18 11 00 10 19 1C 00 23 19 1F 6C 44	eeThis is the Final Refuge.I've been waiting for you.'<44>
0AF5	57	15	1B	BF75	7278	8144	32 0F 0D 1C 19 1D 0B 1C 19 00 12 0B 1D 00 0C 0B 1C 1C 13 0F 1C 1D 00 0B 1C 19 1F 18 0E 00 12 13 1D 00 1A 0B 16 0B 0D 0F 78 2C 13 1D 00 0F 20 19 16 1F 1E 13 19 18 00 13 1D 00 13 18 00 1A 1C 19 11 1C 0F 1D 1D 6C 4F 39 18 16 0F 1D 1D 00 23 19 1F 00 0C 1C 0F 0B 15 00 1E 12 0F 00 10 19 1F 1C 00 0C 0B 1C 1C 13 0F 1C 1D 77 1D 19 17 0F 00 17 23 1D 1E 0F 1C 13 19 1F 1D 00 10 19 1C 0D 0F 00 21 13 16 16 00 1A 1C 0F 20 0F 18 1E 00 23 19 1F 1C 00 1A 1C 19 11 1C 0F 1D 1D 6C 4F 26 1C 0F 0B 15 00 1E 12 0F 00 0C 0B 1C 1C 13 0F 1C 1D 00 10 13 1C 1D 1E 6E 6A 44	Necrosaro has barriers around his palace.His evolution is in progress.'<4F>Unless you break the four barriers,some mysterious force will prevent your progress.'<4F>Break the barriers first!'<44>
0AF6	57	16	1B	BF75	8144	8679	38 12 0F 00 0C 0B 1C 1C 13 0F 1C 1D 00 0B 1C 0F 00 11 19 18 0F 6E 6A 4F 28 19 18 6B 1E 00 10 19 1C 11 0F 1E 78 2D 10 00 23 19 1F 00 1F 1D 0F 00 1E 12 0F 00 26 0B 1C 19 18 6B 1D 00 2C 19 1C 18 00 0C 0F 10 19 1C 0F 00 1E 12 0F 00 10 13 18 0B 16 00 0C 0B 1E 1E 16 0F 77 23 19 1F 00 0D 0B 18 00 0D 0B 16 16 00 1E 12 0F 00 21 0B 11 19 18 6C 44	The barriers are gone!'<4F>Don't forget.If you use the Baron's Horn before the final battle,you can call the wagon.'<44>
0AF7	57	17	1B	BF75	8679	8856	26 0F 1D 1E 00 19 10 00 16 1F 0D 15 00 1E 19 00 49 00 0B 18 0E 00 1E 12 0F 00 0D 19 17 1A 0B 18 13 19 18 1D 6E	Best of luck to <49> and the companions!
0AF8	57	18	1B	BF75	8856	9250	4E 44 69 28 19 00 23 19 1F 00 21 13 1D 12 00 1E 19 00 12 0B 20 0F 00 23 19 1F 1C 00 1A 1C 19 11 1C 0F 1D 1D 00 1C 0F 0D 19 1C 0E 0F 0E 00 19 18 00 1E 12 0F 00 2D 17 1A 0F 1C 13 0B 16 00 37 0D 1C 19 16 16 1D 00 19 10 00 2C 19 18 19 1C 6D 6A	<4E><44>'Do you wish to have your progress recorded on the Imperial Scrolls of Honor?'
0AF9	57	19	1B	BF75	9250	9376	2D 00 0D 0F 1C 1E 0B 13 18 16 23 00 1C 0F 0D 19 1C 0E 0F 0E 00 13 1E 6C 44	I certainly recorded it.'<44>
0AFA	57	1A	1B	BF75	9376	9420	2B 19 00 18 19 21 78	Go now.
0AFB	57	1B	1B	BF75	9420	9845	2D 00 0D 19 17 17 0F 18 0E 00 23 19 1F 00 10 19 1C 00 0D 19 17 13 18 11 00 1E 12 13 1D 00 10 0B 1C 6E 6A 4F 2D 6B 16 16 00 11 13 20 0F 00 23 19 1F 00 0B 00 1C 0F 21 0B 1C 0E 78 27 12 0F 0D 15 00 1E 12 0F 00 10 16 19 19 1C 00 0C 0F 12 13 18 0E 00 23 19 1F 78	I commend you for coming this far!'<4F>I'll give you a reward.Check the floor behind you.
0AFC	57	1C	1B	BF75	9845	10263	2C 0F 77 2C 0F 77 2C 0F 6E 00 3D 19 1F 00 0D 19 1F 16 0E 00 12 0B 20 0F 00 0F 18 0E 0F 0E 00 23 19 1F 1C 00 16 13 10 0F 00 13 18 00 1A 0F 0B 0D 0F 00 13 10 00 23 19 1F 00 12 0B 0E 18 6B 1E 00 1D 1E 1C 1F 11 11 16 0F 0E 6C 4F 3D 19 1F 00 10 19 19 16 1D 6E	He,He,He! You could have ended your life in peace if you hadn't struggled.'<4F>You fools!
0AFD	57	1D	1B	BF75	10263	10684	2D 1E 6B 1D 00 17 23 00 0E 1F 1E 23 00 1E 19 00 11 1F 0B 1C 0E 00 1E 12 0F 1D 0F 00 0C 0B 1C 1C 13 0F 1C 1D 6C 4F 2D 00 21 19 18 6B 1E 00 16 0F 1E 00 23 19 1F 00 0C 1C 0F 0B 15 00 1E 12 0F 17 78 27 19 17 0F 00 10 13 11 12 1E 00 13 10 00 23 19 1F 00 0E 0B 1C 0F 6E	It's my duty to guard these barriers.'<4F>I won't let you break them.Come fight if you dare!
0AFE	57	1E	1B	BF75	10684	11061	25 1C 0F 00 23 19 1F 00 1E 12 0F 00 19 18 0F 1D 00 21 12 19 00 1E 12 1C 0F 0B 1E 0F 18 00 32 0F 0D 1C 19 1D 0B 1C 19 6B 1D 00 0F 20 19 16 1F 1E 13 19 18 6D 6A 4F 2D 6B 16 16 00 1D 0F 18 0E 00 23 19 1F 00 1E 19 00 19 0C 16 13 20 13 19 18 6E	Are you the ones who threaten Necrosaro's evolution?'<4F>I'll send you to oblivion!
0AFF	57	1F	1B	BF75	11061	11806	2D 6B 17 00 13 17 1A 1C 0F 1D 1D 0F 0E 00 23 19 1F 00 1C 0F 0B 0D 12 0F 0E 00 12 0F 1C 0F 77 49 6C 4F 26 1F 1E 00 13 1E 6B 1D 00 1E 19 19 00 16 0B 1E 0F 6C 4F 37 19 19 18 00 32 0F 0D 1C 19 1D 0B 1C 19 00 1D 12 0B 16 16 00 0B 21 0B 15 0F 00 0B 1D 00 19 1F 1C 00 1C 1F 16 0F 1C 6C 4F 33 18 16 23 00 12 0B 1E 1C 0F 0E 00 1D 12 0B 16 16 00 1C 0F 17 0B 13 18 00 13 18 00 12 13 1D 00 1D 19 1F 16 6C 4F 2D 00 1D 12 0B 16 16 00 0E 0F 17 19 16 13 1D 12 00 23 19 1F 6E 6A 44	I'm impressed you reached here,<49>.'<4F>But it's too late.'<4F>Soon Necrosaro shall awake as our ruler.'<4F>Only hatred shall remain in his soul.'<4F>I shall demolish you!'<44>
